"","logFC","AveExpr","t","P.Value","adj.P.Val","B"
"EHD2",3.41908293635561,-1.43149233692178,26.5173184775316,7.15615571677482e-84,4.56920542516072e-80,180.490372496924
"EML1",2.1670208676113,-1.04757649057791,25.8019336539394,3.21634181089831e-81,1.02681712312929e-77,174.432464812842
"HSPA12B",2.14682426451402,-0.855959020648961,23.7588758160531,1.65016966199726e-73,3.51211109728418e-70,156.815900041504
"FHL1",3.92916415447514,-1.68021019180142,22.8206806863425,6.59650203989487e-70,1.05296663811822e-66,148.582406261297
"OLFML1",3.23029766429468,-1.23134874241512,22.4455207886499,1.85879675342452e-68,2.37368345412312e-65,145.267356914803
"ABCA8",2.37877011833969,-1.25813966539964,22.3782113598942,3.38781462825515e-68,3.60519940023486e-65,144.671293718755
"CHGB",-7.19154283700034,-4.01901127596455,-21.5591274603723,5.18543034490025e-65,4.72985325031258e-62,137.388300828998
"EHD3",1.70331504568333,-0.758607072996624,21.4543762050156,1.32945457194153e-64,1.06107093023083e-61,136.453175081111
"CAV1",3.51794567286987,-2.04182290330876,21.2400084914197,9.15121193899179e-64,6.4922764700514e-61,134.537055331963
"OGN",4.2087851841198,-1.77025173408218,20.7743543037368,6.1079458153614e-62,3.89992340310825e-59,130.364201264466
"LYVE1",2.59461690152022,-1.18905150345876,20.4150359014901,1.57598960752535e-60,9.14790331277216e-58,127.135175545986
"TNS1",2.21326239459024,-0.814871572799363,19.9589562487547,9.8535266499406e-59,5.24289730498923e-56,123.026649464176
"CDH5",1.69176842609599,-0.608535981455428,19.831357977461,3.1392385829611e-58,1.54184910401589e-55,121.875431733363
"DPT",2.45891756019256,-0.846967639825768,19.5222757572922,5.21189489726284e-57,2.3769963513588e-54,119.084035063515
"RASIP1",1.40197443407239,-0.633374988623301,19.3357596117862,2.84469269681242e-56,1.21089085794316e-53,117.397854753881
"CFL2",2.2669302641345,-1.02922104462398,19.2645334466091,5.44028136571411e-56,2.17101228250529e-53,116.753640985506
"RRAS",1.68238648966774,-0.944905849292754,19.0822124565878,2.86219373182989e-55,1.07500629280787e-52,115.103936312507
"ILK",1.64650040096929,-0.539071957146095,18.9326367751044,1.11826818030287e-54,3.96674573957436e-52,113.74987041804
"ITIH5",2.22523541027738,-0.756671785687828,18.8050516083585,3.5772504250457e-54,1.20214441915352e-51,112.594478593974
"EHD1",1.26867817876804,-0.659339935760236,18.4642201288023,8.00217210595188e-53,2.55469344482514e-50,109.506563551075
"HSPB6",3.19378739955052,-1.23624779139158,18.4196576473781,1.20148517211994e-52,3.65308705904086e-50,109.102717005339
"TNS2",1.39894351764554,-0.523742950807701,18.2667657255546,4.84586818787039e-52,1.40640310816148e-49,107.717009891155
"TPM1",2.86308743757614,-1.40029675503603,18.2144843231602,7.80707865304833e-52,2.16731292172668e-49,107.243134025051
"SMTN",2.39856300285548,-1.33323344228978,18.1942400764596,9.39050630113642e-52,2.49826594719817e-49,107.059638194991
"KANK3",1.70964659469503,-0.825603096861915,18.0126698053148,4.92060263835357e-51,1.2567219138355e-48,105.413834335061
"DAG1",1.27666858826979,-0.498677357423567,17.9078298126074,1.28043180980483e-50,3.14444504061687e-48,104.463551110577
"NID1",1.815020803185,-0.6490304126386,17.8914347427058,1.48698320526076e-50,3.51643991318147e-48,104.314947983931
"ASPA",2.26253903606652,-0.990932218579343,17.8589024385787,2.00069997545302e-50,4.5623104797384e-48,104.020083026323
"DCN",3.05084531939062,-1.28046941646798,17.8027563263578,3.33884597430431e-50,7.35121777445965e-48,103.511204196989
"FERMT2",1.9842020750335,-0.734819222376569,17.7079321551266,7.92871061463772e-50,1.68749390914873e-47,102.65182658792
"GCOM1",1.3564620938731,-0.572459880745214,17.6095030200988,1.9455586052244e-49,4.00722312721219e-47,101.759879289288
"LAMB2",2.13164272489845,-0.735329829969381,17.4323603778527,9.78339958896806e-49,1.95209394923628e-46,100.154995728912
"PGM5",2.82783655165012,-1.48048770865207,17.2866089155647,3.69354653102602e-48,7.14645290927306e-46,98.8349517813749
"SYNPO2",2.56373973777919,-1.265598264448,17.1912530040808,8.80630318607065e-48,1.65377193656062e-45,97.9715965879944
"ARHGAP6",1.64699905314786,-0.71082312169025,17.0217570323822,4.12355461444241e-47,7.52254177520422e-45,96.4375924999054
"ALDH1A1",2.45830703074309,-1.03597069396773,16.9723821025908,6.46417828946665e-47,1.14649384384013e-44,95.9908974337019
"CNRIP1",2.022791231253,-0.578413622310642,16.9375120677906,8.8792739301837e-47,1.53227470389792e-44,95.6754777306749
"MYLK",2.29028846618582,-1.10887091635437,16.8428365273468,2.10183224913928e-46,3.53163129230376e-44,94.8193017136431
"VCL",1.54729324348841,-0.589182862973559,16.7972640282909,3.18184613409725e-46,5.20925322210536e-44,94.4072980735961
"RSU1",1.4357400358523,-0.610636726496869,16.6570756502065,1.13870063832384e-45,1.81765089392443e-43,93.1404411991056
"SORBS1",2.32087159414055,-0.919312732780146,16.5364098066596,3.40979321809409e-45,5.3101291945197e-43,92.0507061236889
"MYL9",2.1650899382433,-1.00941705199565,16.5009739291038,4.70491139615213e-45,7.15258553915032e-43,91.7308168687285
"CNN1",3.06659557043598,-1.55657000033481,16.4951422430526,4.96089039032879e-45,7.36634538191845e-43,91.6781786658228
"OLFML3",2.36754719665896,-0.740792176394457,16.4549280045505,7.14824913490399e-45,1.03730842559914e-42,91.3152423721171
"ADH1B",3.95853182511235,-1.96946475300166,16.4523498379444,7.31760569845447e-45,1.03828694188071e-42,91.2919770786044
"LDB3",2.50707653441098,-1.40722618841344,16.3744215498461,1.48483572398579e-44,2.01986334056788e-42,90.5889207042466
"VWF",1.52717291635848,-0.511928841674167,16.3742743025541,1.48682187950964e-44,2.01986334056788e-42,90.5875925729195
"KANK2",2.00611237161102,-0.665269729976084,16.3028134985564,2.84405858138038e-44,3.78319042544036e-42,89.9431777588965
"FLNC",2.4779066276703,-1.05417564995194,16.2676976844634,3.91120091661481e-44,5.0965342556297e-42,89.6266192859714
"HSPA12A",1.8214289022857,-0.505040023382628,16.1659042191005,9.84561735496084e-44,1.2572853362285e-41,88.7093973684423
"PARVA",1.7052033832016,-0.594138867371526,16.0942777572746,1.8844820789844e-43,2.35929766163048e-41,88.0643852778654
"LMOD1",2.35736816258592,-1.14079996058677,16.0642526162624,2.47366065132213e-43,3.03736985744073e-41,87.7941011504003
"BCHE",1.91633114881209,-0.929678011588992,16.0155435544419,3.84551260558514e-43,4.63275433710587e-41,87.3557536657176
"PPP1R3D",-1.87515466405742,-0.48638494000494,-15.9252292015013,8.71068648324532e-43,1.01646910795315e-40,86.5434201532566
"TLN1",1.12376993299148,-0.388981988794695,15.9246583758251,8.75580280930668e-43,1.01646910795315e-40,86.5382876888226
"CLIC5",2.14727716437828,-1.18625379164881,15.8089936754993,2.49285411614406e-42,2.84229884492497e-40,85.4988051167831
"MYL6",1.29467486702976,-0.600468254967851,15.7391641223251,4.68618677618695e-42,5.24935132736029e-40,84.8717357684393
"ABI3BP",2.55836606787562,-1.17355591574507,15.6915008897581,7.20828223969417e-42,7.93532450007712e-40,84.4439410126778
"AOC3",2.41661325739506,-1.24022544922534,15.6765397207089,8.25120718273307e-42,8.92948438334757e-40,84.3096969225032
"KRT9",3.66437041464044,-2.25319828597148,15.6359163684375,1.19076041649195e-41,1.26716754321685e-39,83.9452830224162
"LAMA5",1.55453725605853,-0.700655877026954,15.5176976956986,3.46008673080734e-41,3.62174652068933e-39,82.885589406672
"TNXB",2.05477575489844,-1.05733367119174,15.4609437564792,5.77168591271361e-41,5.94390557301232e-39,82.3772901257546
"DMD",1.74712377737833,-0.786810549039654,15.4311961397988,7.54618729759406e-41,7.60855615326515e-39,82.110980837122
"PPP1R14A",2.29206408531147,-1.31620629400888,15.4300222156504,7.62643059998386e-41,7.60855615326515e-39,82.1004731882223
"PYGM",1.92375802980863,-1.05098198151279,15.2569348931796,3.62268153137002e-40,3.55858793504578e-38,80.5526130365488
"SORBS3",1.2485059112117,-0.435656554797113,15.2320043128265,4.5331201889898e-40,4.38545036465149e-38,80.3299073209819
"ADH5",1.17648406057302,-0.307851629679892,15.2100350523846,5.52302126674595e-40,5.26335683405565e-38,80.1337068546353
"ESAM",1.3951757082046,-0.599449971125491,15.204144456107,5.82335332018546e-40,5.46795749255649e-38,80.0811081092988
"SNTB2",1.11688240083347,-0.269393181477247,15.1847746623881,6.93075680859626e-40,6.41346119172277e-38,79.9081748163776
"HSPB7",2.30542199395303,-0.790363714736428,15.0553908475497,2.21506448129134e-39,2.02045524472074e-37,78.7540383903134
"MMRN2",1.45990143768279,-0.64236911848763,15.0436754974017,2.46059136910768e-39,2.21279942137359e-37,78.6496223859683
"ERBB2",-2.84125735323628,-1.04149988274368,-14.8623338895661,1.24989180452899e-38,1.10841099609967e-36,77.0353143859977
"AHNAK",1.45735216672575,-0.714862077878776,14.8467160870515,1.43742869527994e-38,1.25725783826882e-36,76.896459936176
"PEAK1",1.03449382052741,-0.35289371041837,14.8429036774452,1.48732240772546e-38,1.2833180504496e-36,76.8625689821197
"COL21A1",1.83078204415556,-0.788012042980198,14.8399486095822,1.52718253197638e-38,1.28906081482469e-36,76.8363006642449
"LUM",2.2982444066261,-0.778566712751122,14.8394249955316,1.53435586416094e-38,1.28906081482469e-36,76.8316462386084
"SERPINA7",1.69913776301199,-0.457471424412145,14.7803263172074,2.60338143338687e-38,2.15877798080197e-36,76.3065247889416
"CFD",1.71570610005159,-0.381359611908594,14.7296323432278,4.09592840827973e-38,3.35288498549565e-36,75.856418167595
"EHD4",0.928498474720335,-0.327742814131229,14.6996277024102,5.35524358126864e-38,4.32825699574687e-36,75.5901582678705
"CD34",2.21081070134734,-1.27811545988079,14.6948516856436,5.58865365735516e-38,4.46044420027658e-36,75.547786378598
"A2M",1.84621513581034,-0.861446269583205,14.6711898943697,6.90370588385018e-38,5.44199531708437e-36,75.3379055241035
"SERPINA1",1.8673650305096,-0.628663287495849,14.6624916433166,7.46125633511679e-38,5.80977093899033e-36,75.2607693816433
"ALB",2.09720285663158,-0.7603835484582,14.6431368214819,8.86850859772692e-38,6.82234065017909e-36,75.0891649233557
"AMBP",1.51915845714602,-0.484155383195587,14.6140281728618,1.1499172072533e-37,8.74073972418136e-36,74.8311702444933
"SERPINC1",1.68330529127452,-0.641334451793718,14.5777593865826,1.58916164837436e-37,1.19374083822003e-35,74.5098661534361
"COL6A2",1.63773804223546,-0.572851998274329,14.5639603314875,1.79723587693391e-37,1.33434314816547e-35,74.3876654686169
"LAMA4",1.46825773891093,-0.424415953507584,14.4587835442775,4.58723505425623e-37,3.36660871510644e-35,73.4570738537435
"PRPH",2.31783995089286,-1.12724693564901,14.4037590343934,7.48507632166167e-37,5.43093321747839e-35,72.9708172080134
"MCAM",1.67718479148311,-0.815038423509153,14.3886982347609,8.55792632883221e-37,6.13959096737007e-35,72.8377960958671
"CSRP1",2.16604821763462,-1.17809189441948,14.3815035386479,9.12332829048581e-37,6.47249457052799e-35,72.774261672731
"TF",1.81581464327534,-0.5265106459013,14.3747967222578,9.68391968251504e-37,6.7947062827317e-35,72.7150420723187
"AHSG",1.67449137218262,-0.499334943235254,14.2821513710128,2.20555316245784e-36,1.53070184155362e-34,71.897654024937
"GAB1",1.27983877703737,-0.505066480313239,14.1954236335466,4.76072676327976e-36,3.26852047134852e-34,71.1335951537777
"TGFB1I1",1.72338123302474,-0.694677025016566,14.1025532436267,1.08384699040584e-35,7.36208833376734e-34,70.316657839931
"MSRB3",1.89986914385137,-0.708351031840312,14.0924536548683,1.18519522976621e-35,7.96575951795499e-34,70.2278952727598
"LILRB5",1.33321331874158,-0.567256547032223,14.0417731383121,1.8556668078617e-35,1.23421172585385e-33,69.7827151527477
"SRPX",1.98101883679045,-0.821960422680095,14.0368246671208,1.93866369226645e-35,1.27612037887848e-33,69.7392688990032
"PALMD",1.56410769923691,-0.512007794827658,14.0200553149543,2.24846335356187e-35,1.46494270535638e-33,69.5920669487268
"PPP1R12A",0.916323563404562,-0.264978472063571,13.9513595118391,4.12510396177401e-35,2.66048371676031e-33,68.9895163731383
"HPX",1.65406694732943,-0.521052563573965,13.8891237478856,7.14366934701281e-35,4.56123287806768e-33,68.4442822045779
"CD36",2.69586289647808,-1.32836743357492,13.8621096421003,9.06473385279544e-35,5.730527292089e-33,68.2078140344261
"PTGS1",1.2879031325218,-0.524861556252405,13.8609010713415,9.16181101274935e-35,5.7351140506279e-33,68.1972376094511
"TRIOBP",0.912665018822138,-0.239482917535692,13.8454183828786,1.05011819239684e-34,6.50971326063477e-33,68.0617671260368
"CRYAB",2.2160161194649,-1.36904969565597,13.8401636779873,1.09988086471821e-34,6.7526339627171e-33,68.0157985220113
"LAMC1",1.46187971305164,-0.44256731874136,13.8343060578621,1.15813155714053e-34,7.04254284984977e-33,67.9645609743527
"ITGA7",2.0502729969095,-0.51439927524752,13.8015082435799,1.54597594174723e-34,9.31231734722273e-33,67.6777790558975
"FER",0.830369290914745,-0.235158582653309,13.7758649522478,1.93744442168274e-34,1.15612921798545e-32,67.4536817658966
"GLIPR2",1.31747295393717,-0.571091354486887,13.6118668579036,8.18470803611218e-34,4.83882970468299e-32,66.023172803804
"ADD1",1.00546055201068,-0.377874400012558,13.5695039556495,1.18664465710532e-33,6.95112489506191e-32,65.6544225920849
"MYO1C",1.86462227765905,-1.0899178325099,13.4958306727344,2.26223521849112e-33,1.31312471546053e-31,65.013902993771
"UBAC1",1.08659112671167,-0.445209292396202,13.4773349877482,2.65962005967394e-33,1.52988054783947e-31,64.8532567840026
"COL6A1",1.72743478315642,-0.50625928698744,13.4548031476367,3.23893237881767e-33,1.84648064631704e-31,64.6576398323365
"TPM2",2.6018930468143,-1.35684461765221,13.3849771141613,5.96160259241482e-33,3.3685692524397e-31,64.0520284497528
"HSPG2",1.34379067964506,-0.341032002603935,13.3064821590246,1.18234998881984e-32,6.62219708650409e-31,63.3723392887005
"AKAP12",1.83282444236938,-0.603388233501023,13.2947752610958,1.30934712123323e-32,7.2697229296297e-31,63.271071189142
"PDLIM7",1.76583548955304,-0.641498749500001,13.2241671500116,2.42131801196365e-32,1.33276857813689e-30,62.6608610130973
"LPP",1.3569723931137,-0.532785587034323,13.2055455401842,2.84706387986469e-32,1.55371819426804e-30,62.5000938331609
"FABP4",3.53151695986491,-1.53707078488966,13.1972729541557,3.05941514420382e-32,1.64708928388055e-30,62.4286958201323
"SYNM",2.40156946786807,-1.85035653802916,13.1968850438336,3.06975136698177e-32,1.64708928388055e-30,62.4253482285357
"PPM1F",0.81606727944071,-0.31378546953862,13.1662238286499,4.00721127869914e-32,2.13217033454117e-30,62.1608436364531
"A1BG",1.49797575600987,-0.485723338461086,13.1623754998627,4.14345931393803e-32,2.18644526607391e-30,62.1276587310751
"GSTM2",1.87432968670593,-0.771921511432955,13.1601867902574,4.22300048060838e-32,2.21015230071184e-30,62.1087863909089
"PDLIM2",1.26857592908335,-0.477961774627211,13.0925026348271,7.59957477928533e-32,3.94498251753958e-30,61.5256561822332
"FCN3",1.55140178306643,-0.666789487014213,13.089175834541,7.82205616940458e-32,4.02772811626196e-30,61.497018519816
"SOD3",1.83197250986084,-0.831175838181193,13.0836462705517,8.20631042992119e-32,4.19178336760374e-30,61.4494241563213
"CAT",1.5140674353053,-0.654689812822471,13.0566682019178,1.03686351389098e-31,5.25426471126499e-30,61.2173080290663
"APOA2",2.26797193500564,-1.07861225632018,13.0211634064389,1.41026266312154e-31,7.0901788220717e-30,60.9120604869567
"PI16",1.62394004764359,-0.842061207308119,13.0178440307928,1.45138491626427e-31,7.23991616433387e-30,60.8835361468257
"SERPING1",1.46911237142772,-0.503993247655364,12.9584436238065,2.42656018577355e-31,1.20105323923753e-29,60.3734861529707
"SERPINF2",1.56305422944659,-0.575374172282198,12.8054383155091,9.0874386837689e-31,4.46333046122034e-29,59.0631936347192
"CAP2",1.46740567655573,-0.75023758474222,12.7614072235841,1.32757046689039e-30,6.47063926037797e-29,58.6870824466976
"CXCL12",2.12583650613973,-0.656267401123328,12.7429658500744,1.5557787399732e-30,7.52549034449157e-29,58.5296868764954
"SPARCL1",1.48929070654232,-0.56891841877774,12.7308535265461,1.72654216226901e-30,8.28870053089293e-29,58.4263511264671
"BLVRB",1.27712970978417,-0.604013146231802,12.7269777353496,1.78503613577099e-30,8.50556397529685e-29,58.3932920246594
"ADD3",1.16452571717901,-0.309768008954848,12.7246847775599,1.82056765375547e-30,8.61061071794718e-29,58.3737355304244
"NEGR1",1.87713778277515,-1.07631281531307,12.7083405832916,2.09510749812155e-30,9.83622159963684e-29,58.2343716360118
"MYL4",1.29034584135203,-0.600287362037236,12.6768745861853,2.74517272936371e-30,1.27941079394068e-28,57.9662391673745
"C3",1.46414619862035,-0.454957011073363,12.6597165035301,3.18072233158882e-30,1.47166029617352e-28,57.8201253444789
"STARD13",0.882547129666885,-0.348462187484923,12.6409701469507,3.73567293318497e-30,1.71599076822921e-28,57.6605641142597
"SERPINA6",1.4828433139461,-0.616359334128993,12.6292944448359,4.12906075358175e-30,1.88314663654425e-28,57.5612266585438
"CORO2B",1.3783586228292,-0.34751670563122,12.6209787568766,4.4341679003465e-30,2.00795475487322e-28,57.4904957588071
"APOA4",1.75864191834462,-0.513856102327068,12.5819157267478,6.19667351668683e-30,2.78632115521447e-28,57.1584535511568
"UTRN",0.918590531258683,-0.274071099369738,12.566477106104,7.07229986344214e-30,3.15780661734812e-28,57.0273218722357
"SERPINA3",1.73556663333341,-0.504983585696532,12.5655937999028,7.12597252061636e-30,3.15967601000941e-28,57.0198210029224
"ARHGEF37",1.42553177787153,-0.596183771213869,12.5616162827349,7.37273497683255e-30,3.24654571221213e-28,56.9860469715535
"TTC7B",0.927459561605226,-0.288394845749422,12.5579954779574,7.60476514356625e-30,3.32578256449798e-28,56.9553051335175
"CASKIN2",0.789702824640518,-0.356925017793248,12.5451690734856,8.48684140939486e-30,3.68629131965892e-28,56.8464297657161
"MRAS",1.11124269692906,-0.451717644882153,12.5328544141536,9.42950946066543e-30,4.068068777456e-28,56.741935174983
"TAGLN",2.47995594922069,-1.31969274545245,12.5243593181004,1.01399374470854e-29,4.34520138252618e-28,56.6698721620397
"MYH11",2.44275264923047,-1.50671781981477,12.5135936274651,1.11173842535479e-29,4.73229989726021e-28,56.5785727746567
"DES",3.38001088192638,-2.28916167448853,12.4965316486077,1.28623533972471e-29,5.43881632062404e-28,56.4339342159211
"SBSPON",2.25741930421202,-0.837370441705559,12.4770929453172,1.51852486555258e-29,6.37880346483766e-28,56.2692331820935
"SERPIND1",1.59947761483647,-0.627964821760631,12.4731894720506,1.56998627286593e-29,6.55187081846338e-28,56.236170704595
"ALDH1A2",2.14735867406407,-0.542308872363571,12.4684565459185,1.63471960762579e-29,6.77771733421474e-28,56.1960877081071
"GRB7",-2.35655682477805,-0.751183698950293,-12.3893768325502,3.20839321478116e-29,1.32165101137921e-27,55.527174192215
"HBG2",4.12016178126461,-4.58187487344543,12.3556595513289,4.27511515617282e-29,1.74978270975407e-27,55.2424382921901
"ADH1C",3.59407932960048,-2.35132356524785,12.3508130841283,4.45508865998253e-29,1.8118306429292e-27,55.2015341013995
"RNF123",0.804064484755193,-0.408158399497769,12.3039146144745,6.637805717169e-29,2.68242971545089e-27,54.8060153888652
"SERPINA5",1.65470917755563,-0.372321186332578,12.2864904431506,7.6966437414152e-29,3.09075913766894e-27,54.6592098598425
"EFNB1",1.28672322821704,-0.617683239775642,12.2185367195185,1.36982088779069e-28,5.46644148033971e-27,54.0874126666072
"CES1",2.28736970166475,-0.941046579273041,12.2134998184719,1.42955592841656e-28,5.66938795213649e-27,54.0450768390228
"ALAD",1.07564569354438,-0.433962285649715,12.1845544667188,1.8267318080615e-28,7.19980407066216e-27,53.8019146492319
"TMOD1",1.79490304955546,-1.23625397384625,12.1757351603039,1.96832862375938e-28,7.71029341270162e-27,53.7278692788814
"SPTBN1",0.90790237788959,-0.353552837088188,12.172375304993,2.02510396374905e-28,7.88432244423028e-27,53.6996658492327
"DNAJB4",1.16138151178522,-0.580071072589754,12.1087936691378,3.46668596562141e-28,1.34150241760562e-26,53.1665045335502
"PTGDS",1.70763038525739,-0.440451664708801,12.1069562559998,3.52090734778553e-28,1.35427671178377e-26,53.151112826431
"PRDX2",1.23810894667346,-0.757506412174867,12.0856747988823,4.21398041313374e-28,1.61115358909335e-26,52.972906881299
"PIP5K1C",0.931187113517301,-0.36067547818595,12.0838024452963,4.28110491997082e-28,1.62707469726272e-26,52.9572339966292
"IL33",1.93194314160946,-0.818290606270758,12.0284486490941,6.82781675365739e-28,2.57962189184038e-26,52.4943086687727
"DIP2C",0.92024067734319,-0.27193641984146,11.9898376758523,9.45107060226077e-28,3.54971092914324e-26,52.1718932284779
"BGN",1.77166337586129,-0.568517733688229,11.958172954898,1.23352747295577e-27,4.60589059346349e-26,51.9077844626892
"RBP4",1.69324475185005,-0.532900338234325,11.9394225362948,1.44406542502304e-27,5.36067310393726e-26,51.7515207679233
"RIPOR1",0.724782499700261,-0.220022345432638,11.9279251953414,1.59049075778145e-27,5.87010606267893e-26,51.6557512396734
"PRDX6",0.93406076368837,-0.269279665248694,11.9044680496808,1.93668298316068e-27,7.10673611924194e-26,51.4604734045973
"FLNA",1.5007736198647,-0.938333361424461,11.9034321212305,1.95359326171794e-27,7.12782455775375e-26,51.4518529476501
"GNB1",0.715456581448888,-0.192604777883641,11.8501539874081,3.05381746089883e-27,1.10602291449912e-25,51.0089038218068
"RECK",1.14400062742518,-0.521488532178574,11.8496775423354,3.06603063220586e-27,1.10602291449912e-25,51.0049462930083
"CPN2",1.34893915869996,-0.591852845511668,11.8069858471253,4.38316456292899e-27,1.57227560305065e-25,50.6505934048605
"PGLYRP2",1.23399213672568,-0.274475033726639,11.8010345695047,4.60688063477679e-27,1.64329233815921e-25,50.60123716278
"CPA3",2.78982825461495,-1.10627652013286,11.7860130554747,5.22343809439763e-27,1.85286956848494e-25,50.4767027943338
"DCTN2",0.565174812098443,-0.0456417485858461,11.7785782721594,5.55834064873976e-27,1.96077375923776e-25,50.415089278905
"ADIPOQ",1.60698806873887,-0.737541118357733,11.7067035352088,1.01275847383947e-26,3.55300156893681e-25,49.8202680936266
"CRADD",0.998164067005741,-0.20653214443147,11.6727022863058,1.34445179804444e-26,4.69088783088184e-25,49.539402022174
"COL6A3",1.4785101662683,-0.482518485983215,11.6370986282484,1.80812570818783e-26,6.25720331128641e-25,49.245662157382
"CMA1",2.27352535133961,-0.998413881752984,11.636776799075,1.81297198525918e-26,6.25720331128641e-25,49.2430086807807
"SVIL",0.97131777585905,-0.398759343019293,11.62178211419,2.05370763384257e-26,7.04995873230368e-25,49.119411662388
"GSN",1.12545870925204,-0.33657286047879,11.6185447857332,2.10972214805511e-26,7.20351653226305e-25,49.0927359954287
"SYNPO",1.08955479659132,-0.311892412255984,11.6074668856839,2.31316220547656e-26,7.8561386606212e-25,49.0014773337835
"KNG1",1.51441970204199,-0.418945689543106,11.5827686443239,2.83979906300791e-26,9.59371270756907e-25,48.7981469995237
"SERBP1",-1.01378903276459,0.0448835307552607,-11.5764554330795,2.99257912309738e-26,1.00566408952509e-24,48.7462021591673
"MATN2",1.64074482857172,-0.479333644143538,11.5733798806944,3.06994528658384e-26,1.02626181438941e-24,48.7209009588584
"RAB23",1.29920398860153,-0.357008896680915,11.5527002335065,3.64446227071861e-26,1.2119735207572e-24,48.5508523158874
"TMEM214",-1.208811743999,0.0467133118749038,-11.5448655132489,3.88906689278911e-26,1.28661617152635e-24,48.4864609992388
"PLCD1",1.11500941063599,-0.31226465190637,11.5262354808842,4.53835472996044e-26,1.49368015210296e-24,48.3334204136858
"STT3B",-1.3241797768116,-0.117996222899796,-11.5254782932919,4.56691318989088e-26,1.49537131884376e-24,48.3272025427938
"ARHGEF10",0.934739678570259,-0.246652541464949,11.5161625143027,4.93326394589197e-26,1.60708623951634e-24,48.2507174549076
"AFM",1.59631147416569,-0.529681121567639,11.5058975262439,5.37090610541983e-26,1.74077337477693e-24,48.1664695606293
"LIMS1",0.995189689915022,-0.187763585525751,11.4897433665062,6.13918601229955e-26,1.9797324590168e-24,48.0339522767817
"IGFBP6",1.50697214045028,-0.39930456522049,11.4762245943266,6.86555364985745e-26,2.20284221378592e-24,47.9231149693725
"TBCEL",0.736373389425854,-0.161536722722885,11.4526441993761,8.34312359356292e-26,2.66354220724496e-24,47.7299185415234
"APOC2",1.98354625334562,-0.894069717440063,11.4415190869922,9.14623495025956e-26,2.90540846554265e-24,47.6388286981224
"APOC3",2.01631295031205,-0.77695117263052,11.4408280842715,9.19858309055691e-26,2.90757193233692e-24,47.6331721843751
"SH3D19",0.983788406532136,-0.153716011339048,11.4245312234485,1.052345979889e-25,3.30996506482329e-24,47.4998095854929
"SAA1",2.35385974938749,-1.03494265083918,11.3495371228338,1.95263636081644e-25,6.11156037441812e-24,46.8871707472403
"LIMD1",0.702497616659025,-0.223318009488468,11.3278393298139,2.33429121216628e-25,7.24551377963871e-24,46.7102462840007
"NID2",1.08018136626026,-0.137422316625485,11.32766561985,2.33762856476989e-25,7.24551377963871e-24,46.7088304462878
"TANGO2",0.937276253031211,-0.402009300477082,11.312022096313,2.65849340253321e-25,8.20023206530171e-24,46.5813656776637
"PLAC9",1.87850119073778,-0.758694086343383,11.2962093948532,3.0273751203172e-25,9.29316833808911e-24,46.4526011881291
"FBXL20",-1.42889524328373,-0.450296959804972,-11.2873005766573,3.25719807773067e-25,9.95081805086619e-24,46.3800907159093
"LANCL1",0.859866815024136,-0.352835038190914,11.2668393143804,3.85291247082759e-25,1.17146886315401e-23,46.2136485509424
"SBF2",0.761416246873604,-0.235490923211891,11.2647082525537,3.92087652184812e-25,1.1864832508057e-23,46.1963211118956
"GC",1.61853807741095,-0.477233885186099,11.2591600421252,4.1034700615952e-25,1.23588001619271e-23,46.1512160131507
"PXN",0.706209041345133,-0.0760777675252056,11.2562556738078,4.20240371099517e-25,1.25973463355418e-23,46.1276083981014
"TMPO",-1.14950222836691,-0.209120840112488,-11.2459966930946,4.57125111068187e-25,1.36389898793008e-23,46.0442418367975
"ARHGEF17",0.850645646607737,-0.214438313398024,11.2296588933178,5.22627614727042e-25,1.55208247443356e-23,45.9115473528285
"PODN",1.39825610069034,-0.311400689736738,11.2183948062672,5.73148995956263e-25,1.69423904591701e-23,45.8201112859418
"PRELP",2.10366405138305,-1.08286148475576,11.2122237016873,6.02858786385611e-25,1.77384947054015e-23,45.770034801067
"DNMT1",-1.24936190547676,0.00591908765348042,-11.1997237357849,6.67815837628886e-25,1.95596519415616e-23,45.6686394420533
"ITGA1",1.1189888508965,-0.482587591238813,11.1892307502314,7.27688929749013e-25,2.121595349976e-23,45.5835631155053
"LRG1",1.66522529820452,-0.521841555851186,11.1581295767467,9.38384415090186e-25,2.72344749561402e-23,45.3316076598626
"DHCR7",-1.97518422485216,-0.608942392434145,-11.1465738877008,1.03128527484583e-24,2.97952781895503e-23,45.2380737229042
"CAPZA2",0.623973767305292,-0.122405593669909,11.1428123022474,1.06345813377798e-24,3.05863972260019e-23,45.2076361774035
"FETUB",1.41725221870836,-0.324200347166864,11.129040363698,1.190007760368e-24,3.40726437217475e-23,45.0962377009562
"CD93",1.31012237517407,-0.366222720473412,11.1240195132902,1.23978099413809e-24,3.53392930695165e-23,45.0556405535085
"SNCA",1.75426508938742,-1.32881867450681,11.0873305576951,1.6721395246797e-24,4.74516038447994e-23,44.7592368329762
"SSR1",-1.28581528280042,-0.0297247840572202,-11.0815049180855,1.75341832002822e-24,4.95379467848681e-23,44.7122135139952
"PID1",1.25784594634626,-0.479749166391247,11.0660285791304,1.98894411443552e-24,5.59445293862149e-23,44.5873466231463
"CA1",2.24249842076448,-1.92896377151415,11.0609840912874,2.07231939460454e-24,5.80340321690789e-23,44.5466637025516
"BZW1",-0.864735071859634,0.269614477019919,-11.0117129338421,3.09355342112429e-24,8.62547536850594e-23,44.1497482443144
"TMOD2",1.09823253425574,-0.711572305246953,11.0092807115172,3.15528077930787e-24,8.75933381560031e-23,44.1301760304662
"AOX1",1.38901589005365,-0.535991312090694,10.9887086407883,3.7288776674714e-24,1.0306876150132e-22,43.9647114590008
"CPS1",4.16384858578125,-2.60491325090838,10.9824697844431,3.9225203844251e-24,1.07953847648941e-22,43.9145596025346
"PALM",1.5384925201995,-0.691274116532026,10.9724110019771,4.25601050301942e-24,1.1662930069433e-22,43.8337285777111
"HPGD",-3.38012979462221,-3.346313851825,-10.9568806694708,4.82711791036126e-24,1.31714307084003e-22,43.7089964583427
"GNG2",1.13945934858789,-0.41563102840958,10.9515683757922,5.03947696132506e-24,1.36923661268343e-22,43.6663495435222
"ACTR1A",0.593619653284484,-0.0864384706424045,10.9413354325226,5.47508115984053e-24,1.48128784769414e-22,43.5842269705676
"CDH13",1.17887858039321,-0.646945903804783,10.9232699283456,6.33749565884139e-24,1.7073801595655e-22,43.4393331004189
"ZFYVE21",0.922994319974961,-0.282442307997955,10.9199840696093,6.50829509222398e-24,1.74602790604412e-22,43.4129909900106
"SNX17",0.634917186626444,-0.114228536503846,10.8809883390773,8.92100297623141e-24,2.38328887042835e-22,43.1006533807724
"TP53",-2.43969919488885,-0.816369948188197,-10.8474755557474,1.16930020716575e-23,3.11082575948054e-22,42.8326520358394
"VAT1",0.892665989095233,-0.13255213054995,10.7851711385328,1.93175711559881e-23,5.11795401788316e-22,42.3354465388751
"SNTA1",1.17988689016838,-0.342337535474283,10.7737340581133,2.11793216538091e-23,5.58801523799881e-22,42.244323947824
"DMTN",1.38186067968125,-0.947656315879257,10.7525544869442,2.51106775938979e-23,6.5980113760098e-22,42.0757022923261
"SEC62",-1.27175626595027,0.0174036093751718,-10.7484175733886,2.59593703137694e-23,6.79305653497612e-22,42.0427847338073
"ODF2",0.805165223512173,-0.267938890656926,10.7475332891386,2.6144450589056e-23,6.81356395963766e-22,42.0357492435853
"CCDC117",-1.15585183915365,-0.249801657088962,-10.6953892430475,3.97288563230188e-23,1.03117377082307e-21,41.6213770097999
"HRG",1.25458354711711,-0.280114989025797,10.6818496967973,4.4281750523356e-23,1.14469221494586e-21,41.5139418252584
"SEC63",-1.17641757769051,-0.100477833381702,-10.6799950172385,4.49445493603373e-23,1.1541425952491e-21,41.499230232782
"POTEI",1.50726110138775,-0.610285232779133,10.6798165378011,4.50088498382187e-23,1.1541425952491e-21,41.4978145728534
"SELENOP",1.12760091877243,-0.471000567254232,10.663316617007,5.1366011876534e-23,1.31188794332668e-21,41.3669904281523
"SSR3",-2.33457069578009,-0.393079004771387,-10.6411636722151,6.13262099890234e-23,1.56003127800763e-21,41.1914995345063
"SF3B1",-0.483036865916128,0.243832417163189,-10.636199420771,6.38093036566866e-23,1.61675557082517e-21,41.1521982015599
"KCTD12",0.934089832431147,-0.293892272548907,10.6340643777682,6.49077511917316e-23,1.63808692236841e-21,41.1352980970788
"TTR",1.24243051922821,-0.44474395698817,10.6325818469086,6.56815327048726e-23,1.65108892252209e-21,41.1235639796462
"EPB41L3",1.13541495041995,-0.44580327729237,10.6218286256841,7.15753864465445e-23,1.79219153906348e-21,41.0384769983127
"ACP5",1.2141097195818,-0.773295774897722,10.6012299783654,8.43730680823259e-23,2.1043829676002e-21,40.8756038772612
"ANXA6",0.930233433223556,-0.165377139661012,10.5917222294697,9.10240839326489e-23,2.2614349257197e-21,40.8004786059637
"PLCD3",0.96507060334045,-0.358258165795729,10.5749361275298,1.04063895675476e-22,2.57537974375159e-21,40.6679245094991
"PROC",1.36869674379733,-0.389772917757431,10.5392721590714,1.38256827786689e-22,3.40837778153673e-21,40.3866427056678
"CFI",1.22319786638065,-0.20249323119622,10.5315763997767,1.46989173874545e-22,3.60971490457297e-21,40.3260078976474
"CHL1",1.42329468186794,-0.554920193670286,10.5302817684277,1.48511146332875e-22,3.63311750703221e-21,40.315809667686
"MTURN",1.17081844749648,-0.378787477308774,10.5269594840103,1.52488909100315e-22,3.71618963589891e-21,40.2896418034712
"SAA2-SAA4",1.56841148799575,-0.65505837995842,10.5110325593171,1.73079243387522e-22,4.20194284802026e-21,40.1642508414809
"UACA",0.901344737898305,-0.219330321000223,10.5051570703031,1.81353940102111e-22,4.38615495284841e-21,40.1180175784899
"SLC39A7",-1.95380029409459,-0.287874269446208,-10.5018813514634,1.86136824497299e-22,4.48484386571794e-21,40.0922470673991
"DNAJC1",-1.39008272878207,-0.214589200010134,-10.4919613541015,2.013994338159e-22,4.83434355231023e-21,40.014229562057
"SLMAP",1.12753032077427,-0.897557040930954,10.4827161175504,2.16741489124269e-22,5.18312512381446e-21,39.9415519287166
"RNF121",-1.63871591195517,-0.0938573155151037,-10.4745343658842,2.31284696803546e-22,5.51027160108448e-21,39.8772611284518
"TOM1L2",0.853047444170644,-0.403390643207307,10.471894692151,2.36180661249887e-22,5.6059982233477e-21,39.8565243778517
"AK1",1.34103640276344,-0.575024234207291,10.4682759575107,2.43060408220366e-22,5.74792854254458e-21,39.8281005675583
"HYI",1.07175895689593,-0.498364626173326,10.4672467029402,2.45053311335938e-22,5.77367303645744e-21,39.8200170546291
"RNH1",0.675419783405467,-0.0445135694412243,10.4605769082243,2.58367339640749e-22,6.05682542409939e-21,39.7676437654475
"PON1",1.35608871092331,-0.563233939657617,10.4602839128608,2.58968416723435e-22,6.05682542409939e-21,39.7653434585819
"DSTN",1.10190209159052,-0.501002123771279,10.4471922376804,2.87293317464257e-22,6.69477310952293e-21,39.6625936671599
"SLC1A4",-1.60932643079969,-0.337373958708195,-10.4400449638922,3.04035453475638e-22,7.05915043797073e-21,39.6065256561106
"SLC7A5",-2.22598820497504,-0.249813622415007,-10.4182024399199,3.61450289013278e-22,8.36181193967311e-21,39.4352978320968
"CLIC2",1.18430530428205,-0.527842787993653,10.405693451717,3.99058814792118e-22,9.19852177778944e-21,39.3373187916816
"IGLL1",1.43157206409988,-0.66067973714923,10.3908533193092,4.48749163417612e-22,1.03067029079908e-20,39.2211577131045
"ARMT1",-1.57874036978958,-0.508461027321563,-10.3865703340289,4.642014011487e-22,1.06233904886539e-20,39.1876482514014
"NOLC1",-1.30785949063578,0.219038102123359,-10.3796390286771,4.90336467406813e-22,1.11814226585446e-20,39.1334335325545
"SEC61A1",-1.27103720007756,-0.0517433131205318,-10.3761182748978,5.04166731008024e-22,1.14558881761076e-20,39.1059022098966
"ZYX",0.906633135553556,-0.268532502179529,10.3616937282132,5.649954201697e-22,1.27925381481686e-20,38.9931557090471
"TUBB6",0.814945370493898,-0.180967846449632,10.3535830239236,6.02346924871572e-22,1.35900534109717e-20,38.9297950479795
"ARHGAP10",1.01038950060252,-0.430489269068138,10.339632231969,6.72422028869883e-22,1.51176572335711e-20,38.8208707924603
"HLA-A",-1.986176815472,-0.727099394305924,-10.3265408843576,7.45527679028865e-22,1.67024358968397e-20,38.7187249386502
"CP",1.42488862490595,-0.422870450821113,10.326059339356,7.4836236494651e-22,1.67073206300121e-20,38.7149689202234
"HEATR1",-0.848652885945077,0.104629476482648,-10.3209500444403,7.79106801385658e-22,1.73330903374475e-20,38.6751222746673
"SELENBP1",2.07598579566216,-1.10095076626365,10.2969854893849,9.40917140105236e-22,2.08148700455758e-20,38.4883608277066
"CPN1",1.29168647379262,-0.588986714120588,10.2968218577934,9.4212959172614e-22,2.08148700455758e-20,38.48708637224
"BTD",1.00813574731566,-0.274629701780318,10.2957060328606,9.50438954337527e-22,2.09260438739487e-20,38.4783959727778
"CRIP2",1.31394943918706,-0.380235655422648,10.2715504670617,1.14929338357653e-21,2.52173135880968e-20,38.2903832816248
"RRP1",-1.09311490986943,0.154417413505431,-10.2457721600491,1.40725778426808e-21,3.07717155909304e-20,38.08999088008
"CDC42EP2",0.86772525526118,-0.383291478175734,10.2319160657901,1.56891020436677e-21,3.41893913135899e-20,37.982385394012
"ARRB1",1.0476626234583,-0.362592242869032,10.2292032762621,1.6026551614807e-21,3.48059632858988e-20,37.9613268688238
"RASA3",0.721649754732691,-0.165730210684269,10.2016278146995,1.98936754791545e-21,4.3058006079458e-20,37.7474315278086
"PPM1G",-0.803116965114073,0.201460348971454,-10.1954133962998,2.08858970876035e-21,4.50528557109286e-20,37.6992693598393
"SHBG",1.37980919346114,-0.564364249027431,10.1803737585484,2.34954094541012e-21,5.05111748701806e-20,37.5827743228507
"ACTG2",1.92131267360963,-0.967658512124057,10.1690774268049,2.56662148439573e-21,5.49928797914992e-20,37.4953333612934
"PLVAP",0.94129196052245,-0.493287853846886,10.1586242617046,2.7852027927014e-21,5.94766549545099e-20,37.4144641907235
"NUP93",-0.485025461512247,0.274208572950626,-10.1558194320915,2.84693675773159e-21,6.05923039937206e-20,37.3927724867953
"ESD",0.896134707440585,-0.285266704052794,10.154466196752,2.87720563956998e-21,6.10330830852304e-20,37.3823080936513
"CKM",1.7840914207322,-1.57926225224494,10.1520690071315,2.93161248144753e-21,6.19812771325909e-20,37.3637727273799
"RGCC",1.17084232760272,-0.338963906554342,10.15043153529,2.96936309992596e-21,6.25722224192319e-20,37.3511129084577
"PRKG1",1.20276725094181,-0.545099123240244,10.1492501328052,2.99689897661459e-21,6.29447367292243e-20,37.3419797710958
"ASPN",1.80094561786422,-0.692208195439109,10.1310074022352,3.45576526318607e-21,7.23444629686658e-20,37.2010203040346
"RRP15",-1.09627337525354,0.285401821665807,-10.1213256126638,3.72698866719926e-21,7.77509080639632e-20,37.1262642589341
"SESTD1",0.694483276869422,-0.361082142893468,10.1209346077111,3.73837568921483e-21,7.77509080639632e-20,37.1232459789858
"GNPDA2",0.800335158493138,-0.180156110212604,10.1157590060188,3.89239917727516e-21,8.06914569704607e-20,37.083299789678
"ABHD12",-1.1083780529209,-0.249640141850754,-10.1102539983485,4.0631493325089e-21,8.395860352126e-20,37.0408229759072
"MDH1",0.640071773479925,-0.226266980256255,10.1057114774747,4.20963429213077e-21,8.67048869524354e-20,37.0057818996424
"PM20D2",-2.0430616915263,-0.677536812128893,-10.0917864562923,4.69217700358176e-21,9.63329587391303e-20,36.8984157513173
"ABI2",0.853895810175905,-0.373222327581404,10.0851149082195,4.94245654635712e-21,1.01146105924648e-19,36.8470037438779
"GPD1",2.64331592095579,-1.06107626583758,10.0824114424593,5.04761190487179e-21,1.02968057548263e-19,36.8261755165426
"CFB",1.23360473893565,-0.242282963650423,10.0812050529491,5.09525061128075e-21,1.03608838066967e-19,36.8168821186194
"PCYOX1",0.771414551217034,-0.404292311719657,10.0776470640892,5.23836780451939e-21,1.06180883910655e-19,36.789476641758
"SRPK1",-1.08602507320202,0.0786653680607877,-10.0766033769491,5.28110181429819e-21,1.06708338874348e-19,36.781438591152
"CD5L",1.56964517770248,-0.531496645685323,10.0704289965162,5.54109224956377e-21,1.11608435373706e-19,36.7338950454628
"PES1",-0.853703081191322,0.2323249950609,-10.0693307000032,5.58865359945664e-21,1.12212431548839e-19,36.7254396312821
"SRPRB",-1.12999842592406,0.122844004653891,-10.0434771501207,6.83316749797428e-21,1.36770452898325e-19,36.5265429745899
"AGRN",0.967290010895765,-0.433704772955562,10.0355044192862,7.26984262678605e-21,1.4505607866259e-19,36.4652618488141
"BPGM",1.24133191413759,-0.903405162923779,10.0223782986262,8.04995477587175e-21,1.60121374591717e-19,36.3644263720274
"MECP2",0.830108310012717,-0.293739700383276,10.0149326524489,8.5288591925717e-21,1.69120391132206e-19,36.3072597919289
"EPM2A",0.977722352851685,-0.67852275673304,10.0121200038137,8.71704345720522e-21,1.72316787845992e-19,36.2856705780458
"KRT20",-3.16204806246769,-3.686134952815,-10.0022590365554,9.40997683048402e-21,1.8544043846494e-19,36.2100057105301
"ARL6",0.890778266779363,-0.465053124057252,9.99224262142874,1.01698429267858e-20,1.99798298730854e-19,36.1331888151445
"C7",1.27537297394476,-0.436842912926024,9.9896143384096,1.03791285245813e-20,2.03284465121017e-19,36.1130390594468
"PRKDC",-0.806586367136387,0.242344294028842,-9.96959325241758,1.21202366133853e-20,2.36659665983074e-19,35.9596403411715
"F13B",1.1613010125885,-0.391407686877073,9.96475177177492,1.2583085302246e-20,2.44948169679393e-19,35.9225703632968
"PKLR",1.33356515704849,-0.928521347422197,9.94828345810144,1.42928686329427e-20,2.76624484436299e-19,35.7965490653499
"TLN2",1.07398277581351,-0.0357120563914452,9.94824646103471,1.42969584751729e-20,2.76624484436299e-19,35.7962660769298
"CNTN1",1.13823033161849,-0.408699810049368,9.94646402864328,1.44953806508538e-20,2.79616330681878e-19,35.7826330251363
"ACTN1",0.978347760859898,-0.42451383523079,9.94567631958224,1.45839384055811e-20,2.80477249155528e-19,35.7766085989117
"MUSTN1",2.2367491506376,-1.61390027282713,9.94158492400472,1.50526282612046e-20,2.88621716059433e-19,35.7453215919774
"COMMD6",0.594734763524353,0.0672673463063892,9.93918315634106,1.53347000051541e-20,2.93149878841044e-19,35.7269584396351
"ACADS",1.350569928561,-0.365264876426423,9.92286432967756,1.73953086392871e-20,3.31549390035368e-19,35.6022531700035
"ELN",1.73104501205769,-0.743053797456046,9.90788471021966,1.95278306193689e-20,3.71086900311519e-19,35.4878791892597
"SLC7A1",-1.70412501248427,-0.156911014784184,-9.90253111415102,2.03513519883627e-20,3.85588671945684e-19,35.4470254920363
"ORM1",1.77377986151891,-0.557702187448399,9.88040394177395,2.41370894975876e-20,4.55962474680759e-19,35.2782981951058
"S100A10",1.34143793483087,-0.52706250017628,9.83782629959035,3.34972084462066e-20,6.30913498315721e-19,34.9542060695129
"LAMB1",0.937131401579107,-0.14999999616969,9.82911204627915,3.58176987250477e-20,6.72635312821852e-19,34.8879690192939
"KBTBD11",0.921161835011741,-0.234364001290184,9.80815454722728,4.20726743600883e-20,7.87783066830392e-19,34.7288024178671
"CCDC22",0.408415971040442,-0.0109147355845053,9.80218605924246,4.40446521350024e-20,8.22295625385936e-19,34.6835073710322
"SRPRA",-0.805005319393285,0.227499391939575,-9.78539078485675,5.00999878686804e-20,9.32619307701238e-19,34.5561286455331
"NAA15",-0.719969100251011,0.193420825512123,-9.78455266094888,5.04229262178278e-20,9.35902278781484e-19,34.5497752872106
"MAPK3",0.724912539125684,-0.132924759586486,9.77749197401729,5.32268351967661e-20,9.85082152844497e-19,34.4962639580133
"STX11",1.03476590346569,-0.585211998683462,9.77055301502805,5.6133130005309e-20,1.03586715342167e-18,34.443695872922
"COL4A2",0.928191898290764,-0.503706355002101,9.76015412484703,6.07860702904454e-20,1.11849872854321e-18,34.3649545472201
"KRT1",1.79965389334801,-1.23563207554959,9.75565400155467,6.29165022169022e-20,1.15437318004288e-18,34.3308935344816
"DCTN5",0.461283151876439,0.00169923644680993,9.74577371407555,6.78575736112944e-20,1.24146305876251e-18,34.2561409581059
"CRTAC1",1.02420119691832,-0.479261103504533,9.74507919607652,6.82190475075281e-20,1.24451033810162e-18,34.2508879255337
"NCL",-0.93583045741569,0.310915553055283,-9.7371347944479,7.24923636353641e-20,1.31870011912194e-18,34.1908146326748
"DUSP3",0.743913316097784,-0.0627636086158728,9.72741102296781,7.80860082507284e-20,1.41641807579801e-18,34.1173231200574
"BCAM",1.31543368782014,-1.21707645575641,9.71758465194829,8.41738618354929e-20,1.52252155189695e-18,34.043097457731
"PNN",-0.534698622086597,0.275049851156228,-9.71612985637737,8.51143493409844e-20,1.53518395633386e-18,34.0321118700122
"EIF5B",-0.621458173231196,0.228904185127149,-9.71052069453215,8.88392015586898e-20,1.59785437169643e-18,33.989763980032
"POLR1E",-0.989023779984678,0.115223022418552,-9.69704279877395,9.84641878323059e-20,1.76599393064403e-18,33.8880644276864
"PEBP1",0.921098247242595,-0.347119962131336,9.68597448043742,1.07137194796565e-19,1.91616523466686e-18,33.8046054110816
"KLKB1",1.17039821416249,-0.326044672431815,9.68062834511613,1.11593882963545e-19,1.9902987226878e-18,33.7643126603433
"PPP1R10",-0.665793183012637,0.23746013423092,-9.67123116960854,1.19878151220373e-19,2.13209469510329e-18,33.6935180601838
"CFH",1.11249566893993,-0.218917754161127,9.66963816702879,1.2134179451965e-19,2.15213155002212e-18,33.681520807581
"PECAM1",0.815990132638766,-0.531288851940914,9.66572919673589,1.25008942335674e-19,2.21103073909496e-18,33.6520861629892
"GOLGB1",-1.02132473028156,-0.0681364188792241,-9.66139431737864,1.29204409246935e-19,2.27892307470078e-18,33.6194521764527
"PRRC2C",-0.476865511887964,0.171570245684339,-9.65117100242029,1.39660628568276e-19,2.45656505071195e-18,33.5425210383509
"PECR",1.13809991510728,-0.226211228223534,9.62633581591572,1.68692027312798e-19,2.95906207250609e-18,33.3558243755846
"LAMA2",1.13264160193749,-0.251592309678936,9.61194525543226,1.88177777721419e-19,3.29182222123633e-18,33.24776781232
"STT3A",-1.18738156389129,-0.0651887326739998,-9.60919955897657,1.92141810469977e-19,3.3519821307399e-18,33.2271610996951
"COL18A1",0.874974532520171,-0.349334240242471,9.60261275534329,2.01992477575478e-19,3.5142287992355e-18,33.1777400022842
"TMEM33",-1.10055515147657,-0.110494979477853,-9.59933536538984,2.0707899882009e-19,3.5929331724627e-18,33.1531566907503
"AQP1",1.40438340371475,-0.834536528367659,9.59864687020646,2.08163597239226e-19,3.60196359992536e-18,33.1479929703955
"SLCO2A1",1.33692434885877,-1.0509297696717,9.5974587705453,2.10048507116667e-19,3.62475599443222e-18,33.1390827018143
"DDAH2",0.969649242607858,-0.288560568633919,9.59467905742035,2.14524938530639e-19,3.69202623320251e-18,33.118238398663
"RAB10",-0.82044734542555,-0.0636946401425887,-9.59216676584492,2.18652108823083e-19,3.7529400936435e-18,33.0994023401639
"NAT10",-0.879591114056834,0.182215646829687,-9.58730662398411,2.26861288246395e-19,3.88340301730089e-18,33.0629710169666
"NPTN",0.792793628472367,-0.330020217133874,9.57048158261314,2.57714578239352e-19,4.39975289320392e-18,32.9369319501748
"FEN1",-1.09128213408784,0.194499009576734,-9.56974740129969,2.59151836447208e-19,4.41249193524114e-18,32.9314349255597
"RPL10A",-0.574774102166415,0.294845695994086,-9.56384714123716,2.70994983847503e-19,4.60186960602741e-18,32.887266647076
"RBM28",-1.06126022168191,0.169838371445066,-9.56130987937056,2.76251553496831e-19,4.67869010365323e-18,32.8682778968613
"GAS7",1.00706496090987,-0.104047732645564,9.54801859430332,3.05486290581691e-19,5.1601321835029e-18,32.7688531023043
"TJP1",0.703099832499846,-0.3566553724571,9.54439378392051,3.139787878951e-19,5.2895898699478e-18,32.7417514765912
"RPN2",-0.926873715414856,-0.0339837045109389,-9.54302672525649,3.17242132992645e-19,5.33050268199484e-18,32.7315319006002
"RAP1A",0.810682137353363,-0.38540823126328,9.54223726150912,3.19141993459568e-19,5.34835073028699e-18,32.7256305676672
"HPR",1.69045128302333,-0.975130831533326,9.53165923316148,3.45714398993275e-19,5.77849852767555e-18,32.6465852822191
"ENOPH1",-0.877018052854608,-0.197529374175457,-9.52848699351396,3.54102968720373e-19,5.90325706339317e-18,32.6228901249547
"RBM25",-0.517809938963654,0.285842206571734,-9.52747610997988,3.56818321486714e-19,5.93303380909549e-18,32.615340234891
"IFT22",0.72720616597739,-0.161795773050085,9.51626150000601,3.88363997001877e-19,6.44078992430385e-18,32.5316132626751
"PACSIN3",1.03341044078929,-0.55777559725177,9.51478951748896,3.92704912646591e-19,6.49590898250903e-18,32.5206277732225
"SULT1A4",1.57372580352844,-0.90599835485925,9.4951830836345,4.55330280148263e-19,7.49426155864462e-18,32.3743960849211
"TPK1",0.893095843880465,-0.274218562299515,9.49516075583223,4.55406967071905e-19,7.49426155864462e-18,32.3742296542507
"CORO1C",0.800963716356779,-0.310576614069691,9.49182070558374,4.67024232145827e-19,7.66568051992572e-18,32.349335547544
"SYNC",1.20668976286303,-0.346032778316175,9.4884948616656,4.7888421490994e-19,7.84019413384607e-18,32.3245522863783
"XPO5",-1.12983909924542,0.0653524456223349,-9.4879951285147,4.80691907917886e-19,7.84966197456702e-18,32.3208288424602
"EEF1G",-0.684684254154248,0.273982168363895,-9.48554210016037,4.89663955451527e-19,7.96406113338241e-18,32.3025532835894
"SGPL1",-1.03189926420997,0.0231771914466634,-9.48539911717303,4.9019201651046e-19,7.96406113338241e-18,32.3014881144962
"MYBBP1A",-0.989318063121234,0.0882939869442902,-9.48433913825238,4.94124365175305e-19,8.0075737858993e-18,32.2935919588245
"LGALS1",1.2367406432887,-0.362497136327463,9.45978851023472,5.94493803992297e-19,9.60972895820459e-18,32.1108468140594
"ITIH2",1.21823780763232,-0.369297635744084,9.4544871700624,6.18691564179854e-19,9.97562029618275e-18,32.0714213192879
"MME",1.68121941645873,-0.977673296206177,9.44818846678639,6.48714852117322e-19,1.04333610346829e-17,32.0245950035168
"DRG1",-0.628282841139551,0.260012202368899,-9.43960058119466,6.91991325823113e-19,1.11014186316095e-17,31.9607791030918
"LRRC59",-1.11116185757441,0.214213637502836,-9.43553941551237,7.13442396006902e-19,1.14168664122909e-17,31.9306124999017
"APPL1",0.531570903589021,-0.16509345165973,9.43266481369165,7.29023543642791e-19,1.1637038315398e-17,31.9092642759413
"PABPC1",-0.561294648108588,0.338900903892098,-9.43025798952877,7.42328539189765e-19,1.18198696327348e-17,31.8913928758147
"PHF6",-0.988549546177301,0.262402913377508,-9.41392116382659,8.39230964944021e-19,1.33295763959392e-17,31.7701563050517
"NCBP1",-0.713098562958476,0.164317793445008,-9.40563241968841,8.93093651893093e-19,1.41498832936412e-17,31.7086913116629
"KXD1",0.554887658394901,0.00114105600345948,9.39471455908753,9.69307020020694e-19,1.53193696109706e-17,31.6277778029442
"APOL1",1.18861604417869,-0.476088781001728,9.37561792067287,1.11843885942827e-18,1.76326718949371e-17,31.4863809328002
"SLC3A2",-1.32311392324177,-0.0217713793586662,-9.37318506432202,1.13900339627802e-18,1.79126519340768e-17,31.4683793280478
"MPP1",0.846967565761152,-0.357603261778574,9.36930692002347,1.17256292966212e-18,1.83951211446994e-17,31.4396890929473
"VIM",0.901946343033299,-0.116563303193115,9.36783086937116,1.18559207473675e-18,1.85404943071491e-17,31.4287711813141
"NEK7",0.65171753540149,-0.258604953707339,9.3676006664465,1.18763698850806e-18,1.85404943071491e-17,31.42706852791
"ITIH3",1.28761644258441,-0.348992119459267,9.35536586861097,1.30150620253597e-18,2.02685783004687e-17,31.3366109925378
"SERPINA4",1.12274032448006,-0.320231091654296,9.34300683568952,1.42752251837023e-18,2.21769617513234e-17,31.245304557185
"ATP2A2",-0.973704047449174,-0.0572604715764094,-9.33790237824358,1.48303474681579e-18,2.29834389767446e-17,31.2076141465211
"MVB12B",0.798961643117348,-0.362148433194484,9.32857957113906,1.59000591577934e-18,2.45815684558138e-17,31.1388070962296
"ABLIM2",1.04664138234666,-0.519597220334449,9.31985527362282,1.69702772715545e-18,2.61727585456221e-17,31.0744535779752
"PHLDB1",0.775323568233604,0.0193842680015452,9.31855696540522,1.71355353682395e-18,2.63639501990865e-17,31.0648797925299
"YBX1",-0.814856676868225,0.239024114083358,-9.29436881349516,2.05233510588947e-18,3.15003837766929e-17,30.8866574974019
"MMRN1",1.15802363577667,-0.5141742652602,9.29062158813094,2.11045485578662e-18,3.23147584033514e-17,30.8590715194656
"DDX21",-1.28412265282205,0.174351447846831,-9.28717155568874,2.16540712783285e-18,3.30768528976381e-17,30.8336791386233
"APOD",-2.08307095218495,-1.49506462848338,-9.281220688355,2.26354779647178e-18,3.44934431514852e-17,30.7898934733716
"EIF4G1",-0.67777715061573,0.248600165689142,-9.28035234916093,2.27823240836524e-18,3.46345569700286e-17,30.7835057256356
"ACTN2",1.3602218680247,-0.715276916027367,9.27096137142135,2.44320860197614e-18,3.70543632389968e-17,30.7144454058562
"DTNA",1.07723442636059,-0.783392971230174,9.26488676246705,2.55618017501015e-18,3.86758540697625e-17,30.6697951548735
"VKORC1",-1.8867048064779,-0.344629924638547,-9.25994640855111,2.65186558558002e-18,4.00287512149608e-17,30.633494682554
"NASP",-1.27293549371909,-0.0269449525221305,-9.25181821670466,2.81708218285411e-18,4.2422334286612e-17,30.5737955093185
"DAZAP2",0.716002223688882,-0.0728726949743895,9.24767128508544,2.9052665573746e-18,4.36473575737337e-17,30.5433493796466
"ICAM2",0.852727517788728,-0.311625279984055,9.24561008911619,2.95011091854935e-18,4.42170380632338e-17,30.5282193819583
"ATP13A1",-0.937587295510191,-0.0106235121544252,-9.24019026253785,3.0713295992343e-18,4.59260878011968e-17,30.4884451613889
"CDKAL1",-0.796111610357355,0.0148616273921085,-9.23103596056066,3.2873902358237e-18,4.90420248965756e-17,30.4212960850119
"CDKN2C",0.850684426848976,-0.406007557001706,9.23008458728419,3.31069151466632e-18,4.9274511238099e-17,30.4143197732941
"LAD1",-1.74297220565995,-0.0734296197306539,-9.22935578684626,3.32865221116068e-18,4.94266148099092e-17,30.4089758492117
"SPON1",1.51688074004368,-0.627442228059035,9.22380619073409,3.46862427764633e-18,5.13855359925101e-17,30.3682916272651
"PALLD",1.17555707118259,-0.415154365222999,9.21788821122236,3.62432236467361e-18,5.35678201352801e-17,30.3249226675276
"NSDHL",-1.09772803225016,-0.0481049550737052,-9.18932883225124,4.47874055045722e-18,6.60433219738322e-17,30.1158609098661
"APOH",1.26378862265446,-0.179354255801031,9.18546010609002,4.60888989070758e-18,6.78059031155943e-17,30.08757037255
"BMS1",-0.670393481374151,0.210881201026392,-9.17006682245967,5.16494752002184e-18,7.58119308398608e-17,29.9750749920944
"SYMPK",-0.509050491261902,0.169809184849409,-9.16171284283729,5.4940589964026e-18,8.04577217707124e-17,29.9140702655117
"SF3B4",-0.81192043487499,0.207534799035249,-9.15896012241187,5.60699476975121e-18,8.19237107662735e-17,29.8939758231468
"EPN2",0.771069127680859,-0.178972988795287,9.15358627011676,5.8341420819071e-18,8.50479387967507e-17,29.8547578507273
"MFAP5",1.16556725586909,-0.655923544462066,9.15032507353351,5.97641381753422e-18,8.69234674828155e-17,29.8309645508063
"APOB",1.23311248723585,-0.732225223806862,9.14106211614725,6.39955098499216e-18,9.28662114526703e-17,29.7634106229794
"SLC27A2",-1.82695805777393,-0.87702310341404,-9.13065107323538,6.91066658718001e-18,1.00055796279239e-16,29.6875324243036
"IGFALS",1.02746255244702,-0.295629264079753,9.12758944428916,7.0685314875473e-18,1.02109894904954e-16,29.6652283343937
"UTP3",-0.773955611755792,0.208090745650084,-9.12026001076166,7.46112864286769e-18,1.07537937663003e-16,29.611851235988
"COL14A1",1.8059195192585,-0.606461623256744,9.11811501418319,7.58006014989497e-18,1.09006045173602e-16,29.596234990698
"EIF4E3",0.745000999709036,-0.351758752223124,9.09558371693191,8.94870046662501e-18,1.28398769616631e-16,29.4323327024591
"GNAS",0.62828590528174,-0.318507225197713,9.07466709191526,1.04373217019228e-17,1.49422195216989e-16,29.2803934985799
"TINAGL1",1.07744216524992,-0.630055305009168,9.07021667717649,1.07844193128561e-17,1.54045900028157e-16,29.2480925674182
"SGCD",1.2372854631238,-0.275204684862205,9.06890492144759,1.08888922722653e-17,1.55191020442888e-16,29.2385737114676
"PRKAR2B",1.15126931822978,-0.607023905510259,9.06431208446075,1.12626506485257e-17,1.60160410670014e-16,29.2052519512545
"ABLIM1",0.994477054266595,-0.50324496446874,9.05871621191712,1.1735258304308e-17,1.66510276162237e-16,29.164666711141
"FECH",0.887405782257353,-0.120586175954105,9.05827729321953,1.17731486717062e-17,1.66677503922049e-16,29.1614839980959
"TOMM5",-1.0090942598642,0.138411501389811,-9.04698453550899,1.27908227009164e-17,1.80684519790601e-16,29.0796291768504
"PBX1",0.814622107919091,-0.389669324434646,9.04558176891906,1.29231755210136e-17,1.82151160489342e-16,29.0694656036634
"CALD1",1.19307448032486,-0.64114132296075,9.04456047057763,1.30203894460254e-17,1.83117151129674e-16,29.0620665085871
"ITIH4",1.29352872499574,-0.497127697558705,9.04356316364318,1.31160191707015e-17,1.84056664626217e-16,29.0548417116211
"MBOAT7",-1.34310238070355,-0.499507033900935,-9.02797044553229,1.47049685000811e-17,2.05901806739075e-16,28.9419457069537
"CERS2",-1.20705220078008,-0.268260724080448,-9.02242810511276,1.53145478582579e-17,2.13968026422268e-16,28.9018457824784
"VMP1",-1.14371408483509,-0.229095359063473,-9.01358522651098,1.63394000571534e-17,2.27788361058787e-16,28.8378965961686
"ELOVL1",-1.34761634311347,-0.184253172056193,-9.01152782804662,1.65874268888656e-17,2.30608244422811e-16,28.8230235064208
"TPPP",1.58517274713225,-1.61250194403686,9.01130998280925,1.66139064110404e-17,2.30608244422811e-16,28.8214488067723
"LIX1L",0.70631184103356,-0.0868026533252976,9.0092555323711,1.68656987639642e-17,2.33595415635383e-16,28.8065992929132
"CD81",0.979316598085698,-0.708337349929878,8.99967819662537,1.8090315169544e-17,2.50014420687313e-16,28.7374015820456
"KANK1",0.912314185827757,-0.389469872177595,8.9905451434978,1.93400753320186e-17,2.66709246209371e-16,28.6714553748238
"TMEM201",-1.02238794638184,-0.131569339654032,-8.98879746287588,1.95888020339687e-17,2.69557114195884e-16,28.65884067864
"NAA10",-0.577116573092163,0.214378464306518,-8.98493453853735,2.01498705116965e-17,2.76681555305768e-16,28.6309635016672
"NOL7",-0.732150010251881,0.276558753407116,-8.9838834055954,2.0305279127937e-17,2.78217182901026e-16,28.6233791535028
"CEBPZ",-0.866393887817296,0.169856510729887,-8.9788335144737,2.10686203752108e-17,2.88058117977989e-16,28.586949654069
"MAP1A",0.90243701505949,-0.168041450330817,8.97051049930135,2.23892647080376e-17,3.05360936464995e-16,28.5269352293216
"CAPNS1",0.639486261000252,-0.0924823137158012,8.97026279583657,2.2429800971352e-17,3.05360936464995e-16,28.5251496418018
"PTRH2",-1.08663103042788,-0.0910135362017525,-8.96148447560197,2.39142940664428e-17,3.24878228966462e-16,28.4618898542534
"PABPC4",-0.971367365524914,0.0722390723088027,-8.95964555006185,2.42373959028141e-17,3.28568519829019e-16,28.4486426523096
"NOP58",-0.676212617641121,0.299127321708511,-8.95355123928096,2.53394151416081e-17,3.42151785551789e-16,28.4047524398151
"PDE3A",1.07809323819481,-0.347327427241925,8.95351258293261,2.5346561404228e-17,3.42151785551789e-16,28.4044741012013
"ORM2",1.43290891396304,-0.568502840057263,8.94628669544976,2.67180762029708e-17,3.59904887248878e-16,28.3524581450133
"RPN1",-0.735502549734323,0.109941706244767,-8.93682167359258,2.86264032901081e-17,3.84799126331242e-16,28.2843623498949
"GIMAP8",0.884779231309331,-0.61493719934442,8.93595925638785,2.88068550656986e-17,3.86411280660684e-16,28.2781599006713
"BYSL",-0.733970200710678,0.107210187525917,-8.92864650565506,3.03829781425628e-17,4.0669877450789e-16,28.2255817369888
"RBP5",-1.72516346615234,-1.4349021687233,-8.92452015321729,3.13097415837361e-17,4.17527202268286e-16,28.1959251437871
"MPHOSPH10",-0.728838273013089,0.298923122190819,-8.92446325676161,3.13227141560703e-17,4.17527202268286e-16,28.1955162805716
"NUMB",0.444121918651183,-0.0378444666729675,8.91259818904566,3.41476993852642e-17,4.542355428644e-16,28.1102875878804
"AP2A2",0.541341530029346,-0.0177150532787558,8.90761936241434,3.54070163653555e-17,4.70007899153419e-16,28.0745445158731
"SPTAN1",0.710282803659228,-0.358560539426821,8.90326543039951,3.65459246141255e-17,4.8411976900662e-16,28.0432975845937
"DDX18",-0.903166042847802,0.237607026905539,-8.90215476174706,3.684221958987e-17,4.8703431072737e-16,28.0353281280795
"NEXN",1.22638110613756,-0.408921526088059,8.90108973154912,3.71285747120492e-17,4.89805680860402e-16,28.0276867157766
"F13A1",1.35006352084191,-0.287069249359644,8.89198235693397,3.96690860346061e-17,5.2224147284734e-16,27.9623656995061
"F9",1.18008767930152,-0.48633021325419,8.88889613067274,4.05684800221935e-17,5.32983014283345e-16,27.9402395868122
"RCL1",-0.751068559327691,0.254527937939651,-8.88562063875566,4.15451370664742e-17,5.44693429506032e-16,27.9167617201397
"SASH1",0.727136249129462,-0.259739424011523,8.88372238018862,4.21217685359356e-17,5.51121910044977e-16,27.9031579291815
"ITGA5",1.0730969076496,-0.710480882082255,8.87409921743637,4.51692454549788e-17,5.89786568977586e-16,27.8342213702714
"MORC2",-0.814104136856354,-0.000205295713791232,-8.8665633383273,4.77073724691575e-17,6.21656271868512e-16,27.7802693221096
"IPO9",-0.780064886605441,0.00556754970246396,-8.85316436875502,5.25739966217405e-17,6.83676106781696e-16,27.6844109113535
"HNRNPC",-0.604344961736633,0.288262513286752,-8.8497575853212,5.38878583120335e-17,6.99337348216126e-16,27.6600524508271
"CD209",1.25649011380522,-0.323608797722695,8.84218583914731,5.69256155971781e-17,7.37261776040532e-16,27.605935233843
"HAGH",0.74859855918581,-0.250411694355956,8.8415689802094,5.71804439677575e-17,7.39063025777594e-16,27.6015276415959
"RAP1B",0.68971201114045,-0.0918778137339118,8.83840761089133,5.8504270475265e-17,7.54645993908216e-16,27.5789419398881
"ATP2C1",-0.857060262585393,-0.105493128672259,-8.82336417350106,6.52316727901881e-17,8.39726271704336e-16,27.4715357093316
"KCTD10",0.510897634433285,-0.0377443707558454,8.82153822379875,6.60987021510692e-17,8.49175479345225e-16,27.4585065900917
"CEACAM5",-2.68795803096926,-1.14157175005661,-8.81051505874696,7.15807594440855e-17,9.17757327410614e-16,27.3798858601661
"BCAP31",-1.1109299252604,-0.0696942750950357,-8.8020671215106,7.60848508571698e-17,9.73550646739537e-16,27.3196736308045
"NRDC",-0.614947497519298,0.174429563348994,-8.79965580510933,7.74212030389585e-17,9.886687628075e-16,27.3024936584748
"PRKCZ",0.680219289782921,-0.333625573758845,8.79433757366328,8.04513160088407e-17,1.02531268007275e-15,27.2646130137532
"RRP12",-0.798603913599497,0.217107664173793,-8.77593061408399,9.18743964930055e-17,1.16856179603155e-15,27.1336137375094
"PHLDB2",0.899094408134,-0.301701711229923,8.75535894604948,1.06549503738029e-16,1.35252203055132e-15,26.9874103468818
"FMNL3",0.680918401231306,-0.169251297016309,8.75367807967519,1.07846460922809e-16,1.36626915276217e-15,26.9754738160562
"ANP32E",-1.3798247109326,-0.151343085635069,-8.75187938707239,1.09251655072019e-16,1.38133033195018e-15,26.9627021322637
"WDR13",0.594417363580214,-0.104325638377977,8.73861257388637,1.20191663964332e-16,1.5166477755183e-15,26.8685511346518
"TBL2",-0.727156334695818,0.161813854187365,-8.73418971043136,1.24074704399662e-16,1.56019317401072e-15,26.8371830541097
"ACSL3",-1.05315096320106,-0.161884475752906,-8.7341263039069,1.24131265841416e-16,1.56019317401072e-15,26.8367334308125
"MAPK1",0.443941529149636,-0.0408234706573659,8.71975435837927,1.37633303365222e-16,1.72650027895274e-15,26.7348728096403
"ANK1",1.45007202360596,-1.27682590013661,8.71585086399609,1.41545241903037e-16,1.77209092068802e-15,26.7072250359274
"SPINT2",-1.4242879018012,-0.163302637587352,-8.70063463488971,1.57874015652331e-16,1.97265281788676e-15,26.5995250481609
"MMP7",-2.12251548715197,-0.968843580130794,-8.69140195769724,1.68677169400561e-16,2.10352290355974e-15,26.5342338920227
"VSIG4",1.2467669295428,-0.468394726718759,8.68430730186513,1.7747319795821e-16,2.20890130402178e-15,26.4840918064596
"TMCO1",-1.29429253766944,0.00748866058725446,-8.68234276370801,1.79988149565564e-16,2.23584500968118e-15,26.4702118058179
"PDLIM3",1.09348837950959,-0.601538336729173,8.67900725466133,1.84339263775128e-16,2.28544893049358e-15,26.446650033018
"PRRC2A",-0.495325299482496,0.133524052620214,-8.67503716237815,1.89654125688247e-16,2.34678603201445e-15,26.4186130220843
"STX5",-0.705332662379088,0.0740791206464443,-8.67408653939958,1.90949100568842e-16,2.35823985905621e-15,26.4119008653508
"ITPR2",-1.16591188381157,-0.362350707131536,-8.66361393390398,2.05807960016495e-16,2.53684136043498e-15,26.3379865061603
"GNB4",0.63339624561096,-0.280989087092099,8.66090830187773,2.09829377293841e-16,2.58142692489629e-15,26.3188996130448
"CACNA2D1",1.02557475279702,-0.529021659183486,8.65659646748339,2.16399498902628e-16,2.65713615479477e-15,26.2884895083239
"LRRC57",0.5714241819707,-0.19085705945532,8.65542090963945,2.18225815097219e-16,2.67441809864825e-15,26.2802002962055
"ZNF703",-1.47182109542499,-0.598127698568715,-8.63327408450307,2.55629773640313e-16,3.12681246109847e-15,26.1241689079468
"ECHDC1",0.947516643563689,-0.272013203687884,8.63156528197326,2.58766560671348e-16,3.15912904376015e-15,26.1121403274042
"MIEN1",-1.51376675945985,-0.76820992088218,-8.62334873081873,2.74389713829054e-16,3.34347008167655e-15,26.0543234752943
"ZFAND6",-0.761306385677681,-0.0528918072833101,-8.61969821468674,2.81627155404342e-16,3.42512264239376e-15,26.0286472909197
"ZC3H15",-0.620176089574637,0.279580438817027,-8.61607923242437,2.88988583965973e-16,3.50796978825615e-15,26.0031996830513
"SNX1",0.516629513817026,0.159535221140532,8.6008230991132,3.22173433930347e-16,3.9033726293079e-15,25.8959973910625
"ZMPSTE24",-1.15790580115912,-0.0279765748110098,-8.59545290568672,3.34730499749502e-16,4.04783000170562e-15,25.8582905590443
"SPCS2",-1.21434452159687,-0.159282310299622,-8.59236406737882,3.42171347205633e-16,4.1299887559697e-15,25.8366090285953
"F12",1.09634766763585,-0.326823387634558,8.57841341597758,3.77870007510881e-16,4.55226414708864e-15,25.738746564005
"RBP7",1.13216327733961,-0.102502163552193,8.57451034193857,3.88501609690989e-16,4.67153065513552e-15,25.7113849435399
"NOL10",-0.736162197075207,0.199131889416791,-8.56728070066098,4.08982622227429e-16,4.90856023105664e-15,25.6607240650331
"TM9SF2",-0.963851587420844,-0.0217881457836482,-8.56079627078022,4.28259725389326e-16,5.13027832384774e-15,25.6153082730778
"STAB1",0.777891920772469,-0.130766780210691,8.54909087894952,4.65362226080071e-16,5.56430302157538e-15,25.5333811813617
"PKIG",0.997092050941543,-0.520651989941903,8.54753627674745,4.70523353451724e-16,5.60588420453489e-15,25.5225057483386
"TMOD3",0.416043713690817,0.0717172260638665,8.54751458689965,4.7059576094451e-16,5.60588420453489e-15,25.522354022941
"GTPBP4",-0.862411033489364,0.183272437567698,-8.54604440621264,4.75529482025581e-16,5.65410752836748e-15,25.512070347672
"GPX3",1.16610472145389,-0.28062577772985,8.5430440783985,4.85757582523117e-16,5.76498543570651e-15,25.4910870379945
"COBLL1",0.870958880043351,-0.261223383880902,8.53557681708908,5.12168576596289e-16,6.0671546596796e-15,25.4388838464823
"MOB2",0.536557650497637,-0.169712794694608,8.53418283883237,5.17254084946234e-16,6.11605061552168e-15,25.4291418489742
"SGCE",1.02049995155482,-0.4033355002049,8.52588531781695,5.4857598276974e-16,6.470681007232e-15,25.3711745545978
"DYNLT3",0.759962774020803,-0.160244728302373,8.52570601204453,5.49273156761119e-16,6.470681007232e-15,25.3699223041373
"RASA4",0.916867367982527,-0.245147774381752,8.52346547841437,5.58059066466111e-16,6.56207576314202e-15,25.3542760980367
"GNB2",0.529923033707419,-0.137670292731699,8.50869911383507,6.19545308909851e-16,7.27168528931875e-15,25.2512246082848
"NTM",1.22816336916647,-0.7965195179135,8.4939904315536,6.87449031961084e-16,8.05387535609453e-15,25.1486893147772
"HM13",-1.24851635717208,0.0912453010289238,-8.49065341673684,7.03851617217528e-16,8.23093878376175e-15,25.1254425530583
"MCCC2",-1.24367984320768,-0.365747459175186,-8.4758546878832,7.81385671866373e-16,9.12092781511297e-15,25.0224202409554
"PTMA",-1.10567651555525,-0.0154841727885202,-8.47262658121898,7.99390200251831e-16,9.3140628259269e-15,24.9999628875932
"PROCR",0.974727186633299,-0.315738513364186,8.46413540560456,8.48733085007593e-16,9.87096675368576e-15,24.9409175506907
"BORCS7",0.575636271748733,0.0338990101892521,8.45846981507434,8.8332074990982e-16,1.02545508875895e-14,24.9015417308436
"CLEC3B",1.10242792091352,-0.478150743620333,8.45015905969007,9.36595105826629e-16,1.08532844840345e-14,24.8438127140714
"BUD31",-0.561067335386356,0.302513614047166,-8.44809556608866,9.50308048554133e-16,1.09922407427865e-14,24.8294847237165
"STX2",0.715176823655794,-0.410770909019789,8.44406088024484,9.77697114867131e-16,1.1288600503484e-14,24.8014761522412
"BIN3",0.759976948956144,-0.107103601691847,8.43715483126771,1.02640258141137e-15,1.18295676576022e-14,24.7535547351246
"CHD1",-0.81206552527207,-0.00328768838081267,-8.42416228244286,1.12463075915703e-15,1.29383196346264e-14,24.6634673166975
"PPP1R21",0.448598910169764,-0.0298334886764783,8.40186996079479,1.31529894211087e-15,1.5104647024061e-14,24.5091062808632
"COPS8",0.425021700335062,-0.00456364625706132,8.39462975413832,1.38385453246734e-15,1.58633953138312e-14,24.4590290793471
"SLC9A3R2",0.715460548714299,-0.375314923300287,8.38308429175747,1.50055883975118e-15,1.71703731036045e-14,24.3792322381673
"SYT7",-1.31025835760194,-0.465398815816868,-8.37225520578005,1.61884931563454e-15,1.84907922724983e-14,24.3044513744908
"NDRG2",0.927364164824143,-0.722644178849058,8.37141351441568,1.62842071391456e-15,1.8566904032758e-14,24.2986416541758
"SYVN1",-0.927514279793573,-0.164473543509094,-8.36537623832327,1.69873498928162e-15,1.93340871774744e-14,24.2569808610978
"WDR36",-0.636016070875529,0.162848898065666,-8.36043251182576,1.75854329930285e-15,1.99791796548909e-14,24.2228807484555
"TPM3",0.811389563568666,-0.351834322042776,8.35660026864613,1.80633421864188e-15,2.04856909165691e-14,24.1964562759792
"COPS6",0.480254661337738,-0.0431577826027999,8.35459508774677,1.83185007222202e-15,2.07382317573361e-14,24.1826330875896
"TPP1",0.709597152949584,-0.128902135731701,8.34903758352077,1.90444774931308e-15,2.15219449192284e-14,24.1443323952091
"ITPR3",-1.13330707763151,-0.20913662762072,-8.34298187830352,1.9867962265422e-15,2.24128867605511e-14,24.1026171282738
"CHD4",-0.496477593810831,0.227290423802205,-8.34115890466167,2.01226874840105e-15,2.26602045124175e-14,24.0900632698885
"NOC2L",-0.727518006490637,0.182028975664256,-8.34071337418399,2.01854313989288e-15,2.26908414581268e-14,24.0869954080124
"PDCD11",-0.679062486330566,0.221593772558513,-8.3402370142502,2.02527311151831e-15,2.27264829825034e-14,24.0837153767662
"PSME4",-0.69224055016362,-0.0347226012438836,-8.33212990660391,2.14327299271343e-15,2.40084176464478e-14,24.0279116657286
"VPS11",0.435090707034234,0.0690325586129047,8.32960261255879,2.18143000200251e-15,2.43930482710788e-14,24.0105227563956
"NTAN1",0.526028089834547,-0.100030893518451,8.32858907288781,2.19692049273535e-15,2.4523317038663e-14,24.0035501179472
"STXBP3",0.472466178043441,-0.0501076092342167,8.31924920738471,2.34488653673921e-15,2.61293203090399e-14,23.939322634483
"CAPRIN1",-0.608985982006041,0.387497346135893,-8.3102143752087,2.4973871078413e-15,2.77801684382695e-14,23.8772375399482
"RNF5",-1.09285030373997,-0.0900212146270965,-8.30890160174751,2.52034703281783e-15,2.79868100948554e-14,23.8682201573682
"SULT1A1",1.34336375172265,-0.694820017683243,8.30111779252331,2.66083572556234e-15,2.94955487981172e-14,23.8147726460426
"CAB39L",1.23271871448196,-0.779173688125958,8.29706833740837,2.73695882416227e-15,3.02498738155365e-14,23.7869800237365
"ITIH1",1.24342768202026,-0.2386088674011,8.29699486162161,2.73835975965233e-15,3.02498738155365e-14,23.7864758193628
"ERGIC3",-1.00943897814274,0.03416289320149,-8.29358500818888,2.80416034817968e-15,3.09030317290507e-14,23.7630799913535
"HNRNPU",-0.750010679768716,0.119633467097342,-8.29343112058431,2.80716654703985e-15,3.09030317290507e-14,23.7620242797483
"TSPAN6",-1.67339038933856,-0.25088985469334,-8.27606266500842,3.16776666664762e-15,3.48127197358779e-14,23.6429543101697
"GIPC2",1.07325106251194,-0.378230029965039,8.27354423877135,3.22372331010858e-15,3.53667926718956e-14,23.6257027448959
"PPP1R12C",0.861774672219984,-0.478845045138838,8.2717085712605,3.26512472109753e-15,3.57595563365484e-14,23.6131303403118
"EPB42",1.37519134224431,-1.22943372699422,8.26665277715777,3.38189082308103e-15,3.69749536050897e-14,23.5785128956013
"PRKAR2A",0.570843467647311,0.0433452206270515,8.26211985395577,3.49008672290805e-15,3.80926559414836e-14,23.5474874029042
"NOM1",-0.958325413195655,0.13584460387268,-8.25885350182544,3.57016633619715e-15,3.8900191222899e-14,23.5251378549589
"NISCH",0.573171879182315,-0.117413151225374,8.25675795525092,3.62249597133923e-15,3.94031290919949e-14,23.5108024335361
"SMPD4",-0.657610068256599,0.0350744694567578,-8.25433271519842,3.68400619969474e-15,4.00040469133519e-14,23.4942145963241
"SND1",-0.522493801329635,0.272217065202266,-8.25137676594075,3.76037470939903e-15,4.07639940908537e-14,23.4740012147605
"LMNB1",-0.883411147759046,0.065316930198603,-8.25071284677151,3.77774156215165e-15,4.08828472446412e-14,23.469461855083
"NT5C2",-0.799218102731044,0.0649233384724204,-8.24822502958472,3.84352648660323e-15,4.14740336542745e-14,23.4524542441386
"HBB",1.85496498326199,-1.94725966767622,8.2481562701974,3.84536067710736e-15,4.14740336542745e-14,23.4519842281893
"TMX2",-0.98038859627947,-0.107556569130081,-8.24757341554095,3.86094342157195e-15,4.1571878156386e-14,23.4480001340992
"CRTC3",0.661612406439273,-0.21939369900818,8.24347886948155,3.97218629634517e-15,4.26976590945521e-14,23.4200171470902
"SF3B6",-0.498156989409173,0.339617277678753,-8.24313132847842,3.98177313933655e-15,4.27287756212838e-14,23.4176423998214
"SNX5",0.600584590529974,0.0434847007682225,8.24070834207043,4.04924953677954e-15,4.33799635777472e-14,23.4010879672437
"CD248",0.893021167045702,-0.0102236018120684,8.23844732283779,4.11323480375768e-15,4.39916318626345e-14,23.385643022737
"CLPTM1",-0.785476859915169,-0.0832405542554852,-8.23806216510642,4.12423373041145e-15,4.40355056332394e-14,23.3830123016256
"PWP2",-0.679710663015312,0.20965107165328,-8.22859599970424,4.4038907862949e-15,4.69429760776176e-14,23.318381545757
"EIF2S3",-0.488108640464877,0.344484942146204,-8.22487523157082,4.51887596774071e-15,4.80742047011163e-14,23.2929912044707
"DCAF13",-0.674572640357914,0.121248176558721,-8.22467734224792,4.52507392723115e-15,4.80742047011163e-14,23.2916410293151
"SPTA1",1.51757824154722,-1.466399591713,8.21636124154048,4.79327763156923e-15,5.08389994644012e-14,23.2349206368
"EHBP1",0.592934862058977,-0.132576310513842,8.2115090649804,4.9569655781546e-15,5.24879356824497e-14,23.2018436056262
"PSME3",-0.720978726638123,0.412179717442691,-8.21080405833249,4.98120437759735e-15,5.2657268130727e-14,23.1970386856398
"APOC1",1.28925979302465,-0.403265040249262,8.21006691306631,5.00667347290706e-15,5.28390249991927e-14,23.1920150185669
"DNAJC25",-0.893904210856056,-0.16972011042516,-8.20711555641466,5.10994204043537e-15,5.38399008715839e-14,23.1719044177396
"SGPP1",-1.18979007097922,-0.376049905803568,-8.2051882511349,5.17851275587171e-15,5.44724941453722e-14,23.1587742999674
"CBFB",-0.68515549566693,0.218027347328882,-8.20388594586918,5.22536120082201e-15,5.48748869527114e-14,23.1499032617071
"ACIN1",-0.560547257882358,0.155642130504215,-8.19873294906327,5.41487775087345e-15,5.67717478478276e-14,23.1148112213389
"CRP",2.663136550666,-1.6607615676512,8.19624428655136,5.50882379809103e-15,5.76620327062479e-14,23.0978685846639
"TRAPPC2L",0.423066057991602,-0.0049942089821533,8.19517509942696,5.54967845889087e-15,5.7994594042583e-14,23.0905906794148
"SLC1A5",-1.14115441698832,-0.11066060338796,-8.1920204432377,5.67197500138463e-15,5.91757522611779e-14,23.069120746062
"SLC26A2",1.16324809255326,-0.65305230887865,8.1891823978274,5.78427232729458e-15,6.02489050730439e-14,23.0498102721155
"TMX1",-0.879710466310795,-0.0107226365023922,-8.18584814312216,5.91901497472709e-15,6.15519716834405e-14,23.0271291742588
"LLGL1",0.520715958035578,-0.0999404395570688,8.18318587898863,6.02882573075643e-15,6.259195494452e-14,23.009023647656
"DPM3",-0.94856254446984,-0.0327258703812404,-8.18004893258843,6.16080305913499e-15,6.3858323916521e-14,22.9876949060699
"RARRES2",0.998475664575227,-0.134381550386608,8.17791109975468,6.25237842596839e-15,6.47024898700294e-14,22.9731624456359
"RIF1",-0.805839042607025,-0.010715153037303,-8.17491569365117,6.38295642619317e-15,6.59468879955394e-14,22.952804646647
"CISD2",-0.85271055684309,0.0718004703744692,-8.16348637584206,6.9064360540393e-15,7.12400552585475e-14,22.8751725380391
"WDR43",-0.682886603478263,0.244053316436761,-8.15931930537289,7.10767008793255e-15,7.31975379216924e-14,22.8468861932168
"VWA1",0.902174325536128,-0.271282960979588,8.15605876717106,7.26915919933034e-15,7.47400668079295e-14,22.8247601329152
"RPL30",-0.491287106245126,0.317529877943681,-8.14734247940142,7.71888941248629e-15,7.92365094834807e-14,22.7656401127252
"CDK12",-0.647391752693647,0.116939192381624,-8.1469730657353,7.73854570380228e-15,7.93107773977168e-14,22.7631354160165
"CDC73",-0.583857480385835,0.121006497873554,-8.14344407224671,7.92883352144713e-15,8.11307724910896e-14,22.7392119567095
"RRP1B",-0.822784934098745,0.174870808253869,-8.14299543321664,7.95335374821653e-15,8.12514618917801e-14,22.7361710739336
"SNX21",0.882852300963243,-0.0397540754358739,8.13685893616368,8.29636407655346e-15,8.46202629852937e-14,22.6945889790479
"HSD11B2",1.476364218045,-0.82548390490104,8.13406188479548,8.4575235391214e-15,8.61264558170497e-14,22.6756425348599
"NUP205",-0.443856627820657,0.138760891181539,-8.13374603350253,8.47591548814904e-15,8.61763063564197e-14,22.6735033188405
"F2",1.10647626770331,-0.368636635238873,8.12912494580023,8.74956514716811e-15,8.8817127924751e-14,22.6422116691184
"WDR3",-0.634410238336158,0.201252235063219,-8.11515337917005,9.6311678328782e-15,9.76111216078211e-14,22.5476753938225
"SMARCA5",-0.570928174680547,0.245276743683499,-8.10323043029895,1.04525406440603e-14,1.05767784488629e-13,22.4670865071173
"UTP6",-0.711938435750361,0.205462530171045,-8.09719704924465,1.0894189443155e-14,1.10062341130609e-13,22.4263361757133
"NUFIP2",-0.627470036484082,0.261451667289632,-8.0950389813531,1.1056599704736e-14,1.11526681065939e-13,22.4117651945062
"WDR12",-0.758269864330186,0.343199680758008,-8.09134342268539,1.13402936899806e-14,1.14207847335215e-13,22.3868193117144
"PZP",1.29113043016967,-0.568007275622559,8.0860447207644,1.17596501616072e-14,1.18244671310019e-13,22.3510651237065
"COL4A1",0.810743878179688,-0.504556337740563,8.08425847748851,1.19044452039504e-14,1.19512394067962e-13,22.3390155735236
"MAGT1",-0.829749861282324,-0.122765767136529,-8.07996625244871,1.2259622376819e-14,1.22884911893233e-13,22.3100685782665
"POLD3",-0.827921343288826,0.152284058809633,-8.07922197626887,1.23222672251472e-14,1.23319241743832e-13,22.3050501863291
"CD38",-1.65953043612983,-0.615330960957366,-8.06576304384602,1.35112593350117e-14,1.35006871446087e-13,22.2143547596597
"C1RL",0.943994074976899,-0.185539384479752,8.06084255654285,1.39736782125973e-14,1.39409274042865e-13,22.181222465737
"PRPF8",-0.385795208966867,0.218597787920175,-8.05481266246665,1.45617308634153e-14,1.45049378413271e-13,22.1406384250606
"GYPC",1.00201317605153,-0.635687838210787,8.05324088271008,1.47189919875481e-14,1.46387482617593e-13,22.1300629507602
"MARCKSL1",-1.22219197739618,0.0090118622353353,-8.04581873383807,1.54845722512177e-14,1.53762043272201e-13,22.0801428973378
"AHSP",1.92513123989653,-1.79211609799957,8.04466679949206,1.56068685323501e-14,1.54735800588596e-13,22.0723979620747
"CDC42EP4",0.749287331826626,-0.399301618942749,8.02817322360807,1.74662638190829e-14,1.72902472069526e-13,21.9615864985766
"GPNMB",1.32784204008262,-0.492734261775506,8.0251782283521,1.78266503309404e-14,1.76196845763242e-13,21.9414811436789
"APOA1",1.08150362425907,-0.926618752481599,8.01933624933742,1.85508887043385e-14,1.83071753287792e-13,21.9022785618088
"CARNMT1",-0.90142341689799,0.0719563461824959,-8.01728525192381,1.88119881719127e-14,1.85361951354418e-13,21.8885199084253
"SRSF6",-0.590630527958059,0.294666935731921,-8.01568633224995,1.90180525611928e-14,1.87103644997252e-13,21.8777955605692
"NOC4L",-0.591215619513014,0.167080062902565,-8.01100466892615,1.96343260053409e-14,1.92869494683233e-13,21.8464027785991
"UBTF",-0.789028020722077,0.0553074257258497,-7.99812934281103,2.1432785489172e-14,2.10212496694875e-13,21.7601313488541
"TXNIP",0.861304619688549,-0.327443432568904,7.99462193336384,2.19503027499679e-14,2.14958102850529e-13,21.7366460924981
"SEC61B",-0.814508194448292,0.122519266156285,-7.99298899514302,2.21954360030425e-14,2.17025817579519e-13,21.7257144765776
"ENPEP",0.962835198825263,-0.685475778893069,7.98855802491355,2.28743153997834e-14,2.2332187129605e-13,21.6960591843248
"PRPF3",-0.528731728223888,0.201572219294666,-7.98692604521284,2.3129490816563e-14,2.2546839521184e-13,21.6851395814677
"MRPS36",0.62678660828745,0.0721444407816057,7.98140507929948,2.40137764539201e-14,2.3373165039372e-13,21.648209883462
"ENO3",1.3897852730806,-0.539529541988411,7.97771075968017,2.46240608054956e-14,2.39306892303028e-13,21.6235082470259
"GALT",0.660840592089441,-0.314042904863236,7.96993212408319,2.59595996748121e-14,2.51902802315616e-13,21.5715225964226
"NOL6",-0.60674392850657,0.181946785458635,-7.96721924250978,2.64420156135108e-14,2.56194642932119e-13,21.5534001202169
"PPP1R12B",1.04493095971961,-0.854442178240628,7.9653426193363,2.678089650237e-14,2.59084885102473e-13,21.5408664253283
"SLC12A7",-0.876672710733773,-0.124585456719088,-7.95577033423184,2.85773671144724e-14,2.76046125606515e-13,21.4769656295279
"MMGT1",-0.88312903859025,-0.0240463544578262,-7.95036639653699,2.96435954895843e-14,2.85912926285492e-13,21.4409140691503
"DDI2",0.511301381925673,-0.148361880073571,7.94396139831444,3.09583258374819e-14,2.98143153050259e-13,21.3982055948321
"BAIAP2L1",-1.14452122850158,0.0704057912745474,-7.94135244223205,3.15102203709267e-14,3.03001140163204e-13,21.3808157904892
"LMNB2",0.572739757213575,-0.000494431269020795,7.9374547321264,3.23528910427144e-14,3.10636404974032e-13,21.3548431133416
"NAPB",-1.02302431284854,-0.85008116172406,-7.9348317872804,3.29324543153701e-14,3.1572630751297e-13,21.3373698005942
"MLEC",-1.00344509961549,0.0974881687528585,-7.933528708503,3.32241827419527e-14,3.18045587417343e-13,21.3286905183203
"GANAB",-0.630874634504487,0.101606551160963,-7.92261952157888,3.57687849857536e-14,3.41891754691672e-13,21.2560668186511
"HPGDS",0.998764092836699,-0.448180693924893,7.91172743000465,3.85012799036004e-14,3.67459898631522e-13,21.1836247207736
"HSP90AB1",-0.629939788328226,0.256219272764997,-7.90249427233008,4.09783334591639e-14,3.90517401696659e-13,21.1222691382133
"C1S",0.839067477631591,0.0632791041225173,7.90084752106627,4.14363732785086e-14,3.94293954371502e-13,21.1113313810255
"RBMX2",-0.529506064272034,0.132175512883047,-7.8958305946223,4.28632192670283e-14,4.07264367589249e-13,21.0780184234716
"PPP2R5B",0.467953382449709,-0.136094765257436,7.89472082532245,4.31853406889613e-14,4.09715305050546e-13,21.0706513782752
"CXCL13",-1.77937801243622,-0.868563661174843,-7.88873191480579,4.4965391594593e-14,4.25970363993288e-13,21.0309070381287
"ACLY",-0.737389869032739,-0.0540727828090196,-7.88818329942161,4.51320318712665e-14,4.26915590367462e-13,21.0272672782408
"PCMT1",0.625619474233781,-0.220819310562419,7.88585216823118,4.58469347813466e-14,4.33036506773518e-13,21.0118034370996
"DCTN3",0.448605780968807,-0.0130142799445028,7.88313332005732,4.66948807429419e-14,4.40394111585944e-13,20.9937715686937
"NHLRC2",0.486959447745433,-0.234633541310838,7.87976092371479,4.77682017887349e-14,4.49852460798042e-13,20.971411154043
"PURA",0.694663142204091,-0.222719401896948,7.87399484172669,4.96600840419269e-14,4.66980319009873e-13,20.9331947271035
"GYPA",1.55094596632154,-0.945745365512567,7.87181612092543,5.0394036966108e-14,4.73185185336176e-13,20.9187595804758
"ADIRF",1.78605604820986,-1.69998279896051,7.87022947481866,5.09352676788532e-14,4.77564881247397e-13,20.9082489512294
"MTDH",-0.651892011107178,0.0771089361940147,-7.86798835211529,5.17095452429226e-14,4.84113557736159e-13,20.8934052535595
"EIF2S2",-0.469138129775217,0.293600778477963,-7.8622237320318,5.37549536940055e-14,5.02526177651867e-13,20.8552375454354
"PPP2R2D",0.644765705752088,-0.23397796401505,7.85560991809711,5.62002392191432e-14,5.24617730137762e-13,20.8114708744563
"NOP9",-0.66898136593287,0.0109214788899259,-7.85506346811047,5.64071201425689e-14,5.25780236657375e-13,20.8078558890184
"ETFDH",0.676429460917949,-0.0695521684629196,7.854105674069,5.67715480949585e-14,5.28034093194368e-13,20.8015201132244
"TAP2",-1.3609491360483,-0.322357206293964,-7.85399366337917,5.68143182497308e-14,5.28034093194368e-13,20.8007792007685
"YIPF4",-0.780358737132406,0.0952038623138578,-7.85203773805348,5.75663186967852e-14,5.34245559417112e-13,20.7878425888025
"HP",1.66967864795788,-0.923118819022076,7.84959920903104,5.85176467433301e-14,5.42286174827522e-13,20.7717170957745
"APOF",1.25862624691361,-0.588615945961531,7.84593532066058,5.99762778642359e-14,5.54997875598762e-13,20.7474950016132
"CIAPIN1",-0.550491267834597,0.246557778024468,-7.84495323330873,6.03733212007276e-14,5.57863467245507e-13,20.7410037043316
"MAP1LC3A",0.925544747606483,-0.416118090881055,7.84094324758691,6.20216127053601e-14,5.72265891797289e-13,20.7145047025217
"ZC3H18",-0.566013278996507,0.131383788971135,-7.8330820570354,6.53829381139616e-14,6.0240989878448e-13,20.6625829173849
"RRP9",-0.692896528811477,0.22627219054643,-7.8300235840263,6.67387605151149e-14,6.14015829811252e-13,20.6423918923423
"TGOLN2",-0.975400146047563,0.0525501704050673,-7.82644391639572,6.8360923226863e-14,6.28035244321612e-13,20.6187669858017
"C1orf198",0.693255782237822,-0.301999841792295,7.82353439393829,6.97080357178084e-14,6.39491103531906e-13,20.5995703320375
"PRPF40A",-0.472602206440569,0.308220524744588,-7.81727835547547,7.26939991466493e-14,6.65927094047856e-13,20.5583103986911
"NOL11",-0.633117024459624,0.191243333346516,-7.81502123472488,7.38020235378126e-14,6.75108768322254e-13,20.5434297629486
"CD99L2",0.735555808098224,-0.362338441464464,7.80467637977304,7.90974767068433e-14,7.22514147028891e-13,20.4752665036339
"MCM3",-1.36967711313954,-0.0706159997075764,-7.80065166430509,8.1257580883383e-14,7.41185219914858e-13,20.4487640407975
"BAZ1B",-0.676061326134705,0.0858267203564134,-7.79643144642376,8.35851776618937e-14,7.6056492390579e-13,20.4209843131088
"RSL1D1",-1.00643230833355,0.284356785883783,-7.79621129887644,8.37083869250349e-14,7.6056492390579e-13,20.4195354683788
"MTMR10",0.508397431847255,-0.16997455055251,7.79615563600928,8.37395679727127e-14,7.6056492390579e-13,20.4191691419281
"NOP2",-0.986306839126406,0.183262246258398,-7.79041758166929,8.70161839273105e-14,7.8920217951119e-13,20.3814157285923
"FBL",-0.588266008922475,0.319543078070502,-7.78698421697527,8.90369445112273e-14,8.06201482436557e-13,20.3588351306913
"TPX2",-1.40954831996866,-0.187364123341767,-7.78663080503121,8.92475623797924e-14,8.06201482436557e-13,20.3565111957005
"C8G",0.930038918312173,-0.16326486995699,7.78659438520207,8.92692949228889e-14,8.06201482436557e-13,20.3562717135414
"RBSN",0.614331795160254,-0.18637440298756,7.78269318764441,9.16277397443133e-14,8.26332087948362e-13,20.3306234766662
"SERPINA10",0.917634048754646,-0.303060319138703,7.78184272643403,9.21499912087657e-14,8.29869807994315e-13,20.325033336354
"TM9SF3",-0.915135393664464,0.0756222241784071,-7.77970224570887,9.34774604281062e-14,8.4063885187811e-13,20.3109656726873
"COMMD10",0.46750984373458,0.128008816834042,7.77671557282685,9.53613189213547e-14,8.56374150932278e-13,20.291341126325
"CHEK2",-0.962832577131829,-0.0524818756688239,-7.77344548303308,9.74669465193015e-14,8.74054007760871e-13,20.2698602923273
"WDR75",-0.675445246455301,0.171507711600408,-7.77046125141374,9.94285306139698e-14,8.90394344979238e-13,20.2502626672979
"GCN1",-0.525217579482167,0.176277369318686,-7.76985947721424,9.98287831301463e-14,8.92726583033591e-13,20.2463114098517
"SLC16A3",-1.20158966027828,0.0769046026078808,-7.76275941618581,1.04672987014788e-13,9.34737093831357e-13,20.1997082663138
"MBOAT2",-1.50225015155914,-0.531377458380492,-7.76030057374657,1.06404117606729e-13,9.48869121395203e-13,20.1835758580968
"COL5A3",0.98502310582445,-0.442262822089944,7.75773214693171,1.08242583112222e-13,9.63917563698102e-13,20.1667282399013
"NOP56",-0.651397481651539,0.277044051854281,-7.75638976749587,1.09215892710382e-13,9.7123046651224e-13,20.1579244237024
"ADRM1",-0.612304719991619,0.30267495027679,-7.75594688334337,1.09538903192054e-13,9.72748118054607e-13,20.1550200581546
"DDOST",-0.676811627786397,0.0906740633213824,-7.75510920147039,1.10152434040567e-13,9.76837904651415e-13,20.1495269838583
"ABT1",-0.673918038146058,0.0983772434458974,-7.74882078660002,1.14867768577422e-13,1.017240918678e-12,20.1083039862531
"SUSD2",1.189586438447,-0.934020912975872,7.74640449871115,1.16732127716384e-13,1.03154627926771e-12,20.09247043288
"UBA52",-0.978518257783131,0.41431760225223,-7.74630921153218,1.16806258404159e-13,1.03154627926771e-12,20.0918461010389
"FILIP1",1.18727350396974,-1.12024016200616,7.74139945238365,1.20689457087334e-13,1.06436765677159e-12,20.0596840224791
"TMEM165",-0.886164715610182,0.234728272553905,-7.73662512581282,1.24587664699125e-13,1.09723067462609e-12,20.0284226506751
"CSRP3",1.72776225206597,-1.20109453895296,7.73529268481515,1.25697603956004e-13,1.10548099346982e-12,20.0197004668432
"THBS4",1.5807099424183,-0.487541565144101,7.73183848294404,1.2862065107597e-13,1.12963254074287e-12,19.9970940416815
"SMC4",-1.04147784983645,0.00673099263617195,-7.72955321690212,1.30591286128576e-13,1.14536450814692e-12,19.9821416976752
"ADAR",-0.631700303993706,0.256377608697497,-7.72803715925947,1.31915029405637e-13,1.15538746605623e-12,19.9722239231067
"SGCB",0.984949793831548,-0.438567891775274,7.72449922686471,1.3505590865016e-13,1.1812766804538e-12,19.9490846551044
"ATP6V0A2",-0.575075210467596,-0.0289242067175264,-7.7207853115171,1.3843244360039e-13,1.20915342324007e-12,19.9248023029336
"ANTXR2",0.735329868467839,-0.191964916192123,7.72052455189775,1.38672621469783e-13,1.20959656842153e-12,19.9230977064756
"HELLS",-0.985302069810971,0.14680731023246,-7.71890794172998,1.40170838846811e-13,1.2209970068716e-12,19.9125307498498
"DNAJC2",-0.686951393141458,0.20680431601307,-7.71425424753743,1.44573491466558e-13,1.25700010697192e-12,19.8821204937597
"PNO1",-0.652221442628458,0.243892164240753,-7.71412495182638,1.44697741366384e-13,1.25700010697192e-12,19.8812757734204
"CALML3",0.824741257035886,-0.236557854120927,7.70947336097385,1.49238595257618e-13,1.29468536782594e-12,19.8508923352193
"CSPG4",0.770394902546175,-0.685921469826753,7.70849570603886,1.5021071408026e-13,1.3013506233412e-12,19.8445080695521
"MTHFD2L",-1.17916233128628,-0.0944645070485962,-7.7054042149031,1.53326013432581e-13,1.32654010266535e-12,19.8243237665861
"SNX33",0.590701027463101,-0.0184164663184069,7.69574377909585,1.63477624487268e-13,1.41245552415589e-12,19.7612871699446
"HMGB2",-0.945500869042473,-0.0836501803842986,-7.69279619274693,1.6670513243825e-13,1.4383949602949e-12,19.7420644267951
"NSUN2",-0.714440860567242,0.223988906340363,-7.68893809932744,1.71024806681646e-13,1.47367529104225e-12,19.716911532539
"POP1",-0.62401314655456,0.0541495653965545,-7.68523987578808,1.75269111791576e-13,1.5082119660232e-12,19.6928091525689
"ALDH2",1.26621972772076,-0.0265601834983689,7.68474470115889,1.75845238503898e-13,1.51113303882556e-12,19.6895825704892
"CPSF3",-0.389100896347975,0.20940740655331,-7.6801267724484,1.81308905618103e-13,1.55599107845643e-12,19.6594988893413
"EMC3",-0.672468325654513,-0.0918280912694198,-7.67526637628149,1.87240431850946e-13,1.60473846626616e-12,19.6278492453786
"TECR",-0.918471329144419,-0.120901749810577,-7.67494150511726,1.87643656348969e-13,1.6060385332281e-12,19.625734265862
"USP39",-0.478354399045315,0.143419882003185,-7.6711871780387,1.92366096391849e-13,1.64425371547785e-12,19.6012973333028
"SNRNP200",-0.355173418532767,0.244464365610134,-7.66051801393062,2.06436202488864e-13,1.76215929530935e-12,19.5318971961723
"MAPRE3",0.768049329788195,-0.194432703710132,7.65099939623856,2.1984323764016e-13,1.87409755985637e-12,19.4700379446917
"SNX15",0.452474059855797,-0.111133261173751,7.64619943256403,2.26926307114824e-13,1.93189929457087e-12,19.4388644799218
"ZC3H11A",-0.524926988913077,0.183829229902032,-7.64380577794737,2.30542182995356e-13,1.96006902586597e-12,19.4233239463608
"SLC39A10",0.996060041778839,-0.845696360258249,7.64240913724381,2.3267816292838e-13,1.97559849773631e-12,19.4142579840972
"TMEM199",-1.07152528256947,-0.308936054523259,-7.63729059637753,2.406745513364e-13,2.0407795621287e-12,19.3810420863591
"EEF2",-0.460019287006703,0.239831875765093,-7.63640777772312,2.42080882223072e-13,2.04998200662376e-12,19.3753147583072
"C5",1.03446726219551,-0.256637453007078,7.63486988263447,2.44550142149196e-13,2.0681492153942e-12,19.365338696368
"TAP1",-1.26924572497964,-0.296403438341911,-7.63316013495593,2.4732451040834e-13,2.08884523671594e-12,19.3542495055611
"MSMO1",-1.31431243995854,-0.342788816259465,-7.62657153420337,2.58309131555063e-13,2.17873686258795e-12,19.3115329860459
"COMMD5",0.418479900903053,0.0558784313484963,7.62492873360981,2.61122173182588e-13,2.19955814745492e-12,19.3008860768302
"CCDC102A",0.595162503760667,-0.194646729583906,7.62314829479087,2.6420503550563e-13,2.22259440277134e-12,19.2893489540353
"TOP2A",-1.66765458370938,-0.17770588269323,-7.62212743449587,2.6598884356625e-13,2.23465627127698e-12,19.282734699367
"ANK2",1.38170169395949,-0.945970672344809,7.62075631372528,2.68403392426058e-13,2.2519785290938e-12,19.2738520484201
"NUDCD1",-0.787421079375896,0.125268144147608,-7.62049302259422,2.68869518053478e-13,2.25292896689167e-12,19.2721464746518
"CSE1L",-0.673668098791966,0.197582008917252,-7.61743044326096,2.74350480047805e-13,2.29584248375522e-12,19.2523104221962
"FAM126A",0.798644648141925,-0.272138378213618,7.6159939591707,2.76959129134075e-13,2.31463879518464e-12,19.2430083673915
"ZFAND5",-0.692267049754856,0.10241822410272,-7.60970003413128,2.88680379011502e-13,2.40944342482149e-12,19.2022661015447
"GDPD1",-1.0275494053115,-0.315552234556897,-7.60814675684247,2.91647555731083e-13,2.43103086598298e-12,19.1922149530893
"OSBPL8",-0.698295729082954,0.0711768277504798,-7.60704005424483,2.93779991659668e-13,2.44561309875747e-12,19.1850544357624
"ELL",-0.551386381283636,0.12952427284532,-7.60573294750966,2.96318393799619e-13,2.46353247970126e-12,19.176598216994
"TNPO3",-0.592251047067528,-0.00864569363560501,-7.60128381528379,3.05121869786944e-13,2.53342410739875e-12,19.1478225631664
"F11",0.870457826617774,-0.204470776575862,7.59850406267487,3.10752605127199e-13,2.57682517368463e-12,19.1298499521594
"KPNA2",-1.2400189851097,-0.00304993300919337,-7.59818083907393,3.1141395143366e-13,2.57895989611403e-12,19.1277604353162
"SLC39A11",-1.07856073564412,-0.18841228807341,-7.59236637136846,3.23550867368857e-13,2.6760003732515e-12,19.0901827837335
"TRIM33",-0.999063698050749,-0.143936275508402,-7.58690134066621,3.35383270419809e-13,2.77027449111317e-12,19.0548818842557
"CCDC47",-0.625835948651359,0.0811948402237422,-7.58425817705565,3.41258176119172e-13,2.8127918020778e-12,19.0378150011493
"PUS7",-0.815093415079685,0.128170249303295,-7.58418971301155,3.41411690933484e-13,2.8127918020778e-12,19.037372984965
"FGA",1.5244147546307,-0.617511508350139,7.58277731335244,3.44593914442743e-13,2.83535070066612e-12,19.0282549043002
"NCAM1",1.07128030170101,-1.2808954437823,7.58016711950421,3.50552034311819e-13,2.88066246985967e-12,19.0114073205423
"IGLL5",1.15145729521655,-0.472921342411089,7.57638423850762,3.59367751441741e-13,2.94930988811763e-12,18.9869978257414
"UTP15",-0.597835192920856,0.220769925282105,-7.5758656164192,3.60593283630323e-13,2.95556882667473e-12,18.9836520221365
"TPPP3",1.50887572811286,-1.57006188360954,7.57139290908407,3.71335077019125e-13,3.03971085482964e-12,18.9548037850391
"RMND1",-1.26317830249468,-0.429277640250245,-7.56899734277438,3.77217524013942e-13,3.08391023153523e-12,18.9393576997752
"PUS1",-0.701754095270514,0.19250671514703,-7.56752437720436,3.80880010917859e-13,3.1098706773792e-12,18.9298620490601
"FBXO7",0.651771989918645,-0.460784569617095,7.56652330760694,3.83389140295302e-13,3.12635972003257e-12,18.9234092751997
"RPS5",-0.457029145917402,0.373714332533683,-7.56490817976063,3.87471792347889e-13,3.1556216762006e-12,18.9129996227707
"ARHGEF11",0.408808652399761,-0.0685187280431503,7.56380520301766,3.90284463474138e-13,3.17447936214314e-12,18.9058917318325
"RPS7",-0.5035219311366,0.301367433069554,-7.56112135283115,3.97212879533644e-13,3.22672294633883e-12,18.8885992980668
"PGK2",-1.6945058903355,-0.549982197831524,-7.55895782489618,4.0288627581683e-13,3.26865167864099e-12,18.8746625219081
"CD46",-1.0918218122371,-0.10282159119972,-7.5524901966471,4.20327204402983e-13,3.40582385801148e-12,18.8330168218106
"ASAH1",1.04349322712796,-0.356754762669577,7.54840486216855,4.31725524892629e-13,3.4937483858548e-12,18.8067238956121
"RFC2",-0.588414182450531,0.100825712228894,-7.54433645101904,4.43379495741758e-13,3.58351655735586e-12,18.7805498560258
"STXBP1",0.735727841120772,-0.478220286191923,7.53087055968757,4.84209957634974e-13,3.9085721611875e-12,18.6939883474911
"SUPT16H",-0.686137782950485,0.19363075004736,-7.52988867195749,4.87328225053768e-13,3.92877615778827e-12,18.6876808428826
"SSRP1",-0.73749734482733,0.243300124482104,-7.51784549209435,5.27224387954986e-13,4.24505386770818e-12,18.6103644804787
"TRAM1",-0.962266136004559,-0.00722997608972488,-7.51744130828032,5.28617783082448e-13,4.25091252516553e-12,18.6077711663392
"TAB1",0.332166303546761,-0.0600293693065745,7.51701342400016,5.30096841530791e-13,4.25744444424415e-12,18.6050258932967
"MAP2K6",0.909398713551158,-0.171934513567597,7.51252416559219,5.45862928104519e-13,4.3785613014414e-12,18.5762298152529
"LCLAT1",-0.78180178209323,-0.110126994813636,-7.51026297271413,5.539783706667e-13,4.43808268093711e-12,18.5617301383259
"NUP210",-0.908631206492741,-0.0185203998206848,-7.50783249969738,5.62834066087174e-13,4.50337783454462e-12,18.5461484135374
"SAFB",-0.433300129688468,0.261522180081482,-7.50153055161802,5.86451432439509e-13,4.68647358714176e-12,18.5057633530431
"PLSCR3",0.733120341394424,-0.133521458009214,7.49495011315769,6.12155541101956e-13,4.88576641241998e-12,18.4636192659747
"ANG",1.05542160798525,-0.17268107887738,7.49290411273349,6.20371610717492e-13,4.9451594687031e-12,18.4505211001983
"PPIA",-0.750271887981275,-0.214147258460893,-7.49210447833219,6.23612152936968e-13,4.96479251434232e-12,18.4454026581909
"FGB",1.46892369933549,-0.588010674872574,7.48827191953647,6.39376914261456e-13,5.08396213892827e-12,18.4208759107751
"NAMPT",-1.30981918704422,-0.0999147714877464,-7.48544151553587,6.51271096760204e-13,5.1720969562362e-12,18.4027682409951
"SMC2",-1.05321221608748,0.0315719525749393,-7.47903023982508,6.79025953148574e-13,5.38581454764428e-12,18.3617697009103
"LRP1",0.727368059974026,0.0825885759263943,7.47835618164604,6.82010896349027e-13,5.40277862678478e-12,18.3574607119483
"CREG1",0.736725525656246,-0.179628089309546,7.4748637915108,6.97684714560419e-13,5.52009529426057e-12,18.3351396490924
"CHORDC1",-0.721261533310659,0.0571826907674838,-7.46923701060508,7.23687941693342e-13,5.71874691548514e-12,18.2991925364464
"TM9SF1",-0.897548206429098,-0.126196883044524,-7.46750219541026,7.31896151843019e-13,5.77646097591802e-12,18.2881134171715
"KYNU",-1.43441212589962,-0.561844970679161,-7.46586909858027,7.3970693592134e-13,5.83089973562686e-12,18.2776855767304
"ANKRD22",-1.4113265085675,-0.114091473599244,-7.464651890174,7.45582011261658e-13,5.86996441665312e-12,18.2699143697127
"HADHA",0.574777449348935,0.0706072018665335,7.46324135903683,7.52447761508388e-13,5.91672285373283e-12,18.2609100296368
"FGG",1.50598496884143,-0.617935367956897,7.46154938971521,7.60765685225516e-13,5.9747710949138e-12,18.2501106816367
"PATJ",0.568399045402073,-0.283746772725254,7.45998892791296,7.68517433767195e-13,6.02823564447609e-12,18.2401522508321
"GNA11",0.568423762399787,-0.484632221915001,7.45678709946191,7.84667480268898e-13,6.14736424726002e-12,18.219723714033
"PEA15",0.688105038758626,-0.111106638553172,7.4533118005261,8.02575737948419e-13,6.27995843970668e-12,18.1975574203075
"NIFK",-0.735483955823345,0.226309760276498,-7.450611995744,8.16765446664936e-13,6.38316692405828e-12,18.1803424888343
"FAM50A",-0.644576998859291,0.193085473742816,-7.43966259875902,8.76893472794043e-13,6.84470027358186e-12,18.1105706919136
"ADD2",1.02031455410748,-1.04108969108986,7.4392419247077,8.79288622893019e-13,6.85501569862262e-12,18.1078915284842
"MST1",0.899212143208593,-0.217344371541986,7.43247759623903,9.18699577070795e-13,7.1535326824354e-12,18.0648261061637
"L3HYPDH",0.749943730952908,-0.108938765667474,7.43066245621853,9.29568197910022e-13,7.22934585098111e-12,18.0532746815303
"SMARCC1",-0.791779694460237,0.0841461195743071,-7.4255445179832,9.60900419818953e-13,7.46392844348421e-12,18.020715312113
"FAM76B",-0.611784041331218,0.0882924280291333,-7.42171974320757,9.84993435476847e-13,7.64177774668247e-12,17.9963932550116
"EXOC7",0.385568707702851,0.053874048716717,7.42003106047861,9.95819375641158e-13,7.71639164255921e-12,17.9856576279191
"HLA-B",-1.50168111556846,-0.714160174418436,-7.41425162032985,1.03376589423875e-12,8.00072149662351e-12,17.9489286265639
"C7orf25",0.460783951037611,-0.0658208635604087,7.41230307450546,1.04687816388016e-12,8.0923935549332e-12,17.9365500013833
"LPGAT1",-0.930414562215985,-0.113283376022512,-7.40586362246319,1.09138795197475e-12,8.42625401857168e-12,17.8956583012868
"MCM5",-1.2438649249709,-0.109140850473583,-7.40501393190167,1.09739865070279e-12,8.46242800089046e-12,17.8902645068761
"UBXN6",0.517387269656833,-0.176022406503839,7.3984745312012,1.14476329199979e-12,8.81702487264012e-12,17.8487675123365
"EPB41L2",0.757605533918338,-0.333905093855421,7.39120357118352,1.19979464122545e-12,9.22974552316201e-12,17.8026590537044
"FABP3",1.58863708239154,-0.38251698126221,7.38939713480951,1.21386642446925e-12,9.32214431207147e-12,17.7912086507802
"POTEJ",1.40124503126892,-0.899968133103549,7.38928748732314,1.21472577410234e-12,9.32214431207147e-12,17.7905136960917
"PCSK1N",1.51874524957543,-1.16321058195562,7.38474203930844,1.25088281197376e-12,9.58809934508099e-12,17.7617107722653
"WFDC2",-2.09392269435957,-1.25375754434283,-7.38206922863229,1.27263696865437e-12,9.73901431329801e-12,17.7447800246208
"ATRN",0.83842443778661,-0.284756667528998,7.38194926246254,1.27362207542738e-12,9.73901431329801e-12,17.7440202095346
"RNASE4",1.04784314047777,-0.492641412915441,7.37623330225966,1.32144018081918e-12,1.00925784145101e-11,17.7078279805283
"CD109",1.00540502143228,-0.818562001698035,7.37507880781155,1.33131098672405e-12,1.01558191759057e-11,17.7005204084249
"CSF1R",0.837046127695998,-0.124899594598338,7.37396512748354,1.34090168604358e-12,1.02167747796996e-11,17.6934719530659
"RBBP6",-0.405307625340117,0.242337651822276,-7.36554470250692,1.41565365792212e-12,1.07734786720295e-11,17.6402039877479
"YTHDF2",-0.477557636918128,0.293391518737477,-7.36311102146315,1.43801343775987e-12,1.09306140477342e-11,17.6248165487196
"UTP18",-0.596779116178433,0.185709239660473,-7.36132353944446,1.45465753083795e-12,1.1043981372652e-11,17.6135171569323
"S100A4",1.06317723902708,-0.462303185667517,7.35930814272466,1.47365163304712e-12,1.11748998539262e-11,17.6007793857126
"KIF11",-1.21473440392395,-0.223119380532005,-7.35458661654137,1.51911196691396e-12,1.15059666770411e-11,17.570948055353
"EMC4",-0.613798011861906,-0.0198470755417719,-7.35154915610232,1.54908525204606e-12,1.17190868889977e-11,17.5517641776115
"PARVB",0.742173185116635,-0.554924681603443,7.34796240766491,1.58522994043803e-12,1.19783351120672e-11,17.5291184558402
"LBH",0.637091491836664,-0.197586696825247,7.34749761730714,1.58997417900948e-12,1.1999982426685e-11,17.5261844811319
"RDH10",-1.37196484348205,-0.541176587826241,-7.3449995781836,1.61571302607538e-12,1.21721884502957e-11,17.5104179708872
"EXOSC6",-0.406060414039307,0.17423915633659,-7.34491382122845,1.6166038850197e-12,1.21721884502957e-11,17.5098767795782
"EEF1B2",-0.568366226226345,0.382283750680027,-7.34436956215407,1.62226904320279e-12,1.22004568207889e-11,17.5064421986414
"SELENOK",-1.2735425579013,-0.184872676458822,-7.34093338625189,1.65849036513166e-12,1.24581893898419e-11,17.4847622186969
"NCK2",0.500303424051021,-0.217858944788208,7.33716907915528,1.6990856693239e-12,1.27481339584408e-11,17.4610203212714
"WDR46",-0.619115627308141,0.174677033407906,-7.33389155637877,1.73522770955802e-12,1.30040245604788e-11,17.4403557576219
"OGDH",0.579098627721451,-0.0477688563288496,7.33307817076839,1.74431380833314e-12,1.30567921057527e-11,17.4352284438682
"AGO3",0.452345679749725,-0.0103486981777179,7.33144123510889,1.76274190158216e-12,1.31792822501196e-11,17.4249109832487
"LSR",-0.831861764845902,-0.0644033445484476,-7.32657275322169,1.81869096968298e-12,1.35816863642408e-11,17.3942351681502
"VPS39",0.422563219104284,0.0907722290599379,7.32552558241314,1.8309519076099e-12,1.36572756192631e-11,17.3876389666644
"SENP8",0.823240745703799,-0.308543269143123,7.32531887444635,1.83338178337586e-12,1.36594430418376e-11,17.3863369790674
"COPS4",0.323905942620802,0.0109879375912276,7.32185867117075,1.87453185704484e-12,1.39497504746286e-11,17.3645461889181
"GPAT4",-0.767872454432513,0.0183371238768938,-7.31407003920109,1.97051626112168e-12,1.46469689490826e-11,17.3155240510966
"TXLNA",-0.486255654678303,0.244417037113629,-7.31359817627232,1.97648444438524e-12,1.46742478806974e-11,17.3125553239432
"LIN7A",0.936756767189485,-0.45922481970598,7.30690639598418,2.06306517125425e-12,1.52992695917054e-11,17.2704688289721
"COL15A1",0.875169820881915,-0.426152804874209,7.30360202277079,2.10718602578992e-12,1.56083326852304e-11,17.2496969387184
"C15orf40",0.522562233844916,0.0325390115442278,7.3033115154796,2.11110912377819e-12,1.56192720223913e-11,17.2478710811918
"COMMD1",0.381426576135849,-0.0090528020937954,7.3020345138356,2.12843965525589e-12,1.5729267591214e-11,17.2398456627492
"ESF1",-0.709066090459039,0.280562242629176,-7.29663153067227,2.20332935538334e-12,1.62613415446289e-11,17.2059013907718
"PLCB1",0.920947679024516,-0.628933733872793,7.29647537271347,2.20553199336706e-12,1.62613415446289e-11,17.2049205971255
"CANX",-0.821084748166979,0.0349342227911717,-7.29436661597001,2.23548972836943e-12,1.64632086685569e-11,17.1916774456174
"HADH",0.809528182848979,-0.010012547597374,7.29318446264182,2.25245880962337e-12,1.65690662436005e-11,17.1842546422881
"PSAT1",-1.75912422360152,-0.271574482257259,-7.29133267049337,2.27929556644947e-12,1.67471831896201e-11,17.1726288874163
"AIDA",0.535870717547264,0.0765332133299008,7.29031231663961,2.29421721328513e-12,1.68374447204892e-11,17.1662239045916
"COMMD2",0.442904584416162,-0.0291013644283222,7.28826235366115,2.32448736339978e-12,1.70400135652211e-11,17.1533577984391
"ELOVL5",-1.05106076724041,-0.284962581887884,-7.28755338885721,2.33504737626948e-12,1.70977952952759e-11,17.1489087573159
"ABCD3",-1.13585988664637,-0.368792376000526,-7.28612905282324,2.3564058894446e-12,1.72344233723984e-11,17.1399714171707
"NGDN",-0.680848072436899,0.167938533876984,-7.28463681835728,2.37898902498191e-12,1.73796852683175e-11,17.1306093857246
"MAGOHB",-0.52187568563965,0.202296239299671,-7.27245122427131,2.57156144052157e-12,1.8765051197406e-11,17.0542108689897
"RPS2",-0.421276821682586,0.323764763597475,-7.26872158021078,2.6335140102898e-12,1.91951905886991e-11,17.0308460692281
"DDX5",-0.51332140095183,0.393261078533589,-7.26760824564451,2.65229076703408e-12,1.93100074658068e-11,17.0238731328974
"VSNL1",-1.46079652217006,-0.739403885418837,-7.26563281829458,2.68593215590718e-12,1.95326615210335e-11,17.0115027176063
"MPP5",0.589105228100647,-0.283054546614675,7.26443341944516,2.70656255564481e-12,1.96602979724598e-11,17.003993093972
"HSPH1",-1.08102886479342,0.235637782459332,-7.2638458350063,2.71672626046644e-12,1.97117013330435e-11,17.0003144634927
"LIG1",-0.857048003522447,0.0621316374448437,-7.26344849782748,2.7236204744335e-12,1.97392925417229e-11,16.9978270168769
"CSTF1",-0.40528110144666,0.251928017242193,-7.2628568014581,2.73391897662957e-12,1.97914656074601e-11,16.9941230076145
"URB2",-0.597131223046538,0.0547916071668092,-7.25894846094389,2.80291391201704e-12,2.02679562041097e-11,16.9696623501169
"PPAN-P2RY11",-0.785576990944494,0.0636901823375694,-7.25605070583478,2.85517329097195e-12,2.06224903425971e-11,16.951532677183
"SOAT1",-1.02612765247234,-0.000372700574950176,-7.25459139390962,2.88185336807549e-12,2.07916765595051e-11,16.9424045439131
"SPCS1",-1.01296738846302,-0.191182409744564,-7.25189695625815,2.93176169927957e-12,2.1127876354289e-11,16.9255540788429
"TMED2",-0.71350308948871,0.129660407585822,-7.25062182465878,2.95567646628833e-12,2.1276205453496e-11,16.9175812465094
"RAB28",0.39848821061958,-0.0609802186114427,7.24896981490792,2.98694541533217e-12,2.14411569863612e-11,16.9072534733402
"SNRPC",-0.432439417140275,0.344744832438841,-7.24892975354681,2.98770772241148e-12,2.14411569863612e-11,16.9070030452469
"DNAJC5",-0.955314555476465,-0.114384028255749,-7.24887942981911,2.98866557836515e-12,2.14411569863612e-11,16.9066884673624
"ALDH3B1",0.763397750411982,-0.453868111331696,7.23507655532658,3.26313765348991e-12,2.33839886841e-11,16.8204653294623
"SNRPB2",-0.417584942770064,0.317018783665201,-7.23047226254031,3.36010445215037e-12,2.40518687522198e-11,16.7917299789536
"EEF1D",-0.513172106355313,0.287780821139397,-7.22861923683811,3.39992537656414e-12,2.43096568077962e-11,16.7801690102305
"POLR2H",-0.525726032520179,0.229379756303926,-7.22773380858242,3.41911670134924e-12,2.44195303558332e-11,16.7746456111484
"UBAP2L",-0.485861625490923,0.282924001982777,-7.22509948233284,3.47684789863464e-12,2.48041048410974e-11,16.7582152996882
"GATD1",0.497288735877823,-0.0326463303597813,7.22478630280822,3.48377475360958e-12,2.48257832609343e-11,16.7562622861465
"LIME1",-1.69776416887109,-0.986860133611864,-7.22356249571851,3.51097329686942e-12,2.49917107029111e-11,16.7486311131782
"EXOC6B",0.461462927947092,-0.102222210188019,7.22036093304361,3.58311967766507e-12,2.54768587326186e-11,16.7286718881415
"LYAR",-0.753340974158037,0.130928123715389,-7.21831804306184,3.62991671758542e-12,2.57808879218942e-11,16.7159394367103
"FGF2",1.18028392006912,-1.26401101892256,7.21704633397123,3.65935155450735e-12,2.59610663061438e-11,16.7080147454896
"RPL15",-0.670017332376091,0.135481305626549,-7.21539903318411,3.69782949410498e-12,2.62049293228194e-11,16.6977510530461
"CAPN9",1.54947445209382,-0.77832347207854,7.2147440951985,3.71323811356422e-12,2.62849505045538e-11,16.6936708616983
"ALG5",-0.793599280880899,0.000410081035764541,-7.21359961158396,3.74031613615026e-12,2.6447307341439e-11,16.6865415016344
"DDX50",-0.548179226556193,0.193886914171787,-7.21207598544962,3.77666649976781e-12,2.66747960188246e-11,16.677051616068
"RFC4",-0.627307917540695,0.174639570299989,-7.21090166158128,3.80492049512642e-12,2.68446600678257e-11,16.6697383500384
"BOP1",-0.581079256811095,0.180241009489028,-7.20980891313465,3.83139873227122e-12,2.70016345535891e-11,16.6629338844217
"ANLN",-1.43099453851703,-0.286553098841747,-7.20912376981682,3.84809281707115e-12,2.70893854873201e-11,16.6586679291159
"LAMTOR3",0.556201236197435,0.0850534056065867,7.20840378064459,3.86571314458615e-12,2.71834564187033e-11,16.6541853284706
"HSPA14",-0.641252523001881,0.23908355868593,-7.20567933616453,3.93311073243174e-12,2.76269659258269e-11,16.637226082223
"CYB5B",-1.0822043615896,-0.303689604586429,-7.2049995401837,3.950107189155e-12,2.77158619810491e-11,16.6329951844538
"ILKAP",-0.457050334804382,0.110414873160147,-7.20348089450766,3.98833853240732e-12,2.79533935558954e-11,16.6235445236793
"HOMER1",0.778523732461563,-0.379283923398674,7.20282057691298,4.00507523657324e-12,2.80399181858773e-11,16.6194357636215
"ROCK1",0.395295960677402,-0.172323702568579,7.19987006381887,4.08070920940049e-12,2.85381470996957e-11,16.6010798414758
"NCLN",-0.494842359667448,-0.0337273165786197,-7.19121298668114,4.31083816575766e-12,3.01145532695434e-11,16.5472534884617
"RBM8A",-0.481986904924171,0.260272574905851,-7.19015322084664,4.33987326327376e-12,3.02842522251398e-11,16.5406675162328
"PIN1",0.447773979048506,-0.167521622817646,7.18927099060448,4.36419112330166e-12,3.04206990417916e-11,16.5351853880921
"NEO1",0.765017213393547,-0.367949727079934,7.18643472591202,4.44328281787067e-12,3.09306711015278e-11,16.5175643237917
"MTA2",-0.445327112060079,0.156926388409163,-7.18630120009127,4.44704088820713e-12,3.09306711015278e-11,16.5167348833049
"CCNT2",0.548730661289001,-0.324120461621802,7.18343928160994,4.52834598359724e-12,3.14619032701506e-11,16.4989598166018
"CCDC86",-0.638874133624545,0.258715746113071,-7.18276560638577,4.54769644769686e-12,3.15620019766788e-11,16.4947764431517
"C1R",0.771025315194998,0.0537718608248389,7.17921637944037,4.65099585296073e-12,3.22438746158027e-11,16.4727412573462
"RPL7A",-0.614205743270128,0.241436727998434,-7.17900085535059,4.65734250945957e-12,3.22528545801512e-11,16.4714034433882
"AGPAT5",-0.852035520509553,-0.102447818748593,-7.17740988830592,4.70445715773986e-12,3.25438341843651e-11,16.4615288044619
"PTPA",0.445653073247351,-0.060225843241496,7.1690082371438,4.96115407525956e-12,3.42824337343423e-11,16.4094088504443
"SSC5D",1.09636178526312,-0.319532313919792,7.16774544253816,5.00091028925459e-12,3.45197969696114e-11,16.4015789097537
"PTGES3",-0.526572361272064,0.203419810690469,-7.16566519073769,5.06708736194347e-12,3.49388259244159e-11,16.3886825332192
"PROS1",1.0269886393619,-0.328041993621768,7.16337414973201,5.14096804650625e-12,3.53933076163567e-11,16.3744825472617
"AAMDC",0.951290359121011,-0.260943982100538,7.16327817462233,5.14408605606563e-12,3.53933076163567e-11,16.3738877611474
"GREM2",1.58738084933824,-0.320198315434116,7.16279357127994,5.15985815791535e-12,3.54636106978359e-11,16.3708846199442
"GNG7",0.765426934206571,-0.48122949508327,7.15985397162042,5.25655710372817e-12,3.60893732336606e-11,16.3526707727041
"RPL35A",-0.635433028160907,0.323300113174817,-7.15400870856018,5.45417030752413e-12,3.74058833657804e-11,16.3164695831788
"KIF1C",0.474704133825788,-0.171961164079788,7.14954395009774,5.61002261846887e-12,3.84334704065706e-11,16.2888327687339
"ARAP1",0.470031167219693,0.0684331559375099,7.14874396549544,5.63840739579945e-12,3.85865286411356e-11,16.283882204247
"TOP1",-0.763426553290359,0.434095325036522,-7.14135802931675,5.90724185761104e-12,4.03830184805637e-11,16.2381947781277
"KIFC1",-1.08836183526741,-0.325776782138283,-7.13950014425771,5.97682799079782e-12,4.08150232312771e-11,16.2267078385261
"LTV1",-0.697094501450982,0.0795974562903101,-7.1388632305665,6.00086852018598e-12,4.09354118604567e-11,16.2227704294436
"CPSF6",-0.419405334731484,0.224033946229763,-7.13583740577771,6.11638604217901e-12,4.16788952820843e-11,16.2040682527486
"ZNF146",-0.677511699742297,0.0783084550465943,-7.13467279342646,6.16142876103317e-12,4.19410689117236e-11,16.1968715029248
"ADAMTSL4",0.765892713306136,-0.316101090909308,7.13090614861839,6.30935575476736e-12,4.29022752866769e-11,16.173601322585
"FKBP11",-1.08992505842543,0.0424437981241054,-7.12746414142116,6.4475874322118e-12,4.3795580590077e-11,16.1523446127737
"TMEM87B",-0.846602259536611,0.141156522969864,-7.12627985846497,6.49583444054363e-12,4.40764111613933e-11,16.1450326078116
"DAXX",-0.497679930504064,0.0867903564664565,-7.12323611036614,6.62147155260215e-12,4.48812057997502e-11,16.1262439709526
"CMSS1",-0.868518419585863,0.215437308893254,-7.12221375743943,6.66420563416027e-12,4.51229617965147e-11,16.1199344475706
"INTS14",-0.537470839090396,0.230314308668099,-7.12075519213123,6.72564362871498e-12,4.54907145861707e-11,16.1109339580277
"CSTA",-1.52819680648483,-0.571312521108742,-7.11775038567552,6.85397552448817e-12,4.63096653162508e-11,16.092396211394
"ANXA2",0.764570578914182,-0.280370427946916,7.11661017882474,6.90330078260224e-12,4.65936316035046e-11,16.0853633615015
"PDE5A",0.878091883453308,-0.808459822055663,7.11625272057816,6.9188362215833e-12,4.66370860553467e-11,16.0831587122555
"RALA",0.588732650206558,-0.101237241302069,7.11612610456883,6.92434731095829e-12,4.66370860553467e-11,16.0823778184646
"YBX3",-0.878418428423985,-0.0567340927180154,-7.11522700232444,6.96360612605197e-12,4.68520812590536e-11,16.0768329727165
"RPL7L1",-0.74113209518029,0.252539381231013,-7.11099874755446,7.15118839945702e-12,4.80635136110875e-11,16.0507638321706
"PCNA",-0.934143020155439,0.293455360964949,-7.10979548220186,7.20547323962081e-12,4.83774412565498e-11,16.0433472249524
"TMEM230",-0.974268923207438,-0.102941054899737,-7.10924524112215,7.23043211011279e-12,4.84940220830569e-11,16.0399559923989
"S100A8",-2.33775374649064,-1.3298146484223,-7.10861550466622,7.25910132502492e-12,4.86352171671397e-11,16.0360750522707
"CPPED1",0.835610473813618,-0.171645296427587,7.10663319290466,7.35007999221463e-12,4.9193145440556e-11,16.0238601079887
"VPS18",0.34211322015056,0.0214797233144518,7.10566371560146,7.39498214909146e-12,4.94418440020408e-11,16.0178871292902
"GART",-0.556930511207253,0.204100383862578,-7.10539586079606,7.407435603943e-12,4.94733016016486e-11,16.0162369733005
"RER1",-0.880373316914012,0.085994900757234,-7.10441121116507,7.45339289787129e-12,4.97282274325059e-11,16.0101712977868
"AIMP2",-0.417802088613603,0.220135775371997,-7.10422045290596,7.46232869980271e-12,4.97358755200838e-11,16.0089962529952
"DCTN6",0.395888933653311,-0.0612425580089203,7.10284113826018,7.52725529311902e-12,5.01162930621115e-11,16.0005005528535
"APOM",0.967158530039679,-0.682344246343031,7.09440481459004,7.93664142196604e-12,5.27869327908887e-11,15.9485645441347
"PCCB",0.846676279515788,-0.0847284533741199,7.08771992398047,8.27653051520846e-12,5.49902677831488e-11,15.907442990227
"CD99",0.858233935588109,-0.312998218471852,7.08639194612784,8.34573676539633e-12,5.53924420447563e-11,15.8992774376949
"ANKRD13A",0.441469297751656,-0.129307474413602,7.07314505952846,9.06802564114912e-12,6.01239290952618e-11,15.8178857937287
"NFXL1",-0.619047035583143,0.0430003653283747,-7.07080092309256,9.20209668233612e-12,6.09495719053072e-11,15.8034946039711
"ZC3H8",-0.820472392038945,0.11588035426018,-7.06377343704063,9.61582791606411e-12,6.3623897662248e-11,15.7603723183211
"HDHD2",0.675491103788322,-0.331232438300374,7.06265993848435,9.68304209058818e-12,6.39500344930114e-11,15.7535425325379
"LMF2",-0.828921537091677,-0.157806307984158,-7.06262513954124,9.68515009471292e-12,6.39500344930114e-11,15.7533291015576
"ALG1",-0.842623236249533,0.0452785647894269,-7.06096036522167,9.7865259267375e-12,6.45526529361766e-11,15.7431195126442
"NIP7",-0.870368939445839,0.151549088421834,-7.05855560728961,9.9348089120113e-12,6.54631113552034e-11,15.7283749465567
"SLC4A1AP",-0.537507834081414,0.187065395456804,-7.05401513532071,1.02208381635481e-11,6.72784037878916e-11,15.7005455315391
"PCCA",0.850658455272431,-0.0833471633064551,7.04902152425565,1.05447747801248e-11,6.9339224481047e-11,15.6699539935506
"LIPA",0.917143176115195,-0.591249381073736,7.04784728591706,1.06224030057176e-11,6.97778222134844e-11,15.6627627717016
"HTATSF1",-0.674308076800106,0.168269470602277,-7.04667907013596,1.07001910549063e-11,7.0216567199976e-11,15.6556093102959
"POLD1",-0.607816367301606,0.0644597676473547,-7.04575505759416,1.07621151197578e-11,7.05504158518003e-11,15.6499518247659
"C11orf68",0.458779962011656,0.00104819023875363,7.04299661962409,1.0949081238365e-11,7.17024448276517e-11,15.6330658930783
"SHOC2",0.406075183721028,-0.0364928622289686,7.03553357808559,1.14710944989166e-11,7.50439942372769e-11,15.5874049453642
"RNF185",-0.738371945636606,-0.115459831381896,-7.03481385310751,1.15227128832441e-11,7.53045258541595e-11,15.5830033598783
"MKI67",-1.31875418590717,-0.178113270544592,-7.03442538239695,1.15506687484568e-11,7.54100408577677e-11,15.580627747534
"CEBPB",-0.83714761624537,0.0564524996613738,-7.03397328446485,1.15832875138514e-11,7.55457515586734e-11,15.5778631581086
"ASCC3",-0.428455079827438,0.152139527697607,-7.03310456399256,1.16462201178567e-11,7.58786892372601e-11,15.5725512806272
"CUX1",-0.5140983799871,0.067359555033786,-7.02624246692585,1.21552978062956e-11,7.91147568737998e-11,15.5306093513443
"RNASE1",1.35677109418993,-0.358673725949098,7.02509735823171,1.22423556023777e-11,7.96002449299204e-11,15.5236132617771
"CRYL1",0.795804732754207,-0.170776962275729,7.02159808057981,1.25122104526581e-11,8.1272089257601e-11,15.502239504136
"LTBP4",0.876214511971393,-0.298533971303148,7.01520025479157,1.30208093174764e-11,8.44897027358607e-11,15.4631816438234
"COMMD9",0.478607060917984,0.0389020915860021,7.01503646295299,1.30340935648755e-11,8.44900379814516e-11,15.4621820627093
"SLC30A1",-0.737227758003626,-0.0750465515323953,-7.01447778777301,1.30795049961873e-11,8.46984172420444e-11,15.4587727360851
"NOP14",-0.659167279512475,0.104402297980055,-7.01233509441125,1.32551198926667e-11,8.57253843891461e-11,15.4456987699642
"TMEM59",-0.875301353814222,-0.310966729824885,-7.01221603256278,1.32649459321028e-11,8.57253843891461e-11,15.4449723828835
"SNX18",0.575420757399307,0.0786498604702573,7.01097657422127,1.33676636054139e-11,8.63018524980464e-11,15.4374110861844
"LIPE",1.28586250422746,-0.326473439868074,7.00723356783703,1.36826312115836e-11,8.82460608949105e-11,15.4145829401667
"PPP4R3A",-0.458747598997782,0.085944045874674,-7.00529452433498,1.38486578307169e-11,8.92267207357491e-11,15.4027604969599
"CYGB",0.781618124401995,-0.163999990130919,7.00397913545439,1.39624119781973e-11,8.98689520975704e-11,15.3947418862599
"SNTB1",0.658973006805481,-0.199097725825317,7.00222857493149,1.4115226357404e-11,9.07610476254024e-11,15.3840721994058
"RNF213",-0.789542013914573,0.105288492181509,-6.99654261452613,1.46230198014982e-11,9.39315708577121e-11,15.3494298402343
"BAG2",0.94102174561181,-0.539520656458681,6.99544986346796,1.47226482685299e-11,9.44764916528273e-11,15.3427745200255
"F10",1.09010530550632,-0.497430704568366,6.99397733666343,1.48579586063033e-11,9.52490619490430e-11,15.3338074224969
"SELENOI",-0.855926045414039,-0.125763917775872,-6.99361373842085,1.48915575023544e-11,9.53687007547973e-11,15.3315934705306
"MDN1",-0.56245892609584,-0.0881908407170397,-6.99180128483366,1.50601583924731e-11,9.63518149658726e-11,15.3205587024516
"CPVL",0.872457050531963,-0.285160730357094,6.98995521922889,1.52338162029151e-11,9.73652817373504e-11,15.3093214746989
"HBD",1.56944350980771,-1.95471969873875,6.98909480091661,1.5315426589112e-11,9.778899877148e-11,15.3040847548726
"YOD1",0.778443892186834,-0.734731618971121,6.98193807295083,1.6011117164624e-11,1.02128854241883e-10,15.260545663805
"RTN4",0.491582546496925,-0.233479763223835,6.97246747944519,1.69797093248515e-11,1.08199045947282e-10,15.2029807109069
"UHRF1",-1.06493241740779,-0.046336903411456,-6.97111306744414,1.71228597578356e-11,1.09002452197188e-10,15.1947529539388
"NCBP2",-0.653566662698015,0.263497722977927,-6.96891297899021,1.73579256677613e-11,1.10388800187904e-10,15.181390428626
"SEC11C",-1.46169833319568,-0.535979212215164,-6.96568252357875,1.77088427367592e-11,1.12401468580309e-10,15.1617755148004
"LUC7L3",-0.424159963385833,0.370739507242473,-6.9656755045195,1.77096127473439e-11,1.12401468580309e-10,15.1617329033258
"ACE",0.70379255765148,-0.866331008856285,6.96516197111565,1.77660382455093e-11,1.12647620851616e-10,15.1586154189098
"BORCS5",0.430244796905658,-0.00824726377023349,6.96408528860665,1.7884915522767e-11,1.1328887461594e-10,15.1520798048539
"RDH11",-0.802878772843479,-0.20405261237441,-6.96288981969298,1.80178248508213e-11,1.14017652797318e-10,15.1448240206091
"RABAC1",-0.714622711208183,0.017969901441824,-6.95895448397019,1.84622456504621e-11,1.1671429552297e-10,15.1209454197042
"INSR",-0.641698554771296,-0.453436755072877,-6.9521471485068,1.92565968832768e-11,1.21615599505165e-10,15.0796639746711
"AKR1B1",0.832888833654436,-0.208246335611368,6.95054509802489,1.94483731485965e-11,1.22705397780424e-10,15.0699530956552
"LHPP",0.740263845627852,-0.293481900994927,6.94661963030793,1.99262541747378e-11,1.25596379966141e-10,15.0461657922466
"PRPF6",-0.403590022611693,0.274048708248744,-6.94560039702068,2.00522111217791e-11,1.26265648927574e-10,15.0399911422255
"FNDC3B",-0.710833251195029,0.174400896812315,-6.94540142541233,2.00768912484303e-11,1.26296503075101e-10,15.0387858246137
"RCC2",-0.587830914132819,0.228808206556783,-6.9398774982845,2.07741256361107e-11,1.30553929317487e-10,15.0053335957307
"TRMT61A",-0.583377599240476,0.0825636143796581,-6.93834729732956,2.09714449081623e-11,1.31664381257243e-10,14.9960703921633
"SFPQ",-0.330822056100632,0.269262912302995,-6.93487932211236,2.14254877856295e-11,1.34382848242872e-10,14.9750823384757
"AP5M1",0.371300495594747,-0.0138774913701754,6.92990630718899,2.2093493418193e-11,1.38436658955017e-10,14.9449994906494
"TACC3",-0.826005859223954,0.0473114179139935,-6.92920815684646,2.21888979881097e-11,1.38827061711528e-10,14.9407775153741
"MED6",-0.413927618205038,0.220257653188836,-6.92913233056698,2.21992842611543e-11,1.38827061711528e-10,14.9403189847004
"PDS5A",-0.456576582078852,0.134363155521022,-6.92551097309377,2.27009242737612e-11,1.4182524607433e-10,14.9184245552807
"COL3A1",1.29456699600794,-0.371744660368588,6.92062372703677,2.33956303415734e-11,1.46022580382157e-10,14.8888902038112
"GIGYF2",-0.328102154519656,0.212207794734141,-6.91115936416134,2.48009205502104e-11,1.54642458704193e-10,14.8317399049441
"DDX27",-0.731872828303208,0.33207772635434,-6.9092743261242,2.50905685289705e-11,1.56295882982904e-10,14.8203641276975
"SLC33A1",-0.891013671882531,-0.108299401813329,-6.90876055779854,2.51700874348492e-11,1.56638409621357e-10,14.8172640542486
"EIF4A3",-0.377926455060624,0.295736571409135,-6.908411942409,2.52241857338961e-11,1.5682222581395e-10,14.8151606101876
"DAB2",0.626885084904635,0.051053288384767,6.90724895955931,2.54054861781787e-11,1.577957482954e-10,14.808144082712
"PLG",0.928535002130778,-0.364693952221116,6.89874281845792,2.67710596798236e-11,1.66115856225145e-10,14.756851530158
"TOLLIP",0.502964605471743,0.0727936006223642,6.89539966029063,2.73273060892115e-11,1.69402766387976e-10,14.7367050153873
"RBMS2",0.505074735020859,0.0358200959685162,6.89271112417641,2.77828646466931e-11,1.72059738864341e-10,14.7205086769538
"URB1",-0.55111367316925,0.0403527446879917,-6.89129138071188,2.80264371099602e-11,1.73400000917728e-10,14.7119577332145
"SNRPA1",-0.324871594371834,0.324096528257307,-6.88432049396632,2.92531644898195e-11,1.80768279719647e-10,14.6699920454746
"PRKCSH",-0.460512137543629,0.234181134258463,-6.88420467242114,2.92739860971206e-11,1.80768279719647e-10,14.6692950524397
"COPS7A",0.487879490733183,-0.0858832058648925,6.87335191160096,3.12910652883928e-11,1.93037151561727e-10,14.6040240685114
"PKP2",-1.53979145715428,-0.722520687042409,-6.87147236108064,3.16540146843625e-11,1.95087725636732e-10,14.5927278586478
"HERPUD1",-0.88091896605208,-0.0780576920615587,-6.86981092796273,3.1978288722008e-11,1.96896213587291e-10,14.5827444749087
"AACS",-0.935616253880188,-0.0114483154735142,-6.86843742400463,3.22488296083799e-11,1.98370690799138e-10,14.5744925944994
"CCDC93",0.331447479967519,0.0532334731017103,6.86501226651153,3.29333279276366e-11,2.0238623562845e-10,14.5539199637583
"AK3",0.69814417169961,-0.0354136342067113,6.85688838529469,3.46144677494544e-11,2.1251286209641e-10,14.5051560133837
"NPM3",-0.954121585649728,-0.0566584149317264,-6.84789326508077,3.65744027672776e-11,2.24330030421775e-10,14.4512129595326
"PAPLN",0.838187314660147,-0.502668828996295,6.84163212483584,3.80026149341344e-11,2.3286631128066e-10,14.4136967609585
"EHBP1L1",0.422639664755903,-0.103303960107488,6.83707779369298,3.90757928925085e-11,2.39160256656268e-10,14.3864238085606
"LITAF",-1.02707114420673,-0.264499106828792,-6.83695695795191,3.91046684336953e-11,2.39160256656268e-10,14.3857003870712
"SNRPD2",-0.378066557842842,0.32331722120786,-6.83648205138844,3.9218357927848e-11,2.39626043415607e-10,14.3828573013952
"DNAJA1",-0.455156182997908,0.220531386287119,-6.8344725519808,3.97030252993867e-11,2.42355465140138e-10,14.3708288326136
"USO1",-0.435544213734861,0.244531215263188,-6.82816203537573,4.12636384470791e-11,2.51641195305253e-10,14.3330726032774
"COX6B1",0.620099515462074,-0.0834077441117824,6.82342379360916,4.24749037273026e-11,2.58780782727889e-10,14.3047406388037
"C9",1.15297568350524,-0.242483028134504,6.82238477347907,4.27451501307452e-11,2.60179011996957e-10,14.2985298731915
"LMAN1",-0.774903584016946,-0.0205342336884114,-6.81877047959111,4.36984476237431e-11,2.65728179121523e-10,14.276930896396
"SMPDL3B",-1.0843519444672,-0.0378185485038329,-6.81598477876858,4.44474274236677e-11,2.70025522454917e-10,14.2602894606846
"HSPB1",0.996717917984814,-0.604175317977547,6.80446607726178,4.76806472536069e-11,2.89392521591521e-10,14.1915325189878
"UBXN4",-0.55200852052755,0.11377313895929,-6.79987919818619,4.90315396762015e-11,2.97309003639646e-10,14.1641771120527
"EPB41",0.784267634523978,-0.642009141366807,6.7960147989215,5.01987893046899e-11,3.04097978852415e-10,14.1411412520534
"U2AF2",-0.370685369800601,0.255043466321375,-6.79525421148188,5.04317215549428e-11,3.05219471211668e-10,14.136608518726
"ALDH18A1",-0.811243241113751,0.268027510597316,-6.78997525317472,5.20779460558058e-11,3.14884171937803e-10,14.1051590253705
"LBP",1.16534015960456,-0.279693995697383,6.78797870963673,5.27142271378986e-11,3.18429839428082e-10,14.0932693857591
"TMEM87A",-0.757093315803011,0.0709004527043109,-6.78644702923981,5.32075327576536e-11,3.21105951472229e-10,14.0841498466833
"IMP4",-0.544918951179833,0.149911831155443,-6.78190456261555,5.46973459331836e-11,3.29785225480054e-10,14.0571133906599
"LARP4B",-0.549600491193627,0.111738951763998,-6.77832437762799,5.59003710501799e-11,3.36553587473562e-10,14.0358140021521
"UQCRFS1",0.560083726630021,-0.0231933737210527,6.7782508472485,5.59253494611511e-11,3.36553587473562e-10,14.0353766411099
"SLC4A1",1.2339867886649,-1.59381154406321,6.7757415902539,5.67843531174387e-11,3.4140121907236e-10,14.0204536482714
"GALNT2",-0.663614332351052,0.227613265148632,-6.77515137584748,5.69882792609606e-11,3.42304951158263e-10,14.0169441456834
"RANBP2",-0.323352437386684,0.289912520202143,-6.7717517299486,5.8176983492647e-11,3.49000653158345e-10,13.9967338428027
"MRTO4",-0.624893414053304,0.364093861673782,-6.7716517024605,5.82123250765289e-11,3.49000653158345e-10,13.9961393128804
"MINK1",0.477750303529206,-0.177372406496497,6.7701780981001,5.87354281340472e-11,3.51806480896708e-10,13.9873814706712
"PAICS",-0.796905521383606,0.191616683089333,-6.76664696545478,6.00077834608642e-11,3.59090625489801e-10,13.966401304858
"CDYL",-0.487976179381489,0.100905972637612,-6.76638197327438,6.0104351780487e-11,3.5933172857529e-10,13.9648271919931
"BRK1",0.467053253894749,-0.0793780205423746,6.76621632638115,6.01647942766055e-11,3.59356605665225e-10,13.9638432360422
"CLIC4",0.57796670821411,-0.151119972596054,6.7639753355104,6.09883969232753e-11,3.63935433976741e-10,13.9505333588201
"APOBR",0.716975622555196,-0.224443938453355,6.76296353124814,6.13638725171221e-11,3.65834104595541e-10,13.9445250601853
"COPS5",0.35501751666578,-0.0391124324064153,6.7546499412939,6.453623125765e-11,3.84185317696132e-10,13.8951830243585
"TCOF1",-0.598595072275701,0.227452351923458,-6.75458307734594,6.45623877663194e-11,3.84185317696132e-10,13.8947863659035
"INPP5A",0.60258870675653,-0.590826455744527,6.74947281017952,6.65925947262894e-11,3.95897315947261e-10,13.864479410307
"BUD23",-0.664171400018873,0.188284888136832,-6.74748221316309,6.74002802657673e-11,4.00326315811092e-10,13.8526786731685
"ECHDC2",0.899526367096239,-0.342181166116448,6.74516032811485,6.83545510944862e-11,4.05616922619232e-10,13.8389173113793
"NCS1",0.81158416864521,-0.0679293563881662,6.7435651415932,6.90178353875136e-11,4.09172589553644e-10,13.8294650293685
"RHBDD2",-1.23332575339442,-0.494222354755083,-6.74259824732571,6.94229469803694e-11,4.1119250136332e-10,13.8237365190869
"MSH6",-0.764287767022743,0.126167801001051,-6.74067284406111,7.02366265767553e-11,4.15626376916203e-10,13.8123310316439
"C1QA",0.813561073492668,-0.20146555748021,6.73930765205549,7.08192287608262e-11,4.18685903368403e-10,13.8042455559916
"COMMD8",0.456178065341446,0.0255558304913542,6.73245554757717,7.38158704706523e-11,4.35998457867821e-10,13.7636820842906
"GTF2A1",-0.482212378337349,0.062134776163894,-6.72895621633397,7.53939374291816e-11,4.44907847028951e-10,13.7429786149861
"CMTM4",-0.895460135251853,-0.496157776156127,-6.72778831951851,7.59279546719878e-11,4.47645420665413e-10,13.7360706783857
"CCDC92",0.488065990703799,-0.110107470165864,6.72701269260448,7.62846590411938e-11,4.49333531345039e-10,13.7314834626687
"SAP18",-0.375398315966962,0.317486264857356,-6.7075295660729,8.58049038397044e-11,5.04944065453007e-10,13.6163879758375
"RPS12",-0.407212864526475,0.393908244244262,-6.70388200652061,8.77126643370429e-11,5.15695544928194e-10,13.5948683981746
"NRBP2",0.615274795816196,-0.223941966200713,6.70130289958013,8.90866790908814e-11,5.2329203863411e-10,13.5796577599009
"CKS1B",-1.08679708256671,-0.0227918794262694,-6.69571589174802,9.21360502724804e-11,5.40706508262672e-10,13.5467228719585
"CACYBP",-0.620706047842609,0.154483358400924,-6.69480874362504,9.26407488180567e-11,5.43169128744988e-10,13.5413772898609
"RPL18",-0.530368552255576,0.102291944598805,-6.693246656582,9.351619810813e-11,5.4779901368845e-10,13.5321736182588
"CRYZL1",0.419306857720968,0.0361304305225839,6.69278077655942,9.37788632197595e-11,5.48834135342039e-10,13.5294290127429
"SNX6",0.371444337938806,0.142432745762786,6.69229082064085,9.40558841094413e-11,5.49951300401816e-10,13.526542727409
"IGF2BP2",-1.22809009802565,-0.390813655642931,-6.69073253888556,9.49422894272577e-11,5.54626274467558e-10,13.517364101256
"CLCN3",-0.731719427852034,-0.186772918004599,-6.69057384504582,9.50330190150091e-11,5.54648835841712e-10,13.5164294504741
"CSTF3",-0.393358287128443,0.284371687616241,-6.68894019839546,9.59719834430689e-11,5.59617455967118e-10,13.5068088280456
"AUP1",-0.682529746275347,-0.106286143714339,-6.68760307009543,9.67472946815675e-11,5.63623609983402e-10,13.4989357466127
"CBX8",-0.609531555412616,0.306535614590976,-6.68600874141185,9.7679781639454e-11,5.68537288758354e-10,13.4895498214495
"MAN2C1",0.459870699926751,-0.275893046504751,6.68111853113604,1.00595354825e-10,5.84973898504211e-10,13.4607714351198
"PLSCR1",-1.02157670502771,-0.221771110264221,-6.6770909235082,1.03060675550827e-10,5.98764707363082e-10,13.4370814172856
"MCM6",-1.17644755380456,-0.0805789495063352,-6.67605864530944,1.03702031266232e-10,6.0194315421354e-10,13.4310114034316
"YME1L1",-0.554396929815573,0.171260941148363,-6.67366146982431,1.0520655637178e-10,6.1012158259202e-10,13.4169182629809
"ERC1",0.441651808014751,0.0139693690381156,6.67292976864161,1.05670044637959e-10,6.12253389304325e-10,13.4126173153431
"PDAP1",-0.527738043980344,0.201256195019396,-6.6704861101892,1.07232531096285e-10,6.20743165049666e-10,13.3982560678917
"RBM22",-0.35467208893197,0.249441576667496,-6.66890567989285,1.08255123294396e-10,6.26095074487967e-10,13.3889700998575
"EPN1",0.434643831802487,0.0197058101561042,6.66855570141038,1.08482863021515e-10,6.26844416644679e-10,13.3869139949055
"RFC3",-0.481890710499657,0.0244076314670727,-6.66751907427193,1.09160186176573e-10,6.30187874084465e-10,13.3808243482473
"LMNA",0.548801728449144,0.0179758787479109,6.65864575638232,1.15130416764554e-10,6.64053939513711e-10,13.3287277439189
"MED16",-0.410574237229341,0.0620869311927958,-6.65310866021517,1.19017185637671e-10,6.8585264467196e-10,13.2962454232768
"HABP2",0.877563246706486,-0.190606796685083,6.64648713903527,1.238345753705e-10,7.12970030424385e-10,13.2574286094773
"ZNHIT6",-0.533392469110576,0.101612680212174,-6.64614023177059,1.24092172868946e-10,7.13809480872269e-10,13.2553957762898
"EPS15L1",0.361831007079896,0.102474368253591,6.64268639493569,1.26685699231641e-10,7.2807217785241e-10,13.2351611437771
"TOE1",-0.623836219424253,0.108744141342091,-6.63874795478934,1.29708098374617e-10,7.44771769893823e-10,13.2120972211093
"VAMP8",-0.773432241816663,0.103931042164985,-6.63848425168707,1.29912976575663e-10,7.45277947381501e-10,13.2105533210968
"SCAI",0.471297417125777,-0.422916945587329,6.6302878864682,1.36441800331535e-10,7.82029528830208e-10,13.1625895108227
"MIA2",-0.596013453591616,0.0115847784987689,-6.6289662320483,1.37524297725258e-10,7.87527032265269e-10,13.154859643138
"FAM8A1",-0.725773392123601,-0.0986108030589039,-6.62407217179111,1.41606675335067e-10,8.10177976715417e-10,13.1262463576946
"PAPSS1",-0.533136229068284,0.00453610852020093,-6.62297835840107,1.42535217219691e-10,8.14760395655978e-10,13.1198535516076
"IPO4",-0.709011614771724,0.0822147919238322,-6.61784250838506,1.46975590503367e-10,8.39391006586759e-10,13.0898478128641
"EDF1",-0.949209344008912,0.0646356086491188,-6.6174843449664,1.47290268709881e-10,8.40436430484888e-10,13.0877559399871
"PSMF1",0.490946957562027,-0.0802322629834895,6.61668679778546,1.47993362331763e-10,8.436943022217e-10,13.0830981337371
"MCM7",-1.10588920964542,-0.0986037289622279,-6.61616107824472,1.48458621402979e-10,8.45591701746671e-10,13.0800280804425
"PGM1",0.655314081127545,-0.189403936937497,6.61275394906229,1.51508910233455e-10,8.62196427665427e-10,13.0601359375823
"KIAA0319L",-0.76397676741458,-0.0256475878152886,-6.61196146380642,1.52227167144577e-10,8.65512432963604e-10,13.0555102256128
"NAA40",-0.68982250381451,0.105354983637998,-6.6118021768268,1.52371937366924e-10,8.65564786554993e-10,13.0545805236685
"NOC3L",-0.634436992339559,0.220042250802385,-6.60774486736971,1.56105384821888e-10,8.85984784078006e-10,13.0309052218326
"CTSL",0.676968602404739,-0.14754697714026,6.602549601514,1.61017284817659e-10,9.13050944547739e-10,13.0006059467555
"RRAGB",0.347948440194858,0.000374749569971602,6.60098079322098,1.62530122555693e-10,9.20811741364773e-10,12.9914601003409
"PRKCA",0.713922179059321,-0.43324904455004,6.59825280726194,1.65194073023557e-10,9.35074606609405e-10,12.9755604410732
"SORD",-0.919607244378698,0.140296735683763,-6.58552912406528,1.78196022653559e-10,1.00777821491849e-09,12.9014689307469
"GOLM1",-1.16655514839922,-0.207674956875941,-6.5827142737938,1.81205341629175e-10,1.02335674326599e-09,12.8850925477413
"CYBA",-0.917598328378666,-0.15576492945443,-6.58265320534525,1.81271178799347e-10,1.02335674326599e-09,12.8847373200849
"PHLDA3",0.85476511144882,-0.0583298321439314,6.57716615266048,1.87283523096453e-10,1.05636510156436e-09,12.8528301357361
"NUDT16",0.455619184279076,0.018988630742709,6.57176121309916,1.93397080543304e-10,1.08988557746601e-09,12.8214204166368
"TRABD",-0.555197870439241,0.0585297648333882,-6.57007399751248,1.95345301087501e-10,1.09989395718139e-09,12.8116195652943
"NOL8",-0.52674320814148,0.0794183310765257,-6.56520560318726,2.01075417328231e-10,1.13115994682005e-09,12.7833504344326
"SEL1L",-0.574925210453839,0.0660799005480812,-6.56373875367785,2.02834012611838e-10,1.14004856560439e-09,12.7748360894904
"PFN1",0.521144381939976,-0.16900536606603,6.55748750574289,2.10499336902239e-10,1.18209170283271e-09,12.7385670502448
"PREB",-0.474721532433401,0.00406172361648745,-6.54543056365768,2.26094927519363e-10,1.268555458885e-09,12.6686891226129
"NDC1",-0.53676594881886,-0.0139883257295972,-6.54482679434626,2.26905019318506e-10,1.2719829221674e-09,12.6651924839388
"DERL1",-0.90593303018324,-0.151990247192277,-6.54214928120837,2.30531955543054e-10,1.29118117205474e-09,12.6496890643776
"KIF22",-0.815936642615225,0.00469900768516421,-6.54035139743898,2.32999212025796e-10,1.30385623907512e-09,12.6392816436168
"C8A",0.848263930925576,-0.193420785928172,6.53829038372279,2.3585944797807e-10,1.31870628313483e-09,12.6273537514883
"PIK3R1",0.419304391152524,-0.0427559365226047,6.53784797571436,2.36477889736934e-10,1.32100728431349e-09,12.6247937409082
"WDR1",0.393304071147855,-0.0370093344434392,6.53718440744823,2.3740847521431e-10,1.32504642853441e-09,12.6209542283702
"HINT1",0.617405812606343,-0.153146004714737,6.53177060755562,2.45136212276614e-10,1.36698228418007e-09,12.5896403322434
"CCNK",-0.466125379062701,0.0759505582494196,-6.52886141118291,2.49390234282316e-10,1.38949096500226e-09,12.5728215433016
"JCHAIN",1.34135077481864,-0.814365404026736,6.52627397771974,2.5323455047495e-10,1.40967969030737e-09,12.5578677993315
"TAPT1",-0.867166569191536,-0.530072665424095,-6.52343288074441,2.57522731047613e-10,1.43230194925001e-09,12.5414533041424
"FKBP5",-0.906244454929155,-0.298442578546433,-6.52025942708299,2.6239680439148e-10,1.45814064059147e-09,12.5231251293101
"VPS41",0.406156079546758,0.0266498983584567,6.51867602286888,2.64862467169414e-10,1.47056248076236e-09,12.5139828043582
"PRPF38B",-0.424049864585368,0.0804484143523922,-6.51620591119104,2.68754357679818e-10,1.4908745210996e-09,12.4997241921467
"CWC22",-0.424623637045921,0.151298698642673,-6.51002660569167,2.7873781762742e-10,1.54491403259642e-09,12.4640726888874
"RNGTT",-0.523265252465662,0.0395496631130859,-6.50964955869509,2.7935862442373e-10,1.547011983474e-09,12.4618981614997
"HMGB3",-1.30882161977632,-0.0273160360471498,-6.50837821572261,2.8146190064045e-10,1.55730869635119e-09,12.454566715089
"LSM14B",-0.791683621047709,0.122727859999046,-6.49959866743469,2.96416620774144e-10,1.63863214168217e-09,12.4039679369874
"PPP4R2",-0.385912402281511,0.185482387743214,-6.49901135621735,2.97444377917892e-10,1.6428913088285e-09,12.4005849956483
"SSR4",-0.640117921090745,0.191957343757373,-6.4988153352375,2.97788179510901e-10,1.64336864838125e-09,12.3994559577972
"RFLNB",0.687564132754588,-0.0985088856109729,6.49810937648485,2.9902959485641e-10,1.64879444141466e-09,12.3953900082811
"TRMT6",-0.655751347312185,0.0772733869860828,-6.49435171170412,3.05723288076305e-10,1.68424779496739e-09,12.3737535889797
"NDUFA2",0.617768957068186,0.00131296189923595,6.49333668988136,3.07556461533407e-10,1.6928862128369e-09,12.3679108109001
"RPL5",-0.386060414098351,0.215789343940561,-6.4926253124953,3.08847661696046e-10,1.69852912999936e-09,12.363816324503
"GTF2F1",-0.47337777173567,0.209252969186043,-6.49226567545247,3.09502450299698e-10,1.70066535728363e-09,12.3617464877189
"RAD23A",0.421607712485169,-0.152181394607408,6.48734158620489,3.18605839595232e-10,1.74918167310022e-09,12.3334155523444
"TEX264",-0.670082957800997,-0.04230398149804,-6.4870904167678,3.19077161803877e-10,1.75026432827986e-09,12.3319708850513
"ATXN10",-0.542954964318641,0.0330588886702566,-6.48567356426337,3.21748738632028e-10,1.76340403104334e-09,12.3238222944634
"TRAF4",-0.700907484196333,-0.146878935311331,-6.48511943196577,3.22799552338843e-10,1.76721978478241e-09,12.3206357478774
"C11orf54",0.774761688829382,-0.16300381033772,6.48501471338389,3.22998510390144e-10,1.76721978478241e-09,12.3200335856714
"LDHD",0.910874916483339,-0.442899689280012,6.48479344779055,3.23419295330844e-10,1.7680070211365e-09,12.3187612691001
"MIA3",-0.646463311340953,0.0930767842847912,-6.4825068655283,3.27799341408919e-10,1.79022618636216e-09,12.3056149808982
"GPT",1.27755485346489,-0.718729618607842,6.48237972778973,3.28044579176778e-10,1.79022618636216e-09,12.3048841309071
"HSDL1",-0.776379533379358,-0.180087896917783,-6.48176713059202,3.29228751212079e-10,1.79515420707867e-09,12.301362777656
"LAMTOR5",0.473756333925122,0.130755688960375,6.47875794260431,3.35106768654186e-10,1.82564566370049e-09,12.2840689949073
"TTYH3",-0.979646929726001,0.178157335803094,-6.47549581412436,3.41595154313542e-10,1.85801891636066e-09,12.265328586911
"GOLGA5",-0.545209134157916,0.0987387306324856,-6.4754779402463,3.41631042726298e-10,1.85801891636066e-09,12.2652259244594
"CLIC3",0.893679218320237,-0.759061223141761,6.47035774683375,3.5206545094209e-10,1.91313864192787e-09,12.2358260306946
"AGO1",0.456949253811803,-0.0785798176889389,6.46924347033044,3.54377302009876e-10,1.92406383786825e-09,12.2294302973017
"IPO7",-0.442770338826138,0.0817696913412012,-6.46676016481924,3.59583247748696e-10,1.95067037967326e-09,12.2151796699924
"ERGIC2",-0.710013670664686,0.11067202772336,-6.46657104630494,3.59982770817283e-10,1.95117995897144e-09,12.2140945734934
"ATG9A",-0.766282532728813,-0.207369283244904,-6.46375863807293,3.65975762052989e-10,1.98198069610546e-09,12.1979608514724
"MYO6",-0.745693215021221,-0.030028237322839,-6.45616675508399,3.8264621219148e-10,2.07050513969712e-09,12.1544362545772
"C8B",0.793018118043677,-0.155394774724449,6.45440573987621,3.86618231405651e-10,2.09022642466137e-09,12.1443459442278
"C4BPB",0.970432456501537,-0.395724075661386,6.44947539632148,3.97955064691707e-10,2.14969804404107e-09,12.1161072913738
"ANP32B",-0.54475056889985,0.294861105448837,-6.44285236995876,4.13698464999261e-10,2.23285266189373e-09,12.0782001141107
"MCM2",-1.045872850106,-0.0515518661798756,-6.44135255257529,4.17347563845008e-10,2.25064543509322e-09,12.0696200426226
"SLC25A19",-0.78627681323498,-0.16059558969051,-6.44020381431185,4.20163803264225e-10,2.26392057708192e-09,12.0630494537279
"RAB6A",-0.535065425780394,0.0733738151940002,-6.43920444689706,4.22628996692013e-10,2.27528342654174e-09,12.0573339809731
"CCDC61",0.6374235247432,-0.00977480406590595,6.43705492146843,4.27979502547351e-10,2.30214753476398e-09,12.0450429842898
"EZH2",-0.880796331707518,0.0574141125975097,-6.43658212800352,4.29165240356945e-10,2.30658254181742e-09,12.0423399765608
"COL16A1",0.852226254634896,-0.176756983252796,6.42948047090126,4.47368170949095e-10,2.40239341590409e-09,12.0017576469562
"CAMKK2",0.3942469530957,-0.140947519995293,6.42883426258417,4.49061618379076e-10,2.40946086836168e-09,11.9980666255201
"MBD3",-0.669212533105345,0.158660340945322,-6.42860152715866,4.49673060745074e-10,2.41071577905734e-09,11.9967373547728
"SERINC3",-1.10600405886677,-0.124289818317984,-6.42750811831829,4.52556606796574e-10,2.42413920670816e-09,11.9904928396597
"EIF2B2",-0.345012901359617,0.182715811266876,-6.42568401215759,4.57407553922423e-10,2.4480697668019e-09,11.9800771113814
"FCGRT",0.622658321025935,-0.334741057959994,6.42339531855265,4.63566161518603e-10,2.47895304966188e-09,11.9670118185273
"AATF",-0.609244027320869,0.219422670304372,-6.42209927556742,4.67089638753422e-10,2.49570488990845e-09,11.9596148002824
"DNTTIP2",-0.409451456087777,0.144286965230506,-6.42163863156678,4.68348278722723e-10,2.50033759167607e-09,11.9569860064792
"COX7A1",0.850358189790085,-0.582954843665717,6.40634866472022,5.12066007139946e-10,2.73144649589687e-09,11.8698127851011
"RBMX",-0.44506358375495,0.284722087701743,-6.40425794305063,5.18346567113203e-10,2.76264009266929e-09,11.8579054507828
"GNL2",-0.637803447937834,0.226809549048282,-6.40313217210853,5.21759614133409e-10,2.77851137301236e-09,11.8514950755878
"GDI1",0.472684319326596,-0.216837807399206,6.40045748321074,5.29957172869977e-10,2.81868798560084e-09,11.8362683571386
"SAAL1",-0.657454884224392,-0.00438836313623777,-6.4003830673799,5.30187043180361e-10,2.81868798560084e-09,11.8358447865982
"PRPF4",-0.379174492751156,0.231511731101163,-6.39646146951945,5.4244013657938e-10,2.88143117475819e-09,11.8135287097988
"ENO2",1.03711317132449,-0.616407876751083,6.39010745880472,5.62885006063845e-10,2.987548432018e-09,11.7773934728866
"M6PR",-0.619948962479919,-0.0214164210613341,-6.38396357752454,5.83371201521679e-10,3.09370857285376e-09,11.742479865041
"CTIF",0.53496451564959,-0.219473730477408,6.38030749012577,5.95907055796736e-10,3.15756560270718e-09,11.7217159825343
"TAX1BP3",0.478682396091305,-0.0221974755321679,6.37896662064272,6.00570437196533e-10,3.17963701616904e-09,11.71410315743
"KRT2",1.14800121616413,-1.10886381112704,6.37627870119808,6.10026667346292e-10,3.22702590804149e-09,11.6988461770755
"GGCX",-0.772482394609772,-0.123214575727981,-6.37472483131812,6.15559659975473e-10,3.25359969283394e-09,11.6900284983938
"MTR",0.527395962384553,-0.0629992358252448,6.36949628359338,6.34540995493368e-10,3.35115323095547e-09,11.660370602114
"FAM20B",-0.650069809013822,-0.159512420049715,-6.36919916643126,6.35636684442793e-10,3.35416547947705e-09,11.6586858346254
"MCM4",-1.12973100066089,-0.0389881350985645,-6.36468343535249,6.52519537515949e-10,3.44041060862042e-09,11.633087473987
"SLC35B2",-0.751053380720701,0.0877759336215948,-6.35749050621896,6.80323132741274e-10,3.58404554666092e-09,11.5923421480372
"PARD3B",0.583574417493129,-0.380311823882898,6.35416383861733,6.93571534733353e-10,3.65082790541835e-09,11.573509963659
"ABCE1",-0.41943725738469,0.282925040049275,-6.35324256501366,6.97284978602485e-10,3.66735139075524e-09,11.5682960185344
"AKAP8L",-0.498075721991707,0.128987000688108,-6.35215600781984,7.016896880939e-10,3.68748037734942e-09,11.5621474110388
"OGFOD1",-0.583368161908386,0.157302759930274,-6.35182163790513,7.0305064227533e-10,3.68922121065686e-09,11.56025544473
"CYBB",-1.02088911491179,-0.316349788391439,-6.35179073821134,7.03176540856601e-10,3.68922121065686e-09,11.5600806088287
"KHDRBS1",-0.335716787794623,0.301460057628818,-6.34696231523444,7.23123483275317e-10,3.79075816150485e-09,11.5327687146026
"HAT1",-0.684745392033858,0.158048838011429,-6.34543761068776,7.29536683802859e-10,3.82124013624385e-09,11.5241476233537
"SLC5A6",-0.934411276735282,-0.0251782740383819,-6.34389784110068,7.36069804467675e-10,3.85229975534927e-09,11.5154429946536
"DST",0.608628001865934,-0.343410903391121,6.33588108212365,7.71021574505234e-10,4.03191871680255e-09,11.4701493451392
"METTL2B",-0.570881803288228,0.187594703520263,-6.32620252124724,8.15389960077877e-10,4.26044590433490e-09,11.4155264814391
"MRC1",0.838590122021373,-0.557133733854524,6.3244820557024,8.23534608391431e-10,4.2994836259847e-09,11.4058235425409
"ZNF384",-0.601906484605959,0.101059581192467,-6.32364551698908,8.27523512348419e-10,4.31677910649073e-09,11.4011064480347
"NAXD",0.601649403915504,-0.217998585329854,6.32320990034635,8.29608171012384e-10,4.32412095666455e-09,11.3986502760811
"CDK7",-0.382547506532459,0.274996993189338,-6.32302079179101,8.30514757429934e-10,4.32531543734921e-09,11.3975840515499
"VPS33A",0.306885162373113,0.0796785725243467,6.32287762968772,8.31201722027152e-10,4.32536511421627e-09,11.3967768971436
"EED",-0.519614370189184,0.00913281581465358,-6.32241603522614,8.33420480513798e-10,4.33337928996792e-09,11.3941745042431
"BZW2",-0.680435541559782,0.327129957900443,-6.31988554662749,8.45687334911862e-10,4.3935831028578e-09,11.3799106754221
"SLC25A3",-0.739030193105026,-0.131619792973106,-6.31909561816033,8.49552711081701e-10,4.41007647175338e-09,11.3754589323947
"STMN1",-0.97032884207452,-0.157592906909989,-6.3164097670406,8.6282537331929e-10,4.47284630652249e-09,11.3603257376111
"PAK1IP1",-0.583598490107321,0.157252061056685,-6.31636552874939,8.63045677311779e-10,4.47284630652249e-09,11.3600765230242
"RAB1A",-0.457609005037262,0.162882530548532,-6.3140681093743,8.74562744966052e-10,4.52885898346167e-09,11.3471359868901
"SYNCRIP",-0.848596779329014,0.254645688894246,-6.31128121701728,8.88735795088789e-10,4.59852354265957e-09,11.3314433810341
"TSR1",-0.558983599068595,0.0348643955161909,-6.30835209379246,9.03874693005953e-10,4.6730687569579e-09,11.3149557499105
"SNRPG",-0.362905321592121,0.274730652632837,-6.30768432631362,9.07361188192916e-10,4.68729869466972e-09,11.3111978192038
"EPCAM",-1.02202843878052,-0.302213622077597,-6.30529992364634,9.1991828487522e-10,4.74832518102529e-09,11.2977818930974
"MRPS5",-0.619268529061087,0.102294717309733,-6.30492602037994,9.21902769180753e-10,4.75472470211559e-09,11.2956784741202
"GOT2",-1.08770105099757,-0.329644184607966,-6.30472826957787,9.2295402261214e-10,4.75630462823125e-09,11.2945660527255
"COL1A1",1.33738509253687,-0.506714747073192,6.29922134883169,9.52705418832183e-10,4.90566459616411e-09,11.263598586949
"FBXL8",0.600734818577939,-0.252444965107349,6.29844623028114,9.56967748089742e-10,4.92364147586865e-09,11.25924151214
"APBB2",0.577190927748628,-0.131227174921335,6.29549588380756,9.73363059194492e-10,5.00396387516653e-09,11.2426609576047
"TBL3",-0.44181897535045,0.17958760630198,-6.28395751448919,1.04016632622698e-09,5.34309090342663e-09,11.1778754618776
"SRRT",-0.307740887064894,0.301191395199899,-6.26977762757493,1.12843526777108e-09,5.79184821922695e-09,11.098386382355
"SPTLC1",-0.502693641104857,0.0429800554436531,-6.26891470333425,1.13403753819192e-09,5.81592745490392e-09,11.0935535937595
"MGLL",0.766844459600833,-0.272513022010206,6.26575072251757,1.1548127103579e-09,5.91772002859967e-09,11.0758382660771
"UTP11",-0.701116599542322,0.0926879347416264,-6.26326097289368,1.17142240844388e-09,5.99802091252138e-09,11.0619029504758
"PLXDC2",0.744531881224829,-0.0992391968571417,6.26312064990617,1.17236546821934e-09,5.99803967514461e-09,11.0611176819658
"HOPX",1.0728320408349,-0.421328718995064,6.26091963448178,1.18725535372126e-09,6.06935583147338e-09,11.0488022817365
"CDK1",-1.1466302451676,-0.0515468276163302,-6.25937240381999,1.19783307087354e-09,6.11853132602202e-09,11.0401470609509
"ANAPC16",0.388329366528916,-0.0388174103803014,6.2582663693111,1.20545103994852e-09,6.15252189454143e-09,11.0339609275362
"UTP4",-0.54416557077892,0.16342945734442,-6.25586736635644,1.22213793751393e-09,6.23270825161858e-09,11.0205460843804
"DNAJC7",-0.463456027618939,0.200884182977791,-6.25518595250879,1.2269188005727e-09,6.25209620243951e-09,11.0167364652655
"ENTPD5",-1.03832976518077,-1.07520899832465,-6.24285305186632,1.31668125965091e-09,6.70415457964199e-09,10.9478427417294
"PPHLN1",-0.428393920271796,0.297241695369982,-6.2421747230727,1.32180065369833e-09,6.72485830586759e-09,10.9440565891451
"GSTA1",-1.72840374485024,-2.41010496333536,-6.24102129107589,1.33055046669413e-09,6.76398465751752e-09,10.9376193505474
"NCAPH",-0.959182434798865,-0.0557745666177435,-6.23863369296086,1.34884311908651e-09,6.85152212837502e-09,10.924297281771
"NLRX1",0.462163645174805,-0.0364982162661569,6.23735720104287,1.35872378370502e-09,6.89622524559345e-09,10.9171764958704
"FNDC3A",-0.564761827845808,0.0698589366283262,-6.2362058390749,1.3676966475247e-09,6.93625345071107e-09,10.910754721168
"THRAP3",-0.330773215879189,0.251809031273115,-6.2358239734611,1.37068541851748e-09,6.94589396605883e-09,10.9086250545511
"SSB",-0.413437630387071,0.283281430264742,-6.23484409515873,1.37838398107441e-09,6.97936694620149e-09,10.903160738632
"RPS16",-0.499140584872088,0.342218471127471,-6.23171084850446,1.40328602044188e-09,7.09982665651457e-09,10.8856926573289
"GATM",0.999768861779708,-0.168122217227642,6.22914546729015,1.42400234900549e-09,7.19893507395097e-09,10.8713956272649
"PTDSS1",-0.895106213271732,-0.241444361034312,-6.22848343267628,1.42939692774147e-09,7.22049001869404e-09,10.867706821192
"UBA6",-0.419826728097041,0.133390128038666,-6.22813197318492,1.43226891532716e-09,7.22927828012959e-09,10.8657486416321
"DLST",0.476753784964908,0.00747308625223133,6.22488613306281,1.45906105986948e-09,7.35869262817267e-09,10.8476683539802
"ANKFY1",0.348318180038327,-0.0680395249005186,6.22312058137754,1.47383985836283e-09,7.42736187501709e-09,10.8378368348153
"CAD",-0.456751871059734,0.17571076430362,-6.22143065164342,1.4881228789808e-09,7.49342632672904e-09,10.8284284813213
"CPQ",0.941804610501854,-0.185732335516221,6.21641957307334,1.53127709773333e-09,7.70398661648558e-09,10.8005421470458
"C6",0.886750802134318,-0.215644796956735,6.2162966086237,1.53235129255077e-09,7.70398661648558e-09,10.7998580808323
"VAMP5",0.786862653896247,-0.687215305228789,6.21599323950102,1.53500462555587e-09,7.71125455088451e-09,10.7981704471705
"SRRM2",-0.304357376934796,0.160047976975639,-6.21456397712742,1.54756590288184e-09,7.7682455109281e-09,10.7902203774517
"TMEM106B",-0.760507237679511,-0.0162989914173607,-6.21317583505044,1.55986209401592e-09,7.82381733722831e-09,10.7825004164943
"RPS3A",-0.359981132217563,0.302304057323885,-6.20472933230883,1.63676935326129e-09,8.20311799103089e-09,10.73555574038
"DEK",-0.549863547154435,0.120415571975914,-6.20184119003108,1.66390861207922e-09,8.32626329454573e-09,10.7195153685961
"IER3IP1",-0.785886082061693,-0.0332342394618608,-6.20183696613232,1.66394862393741e-09,8.32626329454573e-09,10.7194919139297
"SIRT2",0.500182384352704,-0.127364169428483,6.2015774443684,1.66640881139695e-09,8.33204405698472e-09,10.7180508533472
"ARFGAP3",-0.556151160221147,0.214582167873031,-6.1994004965343,1.68718630318756e-09,8.42933063055754e-09,10.7059646753276
"ITGB1",0.558882682129786,-0.342258641930419,6.19719387518687,1.70850574971049e-09,8.52917061133813e-09,10.6937171792783
"SAP30",-0.606794460769489,0.0295006437750987,-6.19660450356805,1.71424448872694e-09,8.55113364103242e-09,10.690446550902
"COL1A2",1.14471496487605,-0.412833010315148,6.1957933262424,1.72217382620263e-09,8.58398117119733e-09,10.6859454479354
"DHCR24",-1.35166846696393,-0.491201423021979,-6.19275135288331,1.75223043779597e-09,8.7269823286484e-09,10.6690701414039
"ANKRD17",-0.433127100484836,0.114447444959564,-6.1921147210151,1.75858542718611e-09,8.75180666608206e-09,10.6655392646586
"MAMDC2",1.04122011919135,-0.618962708839133,6.18190508437067,1.86363599115927e-09,9.26706675888882e-09,10.6089540206378
"DSP",-1.13140834241844,-0.140662072942334,-6.18177395492667,1.8650243986174e-09,9.26706675888882e-09,10.6082277381345
"C18orf32",-0.878916462159451,-0.279396744951607,-6.17701252402989,1.91613029918792e-09,9.51360183539257e-09,10.5818640200452
"ACAT1",0.669564316077214,-0.285666874574668,6.17450465886223,1.94359647284298e-09,9.64247356573614e-09,10.5679846141769
"PUM3",-0.717309391754706,0.154546359878571,-6.16462138706681,2.05563906766415e-09,1.01904157197481e-08,10.5133306269786
"WIPI2",0.371328574680434,-0.0294952778148668,6.16404005152064,2.06242271269858e-09,1.02161125062688e-08,10.5101180333975
"MGST3",-0.888445624943258,-0.566768605081033,-6.16375135065211,2.06579971958495e-09,1.02249079143798e-08,10.5085226954846
"TAPBP",-0.965398602835312,-0.14929725106564,-6.16058479875532,2.10319668355123e-09,1.04019448679121e-08,10.4910284738591
"KIF2C",-1.11369897694514,-0.247195551636128,-6.15786244888216,2.13587660133098e-09,1.05553963618408e-08,10.4759940337559
"DNAJC10",-0.607721714909248,0.225284317336476,-6.15598661329613,2.15868332070893e-09,1.06598553772053e-08,10.4656376195099
"DHRS7",-0.760972586707275,-0.220222848237037,-6.15546698002999,2.16504314515435e-09,1.06802459622245e-08,10.462769187726
"PPP1R1B",-1.30555733977639,-0.712172757629708,-6.15534083399583,2.16658981807204e-09,1.06802459622245e-08,10.4620728769779
"ARGLU1",-0.587994219600255,0.2499427207481,-6.15523969506891,2.16783066046091e-09,1.06802459622245e-08,10.4615146105981
"GPS1",0.272577514609132,0.00762459053095311,6.14918030873645,2.24345399788068e-09,1.10420114588142e-08,10.4280813148755
"IK",-0.297906714569369,0.289992080203926,-6.14908065747407,2.2447190091685e-09,1.10420114588142e-08,10.4275316971898
"MEIS1",0.644172807378403,-0.471686530750244,6.14512159140767,2.29554554755736e-09,1.12833397391484e-08,10.4057015437341
"ZBTB8OS",-0.484898943757772,0.0986757652220487,-6.14192629074804,2.33738648942088e-09,1.1480163642271e-08,10.3880909114436
"GTF2I",-0.555360223725462,0.178500351144032,-6.14014063063445,2.36109292469544e-09,1.15876851069795e-08,10.3782525651599
"MDC1",-0.618820304914437,-0.0812234661917466,-6.13356826947511,2.45039120647367e-09,1.20107168757841e-08,10.3420608009963
"ALDH16A1",0.432044838681354,-0.111166931890541,6.13352054699659,2.45105154097833e-09,1.20107168757841e-08,10.3417981221727
"RAB13",-0.51864780146513,0.0576880947186821,-6.12740830476637,2.53708139952822e-09,1.24227490306654e-08,10.3081679445443
"IVNS1ABP",-0.627500357245351,-0.11272977967748,-6.12659323669743,2.5487744283517e-09,1.24704404023185e-08,10.3036853725328
"C9orf40",0.652180107411229,-0.521407272405348,6.1247396832031,2.5755622763182e-09,1.25918569175281e-08,10.2934932820141
"DKC1",-0.482135572459331,0.423353214020287,-6.12282148409147,2.60357437382722e-09,1.27179278818483e-08,10.2829483097939
"C4BPA",0.941755262676945,-0.37282239693447,6.12270174860522,2.60533275950784e-09,1.27179278818483e-08,10.2822901715442
"ABCC1",-0.561869059608729,-0.00935821241491946,-6.11925278255062,2.6564845454755e-09,1.29542720728469e-08,10.2633369764725
"GPSM1",0.437309874057476,-0.148943851611848,6.11915383122468,2.65796650204563e-09,1.29542720728469e-08,10.2627933320412
"IBA57",0.52445181957157,0.0659035965800754,6.11902910313316,2.65983565974977e-09,1.29542720728469e-08,10.2621080785058
"SH2D1A",-1.08370165285413,-0.565954758351062,-6.11846390998051,2.6683216929314e-09,1.29856966534809e-08,10.2590030584396
"HBE1",1.40505642563145,-1.42005754783485,6.11753539877638,2.68232025645952e-09,1.30438803027373e-08,10.2539025617527
"MRPS15",-0.542696156804719,0.18835497867025,-6.11555164189925,2.71246921819969e-09,1.31804535450571e-08,10.2430074554852
"PIP4K2A",0.492490339944063,-0.0665156199631906,6.10878155275123,2.81787756604908e-09,1.36822420222231e-08,10.2058462441063
"MAD2L1",-0.65888683662104,0.00434569964097287,-6.1085218538773,2.82199980514713e-09,1.36918455591675e-08,10.20442140253
"ABCF1",-0.381091291827508,0.186377579982089,-6.10577556751978,2.86595464062465e-09,1.38945485044711e-08,10.1893568166859
"C1QC",0.71812994966468,-0.152334600879591,6.10292492296173,2.91228797991415e-09,1.41084664277328e-08,10.173725489567
"RAB3IL1",0.461727691424768,0.0427240770273849,6.10236857475263,2.92141573215694e-09,1.41419556101759e-08,10.1706754681671
"RBBP4",-0.409242662781662,0.204343413720865,-6.09954439512787,2.96818406015166e-09,1.43574660788397e-08,10.1551961215668
"GBP1",-1.20699428269585,-0.379496788923278,-6.09896130211187,2.97793087270177e-09,1.43937082681308e-08,10.1520008963704
"CRIPT",-0.547272104654604,0.106011761020437,-6.09873077622495,2.98179290497426e-09,1.44014732967176e-08,10.1507377309082
"RIT1",0.426482740429121,-0.280163253569253,6.09064633965268,3.12037498555406e-09,1.505940610942e-08,10.1064631801125
"G6PD",-0.821596323490117,-0.240361642385715,-6.08887538867627,3.15156308223823e-09,1.51984367674404e-08,10.0967707920376
"VPS16",0.285397071484522,0.0705977392726763,6.08820915483655,3.16337482985717e-09,1.52330293829796e-08,10.0931250863193
"ASNS",-1.16718021676979,-0.0321967566517561,-6.08820167160888,3.16350774656711e-09,1.52330293829796e-08,10.0930841390721
"BDH2",0.78347379330405,-0.314984222336336,6.08469445874618,3.22640763886722e-09,1.55241995283852e-08,10.0738975469992
"ARPC1A",0.489197487779504,-0.212046688327436,6.08372294635425,3.24404642518791e-09,1.55973165849585e-08,10.0685843424691
"FN3KRP",0.552601929712306,-0.232126630884841,6.08140571569218,3.28649969496618e-09,1.5789541423897e-08,10.0559141338455
"RPL10",-0.342599284611257,0.245380472574671,-6.07592487959493,3.38908645480782e-09,1.62701631683819e-08,10.0259612246238
"PSMB6",0.600342688395688,-0.0902246028080209,6.07520436199622,3.40280340075172e-09,1.6323741332682e-08,10.0220251813237
"PATL1",-0.431951189776092,0.112850582910433,-6.07371069931303,3.43141235562156e-09,1.64486245425253e-08,10.0138667887141
"MCF2L",0.488394033327505,-0.282008573895442,6.07278225453803,3.44931378063097e-09,1.65220318749653e-08,10.0087964264595
"VPS25",0.41239376714186,0.00870944268903157,6.06744130105375,3.55408082403093e-09,1.70110989965798e-08,9.97964078518901
"SDC2",-1.06942951539197,-0.448670698795798,-6.0672407139244,3.55807553118942e-09,1.70174623720183e-08,9.97854620281255
"EVPL",0.925714289672521,-0.46560397638779,6.06266155039347,3.65047345274352e-09,1.74463121225804e-08,9.9535660662444
"PTPN11",0.328827537711477,-0.071285938517509,6.06139064420537,3.67653094091288e-09,1.75577038576879e-08,9.9466357236709
"NME1-NME2",-0.596245356466699,0.243935508633396,-6.05904417848097,3.72511944218565e-09,1.77764481602058e-08,9.93384332986941
"GPR108",-0.67662504693025,-0.0964852521318658,-6.05626633014232,3.78345266367335e-09,1.80413332767396e-08,9.91870425634
"TARDBP",-0.299970350660721,0.23456462586641,-6.05537217865608,3.80241865028546e-09,1.81182411060244e-08,9.91383237620159
"DPYSL3",0.813490396149533,-0.105688806948537,6.0542947837307,3.82539495914418e-09,1.82141288696015e-08,9.90796283880497
"SRP68",-0.398994196303917,0.221686045439907,-6.05360548551846,3.84016594397462e-09,1.82708342416378e-08,9.90420805080922
"METTL7A",0.794171600911016,-0.835477689279884,6.05046407833408,3.90819246502888e-09,1.85806469763287e-08,9.88710031349327
"FKBP1A",0.555460729539657,-0.207027281305088,6.04996551144981,3.91909661223677e-09,1.86186249026278e-08,9.8843858295797
"GTF2A2",-0.592335474039131,0.0398309091817401,-6.04474955215048,4.0349731824544e-09,1.91548726914285e-08,9.85599788937845
"PTBP2",-0.619510146283688,0.0780496725125161,-6.04271868926653,4.08099066612529e-09,1.93589341777191e-08,9.84495018688657
"MYADM",0.632746033542022,-0.582350223349306,6.03992736527937,4.14507769022175e-09,1.96483452502345e-08,9.82977049732292
"SNU13",-0.469548567211384,0.357939485078485,-6.03922661228531,4.16132041727847e-09,1.97107053889636e-08,9.82596056644928
"TBCK",0.350641372266144,-0.0564640888444627,6.03389402115231,4.28697951875732e-09,2.029085561695e-08,9.79697934669519
"NUDT18",0.419900807050931,0.026447675236321,6.03232112572896,4.32474704086197e-09,2.04544517451138e-08,9.78843499324705
"MXRA7",0.915617373008325,-0.539140139444792,6.02876057585891,4.41144662619185e-09,2.08490649209733e-08,9.76909980662825
"GM2A",0.766542097041072,0.0422275287785575,6.0188615941211,4.66151339574896e-09,2.20146176271133e-08,9.715392525965
"PTGIS",0.81591588430721,-0.497607000700634,6.01517273298007,4.75820121830016e-09,2.24546302873958e-08,9.69539657814996
"CD40",-0.847026784624903,-0.280799500814787,-6.01411124156986,4.78638504740561e-09,2.2570951645262e-08,9.68964444887555
"DSCC1",-0.85547949881671,-0.00771569736298821,-6.01001784607583,4.89660537796207e-09,2.30736718363748e-08,9.66747032246561
"UBE2E1",-0.6899292894554,-0.0208794894214233,-6.00977676938249,4.90317349034769e-09,2.30875831385472e-08,9.66616477579911
"B4GALT1",-0.732734532426507,0.0806453652226102,-6.00315235601838,5.08706260966995e-09,2.39358104368037e-08,9.6303068267398
"PTBP3",-0.508091772976721,0.0145393670856538,-6.00093457795673,5.15011965439869e-09,2.42146642071691e-08,9.61830908818155
"IMP3",-0.519479157253995,0.131043290463217,-6.00006224822317,5.1751309748193e-09,2.43098839252326e-08,9.61359093315554
"ACOT1",0.719522928173803,-0.243971640514186,5.99996292619392,5.17798623936043e-09,2.43098839252326e-08,9.61305376670873
"ILF3",-0.440896484483655,0.291303591526531,-5.99826423715017,5.22705839484933e-09,2.45222394203622e-08,9.60386779895221
"DCK",-0.538868270050405,0.0220687914019828,-5.99772951032481,5.24259956203113e-09,2.45770911920475e-08,9.60097659938365
"PTPN9",0.340981407750688,-0.0320783124515803,5.99690282544883,5.26671504123636e-09,2.46720290082863e-08,9.59650722740664
"HNRNPA3",-0.421325608452846,0.163518744517397,-5.99592807281087,5.29528915166724e-09,2.47876988514629e-08,9.59123798069432
"NOB1",-0.596580116107235,0.101757867430669,-5.99563822640693,5.30381495726704e-09,2.48094201480953e-08,9.58967128286057
"RPS28",-0.438380545294866,0.335250696182971,-5.98705633025356,5.56241941896475e-09,2.59978824150249e-08,9.54331140093778
"YIPF3",-0.592394510678151,0.104525028807247,-5.98693927393625,5.56603058125904e-09,2.59978824150249e-08,9.54267942511696
"HCCS",-0.634003055813624,0.175574867471386,-5.98317838701893,5.68328026241231e-09,2.65261290025604e-08,9.52238004423791
"PALD1",0.514407549213704,-0.178919606717183,5.98253125858082,5.70369711644453e-09,2.66019766899184e-08,9.51888820372595
"PDIA6",-0.526632402259051,0.274833332965668,-5.97931526491804,5.80622939750884e-09,2.70604194913094e-08,9.5015395279588
"GLRX3",-0.501818420370417,0.250666049100994,-5.97915643325606,5.81133967020567e-09,2.70644812503743e-08,9.50068290506995
"HDAC7",0.380864915063703,-0.16784613566082,5.97486880639348,5.95096320254102e-09,2.76945335628458e-08,9.47756546917185
"TK1",-1.03901801814441,-0.0545095908854354,-5.97341511977235,5.99904143462515e-09,2.78979457830165e-08,9.4697307103557
"NCAPG",-0.830299958135455,-0.0546612949348184,-5.97314702125859,6.00794970037405e-09,2.7919038454795e-08,9.46828593978395
"ATL2",-0.607859074361404,-0.158036520995686,-5.96856675128721,6.16215291366133e-09,2.86147973481655e-08,9.44361113687106
"CHAF1B",-0.757339550627047,-0.00643231025531222,-5.96821773227848,6.17406057799908e-09,2.86492563884623e-08,9.44173152841925
"GBP5",-1.30868678657758,-0.407815481272127,-5.96480926917402,6.29153713121078e-09,2.91731768938132e-08,9.4233802282375
"GLG1",-0.638647733542827,0.134579301151772,-5.964367152173,6.30693431127712e-09,2.92233494756926e-08,9.42100047120886
"MFAP1",-0.341207136239058,0.255095864583794,-5.96398234439039,6.32036560166445e-09,2.9264346893856e-08,9.41892930472508
"RGL2",0.498759884355117,-0.136204648269719,5.9637347519722,6.32902231282412e-09,2.92831938169435e-08,9.41759673493089
"MTHFD2",-0.964873360717758,-0.0258472848766305,-5.96126975682064,6.41584155040911e-09,2.96633948583361e-08,9.40433228781532
"CBR1",0.778310791896306,-0.257886213857672,5.95936484790848,6.48373009214069e-09,2.99555836746152e-08,9.39408475993688
"RPP40",-0.50720818479838,0.259537141817679,-5.95893875428267,6.49901131001226e-09,3.00044737631441e-08,9.39179293454571
"ASAP2",0.568699204253142,-0.239470801559793,5.95247307928019,6.7352572163822e-09,3.10727003804916e-08,9.35703227654873
"SCAF4",-0.441158301793437,0.0743579158365948,-5.94961012960594,6.84252581683573e-09,3.15447850833907e-08,9.34165024636726
"NCK1",0.364438257966356,-0.0299005161076786,5.94220096465241,7.12793953965529e-09,3.28368643295087e-08,9.30187004949208
"EBNA1BP2",-0.569825534851861,0.259058578479117,-5.94059094713275,7.19148123588609e-09,3.31057012913718e-08,9.2932310674529
"POLB",-0.686923258237992,0.025027704636492,-5.93814678445502,7.2890026426354e-09,3.35263706252436e-08,9.28011986436647
"PDCD2L",-0.611890238388511,0.063665319492728,-5.93803822548422,7.29336394650954e-09,3.35263706252436e-08,9.27953762326263
"THBS3",0.695887427117203,-0.11987194131296,5.93655703093858,7.35312549200893e-09,3.37767670981849e-08,9.2715942980115
"CA3",1.16510273753049,-1.59596313351632,5.93441425842904,7.44042697994873e-09,3.41319697369199e-08,9.26010590309156
"PRKAB2",0.572812820118816,-0.363522794698457,5.93439677120902,7.4411435980881e-09,3.41319697369199e-08,9.26001215978033
"PSMG2",-0.650772726118052,0.11201542925716,-5.9325117273991,7.51878844985634e-09,3.44633627080637e-08,9.24990835883522
"GYG1",0.421821383204909,-0.230874004563571,5.92584228243577,7.79990788213434e-09,3.57262638647258e-08,9.21418105479103
"DNAJC9",-0.558046488399939,0.138188869917194,-5.92518984030823,7.8279535558164e-09,3.58290203970521e-08,9.2106877538321
"KCTD21",0.531308858514244,-0.059101475383763,5.9239975965205,7.87945763932334e-09,3.60389233718335e-08,9.20430505303995
"WDR81",0.33352141176892,-0.0842839852223683,5.92343994381869,7.90366130837888e-09,3.61237490722972e-08,9.20132000425659
"COX19",0.442932154454683,0.0785699351805328,5.91907423894178,8.0956711131468e-09,3.69748641326483e-08,9.17795874741247
"GGT1",-1.02990006897372,-0.694047230910977,-5.91493836956448,8.28177081103732e-09,3.77977888695306e-08,9.15584019513024
"RAB1B",-0.466175151481054,-0.102524637066432,-5.91460783384212,8.29682277222029e-09,3.78394381433047e-08,9.1540730353306
"TUBAL3",-0.767853110371899,0.0446828675958205,-5.91320366530296,8.36106429130557e-09,3.81052073518816e-08,9.14656674789406
"TUBB4A",0.988134002729207,-0.404547059620265,5.90722875582942,8.63989393345286e-09,3.93478764373014e-08,9.11464268058993
"UTP20",-0.517962592509462,0.0130955554643606,-5.90643532684503,8.6775970054543e-09,3.94914161652357e-08,9.11040533523453
"COLEC12",0.971899156860533,-0.893465825203663,5.90420308747036,8.78453513017903e-09,3.99496131098242e-08,9.09848642323394
"PTTG1IP",-0.907404059148917,-0.0410922551286263,-5.90402175048,8.79327859993447e-09,3.99609137797734e-08,9.09751834495287
"IFIH1",-0.819896554140193,-0.244676896329596,-5.89264785265992,9.35900932857936e-09,4.25016177546083e-08,9.03684618830557
"EEF1E1",-0.511851315688692,0.179797671913297,-5.89030578077739,9.4798392995873e-09,4.30197398207995e-08,9.02436455277822
"BORCS6",0.326078178150364,-0.0867482819066121,5.88996759238055,9.49741217738535e-09,4.30688755345209e-08,9.02256257262105
"DOK1",0.459826420156605,0.0643785785966828,5.88704745450239,9.65047676673793e-09,4.37319333964668e-08,9.0070065918903
"HDAC2",-0.425089317373218,0.129840154519616,-5.88554444049954,9.73019638411623e-09,4.40619176684979e-08,8.99900226207043
"NUP50",-0.40485485943488,0.104634477088295,-5.88473053622684,9.7736337351982e-09,4.42272511688451e-08,8.99466849008735
"SH3GLB1",0.351378960130388,0.0916815610259262,5.87857324936066,1.01084334979507e-08,4.57098781051101e-08,8.9618986954573
"TRIM3",0.538577155547163,-0.253495720133967,5.87829230781977,1.01239737474046e-08,4.57477511515769e-08,8.96040415495296
"MSI2",-0.72458319944535,0.328816705366501,-5.87816274889277,1.01311481411996e-08,4.57477941170858e-08,8.95971495254513
"SDR39U1",0.610026835677087,-0.0929861496736024,5.87181726074742,1.04886740680401e-08,4.7328751890061e-08,8.92597452394492
"IPO5",-0.458489584186176,0.148264252891595,-5.86736983080119,1.07465688878688e-08,4.84355078160408e-08,8.90234411808474
"PPTC7",0.615481075795597,0.00601750828747538,5.86732640343139,1.07491173962928e-08,4.84355078160408e-08,8.90211344821691
"AKT3",0.643233090834693,-0.334452111102178,5.86668446008862,1.07868583391964e-08,4.85712908996959e-08,8.89870384791482
"RPF2",-0.796653909478395,0.237384231683283,-5.8663854424405,1.08044822293685e-08,4.86163629559674e-08,8.89711575703591
"CFHR2",1.08672284986534,-0.326186987781075,5.86578605963675,1.08398941201318e-08,4.87413548993249e-08,8.89393261628915
"CDK19",-0.374653114669143,0.115594016600821,-5.86271039354019,1.10233962654031e-08,4.95315870194221e-08,8.8776028337042
"TUBB2A",0.917106933929844,-0.183632496734702,5.86225390828452,1.10508885153118e-08,4.96201991352079e-08,8.87517978650043
"VRK2",-0.593513214719978,0.00985824866483265,-5.85667433350149,1.13923805941916e-08,5.11176037202483e-08,8.84557548642795
"ESRP1",-0.717937449075821,0.0980512087410557,-5.85488276035408,1.15042009088597e-08,5.15830918560877e-08,8.8360745475949
"RPS25",-0.645911090167977,0.334662816167304,-5.85435855139213,1.15371213118536e-08,5.16943997025862e-08,8.83329504732818
"ORC2",-0.438348194666182,0.0673946958021768,-5.8535912356398,1.15854747329053e-08,5.18746536953718e-08,8.82922689213615
"ALDH1L1",1.03768121302357,-0.100680260809551,5.85329350963805,1.16042895526513e-08,5.19224868911553e-08,8.82764852475746
"STAP2",-0.684063111684559,-0.120159530252897,-5.85182045650333,1.16978189951932e-08,5.2299957338563e-08,8.81984022605947
"TXLNG",-0.540938674262369,0.131275225397033,-5.85170730851895,1.17050335218178e-08,5.2299957338563e-08,8.81924052191261
"EXOC5",0.289577947878405,0.0420727477482762,5.85062287894881,1.17743994325965e-08,5.25731051588313e-08,8.81349333258572
"MMS19",-0.353377124058472,0.013198285059223,-5.85040661178984,1.17882809475138e-08,5.25983045771318e-08,8.81234727737878
"LARP4",-0.544657255847622,0.216194894492859,-5.84719690467774,1.19961896372956e-08,5.34885969512096e-08,8.79534225872688
"WTAP",-0.376159935996719,0.195182838261655,-5.84684779870028,1.20190176274502e-08,5.35529850322885e-08,8.7934931532121
"BAX",-0.434297353246062,0.00677746097470931,-5.84470224174133,1.21602492200097e-08,5.41444848464168e-08,8.78213077576917
"MYL6B",0.505694212878229,0.00262606148022168,5.84317395123352,1.22618356767912e-08,5.45587601368027e-08,8.77403936540698
"UTP14A",-0.483038488250459,0.227935509223637,-5.8423674143929,1.23157801356986e-08,5.47606240713339e-08,8.76976991428156
"CKB",1.25386331472055,-1.71043203750539,5.84097584266325,1.24093992041678e-08,5.51384926364727e-08,8.76240467150643
"ATAD2",-0.822907066703125,-0.0732678523193933,-5.83588634118385,1.27577520135489e-08,5.66469030643322e-08,8.73547934838849
"PSMD9",0.356618593525972,-0.00269481581725271,5.83389868790618,1.28963735631984e-08,5.72226165399736e-08,8.72496911532831
"HNRNPF",-0.351080711502321,0.255753385018858,-5.83267018501041,1.2982784880442e-08,5.75660287927933e-08,8.7184745422811
"KRIT1",0.314792966142341,-0.0331338319618608,5.82998848154411,1.31733801342893e-08,5.83705983049527e-08,8.70430137774982
"FRZB",0.819654853968234,-0.149302134874851,5.82944083623474,1.32126370491965e-08,5.85039442157556e-08,8.70140765000001
"DERA",0.389084562160422,0.0189961444451079,5.82370763802414,1.3630525550059e-08,6.03124779190068e-08,8.6711270163183
"ERO1A",-0.908264946519085,0.301385683947066,-5.82065250229091,1.38584517154751e-08,6.12785416920421e-08,8.6550008170582
"USP10",-0.404388144701868,0.100955332390077,-5.8166199618353,1.41649982325463e-08,6.25906669306629e-08,8.63372603551172
"WWTR1",0.492384227356862,-0.175831952742329,5.81426592339761,1.43469962980789e-08,6.33510175402724e-08,8.62131220199241
"CTNNBIP1",0.50860997484131,-0.0549870271819953,5.81411477451934,1.43587597300498e-08,6.33591436602403e-08,8.62051527019986
"SNX2",0.392419029597851,0.0780747500518329,5.81342369695342,1.44126640775778e-08,6.35530802039601e-08,8.61687178160152
"ANPEP",-1.14046468227472,-1.147686431557,-5.81175437199739,1.45436880165452e-08,6.40865755594488e-08,8.6080722463922
"EIF3J",-0.403389650591364,0.243263290784034,-5.80989359636688,1.46911087770307e-08,6.46915376147178e-08,8.59826593951645
"SRP72",-0.384708537690403,0.285670109629831,-5.8073783658306,1.48926985824249e-08,6.55340320115664e-08,8.58501471248328
"MAIP1",-0.617191029629155,0.0468221598100841,-5.80644461777039,1.49682211900713e-08,6.58210002056511e-08,8.58009654853606
"PPL",0.949712824305302,-0.436296539562761,5.80386791304287,1.51785716767069e-08,6.67000551657081e-08,8.56652807427834
"APCS",1.22939760440205,-1.17204135619127,5.80363150300031,1.51980149463804e-08,6.67395635712784e-08,8.56528342622458
"RAB3D",-0.866940109026031,-0.158710792590855,-5.80065700142957,1.54447354839637e-08,6.77763821753323e-08,8.54962684386752
"GULP1",0.780871063926206,0.056741307288235,5.79925763630037,1.55621535464921e-08,6.82447461499671e-08,8.54226340940884
"GRPEL1",-0.675710706589238,0.352291975998933,-5.79883720201395,1.55976012159493e-08,6.83532489799837e-08,8.54005137445427
"RPS19",-0.362823641542056,0.271044747981479,-5.79608143938738,1.58319033167832e-08,6.93255915030252e-08,8.52555568972857
"ALDH9A1",0.530742059819954,-0.137964166540766,5.79597296207433,1.58411962416466e-08,6.93255915030252e-08,8.52498519923911
"SCARB2",-0.720767445565299,-0.140547511833491,-5.79020725869958,1.63428599902711e-08,7.14720281081375e-08,8.49467544950409
"STEAP3",-0.760746004658885,-0.0476812747327673,-5.78849661252381,1.64946587128929e-08,7.20865132661338e-08,8.48568747765213
"PRSS23",-1.12967310900132,-1.00569080162756,-5.78753025130699,1.6581018430912e-08,7.24143657191334e-08,8.48061103926722
"UNC93B1",-0.863476941774619,-0.368284895876012,-5.78481097314202,1.68264029040291e-08,7.34358048819041e-08,8.46632997812081
"DCUN1D5",-0.591787065678894,0.143130880027985,-5.78279889157782,1.7010247667649e-08,7.41874531133462e-08,8.45576648461555
"PHYKPL",0.512683411902697,-0.0737758124269309,5.78123777306506,1.7154236304056e-08,7.47643677825239e-08,8.44757262707676
"ACTBL2",0.568556933800412,-0.17980062126672,5.77722958382348,1.7529395844312e-08,7.6347334560663e-08,8.42654307333403
"C1QB",0.710348428625449,-0.184368090093051,5.77555901467993,1.76881105297783e-08,7.6986084343991e-08,8.41778170111678
"SET",-0.541443190211323,0.171778347830671,-5.77470405414956,1.77698786101758e-08,7.72892880967116e-08,8.41329862362587
"GPATCH4",-0.765477442504762,0.210399807358919,-5.77253192171505,1.79792824078071e-08,7.81468469529259e-08,8.40191125023968
"NOP16",-0.54941367268286,0.283182796601591,-5.7722879978651,1.80029476065878e-08,7.81964765088863e-08,8.40063270134523
"MBL2",0.968959554014739,-0.550732360621469,5.77068646127298,1.81590831448012e-08,7.88210373076516e-08,8.39223919816702
"ISG20",-0.90530659930764,-0.282005808028341,-5.76921524172973,1.83036774263768e-08,7.93946877496031e-08,8.3845303503094
"DAD1",-0.671764653776338,-0.134251566185051,-5.76600906393168,1.86226879895158e-08,8.07236000088652e-08,8.36773628576704
"RBM39",-0.306993310277659,0.259400373197963,-5.76232896619427,1.89955402579951e-08,8.22839379561052e-08,8.34846921239641
"POLR1B",-0.514571219703627,0.192034309627754,-5.76177786979971,1.90519982165281e-08,8.2472548211886e-08,8.34558482403237
"POR",-0.648627283001818,-0.154304821033622,-5.75896998861505,1.93422070461925e-08,8.36720812939967e-08,8.33089212940662
"EIF2B5",-0.315117093497211,0.0907751601009402,-5.75884046624375,1.93556973571571e-08,8.36737492386244e-08,8.33021452374776
"GATAD1",0.374302833439568,0.0297894090498968,5.75805172289911,1.94380466735157e-08,8.39539256385922e-08,8.32608842469128
"ELMOD2",-0.585576133327239,-0.0881478519479839,-5.75796801818092,1.94468059544993e-08,8.39539256385922e-08,8.32565057303695
"TRMT2A",-0.409758519248182,0.0186245232983948,-5.75538603706222,1.97188962911188e-08,8.50710492018875e-08,8.31214702322128
"PGAM5",-0.622191313049054,0.11814137417637,-5.75423419597397,1.98414721138335e-08,8.55420657979924e-08,8.30612458543426
"STAT6",0.4028716014836,-0.0178518795566659,5.75358997268321,1.99103523279969e-08,8.57811063524021e-08,8.30275667311387
"RRP7A",-0.510273597902612,0.167866276099025,-5.75166515547899,2.01175455810661e-08,8.66153260519938e-08,8.29269582529316
"ST6GAL1",-0.959799678238817,-0.0659646985097347,-5.74481973876501,2.08715835983774e-08,8.98012542288678e-08,8.25693774611724
"TTC8",0.477052439714557,-0.282728957474879,5.7397715774771,2.14452363191917e-08,9.22072955542348e-08,8.23059022063382
"DDX49",-0.633611044380051,0.190699325952611,-5.73913707303036,2.15184176395716e-08,9.24596881754135e-08,8.22727993536344
"ZDHHC13",-0.644047675289937,-0.079384341635294,-5.73774774430603,2.16795089158088e-08,9.30892161583319e-08,8.22003268769619
"GOSR1",-0.540833278073185,0.165283557317521,-5.73721787873707,2.17412555586872e-08,9.32916107138559e-08,8.21726909299596
"UBAP2",-0.534575707523716,0.0807008134115325,-5.73700211922089,2.17664476908635e-08,9.33369835501433e-08,8.21614382617043
"CHST14",0.497986888360248,0.018652368255112,5.73447730574352,2.20633692182835e-08,9.45467197709665e-08,8.20297855081999
"VRK1",-0.656388911544893,0.146723633004877,-5.72979049264914,2.26250503801436e-08,9.68886295621845e-08,8.17855241801628
"FAM136A",-0.607021522574692,0.259840784577004,-5.72562844918256,2.31355119265652e-08,9.90082062004819e-08,8.15687492255058
"POLD2",-0.483460513959857,0.0582749676545746,-5.72526898585676,2.31801220808939e-08,9.91326721276006e-08,8.15500330691813
"KIN",-0.470303225967921,0.0485908515997261,-5.72421848137944,2.33109731268182e-08,9.96255444543067e-08,8.14953420295587
"LAMTOR2",0.375807112835233,0.161509303728571,5.72366302491992,2.33804516827867e-08,9.98556414679551e-08,8.14664273495449
"SEPSECS",0.528903215434735,-0.148470230618047,5.72198024208616,2.35921750668383e-08,1.00692538637542e-07,8.13788429261055
"PPAT",-0.567100737405156,0.0554238416211908,-5.72042021781958,2.37901222979986e-08,1.01469559701216e-07,8.12976666108443
"HMGA1",-0.775438965442752,0.243770095238452,-5.71974650478737,2.38761077057659e-08,1.01768322898074e-07,8.12626153652075
"FBXO21",0.419215083555075,-0.162890962175363,5.71730600000433,2.41901314060176e-08,1.03038018030302e-07,8.11356716276047
"RRBP1",-0.533035805345425,0.378836330751014,-5.71553114354751,2.44210303707405e-08,1.03952185944785e-07,8.1043379714691
"RCOR1",-0.468096555531698,0.175654523700212,-5.71461226757833,2.45414137780742e-08,1.04395021301135e-07,8.09956077142655
"GIT2",0.333439079883144,0.0105515171617538,5.71443751541928,2.45643737233163e-08,1.04423119988931e-07,8.09865231307498
"GRHPR",0.423256955784939,-0.140382283542924,5.7119439769937,2.48942793870972e-08,1.05755138979784e-07,8.08569200248983
"EEA1",0.431411076197428,0.20043401920506,5.70936366706244,2.52402119780142e-08,1.07121404589275e-07,8.07228557461485
"STAT1",-0.910854861172338,0.014094031268604,-5.70929526255955,2.52494461874486e-08,1.07121404589275e-07,8.07193023526716
"RAB11FIP5",0.467434642430809,0.0322925840776123,5.70816709411573,2.54022182826256e-08,1.07697983887493e-07,8.06607026738317
"RPS8",-0.463683419344783,0.212295513744737,-5.70300146764243,2.61133131078297e-08,1.1063935248407e-07,8.03925093974078
"EHHADH",0.711552806740577,-0.031800421372784,5.7022386298369,2.62199555749589e-08,1.11017517470897e-07,8.03529206310577
"LMAN2",-0.571833669054794,0.114595223199942,-5.6984555344636,2.67551258253349e-08,1.13208401852063e-07,8.01566546650963
"MTPAP",-0.613106361912106,-0.0351906368170009,-5.69601413365743,2.71061323312162e-08,1.14617652274712e-07,8.00300522003672
"WDR18",-0.352201631752201,0.215548415734456,-5.68933913879294,2.80888838423001e-08,1.18694588572526e-07,7.96841377715374
"SUPT5H",-0.384974532797426,0.192761860880212,-5.68854161464452,2.82085997914479e-08,1.19121633378568e-07,7.96428304074771
"SDAD1",-0.444449973890859,0.155820879394264,-5.68701312520259,2.84394320513652e-08,1.2001703479707e-07,7.95636763530097
"RANGAP1",-0.348837148008068,0.316915982224612,-5.68594950773995,2.86011446346207e-08,1.20619754618265e-07,7.950860637567
"SERPINB6",0.637717781773335,-0.258957589206557,5.68570583490595,2.86383186835772e-08,1.20696808445307e-07,7.94959911347393
"ABRACL",-1.01487510756533,0.0582553753679901,-5.68555390900459,2.86615199050607e-08,1.20714910681934e-07,7.94881259695737
"PAK1",-0.590758858332517,0.0302064181336638,-5.68359845861626,2.89617849991169e-08,1.21899141212499e-07,7.93869082123661
"DUSP11",-0.474595458244929,0.0681895449361846,-5.68254975675827,2.91240769501405e-08,1.22501469912152e-07,7.93326372322506
"RAB43",-0.644644045192304,-0.180042006818608,-5.68142021198518,2.92998712227955e-08,1.23159761525707e-07,7.92741917839107
"SH3GLB2",0.457281618319428,-0.0883518901149205,5.67994462881953,2.95310790266033e-08,1.24049960253199e-07,7.91978558316863
"TMEM209",-0.475413329063564,0.117573424204344,-5.6762633940642,3.01156671839891e-08,1.26422442452183e-07,7.90074865242171
"WDR4",-0.634564123320704,0.211879773787234,-5.6759192299286,3.01708941668507e-08,1.26571063899699e-07,7.89896937982155
"SNRPA",-0.401739485018411,0.158845348326307,-5.6754038702274,3.02537769866826e-08,1.26835434051194e-07,7.89630521979932
"GAL3ST4",0.538151118098033,-0.0640724533909524,5.67077366377561,3.10084517930733e-08,1.29914018831216e-07,7.87237821484668
"CDH1",-0.757106659602813,-0.145989863467509,-5.66899536760998,3.13031447620418e-08,1.31062674954516e-07,7.8631929782486
"CASC3",-0.460020639791002,0.0149364676338426,-5.66704968407523,3.16287033652155e-08,1.32338971813172e-07,7.85314586820515
"DHX57",-0.387082082823555,-0.0154928463266481,-5.66446352708567,3.2066539768978e-08,1.34069010974631e-07,7.8397958757522
"TRNT1",-0.435377005058747,0.14355804292168,-5.66436009174719,3.20841736521905e-08,1.34069010974631e-07,7.83926203677684
"GNL3",-0.500005452653313,0.373119180919917,-5.660098533621,3.28189655774185e-08,1.37049767960639e-07,7.81727472836451
"MSN",0.452029755549185,-0.184925634118517,5.65718431771967,3.33308581211976e-08,1.3909642425088e-07,7.80224680827146
"NCAPD2",-0.848743310598091,-0.0835485745328349,-5.65592600812515,3.35542818948316e-08,1.39937354603854e-07,7.79575997303371
"ATE1",0.404656071402729,-0.179851029843831,5.65451884125895,3.3805865141575e-08,1.4089454890924e-07,7.78850715585306
"RAB2A",-0.479325730619082,0.11028434198334,-5.65255376692413,3.41602727993778e-08,1.42278761789972e-07,7.77838125873178
"FUBP1",-0.357049227340407,0.232503405324186,-5.64959615553456,3.4700522019894e-08,1.44434702149298e-07,7.76314634701947
"HS2ST1",-0.596621933457872,0.145947361519487,-5.64926845235928,3.47608914258126e-08,1.44591721012256e-07,7.76145872367768
"PRKAR1A",0.454525265142412,-0.207016939340659,5.64704076441522,3.51739963003207e-08,1.46214821860383e-07,7.74998859379269
"KLC2",-0.571635266122501,0.0391384770708602,-5.645248602969,3.55098049735246e-08,1.47514707063081e-07,7.74076364824613
"EI24",-0.732209037740625,-0.0375064428440633,-5.64155326166797,3.62121139268651e-08,1.50252834082282e-07,7.72174991687806
"PRSS1",0.692710598015264,-0.157729793583869,5.64153304864574,3.62159924279768e-08,1.50252834082282e-07,7.72164594251824
"CLGN",-1.15236167737897,-0.158158541211822,-5.64078807438851,3.63592217331169e-08,1.50706542833936e-07,7.71781406163297
"FANCI",-0.828901175486463,-0.12867897101108,-5.6407188546908,3.63725579494276e-08,1.50706542833936e-07,7.71745804145758
"PLA2G2A",1.64995041740625,-1.04487216897259,5.6399110622527,3.65285440632263e-08,1.51254704178794e-07,7.71330355951098
"LAMA3",0.952946473237687,-0.517331453694643,5.63938477675564,3.66305211121209e-08,1.51578663189172e-07,7.71059713341261
"TPR",-0.292357533421543,0.257877801067472,-5.63913151133254,3.66796945293853e-08,1.51683840395159e-07,7.70929478873682
"AGPAT3",-0.606345139074245,-0.175444090609474,-5.63678544864799,3.71382681254854e-08,1.53480803871343e-07,7.69723312662659
"NCAPG2",-0.508512623461975,-0.0106684512220441,-5.63632747331757,3.72284356578115e-08,1.53753920876537e-07,7.69487904988092
"TMEM222",-0.616310402563833,-0.299068036870246,-5.6349896017229,3.74930629785593e-08,1.54746740218553e-07,7.68800304875308
"CTPS1",-0.580981116545791,-0.229761886891729,-5.63463127074858,3.75642504194046e-08,1.54940399824224e-07,7.68616163245059
"HMGN4",0.76886132019449,-0.268665730940477,5.63354170862168,3.77815169444815e-08,1.55735949445135e-07,7.68056310726708
"PRR15L",0.664879764322496,-0.279919776065946,5.63170677236862,3.81501862959079e-08,1.57154154515724e-07,7.67113662425139
"RILPL1",0.40882709739846,-0.116669975096357,5.63107259524542,3.82784161266387e-08,1.57580713712823e-07,7.66787930147378
"ATXN2L",-0.344482842684305,0.364047144453345,-5.6296868241233,3.85600801590866e-08,1.58541934723763e-07,7.66076262035885
"RNF7",0.584486769085157,-0.067803551399134,5.62967952030365,3.85615700275652e-08,1.58541934723763e-07,7.66072511513706
"SLC25A1",-0.708612340532103,-0.0396977432802435,-5.6294407797147,3.86103003735748e-08,1.58640133774308e-07,7.65949920077538
"CREB1",0.340353866966877,0.0496922527406505,5.62878285170855,3.8744903481032e-08,1.59090809470347e-07,7.65612101347725
"PARP1",-0.598078633437944,0.210010409290111,-5.62766386884206,3.89748826832914e-08,1.59932278877131e-07,7.65037624858665
"SLC11A2",-0.7667527914317,-0.0943750509472384,-5.62636712945859,3.92430589584252e-08,1.60929307289367e-07,7.64372007478744
"FERMT1",-0.980887277563864,-0.114196879874291,-5.62439375184356,3.96546218476665e-08,1.62512683246053e-07,7.63359313903702
"CENPB",-0.478536488914968,0.155700090158253,-5.62300591133808,3.99465815752813e-08,1.63604184322111e-07,7.6264728048372
"TMEM30A",-0.625456346117959,-0.245543074120646,-5.62109154179435,4.03527455443281e-08,1.65161718141368e-07,7.61665348529653
"GNAI1",0.723045043176096,-0.683913077826337,5.61992414832763,4.0602398081833e-08,1.66056697379516e-07,7.61066696226206
"NOS3",0.673291440693648,-0.494956555226113,5.61982614972629,4.06234238538456e-08,1.66056697379516e-07,7.61016446125388
"ZRANB2",-0.44948246427275,0.143083274075212,-5.61715027334281,4.12016537964745e-08,1.68312578048938e-07,7.59644633948177
"ALG9",-0.614683498825771,-0.149225605588095,-5.61289816455326,4.21370197266792e-08,1.72023574779314e-07,7.57465861246962
"MMP12",-1.56942331991792,-0.749408609767842,-5.61236526075695,4.22556948255194e-08,1.72397834799323e-07,7.57192898365385
"LIMCH1",0.646680702710306,-0.620710493309065,5.61037392534624,4.27020434073533e-08,1.74107629090646e-07,7.56173090019045
"ZNF326",-0.485909278225052,0.117207625072015,-5.60944378606988,4.29120999553104e-08,1.74852430258237e-07,7.5569684683262
"DNAJB6",-0.59732323931851,-0.344366621601629,-5.60286141025958,4.44276498559546e-08,1.80912336945325e-07,7.52328450071808
"FOLR2",0.83373468390118,-0.62824731849573,5.59991872259172,4.51219279811948e-08,1.83622377412319e-07,7.508236463395
"GNAQ",0.49219012605703,-0.629040825630543,5.59454517657559,4.64170892017347e-08,1.88772684428711e-07,7.48077458933249
"SAE1",-0.420200475364348,0.248531464469383,-5.59216582229644,4.70020715667309e-08,1.91030061714562e-07,7.46862169741296
"GSTM4",1.57478645428582,-1.08728077505534,5.59100362044784,4.72904113099292e-08,1.92079692248027e-07,7.46268713900631
"PUS3",-0.481753450032015,0.000233669761098878,-5.58918146246135,4.77459552466989e-08,1.9380669055955e-07,7.45338469545764
"COMMD3",0.505926831575682,0.108145600968392,5.58883023829534,4.78342520118439e-08,1.94041740213229e-07,7.45159192126132
"FAM207A",-0.524677409947353,0.0866563413678308,-5.58263646509556,4.94177281255583e-08,2.00337901004247e-07,7.41999198968189
"CROCC",0.541545220126802,-0.300296652157108,5.57841305757056,5.05266134349761e-08,2.04703316486245e-07,7.39846126287004
"TMUB1",-0.5479588562836,-0.0860505118204747,-5.57813251450347,5.06011239569736e-08,2.04875191163777e-07,7.39703154544987
"HBG1",1.46202764425223,-2.1742326643397,5.57489509662914,5.14687406132126e-08,2.08255962493893e-07,7.38053716214641
"TYK2",0.335421606533981,-0.105113675119464,5.57446983198788,5.1583780793676e-08,2.08589259257518e-07,7.37837106194937
"PLOD3",-0.585146304767048,0.130775316578552,-5.57389360767803,5.17400572198481e-08,2.09008718368818e-07,7.37543626165764
"RNASE6",0.619686774542963,-0.0839819511800379,5.57384603081507,5.17529810087863e-08,2.09008718368818e-07,7.37519395649607
"SUCLG1",0.50737190887642,-0.0121332514798216,5.57339567900048,5.18754704501678e-08,2.09370972708168e-07,7.37290043548744
"SUOX",0.676177718168931,-0.134098440869095,5.57260395347253,5.2091493415329e-08,2.1011003503277e-07,7.36886876160115
"SCAF1",-0.400235359374252,0.0908917005368348,-5.56993070847922,5.28273809710784e-08,2.1294370423001e-07,7.35525940084091
"TLE3",-0.478528728228787,0.0895849663010779,-5.56800133868224,5.33647736363209e-08,2.14974182755778e-07,7.34544043193076
"DDX52",-0.511988651165586,0.235665159812919,-5.5662474433766,5.38579063077849e-08,2.16823916630017e-07,7.33651693391693
"CLP1",-0.340358540720009,0.144440358231658,-5.56569973611283,5.40128089691371e-08,2.17310513716408e-07,7.33373077673452
"APP",-0.651692982432418,-0.174086015083387,-5.56532092067234,5.41201992534491e-08,2.17605461104076e-07,7.33180389593909
"GMPS",-0.448746430568386,0.216534385742245,-5.55887243883267,5.59804836545755e-08,2.24943604867505e-07,7.29901974506137
"FLAD1",-0.523207904961994,0.0132716287290116,-5.55787562181004,5.62735492182447e-08,2.25863302185314e-07,7.29395472677033
"PRIM1",-0.629631530345077,0.0630445058707301,-5.55785335813658,5.62801117896373e-08,2.25863302185314e-07,7.29384160937256
"ADA2",0.632627056234415,-0.353279014651266,5.55766960417594,5.63343046449452e-08,2.25938778365562e-07,7.29290800555048
"LDHA",-0.564485354578549,0.437795211169725,-5.55604319737882,5.68161854935305e-08,2.27728401993843e-07,7.28464579076196
"PUF60",-0.325354430382798,0.300866697234356,-5.55591831377843,5.68533521277868e-08,2.27734412381379e-07,7.28401145967707
"RFT1",-0.642407929265892,-0.0472887594629028,-5.55543579148102,5.6997178193055e-08,2.2816738731201e-07,7.28156065728455
"ETV6",-0.535008839309529,0.0522109395292812,-5.55159398820441,5.81550149642677e-08,2.32656497836372e-07,7.26205386248998
"SLTM",-0.381105842554221,0.228836918604105,-5.54956795373768,5.87748058287797e-08,2.34988813535854e-07,7.25177115737541
"MTFR1L",0.435823353575028,-0.0320608169297003,5.54936168304658,5.88382662041985e-08,2.35095325227664e-07,7.2507244490801
"DIAPH1",-0.400105022439535,0.151885690848777,-5.54709501887036,5.95400266068724e-08,2.37750512748518e-07,7.23922452211787
"NOSIP",-0.499420526265438,0.182414823780628,-5.5458063711233,5.99426179414804e-08,2.3920850972272e-07,7.2326883012665
"CFHR3",1.10399231708036,-0.586163628361162,5.54498275095187,6.02013148134818e-08,2.40090815168071e-07,7.22851143195383
"PLXNA1",0.349282793766647,-0.067936883389106,5.54483316676592,6.02484152609812e-08,2.40128671311713e-07,7.22775289282511
"DBT",0.523518982845882,-0.0520337792235499,5.54218592485273,6.10879262271903e-08,2.43322775396513e-07,7.21433157746878
"MSH2",-0.512076819580116,0.156276242688121,-5.54142620656619,6.13309483890517e-08,2.44138469740708e-07,7.21048084527126
"SH3BGRL",0.747367890811422,-0.542399097210645,5.54056246870887,6.16083879163178e-08,2.45090066570523e-07,7.20610340814324
"SCAMP3",-0.543419316877467,0.0159806590140674,-5.5385579902196,6.22569573789648e-08,2.47515985594452e-07,7.195946860791
"SERINC1",-0.682871405640647,-0.342749853189709,-5.53794640600719,6.24561613094938e-08,2.48153447393353e-07,7.19284861498215
"LAS1L",-0.360518236325253,0.208655787891843,-5.53719821606607,6.27007039437776e-08,2.48970145945908e-07,7.18905871953357
"FNTB",0.451025867674495,0.0461427213074882,5.53641958372374,6.29561859959901e-08,2.49829240263764e-07,7.18511507176285
"SRFBP1",-0.485179335441598,0.322131345714851,-5.52970090103644,6.52031936564102e-08,2.5858533633303e-07,7.15110514555336
"EPB41L5",0.627837525303684,-0.515887295201022,5.52746972328849,6.59665112494477e-08,2.61450139247501e-07,7.13981852202074
"TMEM9B",-0.54796511817856,-0.162924685048546,-5.5232596010504,6.74306093945823e-08,2.67087122198764e-07,7.11853152345597
"SFN",-0.845910315845273,0.113840121577838,-5.52140857153855,6.80842799226017e-08,2.695090683855e-07,7.10917670896209
"SURF4",-0.561260744643289,-0.0444308670388888,-5.52058529891658,6.83769867480959e-08,2.70407024033223e-07,7.10501685437835
"DDX56",-0.441984901101105,0.198433163725038,-5.52053243110045,6.83958251861637e-08,2.70407024033223e-07,7.10474974002844
"TRMT1L",-0.475960226266393,0.154158200039293,-5.51992550254922,6.86124547182762e-08,2.7109562090111e-07,7.10168338909664
"HACD3",-0.683882059155802,-0.0638210186526378,-5.51968682904068,6.86978266462879e-08,2.7126507305909e-07,7.10047762909965
"LARP1",-0.382481828248383,0.266220836183748,-5.51852989356117,6.911312181547e-08,2.7273626872174e-07,7.09463349493046
"OSBPL7",0.475459014713917,-0.0731275322927408,5.51699836404132,6.96666408733953e-08,2.74750773302427e-07,7.08689870514039
"PSEN1",-0.671772564721533,0.0190092471480211,-5.51516095524621,7.03364029898525e-08,2.7722094635198e-07,7.07762146602203
"SLC35F6",-0.693681688309056,0.00265663663841739,-5.51208082703533,7.14732337381622e-08,2.81527820739152e-07,7.06207538815987
"PGS1",0.458476398331556,-0.145568818936502,5.50774686650907,7.31031606594491e-08,2.87770456726623e-07,7.04021317122344
"SMARCE1",-0.341245125730581,0.220727235556511,-5.50686773137354,7.3438172319195e-08,2.88911109216303e-07,7.03578020890497
"CDCP1",-0.728433142802213,-0.020183036662173,-5.50486702187634,7.42061591261809e-08,2.91752663805828e-07,7.02569399892238
"ACAA2",0.66576642160068,-0.216789805693446,5.50274635442309,7.50287224473622e-08,2.94805164816251e-07,7.01500637054502
"MFAP4",1.39852645614436,-0.616490076119884,5.50204916792958,7.53010792234011e-08,2.95693352300994e-07,7.01149347479198
"STX16",-0.490888728352088,-0.0351924406033135,-5.50164911826563,7.54577931768931e-08,2.9612661919758e-07,7.00947792194873
"PXK",0.360722255100342,-0.0509574806648828,5.49853629748766,7.66880855879976e-08,3.00769917984868e-07,6.99379889721228
"MPHOSPH6",-0.354849195489288,0.0930221874147033,-5.49832821798475,7.67710178912238e-08,3.00910343299855e-07,6.9927510809316
"TSN",-0.394288841251045,0.0188550736977032,-5.49622070793119,7.76159206990404e-08,3.04035370345628e-07,6.98214024984529
"CHP1",0.442810626970411,-0.0581752828885746,5.49582257802637,7.77765440588964e-08,3.04477764448837e-07,6.98013613694311
"INPP4A",0.527797484159518,-0.276668695765163,5.49151835602008,7.95338360788089e-08,3.11166386864703e-07,6.95847718681086
"APLP2",-0.669764626340399,-0.305681379938369,-5.49089428836499,7.97918099931124e-08,3.11984511210057e-07,6.95533803551232
"RPL7",-0.415513254605034,0.197044590786636,-5.48908401650036,8.05447446237669e-08,3.14735737100827e-07,6.94623378426112
"RAB30",-0.685413101740308,-0.0960362373238418,-5.48869338393292,8.07081221484081e-08,3.15181259888431e-07,6.94426953587352
"ATP6V1C1",-0.370425177828068,0.174902367479695,-5.48213814550914,8.34983536337666e-08,3.25878354493643e-07,6.91132468257442
"DNMBP",0.559408266639457,-0.165599310026427,5.48095946707802,8.40099127331333e-08,3.2767458326271e-07,6.90540444173555
"PDCD4",0.670602689928269,-0.231285601745579,5.47409591853007,8.7049881418602e-08,3.39324476714148e-07,6.87095142557313
"TMEM179B",-0.763671775322833,-0.328918714996051,-5.47395560181436,8.71131324887378e-08,3.39363850482362e-07,6.87024745171086
"PLIN2",-1.27144526633115,-0.10744579105267,-5.47339589882959,8.7365876863245e-08,3.40140929129158e-07,6.86743955191816
"FNBP4",-0.384270497722451,0.131775902460748,-5.47220266181536,8.79070886686223e-08,3.42039464441897e-07,6.8614541579778
"PDK2",0.680154869240009,-0.166275177887223,5.46840974943198,8.96491690067147e-08,3.48605325278851e-07,6.84243576136245
"PIGU",-0.69429452227791,-0.035202252305568,-5.46438723259401,9.15333858310796e-08,3.55715562100696e-07,6.82227809572226
"ANXA5",0.463900409853514,0.00422964172794478,5.46200152660015,9.26690272451939e-08,3.59909816885987e-07,6.81032867192202
"PPBP",1.00109955600178,-1.1593461980059,5.46149851746732,9.2910212244365e-08,3.6062717640138e-07,6.8078097764516
"FAM76A",-0.345012454348184,0.131265038122453,-5.46015229090803,9.35587138015044e-08,3.62923686283479e-07,6.80106929211778
"TMED9",-0.467726157042689,0.270179795925171,-5.45927321573,9.39845534945748e-08,3.64354204045452e-07,6.79666855778653
"ZMAT2",-0.376181839260631,0.269514963700594,-5.45388808571251,9.66346432277602e-08,3.7440060498134e-07,6.76972298502825
"STRIP1",0.232896208889925,-0.00627231371903963,5.45224134592033,9.74594321799363e-08,3.77367176754938e-07,6.76148762403272
"ZC2HC1A",0.495772884077179,-0.122364724086968,5.44958367556613,9.88050163806715e-08,3.82345472479144e-07,6.74820096793104
"ACTR1B",0.40791559314722,-0.122149154648716,5.44870516439783,9.92537680380636e-08,3.83841642900696e-07,6.74381016170377
"LMBRD2",-0.657465095173526,-0.087642109681706,-5.44859167014422,9.93118863072747e-08,3.83841642900696e-07,6.743242959567
"IQSEC1",0.790859794656383,-0.349674063073948,5.44676630640748,1.00251179081023e-07,3.87237615506553e-07,6.73412182435364
"PANK4",0.319041885156771,-0.187548683321114,5.44444319873107,1.01459099139365e-07,3.91666474005349e-07,6.72251720937521
"ILF2",-0.285273645725711,0.249245308059081,-5.4438521896849,1.01768650312588e-07,3.9262406782228e-07,6.71956560266776
"FHL2",-0.742399754843271,0.543198591249555,-5.44088853469177,1.03334815577912e-07,3.98292687900416e-07,6.70476860558409
"TOMM70",-0.456246732927229,0.213272410533149,-5.44083612319955,1.03362722607829e-07,3.98292687900416e-07,6.70450698497256
"VBP1",-0.432771750994343,0.203277427858568,-5.43852573728807,1.04600218589627e-07,4.02818091492622e-07,6.69297640404032
"CHERP",-0.302080673166247,0.246664642353814,-5.43837276981661,1.04682657970055e-07,4.02892568498374e-07,6.69221312453121
"TRAP1",-0.609623244517965,0.28542183178771,-5.43805207817664,1.0485569470551e-07,4.03269886429792e-07,6.69061299052145
"UROS",0.40444889361436,-0.133596311828888,5.43795706714121,1.04907013525432e-07,4.03269886429792e-07,6.69013893533486
"SH3BGRL2",0.734990637049196,-0.164694258267503,5.43521609537774,1.06398068086027e-07,4.08755514277547e-07,6.6764659044032
"LRWD1",-0.386811881041417,0.0575913961324019,-5.43201046208836,1.08168040669305e-07,4.15305435762784e-07,6.66048226871928
"ACADVL",0.536777021659821,-0.0335359610689433,5.4281960223365,1.10311477252982e-07,4.23280518185271e-07,6.64147332580256
"LGALSL",0.565824559620493,-0.345109572980978,5.42726835499316,1.10838967895226e-07,4.25049135141752e-07,6.6368520601021
"SUZ12",-0.386569845538495,0.0811909011284171,-5.42700843732224,1.10987201627883e-07,4.25362114282131e-07,6.6355573731861
"TRMT5",-0.473829985143903,0.181690111634871,-5.4268177113021,1.11096097220456e-07,4.25524043642838e-07,6.63460737270409
"FTSJ3",-0.532334507120436,0.297913231510652,-5.42573215309327,1.11717880683828e-07,4.27649081634437e-07,6.62920077195125
"BET1L",-0.616042216367783,0.229865532237223,-5.4226866145837,1.13480410121943e-07,4.34135661251411e-07,6.61403735635065
"MED30",-0.399590755726153,0.136335820021682,-5.42161357677963,1.14107820113406e-07,4.36274509834788e-07,6.60869651009848
"ACTB",0.421478827961246,0.030579752864432,5.4199472094227,1.15088841980109e-07,4.39761972497304e-07,6.60040422841836
"DYNC1I1",0.839019265560646,-0.488696529546389,5.41957562843226,1.15308714002807e-07,4.40338599825314e-07,6.59855543449875
"OXA1L",-0.593680123880975,-0.0403180977332898,-5.41913465658984,1.15570175836335e-07,4.4107326522116e-07,6.59636152531621
"DDRGK1",-0.476205861300111,-0.0225508185806496,-5.41022959659653,1.20975197125599e-07,4.61425707077029e-07,6.55208931332304
"XRN2",-0.359986952969652,0.296894510655775,-5.40854407388531,1.22025538096788e-07,4.65154066118203e-07,6.54371646102114
"ARL1",-0.363204514468399,0.119778115926062,-5.39784489515313,1.28902460279391e-07,4.91075303630018e-07,6.49061911343664
"PRTFDC1",-0.700129522791545,-0.0423156189179773,-5.39500369859685,1.30791033190371e-07,4.9797301545648e-07,6.47653376201262
"SNX3",0.367808936217372,0.131930934066004,5.39278874216939,1.32281963262156e-07,5.03349425166191e-07,6.46555733186808
"TRAPPC4",0.320347693768345,-0.0419559330040121,5.3893876122433,1.34603531377915e-07,5.11878229808211e-07,6.44871005676278
"ABHD14B",0.5409931737093,-0.230557947496423,5.38901739528828,1.34858613308873e-07,5.1254300355783e-07,6.44687674876019
"RRM2",-0.884449544871274,-0.0480969392066774,-5.38870372150848,1.35075104154335e-07,5.13060404536244e-07,6.44532352418709
"ENTPD1",0.593824958508592,-0.30896446487608,5.38735234373619,1.36011663558308e-07,5.16057602332975e-07,6.43863274694309
"DDX51",-0.361594019199563,0.127916761576863,-5.38733196768568,1.36025833159968e-07,5.16057602332975e-07,6.43853187428369
"PIGO",-0.508267063446238,-0.192808364740627,-5.38660835337317,1.36529968993214e-07,5.17662619965362e-07,6.43494979268526
"CAMP",-1.64840368798387,-1.31149152054215,-5.38369952541331,1.38574904523411e-07,5.25104311799396e-07,6.42055439705154
"SELENOS",-0.621794713877864,-0.0625297170250883,-5.38343301765754,1.38763743495854e-07,5.25508008434774e-07,6.41923581223631
"TCF20",-0.418112818861096,0.0479072228635233,-5.38331545156107,1.38847126573752e-07,5.25512094352939e-07,6.41865415474119
"HADHB",0.520864973833718,-0.00960771384685435,5.37997408045904,1.41237434702728e-07,5.34242310768316e-07,6.40212719598844
"FYCO1",0.517837084801185,-0.160651017829286,5.37804430081283,1.42636099844193e-07,5.39213438428167e-07,6.39258611541471
"LRCH3",0.399737624809143,0.0144209731620648,5.37610270485221,1.44056906962076e-07,5.44262337841927e-07,6.38298951067196
"GOLGA7",-0.698515035946966,-0.379222211299634,-5.37147866684519,1.47496244606458e-07,5.56926979191149e-07,6.36014627268928
"IGF2BP3",-1.97943974118722,-1.20245075503507,-5.37113593539835,1.47754318333076e-07,5.57571703638706e-07,6.35845379945215
"PHF1",0.489578637130461,-0.112114963383136,5.37012767854917,1.48516072913322e-07,5.60115254312796e-07,6.35347536025831
"AP1G1",-0.327105107355408,0.0926623590562157,-5.36845362573498,1.49789281430557e-07,5.64583566667122e-07,6.34521117267059
"G3BP2",-0.343784715598798,0.189165325362957,-5.366797132102,1.51059570018324e-07,5.69035607414157e-07,6.33703579678758
"NPEPL1",0.682606278703297,-0.188552744250026,5.36117284015366,1.55451149069512e-07,5.85233246939173e-07,6.30929374990985
"NLN",-0.566699469271437,0.270217585131074,-5.35934648726665,1.56903699498598e-07,5.90353636593136e-07,6.30029044335179
"FNTA",0.340574602185825,0.0515411487765775,5.35894556349055,1.57224325920006e-07,5.91211614251614e-07,6.29831436852717
"RPS6",-0.502564694670387,0.239874927937284,-5.3568465895494,1.58913331255617e-07,5.97211077143681e-07,6.28797096307455
"CIR1",-0.435873458962353,0.0654386064347209,-5.35372748539619,1.61455814907626e-07,6.0640904599129e-07,6.27260680652826
"PPCDC",0.424078263156535,-0.0945725847413828,5.3516454061351,1.63174929631426e-07,6.12505541267876e-07,6.26235503518538
"PRPF4B",-0.344097103529037,0.216679188482812,-5.34860673394846,1.65715824070827e-07,6.21677753638208e-07,6.24739919094934
"PIK3CA",0.367773807799699,-0.0705116119105044,5.34800277982257,1.66225400192239e-07,6.23223241472371e-07,6.24442747845623
"CASP2",-0.561132893780359,0.0178123382512429,-5.34781919455631,1.6638059856445e-07,6.23439038634984e-07,6.24352421634915
"PPP3CB",0.401118412835491,-0.10436076584307,5.34688104325173,1.67175887920421e-07,6.26051638927793e-07,6.23890880326019
"RPL28",-0.435189462489109,0.282248657195841,-5.3435173575927,1.70057815338612e-07,6.36470780150668e-07,6.22236610875595
"OLFM4",1.79842777287379,-1.12449350965651,5.33929103818106,1.73747287484711e-07,6.49898319033323e-07,6.20159336402974
"PEX5",0.380361689538337,-0.156804731303948,5.33157959282625,1.80680507727644e-07,6.75436207166867e-07,6.16372652606763
"SNRPE",0.466323418169337,0.0228269558915635,5.32669518580475,1.85210181865552e-07,6.91964313172353e-07,6.13976559799623
"PAFAH1B1",0.319734034838084,-0.0537221240381981,5.32543520181726,1.86396434408106e-07,6.95989025553074e-07,6.13358762377142
"KDM3B",-0.314515782478727,0.167985016235161,-5.32458153951945,1.87204331360581e-07,6.98597110308189e-07,6.12940263169685
"CDC27",-0.48787635926233,0.0474690940046446,-5.32288128955496,1.8882357244359e-07,7.04228101666077e-07,6.12106901249503
"NUB1",-0.467416549668868,0.0966998261984794,-5.32202859073016,1.89640756457834e-07,7.06862948034602e-07,6.1168904309062
"HSP90AA1",-0.382632386509835,0.169350669149872,-5.32015029793007,1.91452950007962e-07,7.13201333606088e-07,6.10768799683997
"STRN3",0.352275947864707,0.0118537906478394,5.31909320678508,1.92480223620548e-07,7.16610045374458e-07,6.10251012854551
"C11orf96",0.711903862252542,-0.122149725412182,5.31880363919076,1.92762555872065e-07,7.17242959931897e-07,6.10109191300304
"B3GNT2",0.403632781229557,-0.0562838277700655,5.31571045641184,1.95803649702004e-07,7.28134131244786e-07,6.08594648435366
"TFIP11",-0.325724893000972,0.0987495669530875,-5.31499268992047,1.96515959715395e-07,7.30357626765305e-07,6.08243308033973
"SETMAR",0.407731519634263,-0.116046274108796,5.31401289686982,1.97492366856715e-07,7.33559489459062e-07,6.07763772425667
"EHF",-0.766091923404024,-0.0848062914634154,-5.31279634527383,1.98711270843418e-07,7.37657828101873e-07,6.07168464790201
"REPIN1",-0.50350368852602,0.13554655414996,-5.30936754921299,2.02186131136626e-07,7.50121119876442e-07,6.05491234741405
"NAA25",-0.393648596381815,0.105531729749156,-5.30738690464047,2.04220190513086e-07,7.57227593743354e-07,6.04522798203396
"CDKN1B",0.57368244481481,-0.296537186641626,5.30631530082783,2.05328961268024e-07,7.60896934240471e-07,6.03998964233792
"RRAS2",0.63021115290074,-0.502844580290569,5.30466816226194,2.07044632062445e-07,7.66809730695307e-07,6.03193964393675
"NELFB",-0.353384255105326,0.206783549746243,-5.30424052420947,2.07492333472278e-07,7.68022347374201e-07,6.02985000892337
"COIL",-0.571817120984423,0.171840972177129,-5.30366038267131,2.08101195887203e-07,7.69829742607062e-07,6.02701539910307
"LMBRD1",-0.623506983855723,-0.291508263586308,-5.30286231958862,2.08941603229072e-07,7.72491104005573e-07,6.02311643720071
"CCDC134",-0.531800073983037,0.246106086974728,-5.30133395636068,2.10560265870917e-07,7.78025056473266e-07,6.01565095167781
"CCS",0.363980869764412,-0.135975051382866,5.29695972539898,2.15260501871733e-07,7.94932506912098e-07,5.99429448708838
"ECHDC3",1.06076567202518,-0.416807986681744,5.29486985241093,2.17541930607962e-07,8.02893194758287e-07,5.9840962722076
"CPSF7",-0.361505652832665,0.139589356147088,-5.2941861984855,2.18293329495283e-07,8.05200987190862e-07,5.98076089716784
"NUDC",-0.463208109101366,0.251801780790555,-5.29391795581604,2.18588840632935e-07,8.05825489284811e-07,5.97945230805661
"HSD17B12",-0.607064146602125,-0.0126668804167963,-5.29316034192822,2.19425569184336e-07,8.08443311738017e-07,5.97575668318333
"RPS27A",-0.438955918981665,0.0774338986722882,-5.29050790413137,2.22379557241808e-07,8.18854367352334e-07,5.96282166122404
"TDRD3",0.401339851023273,-0.00266133472336762,5.28863866080167,2.24484459546628e-07,8.26128688302719e-07,5.95370929279052
"CUL5",0.308082095398334,-0.00185074693469511,5.28447314566515,2.29244926464707e-07,8.43161783108958e-07,5.93341260867535
"ARF5",-0.46568079813636,0.135026997969215,-5.28269501152947,2.31306736129063e-07,8.50255331136482e-07,5.92475266939894
"ERMP1",-0.664074993772909,-0.259194972272781,-5.28083155698578,2.33486789036952e-07,8.5777511392459e-07,5.91567983866881
"UBA2",-0.378043394169818,0.198494050728474,-5.28029284695634,2.34120732104093e-07,8.59609473539179e-07,5.91305745816689
"GALNT3",-0.960733356181664,-0.155671590622275,-5.27756962212481,2.37351020164837e-07,8.70969117099127e-07,5.8998045586218
"CLCN7",-0.492662396552552,-0.0102473337342978,-5.27629423634357,2.38878714866974e-07,8.76071564862509e-07,5.89359972549273
"NOVA2",0.55526750812953,-0.435490345479311,5.27512910481022,2.40282681613432e-07,8.80714651034309e-07,5.88793239295056
"CCT8",-0.289189371211554,0.176843472091233,-5.27225902244518,2.43775333934438e-07,8.93003733316916e-07,5.87397649328551
"HNRNPR",-0.489984493904949,0.20792511498448,-5.2711543189813,2.45132755240399e-07,8.9746137741396e-07,5.86860653433423
"SPTLC2",-0.526912888981298,-0.0204771535084066,-5.27020262975439,2.46308036948247e-07,9.01247458976824e-07,5.86398113896388
"NAA50",-0.361486721429422,0.201535815300473,-5.2685796580545,2.48324939481698e-07,9.08106952228315e-07,5.85609480696962
"AP2M1",0.290478711477709,0.0330239459444164,5.26818368079021,2.48819455933857e-07,9.09394519826948e-07,5.85417098854445
"DDX39A",-0.556223178677703,0.117960334829853,-5.26770302232624,2.4942101066729e-07,9.11071597889386e-07,5.85183591855928
"TFRC",-0.897615578265067,-0.26187088574537,-5.26632981686087,2.51147393461835e-07,9.16853120213732e-07,5.845165788947
"APPL2",0.41240363459591,-0.0792780191716149,5.26612573212083,2.51404954809924e-07,9.17268935120778e-07,5.844174604805
"CDC123",-0.538701216662923,0.129836883761436,-5.26465639190324,2.53266888735429e-07,9.2353459998613e-07,5.83703937640343
"RRS1",-0.63055893818396,0.215658204529981,-5.26270752729177,2.55757126094089e-07,9.32082905314361e-07,5.82757813634639
"NRDE2",0.401796467404586,-0.00453500207837348,5.26127454579546,2.57603314343861e-07,9.38275620128667e-07,5.82062326548388
"FGF1",0.703068622727596,-0.294057297031997,5.26036784224992,2.5877814256022e-07,9.4201735475884e-07,5.81622347291679
"INPP5B",-0.463402769414188,-0.0863829872206954,-5.2579585233193,2.61925247597232e-07,9.52930316756881e-07,5.80453533074285
"SLC15A4",-0.702032220669468,-0.328535006180542,-5.25745973032734,2.62581406130032e-07,9.54773506913583e-07,5.80211614042828
"PPP1R14B",-0.561936073698292,0.229176780815788,-5.25437899704545,2.66669575153515e-07,9.69086646189636e-07,5.78717861003991
"STAU1",-0.467354973513292,0.358405103709669,-5.25289640683266,2.68658934888058e-07,9.75760693549632e-07,5.77999262332851
"PTN",1.06865981537931,-1.62384915972751,5.25256842666633,2.69100964148769e-07,9.76810492376289e-07,5.77840316339731
"UTP23",-0.554956197524192,0.171947610266356,-5.25238362320377,2.69350340347729e-07,9.77160183591051e-07,5.77750760443952
"ICMT",-0.515690617128049,-0.0414525103953985,-5.24520589216198,2.79211445462385e-07,1.01235949987355e-06,5.74274488376715
"ATP6V0A1",-0.477352432688334,-0.103193759209926,-5.24112712391609,2.84970178948358e-07,1.03265300373738e-06,5.72300877716255
"DGKQ",0.401151178004339,-0.0358918198382722,5.24097690496279,2.85184455184635e-07,1.03284330479518e-06,5.72228215444948
"PLEKHS1",-1.07061611022897,-0.366970037796861,-5.23547292077364,2.93144163943221e-07,1.06106887005525e-06,5.69567103707023
"EXOSC8",-0.331833487548351,0.16552958955127,-5.23504209679214,2.93776224218264e-07,1.06273741049839e-06,5.69358905243566
"GLOD4",0.461689828908648,-0.010623493490227,5.23493195734626,2.93938021447166e-07,1.06273741049839e-06,5.6930568197482
"COMT",-0.599660397622513,-0.108602068434799,-5.23345962958015,2.96109221218517e-07,1.06998153790619e-06,5.68594292249141
"SPP2",0.732199021240812,-0.359966556226109,5.23250696084057,2.97522375505585e-07,1.07447984592939e-06,5.68134078251441
"TBC1D1",0.484890802186717,-0.353488601373722,5.23104274724129,2.99707098957967e-07,1.08175795751646e-06,5.6742688610935
"ICAM3",-0.738425302958736,-0.263055391281865,-5.23015876881922,3.01033589701755e-07,1.08593190409362e-06,5.67000019558987
"WDR74",-0.439834770242042,0.137326899097312,-5.22885954235896,3.02993538972451e-07,1.09238494993738e-06,5.66372743715046
"FKBP4",-0.639143766794866,0.0805305161733401,-5.22665586857148,3.06346228047374e-07,1.10384913435806e-06,5.65309095985695
"ATXN3",0.382823755734882,-0.0720987296354514,5.22438239584746,3.09842810993478e-07,1.11581858330138e-06,5.64212156368497
"ARHGEF12",0.359645973169584,-0.00860766561991529,5.22196933311899,3.13596422363671e-07,1.12869963742505e-06,5.63048307514761
"SP110",-0.604591398408844,-0.000832030870469852,-5.22161349234507,3.14153664278962e-07,1.13006825150489e-06,5.62876719815858
"AIFM2",0.529976415255243,0.044057323007634,5.21828078630657,3.19419467984548e-07,1.14836334632958e-06,5.61270157910307
"FARSB",-0.321515341033112,0.18653623249717,-5.21740876131729,3.20811368919939e-07,1.15271333569361e-06,5.60849933627354
"ORC3",-0.46316100028732,0.0939619242430386,-5.21729680550538,3.20990495045143e-07,1.15271333569361e-06,5.60795987017845
"TERF2IP",-0.404824427160817,-0.0411008011489121,-5.2147449852679,3.25099736102405e-07,1.16681383643275e-06,5.59566642475262
"SRSF3",-0.32099433927862,0.27951541666465,-5.20884936630681,3.34789587411077e-07,1.20091658180884e-06,5.56728365783028
"TP53I11",-0.685289435301231,-0.192725850444056,-5.20833574075606,3.35646905464182e-07,1.2033158289662e-06,5.56481224395051
"EXOSC9",-0.350687178738425,0.154535416799747,-5.20473125274582,3.41723512552284e-07,1.22441337129424e-06,5.54747433048849
"FCGR3B",1.02559981548766,-0.639333711849199,5.20035824129108,3.49239038857706e-07,1.25064008026161e-06,5.52645341798387
"NDUFA12",0.426278055837563,-0.000835207236228799,5.19945668015202,3.50808281733719e-07,1.25555542537545e-06,5.52212150891057
"MANBAL",-0.705896334196784,-0.15832820946613,-5.1960406855549,3.56816369033813e-07,1.27573023564653e-06,5.50571378593258
"HNRNPAB",-0.46741639443487,0.287659210669112,-5.19602464012738,3.56844823941221e-07,1.27573023564653e-06,5.50563673804235
"SBNO1",-0.349783042443414,0.15389258437188,-5.19515888914763,3.58383410023656e-07,1.28051375097988e-06,5.50147982273746
"PPIE",-0.418642128442306,0.128246613591226,-5.18955768591349,3.68494241482951e-07,1.31590365317038e-06,5.47459977438098
"EIF2AK2",-0.45174264811982,0.256852868436824,-5.18858122860872,3.70284941806771e-07,1.32155916905323e-06,5.46991629731953
"ATP2B4",0.617146320370441,-0.918040997252622,5.18582608916907,3.7538312432117e-07,1.3390062842406e-06,5.4567055885795
"RHBDF2",-0.531371841248408,-0.0193722110136154,-5.18557513720814,3.75850859237782e-07,1.339926150884e-06,5.45550258682305
"IPO8",-0.449086446503652,-0.176945464487003,-5.18429583597132,3.78244070317313e-07,1.34770557420538e-06,5.44937070085293
"ALDOB",0.940648282281668,-0.624297077517632,5.18386144562363,3.7906004649657e-07,1.34985967478003e-06,5.44728889385467
"PPM1A",0.389111455646949,-0.0832558716310847,5.1835067852742,3.79727519794285e-07,1.35148283940162e-06,5.44558930112126
"S100A9",-1.61763821899455,-1.27828601097998,-5.17636515098798,3.93413149593174e-07,1.39941111986207e-06,5.41138639516625
"CKAP5",-0.292498862686426,0.196332110993508,-5.17001134247947,4.05990024548296e-07,1.44334426878668e-06,5.38099024816939
"DNAJC16",-0.433942392009376,-0.142506663044104,-5.16942365438613,4.07172802742999e-07,1.44674365359713e-06,5.37818039521911
"COQ5",0.484643954772615,-0.139583706893755,5.16907810901359,4.07869804126639e-07,1.44841418206262e-06,5.37652840123978
"RAB18",-0.447793201435785,-0.031142645429411,-5.16888402539579,4.08261798244726e-07,1.44900032339776e-06,5.37560056146003
"MPRIP",0.415280053649353,0.00670495664836851,5.16813618588096,4.09775639916296e-07,1.45356525603642e-06,5.3720257027658
"GEMIN7",0.396343186542073,-0.113300892678969,5.16636214616886,4.13388598610607e-07,1.46556701950512e-06,5.36354711099351
"SHMT2",-0.756639722723545,0.211457631005431,-5.16609805160601,4.13929079358749e-07,1.46666879672897e-06,5.3622851468222
"CCAR1",-0.291132943272582,0.261900155031066,-5.16299291912367,4.20335455057457e-07,1.48854236302932e-06,5.34745152270266
"TC2N",-0.926274128786404,-0.295293899459711,-5.1614284656026,4.2359946805402e-07,1.49926973587856e-06,5.33998079665804
"NCOA7",0.43486318188345,-0.184620771078593,5.15981327585771,4.26995102613679e-07,1.51045082004894e-06,5.33226981042041
"GDPD3",-1.18393930817481,-1.25302533015077,-5.15613090599827,4.34835514414679e-07,1.53733375389686e-06,5.31469769141105
"YTHDF3",-0.346207685559913,0.191814351399665,-5.15229809841072,4.4314436401425e-07,1.56584214954676e-06,5.29641902579053
"OAS2",-0.926546595061466,-0.155669273815714,-5.15129311811156,4.4534831652737e-07,1.57275940322304e-06,5.29162818703523
"TACC1",0.529943019916718,-0.000153175223176363,5.15099986780838,4.45993422786333e-07,1.57416694554491e-06,5.2902303842327
"BRIX1",-0.534023648391047,0.183413096177264,-5.1505152415929,4.47061512318033e-07,1.57706505864676e-06,5.28792052011041
"CA13",-0.889251854328363,-0.172667887555194,-5.14954814634339,4.49200350449453e-07,1.58373508427375e-06,5.28331162642239
"TOP2B",-0.408193163614362,0.152591109517324,-5.1480870866325,4.5245046284898e-07,1.59431357907877e-06,5.27635003936035
"SNX12",0.361880916107965,0.156077858567915,5.14785520593914,4.5296836979469e-07,1.59525815837788e-06,5.27524533998403
"NRP2",0.567014174899392,-0.232714899912598,5.14722772494806,4.54372734559016e-07,1.59932189093678e-06,5.27225617947139
"GAR1",-0.60144843122523,0.405512982898727,-5.14477664444882,4.59899033561698e-07,1.61788172412752e-06,5.26058282506888
"HSPA5",-0.404429642729139,0.279930804361418,-5.14412148637796,4.61387173554907e-07,1.62222307442075e-06,5.25746341413741
"GTF3A",-0.521225065334108,0.237534166101228,-5.1413922259383,4.67636832077253e-07,1.64329178470735e-06,5.24447219753738
"PRKCE",0.399904172823173,-0.493344489164367,5.1397849483816,4.71355584851942e-07,1.6554485199558e-06,5.23682434023063
"RALYL",-0.638932125744938,0.339301527640756,-5.13549971863624,4.81410880567315e-07,1.68983423442677e-06,5.2164440221154
"S100A2",-2.01340759098089,-2.89834981565175,-5.13492487228682,4.82775466638166e-07,1.69369305191467e-06,5.21371118581391
"UGT8",0.802195388375758,-0.558011664493569,5.13425077059585,4.8438044191446e-07,1.69839051160012e-06,5.21050681871314
"CCNYL1",-0.555484741671642,-0.207496977745324,-5.13180085811037,4.90257109591617e-07,1.71805249437018e-06,5.1988640882141
"CAMK2G",0.592204516033739,-0.543952206115148,5.1273899947169,5.01012149186923e-07,1.75477924989495e-06,5.1779142586648
"DHRS11",0.600573312447766,-0.681344352634754,5.12720449430844,5.01469428568766e-07,1.75484981996047e-06,5.1770335426267
"PAIP1",-0.423004841397722,0.163876156903261,-5.12715886303828,5.01581976731067e-07,1.75484981996047e-06,5.17681689933307
"PAF1",-0.302369357501862,0.239074598797922,-5.1254803233346,5.05739092823015e-07,1.76842503158541e-06,5.16884884903544
"TES",0.483514363679931,-0.368824722910737,5.12417466456132,5.08995781044093e-07,1.77883856703149e-06,5.1626524071981
"TMEM63A",-0.690283529935369,0.0724829188399779,-5.12392978500615,5.09608839244101e-07,1.78000680447132e-06,5.16149039896147
"LIG3",-0.504877954466414,0.138110015211225,-5.12354616705109,5.10570668490938e-07,1.78239131673846e-06,5.15967014116796
"ASPH",-0.686729974705228,0.030959252283397,-5.12275722157696,5.12554288684993e-07,1.78833832418234e-06,5.15592697939891
"NPC1",-0.556017910257392,-0.0666076694149053,-5.11970400318959,5.20301481276304e-07,1.81437736643867e-06,5.14144557743349
"TIMP1",-0.84168944461306,0.199293127603014,-5.11810006927135,5.24416601387699e-07,1.82772925756575e-06,5.13384107507102
"RELB",-0.416351301760591,0.0587992029970586,-5.11726373484386,5.26574823115342e-07,1.83359634757381e-06,5.12987668831382
"ATAD1",-0.507009666676553,0.023809687422049,-5.11722524863633,5.26674346350881e-07,1.83359634757381e-06,5.1296942695523
"RNF31",0.296818387267906,-0.0219729279587046,5.11532833032509,5.3160231763625e-07,1.84974430414575e-06,5.12070461579852
"AKAP8",-0.348275490167219,0.170517835979856,-5.10950283480568,5.47017062117359e-07,1.90234419478178e-06,5.0931148809265
"TIA1",-0.607727418909783,0.166955371815725,-5.10791046109203,5.51305398121107e-07,1.91621391780254e-06,5.08557801557176
"GGACT",0.53867428084232,-0.246669235700839,5.10603720043987,5.56391864023629e-07,1.9328411598427e-06,5.07671425031216
"MLST8",0.287804626448138,0.0533596091107065,5.10263486564571,5.65746702931212e-07,1.96427009147134e-06,5.06062241457417
"CPSF1",-0.255113044379627,0.151570379253739,-5.1024921033419,5.66142544378675e-07,1.96457616622709e-06,5.05994739969637
"IRS2",-0.765207966129201,-0.308127483273439,-5.09859324391839,5.77057313837246e-07,2.00136390486193e-06,5.04151887727995
"TRAF6",0.339699562386936,-0.0433563400530044,5.09751849661124,5.8010169665762e-07,2.01083025687237e-06,5.03644104345724
"MYO1D",0.574381158530109,-0.04337108507416,5.09644383484225,5.83161385940079e-07,2.02033936474629e-06,5.03136452772849
"GEMIN4",-0.354592420664498,0.0542825624658006,-5.09348078247008,5.916787113368e-07,2.04873566805069e-06,5.01737231696671
"TRAPPC12",0.382458329194069,-0.147443357092794,5.09191109787916,5.96239469063683e-07,2.06340867749139e-06,5.00996272353745
"U2SURP",-0.392421761347938,0.231710492907568,-5.09078778623417,5.99524156494416e-07,2.0736520797491e-06,5.00466140192538
"UBE2V2",0.397462120452489,-0.117305173866499,5.09041373377499,6.0062181078067e-07,2.07632391003496e-06,5.00289633226845
"APOBEC3F",-0.620575590108302,-0.256115818912343,-5.08991486497259,6.02088766391977e-07,2.07995301244159e-06,5.00054245469916
"PSMG1",-0.481125090060266,0.183180918789593,-5.08983527725635,6.02323119812765e-07,2.07995301244159e-06,5.00016694385211
"FBLN1",0.706442002345837,0.0289467111949726,5.08890774222573,6.0506085401692e-07,2.0882775961611e-06,4.99579101696827
"RPL32",-0.407913907343131,0.22328131981619,-5.0885203173276,6.06207950435528e-07,2.09110630120521e-06,4.99396342462788
"SERPINH1",-0.655972045806229,0.582090946062747,-5.08823651772802,6.0704956661357e-07,2.0928787704253e-06,4.99262473743473
"DENND3",0.435596301553937,-0.398329555038996,5.08708835639393,6.10466035180791e-07,2.1035216592711e-06,4.98720949338557
"FBP2",1.08806779470489,-0.415262491569249,5.08407325932427,6.19526630371847e-07,2.13359090341113e-06,4.97299391437563
"CSTF2",-0.46400853354776,0.329120239619262,-5.08296530874621,6.22888708743282e-07,2.1440131565099e-06,4.9677719588091
"RETREG3",-0.539226396934668,0.0599993423369353,-5.08197211597282,6.25917564394232e-07,2.15327782794029e-06,4.96309170267472
"ISOC2",0.456851568063435,-0.0442191999593882,5.08036795646958,6.30839771694804e-07,2.16904251064691e-06,4.95553401815601
"CAND2",0.608833905123385,-0.433974770489185,5.08017348218428,6.31439038010345e-07,2.16993447669325e-06,4.95461792911426
"MAOB",0.969777077428848,-0.931088335559742,5.07891104443678,6.35342622596154e-07,2.18217463436065e-06,4.94867182868262
"PTGFRN",0.492021771563445,-0.249569661891467,5.07482795950217,6.48128567567588e-07,2.22489295909626e-06,4.92944908967452
"IGF2R",-0.47719276899632,0.0291348880698689,-5.0741520724291,6.50268959178596e-07,2.23104100180297e-06,4.92626835884014
"SRSF9",-0.410680657681613,0.281282555921594,-5.07396376774937,6.50866498087582e-07,2.23189183151945e-06,4.92538225979451
"THOC2",-0.342905732049232,0.208428497697904,-5.07355878946489,6.52153399201679e-07,2.23510437675938e-06,4.92347666227019
"PSIP1",-0.577508171976588,-0.308978558673714,-5.07071279624749,6.61266856896766e-07,2.2651227903894e-06,4.91008870557887
"WBP11",-0.282101152886012,0.2477288662639,-5.06965949981237,6.64670887398987e-07,2.27556226061262e-06,4.90513547833608
"SURF6",-0.521398071561425,0.195640028000941,-5.06914739999939,6.66332007595784e-07,2.28002672481194e-06,4.90272759796099
"RPL21",-0.348333712839278,0.265760015769127,-5.06213403376192,6.89489938274027e-07,2.3580038863844e-06,4.86977186813317
"GLS",-0.866540922455704,-0.309676493773979,-5.05833541109811,7.02356167491001e-07,2.4007195553694e-06,4.8519384836112
"ZCCHC24",0.492815962833231,0.169035861324604,5.05633677350398,7.09218695096165e-07,2.42287927671964e-06,4.84256008512675
"EPHX2",0.84801334136631,-0.779834399362523,5.05456183015098,7.1536751778143e-07,2.4425783962751e-06,4.83423400858471
"DHX16",-0.308663687723948,0.0756535820732388,-5.05348001804678,7.19140442985897e-07,2.45414843851681e-06,4.82916056692353
"GLIPR1",-0.790406000700109,-0.254399315383987,-5.04666082952363,7.4337013084877e-07,2.53547985334904e-06,4.79720160038863
"GALNT6",-1.15447822745494,-0.0214242475325062,-5.04522812216457,7.48560275061976e-07,2.55181919715468e-06,4.79049173961977
"NME7",0.319098969439128,-0.0945817826056533,5.0443051989899,7.51922220712187e-07,2.56191215541479e-06,4.78617023760258
"PRPS2",-0.559393624428347,0.16577539052262,-5.04242399090133,7.58820228714055e-07,2.5840358188476e-06,4.77736375286551
"SMNDC1",-0.316338317139386,0.270853807163832,-5.03991648913466,7.68109999828659e-07,2.61427630538699e-06,4.76562978049284
"SETD7",0.449416104253396,-0.0650443412843897,5.03731186726689,7.77876077261796e-07,2.64610482329066e-06,4.75344662598446
"TMEM238",-0.699752482073339,-0.371177202662592,-5.03497756896488,7.8673057889935e-07,2.67480018438357e-06,4.74253250017393
"TRAPPC13",0.294718820323356,0.0438307478737738,5.03470416866609,7.87774003577941e-07,2.67692230593143e-06,4.74125448738646
"VAMP7",-0.555701474518028,0.0360969100108743,-5.03385109231121,7.91038360309524e-07,2.68658506945548e-06,4.73726715472086
"WDR91",0.316710908970317,-0.0627878379155018,5.03237195553856,7.96729426757151e-07,2.70447495472855e-06,4.7303549490244
"FNBP1",0.460837919820539,-0.301285820543923,5.02981419302758,8.06664181416621e-07,2.73674325098041e-06,4.71840628945301
"ATP6AP2",-0.543711374977497,0.0447899101968422,-5.02640766829532,8.20081941462088e-07,2.78078767723602e-06,4.70250070183373
"MVD",-0.538884955741519,-0.217328715070412,-5.02556542906693,8.234325344793e-07,2.78948448198075e-06,4.69856958231981
"SULF1",-0.982357666666647,0.185002793128224,-5.02554336750723,8.2352047745242e-07,2.78948448198075e-06,4.69846661842393
"HYOU1",-0.499414235582879,0.237135905543723,-5.02288389489867,8.34188645464446e-07,2.823962749697e-06,4.68605738705912
"NUDT3",0.487201132534369,-0.297353058336161,5.02278601414942,8.34583822815699e-07,2.823962749697e-06,4.6856007781206
"CENPV",-0.930145796246363,-0.473466424111736,-5.02020603376319,8.45065611376017e-07,2.85791521643849e-06,4.67356804732857
"CD2",-0.817954646329934,-0.513561384282185,-5.0198324775078,8.46593788421883e-07,2.8615676755287e-06,4.67182626363794
"RFC5",-0.382872478970887,0.181461473738532,-5.01837156353526,8.52595936817972e-07,2.88033071776865e-06,4.66501551646032
"NUDT21",-0.322937958035305,0.246582120816505,-5.01740152162376,8.56604062430089e-07,2.89234105690963e-06,4.66049414320375
"ARF4",-0.432786668053827,0.243242668349163,-5.0156657679613,8.63821573492742e-07,2.91516952788116e-06,4.65240565306494
"UBASH3B",-0.498579123231937,-0.16883921241814,-5.01404394836328,8.70618467839584e-07,2.9365551596174e-06,4.64485025820193
"IDI1",-0.724596719088472,-0.134339811671843,-5.0116258222189,8.80848768099264e-07,2.96949281114773e-06,4.63358909114864
"YBEY",-0.616903760150556,0.0527555478844673,-5.01039364448083,8.86106333580396e-07,2.98564060153606e-06,4.62785265649902
"TMA7",-0.947751296286624,-0.0612024763351416,-5.01020955486627,8.86894425131006e-07,2.98671988631934e-06,4.62699572660831
"RPS24",-0.392283073045609,0.255473491572063,-5.00992697988182,8.88105453854159e-07,2.98922157240844e-06,4.62568040379621
"POP4",-0.486928626239161,0.221043979667767,-5.00935629267353,8.90556121208609e-07,2.99589085032506e-06,4.62302417777132
"CYB5A",0.800335178600431,-0.435436173991597,5.00767008274159,8.97835386216171e-07,3.01878827856254e-06,4.61517734253173
"TBC1D13",0.333108383750036,0.0662713155046381,5.00514413158491,9.08847546302298e-07,3.05420609638956e-06,4.603426987123
"CYFIP1",0.324493816097598,-0.0460253016015484,5.00096638709402,9.27348185865661e-07,3.11473864637151e-06,4.58400390514316
"DDX3X",-0.339261895822147,0.326805422617618,-4.99910774026906,9.35695561966514e-07,3.14112311417255e-06,4.5753672010549
"RBM15",-0.260911559422479,0.148229526393014,-4.9989681002215,9.36325626342971e-07,3.14158650772458e-06,4.5747184372732
"KLF16",-0.566098297532682,0.183445126258746,-4.99432984406451,9.57488453890296e-07,3.21090534563526e-06,4.5531780758896
"STOM",0.582302678643794,-0.528385186687748,4.99097462063635,9.73084789904989e-07,3.26149416458969e-06,4.53760691192204
"TSPAN1",-1.2517550703556,-1.10044916963113,-4.99059042359237,9.74886279587373e-07,3.2658178883344e-06,4.53582447632247
"CALCOCO1",0.435993836702717,-0.234966713422359,4.98302757525457,1.0110119280378e-06,3.38506091270128e-06,4.50076157430271
"SCRN1",0.563675578326882,-0.0312301074057675,4.97999019403021,1.02588206934304e-06,3.43304874882353e-06,4.48669252712398
"CRK",0.348817837618457,-0.207655311644814,4.9790981327495,1.03028936912161e-06,3.44599142055605e-06,4.48256193101102
"LUC7L2",-0.361984877170651,0.247274773525218,-4.97777856817748,1.03684236826278e-06,3.46609346667951e-06,4.47645299287943
"ERP44",-0.360106641507894,0.248740920646365,-4.97674435368117,1.04200646039749e-06,3.48153388259445e-06,4.47166605954057
"GFPT1",-0.606101634639755,0.173065923380777,-4.97662437945044,1.04260712901125e-06,3.48171889055274e-06,4.47111080590049
"ASF1A",-0.468094021457135,-0.0969745818274906,-4.97607494356735,1.04536224026705e-06,3.48909456565872e-06,4.46856810467412
"FH",0.433426966171729,0.0491053111327938,4.97418420797139,1.05489710515129e-06,3.51826590354767e-06,4.45981992892586
"CAPN1",0.291941341541904,-0.051432828208978,4.97412357498501,1.05520426081344e-06,3.51826590354767e-06,4.45953943570072
"ATAD3A",-0.540222628688756,0.303943518754984,-4.97282871013988,1.06178448832214e-06,3.53835801562466e-06,4.45354998575004
"SFT2D3",-0.553401134733555,0.0375058453415534,-4.97258450996564,1.06302990001606e-06,3.54066036077336e-06,4.45242057830203
"NUP153",-0.333259673443518,0.187235876975184,-4.97194738263088,1.06628587806377e-06,3.54965345747505e-06,4.44947413696185
"RBM34",-0.561462351921048,-0.0195297130392535,-4.96983775574252,1.07713588260981e-06,3.58342480199227e-06,4.43972033404581
"BTN3A3",0.521902100517216,-0.433287126211637,4.96975707260255,1.07755295533675e-06,3.58342480199227e-06,4.43934736845395
"ATP6V1B2",0.29134517496869,0.0625160208333731,4.96570229075828,1.09871547371509e-06,3.65189916692911e-06,4.42061046065825
"PACS2",0.348548380491943,-0.0229889584523231,4.96557767524728,1.09937218311421e-06,3.6521807435922e-06,4.42003482823201
"PANK2",0.274932083452409,-0.0977175864874894,4.96276694695885,1.11428559667141e-06,3.69979903002962e-06,4.40705462498263
"RXRB",-0.340876071712981,0.0659492184479797,-4.9616337230281,1.12035351115878e-06,3.71801308147027e-06,4.40182308187362
"PDLIM4",0.696884643642865,0.0908199432436797,4.96116920405692,1.12285002435724e-06,3.72436228858234e-06,4.39967892122039
"TRAPPC5",0.321930831801539,-0.000386588922350346,4.96053103383426,1.12628857980893e-06,3.73267856782351e-06,4.3967334902801
"YTHDC1",-0.341920001195649,0.277235031253014,-4.96048695028098,1.12652648397743e-06,3.73267856782351e-06,4.39653003770741
"FBP1",0.861318369731038,-0.446998571175731,4.95851238362881,1.13723251618171e-06,3.76619793351671e-06,4.38741869695369
"COX15",-0.690142485027385,-0.0878444493993086,-4.95827148483779,1.13854537269422e-06,3.76859108587485e-06,4.38630731953452
"HSPD1",-0.602714866903628,0.249422544909325,-4.95724450296567,1.14415869874889e-06,3.78520895933246e-06,4.38156989937703
"IGF2",0.797106416176149,-0.004068382447141,4.95615313711017,1.15015325390634e-06,3.80307018445987e-06,4.37653640519922
"BIRC2",0.290898625680659,0.155045319817496,4.95419186904082,1.16100230916652e-06,3.83695638924858e-06,4.36749322965303
"PYCR2",-0.695061596392291,0.291619660090665,-4.95251463916051,1.17035856683156e-06,3.86587659038774e-06,4.35976216650582
"BRI3BP",-0.659839154237487,-0.178344328443042,-4.95161180353064,1.17542507325671e-06,3.88060449469704e-06,4.35560154827079
"DDX10",-0.476963123554953,0.150841844734461,-4.94893121476822,1.19059313940287e-06,3.92864971322341e-06,4.34325220211269
"VPS29",0.47725246045088,-0.0464330150060986,4.94860225650217,1.1924675248192e-06,3.93280224481953e-06,4.341737103822
"DSC2",-0.837943449894889,-0.349579531521958,-4.94409383767163,1.21844539331427e-06,4.01640363258216e-06,4.32098121702423
"ANXA7",0.342779530249992,-0.0113426578974893,4.94011375334582,1.24183279499979e-06,4.09138410530118e-06,4.30267123247077
"CD5",-0.763186547049388,-0.283013877730019,-4.93995740603544,1.24276030778026e-06,4.0923282956044e-06,4.30195223161479
"FDPS",-0.601674012927098,-0.222601988446966,-4.9387367186151,1.25002495072289e-06,4.11412851049776e-06,4.29633928035205
"TOMM20",-0.625354899340815,0.209964854312504,-4.93807529782298,1.253978369678e-06,4.12501385388668e-06,4.29329844225575
"CD55",0.782997397341958,-0.502511627174674,4.93794303711061,1.2547703616016e-06,4.12549369661494e-06,4.29269042455951
"THTPA",0.410230440194116,-0.139536192662765,4.93766630288971,1.25642904105537e-06,4.12882111535693e-06,4.29141829096733
"MEPCE",-0.375779431592721,0.185534820438801,-4.93507366458022,1.27207195886576e-06,4.17807585255034e-06,4.27950304640427
"CDK5",-0.383518527781638,0.23073824148549,-4.93301577895071,1.28462220561812e-06,4.21712739479264e-06,4.2700492597536
"HELZ2",-0.528376155841679,-0.029123328287977,-4.93114896752132,1.29611059513796e-06,4.2526547533175e-06,4.26147619691846
"NRP1",0.50427664469086,0.0371333150217555,4.92609975473361,1.32768309512042e-06,4.35400953381813e-06,4.23830243940423
"PDRG1",-0.392420648415346,0.307826044190562,-4.92433227992764,1.33890961814617e-06,4.38857182333845e-06,4.23019531572554
"PLPP3",0.529670790061215,-0.68188762749905,4.92194691100806,1.35420633972212e-06,4.43643277533389e-06,4.219257991564
"IP6K1",0.27888054983207,0.00626788148510114,4.92056379599551,1.36315306583616e-06,4.46345247454558e-06,4.21291826775611
"PDIA4",-0.533694895518812,0.303553112283209,-4.92009131449533,1.36622239296887e-06,4.4712096253748e-06,4.21075292738297
"CCNB1",-0.814108037499328,-0.0959279873350478,-4.9177088056248,1.38180160655808e-06,4.51987871817281e-06,4.19983683729157
"HSPB8",0.930335594666074,-1.10855871890112,4.91753038766868,1.38297516276712e-06,4.52140113377782e-06,4.19901955227403
"HNRNPD",-0.552326400343234,0.277191319236103,-4.91659670438474,1.38913224830859e-06,4.5392064511005e-06,4.19474301596968
"APOOL",0.485728714700505,0.0564996426675822,4.91538169025109,1.39718420458268e-06,4.56318217200022e-06,4.18917895378668
"RPP30",-0.349958858723646,0.180939878722795,-4.91312718718025,1.41224450787718e-06,4.60930981178969e-06,4.17885777915666
"WDR92",-0.313550126944827,0.132051721970599,-4.91305167329176,1.41275165257203e-06,4.60930981178969e-06,4.17851214534932
"PCBD2",0.513425667017719,0.0164234815608287,4.91195766798833,1.4201186624431e-06,4.62912394847537e-06,4.17350530010608
"CEP55",-0.672848771879457,-0.0473913251184941,-4.91193455900547,1.42027467737874e-06,4.62912394847537e-06,4.17339954948538
"DHFR",-0.786687430355887,0.0316134745507634,-4.91049046670072,1.43005704450052e-06,4.65862970874278e-06,4.16679199082481
"SLC38A10",-0.445255304761736,0.00166867875560895,-4.90952453506705,1.43663661443168e-06,4.67767709492415e-06,4.16237323075918
"PARK7",0.420883768065746,-0.075820123297084,4.90877164883314,1.44178526605917e-06,4.69204838113547e-06,4.15892959090451
"IFI16",-0.621102927965803,0.132863370700489,-4.90786054386823,1.44803974211613e-06,4.71000191207919e-06,4.15476288162098
"MTERF3",-0.594288207021094,0.0734157188268253,-4.90669370854411,1.45608801593153e-06,4.73376882979777e-06,4.14942762963305
"COPZ1",-0.348316305063694,0.1920142272784,-4.90560393673218,1.46364375124292e-06,4.7559111204509e-06,4.14444573352848
"EML4",-0.389372588654965,0.149905567728721,-4.90248476128939,1.48547989242025e-06,4.82440951836383e-06,4.13019169539632
"DIMT1",-0.399946861837394,0.202876011093081,-4.90167284327128,1.49121522524765e-06,4.84057407890506e-06,4.12648266953704
"OGFR",-0.416547735257332,0.0901669621221218,-4.89704528226237,1.5243145640651e-06,4.94550228229454e-06,4.10535305647645
"DYNLRB1",0.439190038391371,0.030699143626761,4.89685573448587,1.52568535007978e-06,4.9474357340068e-06,4.10448794213302
"SRPK2",-0.395909106369678,0.0840850718392205,-4.89427083102426,1.54449828551002e-06,5.00589926547282e-06,4.09269308236403
"C1orf35",-0.533896674600484,0.159633359819892,-4.89183293974636,1.56244641175648e-06,5.05973255371467e-06,4.08157396966665
"PPID",-0.412546079713942,0.245243424678373,-4.89179968111356,1.56269265402119e-06,5.05973255371467e-06,4.08142231165368
"LBR",-0.610125800820023,0.0203436407865868,-4.88771518051891,1.59322033924429e-06,5.15596141210075e-06,4.06280393381701
"FAM3C",-0.649302524129474,0.150209618983682,-4.88732881272317,1.59613769603184e-06,5.16278581011311e-06,4.06104344991514
"ZFP91",-0.34799492070325,0.00345612450156884,-4.88637794993526,1.60333938445431e-06,5.18345416189407e-06,4.05671135860808
"PTPN23",0.250172550298701,0.0107015127896091,4.88497713843929,1.61400610390711e-06,5.2132715424053e-06,4.05033064791541
"CEP44",0.554761915374898,-0.10715755982486,4.88495235555072,1.61419543294209e-06,5.2132715424053e-06,4.05021777585039
"SPATA5L1",0.28881008969122,-0.0265388511899384,4.88434884992243,1.61881254317647e-06,5.22553998391393e-06,4.04746930135062
"NABP2",-0.319318615487388,0.325526269107219,-4.88395803481802,1.62180926780712e-06,5.23256805202044e-06,4.04568961491975
"STX18",-0.477653522993248,-0.0594414282453875,-4.88372908817094,1.62356729135631e-06,5.23559452288385e-06,4.04464709922918
"LANCL2",0.463374566869042,-0.0548529075140344,4.88148066804068,1.64093039814589e-06,5.28891498847122e-06,4.03441109457097
"TPD52",-0.689774261031047,-0.0659659793407133,-4.87665905980295,1.6787711341914e-06,5.40815019768521e-06,4.01247431967886
"ADPRH",0.41737044806709,-0.217335576960185,4.87463472567796,1.6949083122495e-06,5.4573825384332e-06,4.00326983887457
"TRMT1",-0.452971565152884,0.0298633303180807,-4.87220613439538,1.71446572237219e-06,5.51757239785606e-06,3.9922315987139
"PSPC1",-0.411345938193592,0.215760837424549,-4.87184496183597,1.71739278555192e-06,5.52420802808515e-06,3.99059043261129
"LSM14A",-0.343279400586259,0.109207922002964,-4.87044483645125,1.72878553873965e-06,5.55805421190969e-06,3.9842292662049
"MLKL",-0.555621380617846,0.0465350534422533,-4.87016540804513,1.73106795155278e-06,5.56259127864342e-06,3.98295993324584
"CTSZ",0.596728226465112,-0.16416252594797,4.86920318319309,1.73894982491129e-06,5.58510796381217e-06,3.97858940792758
"DMPK",0.542640349991143,-0.467063794010306,4.86879124735323,1.74233469584883e-06,5.59316592910747e-06,3.97671858108243
"MTM1",0.327588526534749,-0.17644363303373,4.8672523725384,1.75503595967611e-06,5.63110784046831e-06,3.96973091782235
"ARMCX3",-0.6041324358751,0.14662145575,-4.86690759517479,1.75789384713637e-06,5.6374446077176e-06,3.96816562837253
"DVL3",0.29812730868418,0.129156574740148,4.86661364289159,1.76033398882761e-06,5.64243600334553e-06,3.96683116064888
"REXO4",-0.592989026343263,0.143983966084415,-4.8664344306218,1.76182326062831e-06,5.64437607582127e-06,3.96601761730794
"UBR5",-0.307352551096909,0.204827477420349,-4.8644518236675,1.7783802894032e-06,5.69456276220632e-06,3.95701920195514
"NDUFV1",0.373661402388266,-0.0408783464452375,4.86357850441294,1.78572106068281e-06,5.71520249246104e-06,3.95305649420894
"CTSH",0.846523784920918,-0.251578416491297,4.86298695273177,1.79071001387331e-06,5.72829831592238e-06,3.95037266387557
"POLR1D",-0.456921494541196,0.0965201522932318,-4.86228055690682,1.79668515209839e-06,5.74453414929805e-06,3.94716816377951
"SPTY2D1",-0.534851613768846,0.27517716796291,-4.86010632149686,1.81519722030123e-06,5.80081794375543e-06,3.93730747419374
"LDAH",-0.478697873071015,0.0544874630585022,-4.85835828004422,1.83021393192748e-06,5.84588091813754e-06,3.92938244914171
"UCHL5",-0.351073884467863,0.204862233325,-4.85629857938659,1.84806188953353e-06,5.8999375823358e-06,3.92004763717166
"HSPA4",-0.322308103797301,0.14375037324269,-4.85438374580674,1.86480512943502e-06,5.95041516813723e-06,3.91137245678089
"CLDN3",-0.99794898071909,-0.361469731003913,-4.85295864422388,1.87736110050951e-06,5.98748782555107e-06,3.90491793845248
"RANBP3",-0.432678228579469,-0.101794532313933,-4.85171143199275,1.88841668258142e-06,6.01974064816894e-06,3.89927045781301
"SETDB1",-0.296703980766262,0.142246433565408,-4.84896202541482,1.91301044139766e-06,6.09509564287627e-06,3.88682536022507
"SIVA1",-0.763025168750123,-0.0474828551678527,-4.842007538824,1.97660681327124e-06,6.29458079937001e-06,3.85537340874731
"URM1",-0.542121317691439,0.0354698156558245,-4.84072801440594,1.98852774552493e-06,6.32938666758558e-06,3.84959097048599
"SDR16C5",-1.1665160468326,-0.58382148135555,-4.8390269435471,2.00448356538706e-06,6.37699430243966e-06,3.84190552813654
"ETHE1",0.588185033190876,-0.165760238181128,4.83604468230582,2.03275540500022e-06,6.46371676340956e-06,3.82843731914238
"CUL4A",-0.345940031649021,0.116687995685893,-4.83475880811156,2.04506385779919e-06,6.49961808464302e-06,3.82263239687992
"FAHD1",0.689267131471353,-0.0749448137817267,4.83403224442983,2.05205032519924e-06,6.51857777432695e-06,3.81935300589067
"MTMR12",0.365463983261196,-0.23148948653172,4.83230619941006,2.06874003432622e-06,6.56717424961626e-06,3.81156410749525
"RPL27A",-0.399623122075336,0.28085036176415,-4.83223764838264,2.06940557403726e-06,6.56717424961626e-06,3.81125481603986
"SLC30A6",-0.420644720710046,-0.0589380541144616,-4.83094426633682,2.08200138886811e-06,6.60386431590805e-06,3.80541999322731
"CBR3",0.612997009932968,-0.169743774877262,4.82723365035564,2.11854971534484e-06,6.71645478275908e-06,3.78868784759868
"CBX3",-0.443112158105677,0.446251033508526,-4.82583673386493,2.13246861603068e-06,6.75722685526346e-06,3.78239167414669
"PPP3CC",0.31399546400131,-0.0878741044036483,4.82307027683823,2.1602944691574e-06,6.84200406030259e-06,3.76992738441866
"FCER1G",-0.891097941113495,-0.0324926309295251,-4.8224141137737,2.16694556676233e-06,6.85966655616135e-06,3.76697194796017
"COL2A1",0.919367905481445,-0.122741869423208,4.82220808383992,2.16903803014538e-06,6.86288791995949e-06,3.76604403666033
"BNIP2",0.425165883171339,-0.37147330464785,4.82063777484386,2.18505043573874e-06,6.91012730668246e-06,3.75897285810767
"GPATCH1",0.553138827866264,-0.243098638489452,4.81954023532497,2.19630966146944e-06,6.93941714066748e-06,3.7540317710224
"TTC39C",-0.484618577999671,0.0242227937698266,-4.81952310547808,2.19648583262161e-06,6.93941714066748e-06,3.75395466075386
"TK2",0.466191244827693,-0.0674581829275771,4.81854592287878,2.2065582243351e-06,6.96779142550922e-06,3.74955625232625
"AP5B1",0.324878116796172,-0.200063406167768,4.81744802938513,2.21792800673577e-06,7.00023248789319e-06,3.74461543459249
"SRGAP1",0.360783319418206,-0.106672163030228,4.81624491837025,2.23045231699903e-06,7.03279052147756e-06,3.73920223240406
"FCHSD1",0.369014262323613,0.0222715641072153,4.81615930204782,2.23134617295895e-06,7.03279052147756e-06,3.73881706045221
"FARP1",0.430572027070959,-0.190425899801951,4.81613998075155,2.23154793993947e-06,7.03279052147756e-06,3.73873013834703
"DDX47",-0.457700184788464,0.1117140990965,-4.81426383154471,2.25122409964047e-06,7.09130038293262e-06,3.73029121360659
"RPL3",-0.439965318051682,0.139457098523054,-4.81171971746542,2.27817305698153e-06,7.17265037910606e-06,3.71885234346192
"ITPKB",0.456952572278879,-0.425172227164222,4.80941826801866,2.30281940336368e-06,7.24667416977679e-06,3.70850906975752
"SEC11A",-0.453172674521514,-0.0113891840020766,-4.80910297124757,2.30621589841459e-06,7.25378744402815e-06,3.70709238421777
"POLR1A",-0.360698091556849,0.174906217607408,-4.80659903195893,2.33336135907211e-06,7.33555503578308e-06,3.69584459661132
"RPS11",-0.295313257949611,0.420813513098514,-4.80481850725317,2.35285141533074e-06,7.39318714905846e-06,3.68784951097475
"ORC5",-0.405796386676147,-0.0210096955196405,-4.80391130865166,2.36284211722175e-06,7.42092814484055e-06,3.68377690938826
"GINS3",-0.810779449864008,-0.0149430103976228,-4.80283422530971,2.37475683734354e-06,7.45468161575147e-06,3.67894252805122
"PTER",0.597680958669165,-0.0752721707999102,4.80204410143,2.3835340272853e-06,7.47855762369367e-06,3.6753967348292
"PTS",-0.692548100832787,0.106876469352708,-4.80118510468534,2.39311179506902e-06,7.50492083080338e-06,3.67154244016854
"OCIAD2",-0.743048184294649,0.430479253268658,-4.80077905122651,2.39765217864272e-06,7.51546841464594e-06,3.66972069815446
"RPL31",-0.379730395551305,0.222512690389285,-4.80036208011632,2.40232328582764e-06,7.52641520118229e-06,3.66785011394283
"IDE",-0.376426716053701,0.175575199873039,-4.79898717845335,2.41778784399758e-06,7.57115026185608e-06,3.66168313499702
"C4B",0.814777355967332,-0.613066683385525,4.79713867507333,2.43873073162531e-06,7.63298809873903e-06,3.65339428525675
"PF4",1.07623811358058,-1.51939106942955,4.7967508192793,2.44314715061485e-06,7.64306445697002e-06,3.65165545859426
"BTF3",-0.495580355640888,0.0248057784160503,-4.79645305917522,2.4465429044303e-06,7.6490358068977e-06,3.65032062992024
"TM9SF4",-0.533333426172456,0.110769110728086,-4.79637342372997,2.44745186429005e-06,7.6490358068977e-06,3.6499636444204
"CDK17",0.308074608013259,-0.150388032785234,4.79424652823493,2.47184912502563e-06,7.72150521687311e-06,3.64043121852093
"INPPL1",-0.33885409388348,0.0670410965339433,-4.79007767847988,2.52035140097461e-06,7.86916562113587e-06,3.62175772783967
"TEX10",-0.353315367194874,0.0163133181306629,-4.78948053554884,2.5273735305122e-06,7.88723362283501e-06,3.61908410788551
"MED23",-0.312544258324161,0.0528167145094275,-4.78849747547599,2.53897498188915e-06,7.9195677866938e-06,3.61468323208654
"OSBPL1A",0.406800864632166,-0.39325502801472,4.78835771996615,2.54062845091155e-06,7.92085579056166e-06,3.61405765086805
"DPH1",-0.423003736714059,0.155158082773244,-4.78736553625132,2.55239701648242e-06,7.9536627380382e-06,3.60961684080731
"TOR1AIP1",-0.447493015981263,0.0379762548279855,-4.78480226275218,2.5830445283203e-06,8.04523868942688e-06,3.59814786250246
"PIK3C2B",0.368802923011354,-0.141256435316626,4.78355620278018,2.59807077979101e-06,8.0880945533718e-06,3.59257448682028
"SPECC1L",0.289320937324053,-0.124699118893399,4.78248694416349,2.61103213989484e-06,8.12448353471178e-06,3.58779291510233
"HACD2",-0.802058540312343,-0.235623543770384,-4.77530143313068,2.69976478273231e-06,8.39649203007588e-06,3.55568447128766
"LPCAT1",-0.763536412663945,-0.150321217306567,-4.77256945229327,2.73425848685774e-06,8.49963020379099e-06,3.54348764746228
"NEDD4",0.433746003771074,-0.215124177367118,4.77215911970334,2.73947586097916e-06,8.5117048040642e-06,3.54165625828852
"YIPF6",-0.536363543618389,0.00753166720708452,-4.76900655293447,2.77988206031324e-06,8.63304812991247e-06,3.52759035181873
"TRIP12",-0.313710515806484,0.143506310764282,-4.76836666680045,2.78815327701033e-06,8.65452536398198e-06,3.52473634000587
"SHROOM3",0.438970128653996,-0.225396482654368,4.76821098909307,2.79016916374898e-06,8.65657439773431e-06,3.52404203876534
"REEP3",-0.474135881926679,-0.140944235199223,-4.7673468078687,2.80138510697938e-06,8.6871509995451e-06,3.52018826792568
"APEH",0.44585388879626,-0.145717155054871,4.7664791840287,2.81268944368502e-06,8.71797189219848e-06,3.5163197569812
"ANKMY2",0.3885546731811,0.0729194265054064,4.76625750221909,2.81558479761328e-06,8.72271175776847e-06,3.51533143333423
"CALU",-0.550330476087384,0.229316330136008,-4.75981983562568,2.90093048300504e-06,8.98275515712279e-06,3.48664786282338
"INTS13",-0.348569464063012,0.111571344999772,-4.75845826808993,2.91929788138305e-06,9.03524816899213e-06,3.48058561080123
"KRI1",-0.43930929408245,0.288288371277398,-4.75805014222406,2.92482525366338e-06,9.04796959527165e-06,3.4787687630035
"CRIP1",0.949243481494179,-0.458360718747529,4.75728632958572,2.93519691404508e-06,9.07565728628468e-06,3.47536887465777
"ACOT7",-0.557694433975418,-0.035115518922257,-4.75629154962366,2.94875798885991e-06,9.11317510109899e-06,3.47094161611886
"PRAF2",-0.626270733568402,-0.228057305094534,-4.75587508800846,2.95445320503208e-06,9.126358836057e-06,3.46908839738348
"MGST1",-0.935654780754227,-0.561589625315788,-4.75480804246221,2.9690937364551e-06,9.16714869790415e-06,3.46434078099459
"DPH6",0.366212834655843,0.0188226484584977,4.75427541045381,2.97642791667964e-06,9.18535149734148e-06,3.46197128352807
"CIZ1",0.324752311984822,-0.0131105863801792,4.7515879768418,3.0137001401668e-06,9.29588183331644e-06,3.4500193405799
"ACTA2",0.996936665144025,-0.666383548549242,4.75094123066159,3.02273683356686e-06,9.31925383019044e-06,3.44714391706135
"OSBPL3",-0.468957069265589,0.178836467816874,-4.74659272977516,3.08417802611792e-06,9.50409106986627e-06,3.42781941092147
"SAP30L",0.439053438766903,0.0685714371677356,4.74381303663515,3.12408171581202e-06,9.62241281015908e-06,3.41547468789535
"CHI3L1",-0.935569162529255,-0.425797088153314,-4.74344967630104,3.12933453065531e-06,9.63394454109651e-06,3.41386145693547
"GAN",-0.488505379098152,-0.0671918445609524,-4.74253268194366,3.14262866341028e-06,9.67020916427694e-06,3.40979070563577
"SF1",-0.242013186749923,0.259534738199515,-4.7411848108809,3.16226825951151e-06,9.7259551237866e-06,3.4038084385559
"CSTB",-0.701007579671953,-0.256980496683674,-4.74062271095414,3.1704934153298e-06,9.7451134728039e-06,3.40131410417519
"MAP7",-0.600387723764962,0.0247732714953719,-4.74055061693564,3.17154985066351e-06,9.7451134728039e-06,3.40099420358823
"OAS3",-0.713396088537312,0.109610037367196,-4.73834085967805,3.20409572168913e-06,9.8403805593964e-06,3.39119097396028
"C16orf70",0.325878056687787,-0.00985742911326646,4.73734520956326,3.218864846802e-06,9.88098656097632e-06,3.38677523692141
"DHTKD1",-0.680016152538826,-0.226641258915871,-4.73283960591827,3.2865233626152e-06,1.00838306921182e-05,3.36680287793836
"CFHR1",0.777757835435299,-0.128373248480396,4.73069836403887,3.3191556733088e-06,1.01790629078178e-05,3.35731703352769
"LMAN2L",-0.467826896113241,-0.160392822548375,-4.73053701696878,3.32162719267722e-06,1.01817521004532e-05,3.35660240703886
"NT5C",0.453163633296238,-0.230401858318536,4.72944486213266,3.33840353179693e-06,1.02282660990995e-05,3.35176567517829
"RBBP7",-0.431766268629405,0.166718094770576,-4.72731740997055,3.37131750086453e-06,1.03241545530072e-05,3.34234681061304
"HNRNPA1",-0.546581941090895,0.113505122399621,-4.7260953327056,3.39036547445455e-06,1.03775088947231e-05,3.33693798351242
"CAMK1",0.425985637426736,-0.115753499617672,4.7257358074769,3.39598894164587e-06,1.03897409642592e-05,3.33534698284145
"NDUFV2",0.330074503342515,-0.030046101179539,4.72388113083804,3.42514165060647e-06,1.04739125666295e-05,3.32714119373578
"IPO11",-0.349449228498915,-0.0267495787959087,-4.72240575198202,3.44850438319971e-06,1.05403065996794e-05,3.32061556980408
"MRPL18",-0.413226391201941,0.134770417673064,-4.71969010390306,3.49190876952966e-06,1.06678648294004e-05,3.30860886956186
"CPTP",0.318539298105598,-0.129745985478331,4.71948676696879,3.49517980738611e-06,1.06727513487137e-05,3.30771009830725
"PPP2R1A",0.212925751401367,0.0390055244564161,4.71809909004374,3.51758199910644e-06,1.07360234532957e-05,3.30157731915349
"RCC1",-0.473235288361255,0.301362264139634,-4.71789583280461,3.52087490577489e-06,1.07409394521608e-05,3.30067916469898
"NOSTRIN",0.803532574817727,-0.882878167720294,4.71631925059859,3.5465176428856e-06,1.08139995939945e-05,3.2937137005327
"FEZ2",0.341394363498979,0.0252662085184299,4.71588496006239,3.55361281532436e-06,1.08304619693776e-05,3.29179532805814
"SCAMP1",-0.400242171003716,-0.0361257143164078,-4.71235634157892,3.61177021807385e-06,1.10024584171763e-05,3.27621423845746
"MRPS27",-0.395044366899456,0.163883964748875,-4.70856639777298,3.67525545351125e-06,1.11905131476726e-05,3.25949058310131
"PRCP",0.467032752234501,-0.122157988695471,4.70753590993395,3.69270210205572e-06,1.12382759397644e-05,3.25494544524983
"CPXM2",0.648019767845644,-0.157343854330038,4.70541110916066,3.7289281089823e-06,1.13431186164135e-05,3.24557640330018
"MAPKAP1",0.249608795829649,-0.00937083690015,4.70316081388008,3.76766676341685e-06,1.14555010878174e-05,3.23565804061316
"EMC1",-0.303949290374972,0.0688023666852626,-4.69993011247476,3.82396128496781e-06,1.16211293691192e-05,3.22142570933955
"MFF",-0.342576307639657,0.0349112205905324,-4.69929701283988,3.83508746584252e-06,1.16493974640364e-05,3.21863769360149
"NUCKS1",-0.679899023667514,-0.140357592119949,-4.69856812655691,3.84793561802621e-06,1.1682032813273e-05,3.21542826364587
"H6PD",0.434798174115161,0.199676235520901,4.69848007408437,3.84949053079506e-06,1.1682032813273e-05,3.21504058072787
"DYNLL1",0.280946067736057,0.0235962257108924,4.69815977485631,3.85515177829124e-06,1.16936551564796e-05,3.21363040089931
"RSBN1L",-0.306333718407863,0.0816175859462074,-4.69797651456818,3.85839448484609e-06,1.1694439594781e-05,3.21282359954571
"TMX3",-0.424365112448599,-0.159311056177168,-4.69793815970252,3.85907348883375e-06,1.1694439594781e-05,3.21265474616465
"NDUFS1",0.345485340856481,-0.0382332161985675,4.6953396923588,3.90534359025633e-06,1.18290411877546e-05,3.20121806656147
"COA7",-0.460722698029638,0.124135503036801,-4.69502418172744,3.91099802360747e-06,1.18405511525527e-05,3.19982978089467
"SAMD1",-0.393457819685776,0.00991236690887909,-4.6937482868627,3.9339445072243e-06,1.19043770988754e-05,3.19421651842514
"TRIM24",-0.394267531401035,0.106822051565492,-4.69338505630945,3.9405007386696e-06,1.19185680797752e-05,3.19261874016948
"TXNDC15",-0.468323779886945,0.00384010819441269,-4.69261420891334,3.9544492346347e-06,1.19550939219425e-05,3.18922829562421
"CELF1",-0.346065158670423,0.221112415131607,-4.69202945592862,3.96506204497302e-06,1.1981505516873e-05,3.18665668145658
"SLC43A2",0.642718073898965,-0.400156244907795,4.69074180678935,3.98852863528578e-06,1.20467149178334e-05,3.1809948740182
"DDX23",-0.255716585138008,0.318340652406647,-4.6889916408334,4.02063877409128e-06,1.2137956771902e-05,3.17330155487022
"SMPD2",-0.537363945830133,-0.205468114764933,-4.68775833725189,4.04341541053197e-06,1.22009486749748e-05,3.16788175029633
"UQCRC2",0.4136731165289,0.0946568337278615,4.68620355393868,4.07230617974058e-06,1.22823216616172e-05,3.16105096721343
"SARAF",-0.602799315001697,-0.305889464106624,-4.68588934818059,4.07816879761786e-06,1.22941963044335e-05,3.15967077687478
"PTPRC",-0.632978831779592,-0.246977082206913,-4.68508246610274,4.09326127932827e-06,1.23338712923601e-05,3.15612681168563
"MSTO1",-0.446407090272746,0.129380671227041,-4.68258081726914,4.14039640259763e-06,1.24700146370688e-05,3.14514253391883
"STX10",-0.373306944812353,0.0379279906981254,-4.68135631962379,4.16365796660904e-06,1.25341612997637e-05,3.13976786288984
"TMEM119",0.668969786110298,-0.400872829701826,4.68080689003615,4.17413622290822e-06,1.25597831212389e-05,3.1373566589026
"ACBD5",-0.540919153768457,0.0442757861667592,-4.68041204015239,4.18168213681377e-06,1.25765616785473e-05,3.13562399000852
"GFER",0.422265316733709,0.0444512188475871,4.67608925944176,4.26515762949843e-06,1.28215779022352e-05,3.11666325736302
"FKBP2",-0.455579552809649,-0.0761315905686576,-4.67556246225918,4.2754393748634e-06,1.28464378392954e-05,3.1143536496498
"TTC27",-0.312104478770671,0.10509200228621,-4.67382669606319,4.30948620723889e-06,1.29426478989747e-05,3.10674523830017
"SART1",-0.24450500044529,0.24451851120942,-4.67330369572512,4.3197958501525e-06,1.29675112850135e-05,3.10445324767579
"MTSS1",0.558821396608381,0.00411737400678582,4.67074826895617,4.37051200286751e-06,1.3113589820634e-05,3.09325760517553
"FBLN5",0.823943038150467,-0.154859598627687,4.66977882171215,4.38990163115504e-06,1.31655809839948e-05,3.08901173952699
"UVRAG",0.293374136698488,-0.0511991859139131,4.66900616243756,4.40541462256826e-06,1.32059025188255e-05,3.0856282944294
"ANXA11",0.322367919344502,0.111311851320874,4.6674310261745,4.43720283879499e-06,1.32911498372704e-05,3.07873235260207
"PRAM1",0.523671097226165,-0.17885732885758,4.6673908813491,4.43801588928119e-06,1.32911498372704e-05,3.07855662531388
"XAF1",-0.6515195578704,-0.109240793900243,-4.66699795863557,4.44598129990961e-06,1.33087625878682e-05,3.07683674146757
"NT5DC2",-0.602692532644124,-0.0288341081116926,-4.66557319715531,4.47497991650174e-06,1.33892908935631e-05,3.07060140273539
"CHAMP1",-0.329975298719628,0.104598789801292,-4.66505294852964,4.48561399888661e-06,1.34148221933916e-05,3.06832499778302
"DNAJB14",-0.391843387391268,-0.0992810851325591,-4.66347520190273,4.51801266437455e-06,1.35053889803518e-05,3.06142275435452
"STRBP",-0.443165217512948,0.317622150627889,-4.66282656262603,4.53139754249024e-06,1.35390609774451e-05,3.05858571458461
"RPS17",-0.248319208487835,0.321564003657193,-4.66010810440608,4.58791004765308e-06,1.37014993705636e-05,3.0466993945195
"RAB8A",-0.34900836945277,-0.0634092876576104,-4.65682861845998,4.65698832748241e-06,1.39012952178472e-05,3.03236809472426
"RPL27",-0.411313921233606,0.116073075398628,-4.65608671594496,4.67275381991326e-06,1.39418379159562e-05,3.02912721948952
"TRIP13",-0.876527050748065,-0.17264875932547,-4.65521585799197,4.69132515074181e-06,1.3990710456556e-05,3.02532360180767
"GRWD1",-0.366157978229721,0.145037975287998,-4.65451692304289,4.70628152043497e-06,1.40287616750594e-05,3.0222713377554
"POLA2",-0.432586844723555,0.171538078415518,-4.65095512359563,4.78321517515756e-06,1.42514367211297e-05,3.00672312381358
"SPAG1",-0.767031666502419,-0.162200459615068,-4.64979907233913,4.80844455703557e-06,1.43199246719553e-05,3.00167889212318
"PUM1",-0.298753080745619,0.143998392874449,-4.649569061619,4.81347950345759e-06,1.43282361909449e-05,3.00067541088742
"KIAA1191",0.392497081761406,-0.199146559398098,4.64841099663266,4.8389067630851e-06,1.43972132722732e-05,2.99562371430888
"NDUFB5",-0.510810350373397,-0.122542050778328,-4.64740966813746,4.86099674387909e-06,1.44562013086484e-05,2.99125662133411
"DHRS3",-0.694545853261629,-0.182663981482854,-4.64463417718968,4.92273426883381e-06,1.46329880384096e-05,2.97915618895251
"THOP1",-0.33845834576369,0.275600640085171,-4.64124940628787,4.99904579416776e-06,1.48529117709452e-05,2.96440803330677
"C4A",0.956580778831732,-0.872021084801508,4.63988516994993,5.03012392988716e-06,1.49382982755021e-05,2.95846643697448
"TOMM34",-0.495344009207499,0.231786992564945,-4.63790542565742,5.07555447549063e-06,1.50662088916818e-05,2.94984687273273
"SEC22B",-0.411608105789309,0.0656226163732231,-4.63698544351096,5.09680001360934e-06,1.51222435348028e-05,2.94584248164606
"PHACTR4",0.342788820587878,-0.149079667967769,4.63607370884603,5.11793947225339e-06,1.51779115329019e-05,2.94187467701534
"TMCO3",-0.693134304984489,-0.0201952251539885,-4.63507576416285,5.14117446775901e-06,1.52397395434732e-05,2.93753247741247
"RPL18A",-0.360248547067661,0.248582390913129,-4.63462069136184,5.15180351194296e-06,1.52641602894458e-05,2.93555266312701
"PPIL1",-0.302649816143047,0.297464415510281,-4.633625600832,5.17511933544919e-06,1.53261303139346e-05,2.93122407232239
"RTKN",-0.441752872502998,0.0853686617459036,-4.63241332570726,5.20366114234433e-06,1.5403512468182e-05,2.92595184245262
"TNFAIP8L3",0.592563805604964,-0.450603769168046,4.63135168848871,5.22878063406682e-06,1.54706971031124e-05,2.92133573704174
"WNT5A",-0.825822076854945,0.0128522288464867,-4.62976576964337,5.26652256627019e-06,1.55751489511974e-05,2.91444173242877
"ABHD16A",-0.401607387929593,-0.119007267187775,-4.62902903395952,5.28414451500241e-06,1.56200290408752e-05,2.91123984038938
"CHD1L",-0.492708820794077,-0.0468280584097282,-4.62841649517954,5.29883896689663e-06,1.56490123795024e-05,2.90857805522508
"VAPA",-0.394349329530065,-0.175501198681322,-4.62841598688489,5.2988511768965e-06,1.56490123795024e-05,2.90857584656083
"EIF3K",-0.309158932128701,0.0827004044670765,-4.62701628482285,5.33257695492009e-06,1.57413332672976e-05,2.90249460744054
"ZFPL1",-0.4253244668724,0.0258210645638684,-4.62305609852857,5.42911960130008e-06,1.60173853528733e-05,2.88529766690715
"ARPP19",0.39585128511839,-0.124027990433673,4.62297515446408,5.43111030367593e-06,1.60173853528733e-05,2.8849463056044
"SLC35E1",-0.514809898207152,0.0687294512010578,-4.62174171872644,5.46153186038585e-06,1.60996680187275e-05,2.87959288676884
"GPD1L",0.670592730222539,-0.442323915731547,4.62029389603046,5.49745016331181e-06,1.61980707396151e-05,2.8733105758097
"NSA2",-0.514553518078712,0.333053767268442,-4.61795741761969,5.5558942462067e-06,1.63627235987222e-05,2.86317590640097
"ITGB3",0.669208634497927,-0.716083982097741,4.61552336176849,5.61741436253647e-06,1.65362797163648e-05,2.85262277639494
"RBPMS",0.540977604204587,-0.191959921542817,4.61461361422,5.64057572891136e-06,1.65968092299996e-05,2.84867971590463
"MRPL34",-0.44200703856252,0.128640540948187,-4.61403144848427,5.65544530559277e-06,1.66328964883509e-05,2.84615683062371
"RETREG2",-0.500665040833318,-0.117519421087917,-4.61274528941687,5.6884298955604e-06,1.67222029848772e-05,2.84058409703541
"GATAD2A",-0.281194798077052,0.174582550479701,-4.61117046827999,5.72906941340944e-06,1.68339200205335e-05,2.83376249343406
"SEC22A",-0.413996399531784,0.058428731585023,-4.61103164871009,5.73266512167682e-06,1.68367372593866e-05,2.8331612712083
"CPB2",0.67240962781925,-0.160401275255378,4.60825521494092,5.80503773312934e-06,1.70414555981751e-05,2.82113998397958
"MELTF",-0.646345405420141,-0.206715160946242,-4.60621040108584,5.85890028404163e-06,1.71916720191203e-05,2.81229050382992
"CKAP4",-0.591144366706152,0.246857077165254,-4.60300688951293,5.94425140329538e-06,1.74341043684157e-05,2.79843339072972
"VPS26B",0.276082321693423,0.0771175782613143,4.60171162163343,5.97909948891831e-06,1.75282599801393e-05,2.79283298503047
"HDAC1",-0.356312603616421,0.165749865489385,-4.60139499626037,5.98764785230073e-06,1.75452645878569e-05,2.79146418901769
"DDX58",-0.565772943832515,-0.140735592632087,-4.6007304068716,6.00562889986529e-06,1.75898809750642e-05,2.78859138696514
"RAB29",-0.634692595495549,-0.144817058796211,-4.59980438350848,6.03076985046459e-06,1.76554174668576e-05,2.78458909998166
"CAMLG",-0.42395479713095,-0.0574250946380969,-4.59215929225267,6.24223043288242e-06,1.82632261350387e-05,2.7515739741733
"RASAL1",-0.75511994146715,-0.108370280482892,-4.59209257119391,6.24410691508058e-06,1.82632261350387e-05,2.75128605368003
"OXSR1",0.240860022893063,0.0257527505781337,4.58939925255587,6.32030892089981e-06,1.84776430677405e-05,2.73966668477597
"ANKZF1",-0.377878869885497,0.034001335592701,-4.58908369290672,6.32929532138093e-06,1.84954465112207e-05,2.73830570702778
"MACC1",-0.679924916628261,-0.035136812910145,-4.58773445523278,6.36785715394285e-06,1.85996193631862e-05,2.73248750632138
"LDLRAP1",0.395625751686106,-0.150134644016856,4.58254504597209,6.5182880123944e-06,1.90303013073334e-05,2.71012369905781
"CCT3",-0.260372574741942,0.171115577421811,-4.58177366245913,6.54093843996351e-06,1.90877019831659e-05,2.70680131659336
"RACGAP1",-0.75430454579918,-0.0900554967679963,-4.58134224163535,6.55363937633024e-06,1.91160289711597e-05,2.70494338295201
"OSBP",-0.245076413077582,0.172182265593046,-4.58059674933564,6.57564239215816e-06,1.91608711942026e-05,2.70173324903853
"ABHD6",0.375690922643381,-0.266780201834934,4.58058007161849,6.57613544168759e-06,1.91608711942026e-05,2.70166143906181
"PHF5A",-0.255122763374039,0.302606946204709,-4.58051648480801,6.57801560809586e-06,1.91608711942026e-05,2.70138765266026
"NUMBL",0.427016149738173,-0.066231766569458,4.58029195300862,6.58465880950158e-06,1.91676699070761e-05,2.7004209104867
"NES",0.503611761649112,-0.650288524774513,4.58023470587603,6.58635360628424e-06,1.91676699070761e-05,2.70017443440212
"UBAC2",-0.495447620033736,0.0455855006094876,-4.5780784959182,6.65049415885603e-06,1.93455148994514e-05,2.6908929017301
"CLIC6",-1.31741660882667,-0.704442900804399,-4.57713283067952,6.67881373371875e-06,1.9419046306828e-05,2.68682344393845
"HNRNPUL2",-0.271847659515517,0.240368646214822,-4.57652706101802,6.69701540331599e-06,1.94631057579302e-05,2.68421703931986
"PCDH1",0.486474777322496,-0.386166152446464,4.57517418323771,6.73783782789648e-06,1.95728364563781e-05,2.67839719930864
"CHMP4C",-0.529498595090713,-0.098039777604376,-4.57339550946918,6.79187240834563e-06,1.97208300715265e-05,2.67074796621484
"ANXA1",0.624858594457929,-0.207398104422846,4.57316194623803,6.79899871186906e-06,1.973254853422e-05,2.66974371599054
"PHF2",0.391366017521369,-0.0853377061858681,4.5692648448072,6.9189694920422e-06,2.00716129971329e-05,2.65299404084067
"VPS36",0.297707794574076,0.0538703010647986,4.56781325138987,6.96417405010986e-06,2.01935746185066e-05,2.64675833241574
"VAMP4",-0.337301416977185,-0.00239170494864643,-4.56744035167344,6.97583237715586e-06,2.02181977885339e-05,2.64515672356376
"TSEN34",-0.318493671894219,0.0905741683936919,-4.56693949713181,6.99152059058074e-06,2.02544732172677e-05,2.64300572843339
"UBQLN1",0.274084962784826,-0.0633866743970037,4.56241861780581,7.13466989504494e-06,2.06598037550394e-05,2.62359953730388
"PTPN2",-0.386873481535309,0.0377160618227652,-4.55653616835244,7.32515210764052e-06,2.12017661864391e-05,2.59837407014138
"LETM1",-0.540787212745106,0.0236482547286395,-4.55146527396403,7.49326727897746e-06,2.16785281269919e-05,2.57665178727533
"FCHO2",0.309089515467213,0.0637869186656964,4.55071478497476,7.51846090219012e-06,2.17390108855552e-05,2.57343871562588
"MTMR9",0.332638841457133,-0.153254558916034,4.5506397942093,7.52098277935652e-06,2.17390108855552e-05,2.57311768302284
"AP1S1",-0.423914812047909,0.02821042713496,-4.54908965654525,7.57329497291431e-06,2.18803114941438e-05,2.56648264779451
"CCDC28A",0.364452825285836,-0.121203497020959,4.54510819496012,7.70926306422526e-06,2.22630685956935e-05,2.54944998313423
"HPCAL1",0.39942275848482,-0.393466073969901,4.54488920264391,7.71680934341349e-06,2.22701611283111e-05,2.54851351720909
"MAGED2",-0.560490528839534,0.229394505418609,-4.54483451771793,7.71869484368871e-06,2.22701611283111e-05,2.54827967699641
"ACTR5",0.301007961773646,0.0413032941821204,4.54384092470756,7.75303042976347e-06,2.23591234390423e-05,2.54403136979412
"TREX1",0.383519396043236,-0.215528389092314,4.54305658231236,7.78023849977569e-06,2.24274595128974e-05,2.54067833449092
"NDUFS3",0.333546118300034,-0.0226385600134087,4.54281891318965,7.78850109642626e-06,2.24411459840621e-05,2.53966240841589
"RPS9",-0.331324902642295,0.29291242857817,-4.54229928958427,7.80659523970807e-06,2.24831351400704e-05,2.53744142006025
"EIF4ENIF1",-0.287933664619073,-0.0225620892011683,-4.53979200676774,7.89447177867663e-06,2.2725970381808e-05,2.52672787853766
"ZC3H4",-0.232938833389559,0.15897823265565,-4.53960845321257,7.90094224165676e-06,2.2734347099134e-05,2.52594376492982
"MRPS18A",-0.450265511485048,0.15236119819081,-4.53673385232353,8.00294191678333e-06,2.30174703327304e-05,2.51366754533517
"HEATR3",-0.445367009358056,0.0735334419884256,-4.53641865793034,8.01420260159412e-06,2.30394793386666e-05,2.51232189919949
"TBC1D17",0.411117068077811,-0.222396854040194,4.53602806080779,8.02817824771655e-06,2.30692700772593e-05,2.51065445384558
"TFB1M",-0.524778601246766,0.0410857471549683,-4.53564833427948,8.04178737535019e-06,2.3097981282776e-05,2.5090335361441
"UBE2G1",-0.349420895360596,-0.0573440152872174,-4.53493506694463,8.06741027792123e-06,2.31611576549133e-05,2.5059891749343
"SH3PXD2A",0.327602406769035,0.16789882626048,4.53341841673129,8.12215415611711e-06,2.33078446232844e-05,2.49951722673042
"HIP1",0.388437360622524,0.0164102471225902,4.53324391489523,8.12847567869796e-06,2.33155063829679e-05,2.49877270374094
"THBS1",-1.22487774549973,-0.339014540790175,-4.53264410779124,8.15024040442575e-06,2.33674382497793e-05,2.49621378215284
"CLIP2",0.341278955686796,-0.0624208662211014,4.53210488347037,8.16985456774653e-06,2.34131604196865e-05,2.49391357643047
"MADD",-0.877685302528471,-0.292505678057859,-4.53117883782914,8.20364507408266e-06,2.34978043901047e-05,2.4899638444461
"FBN1",0.715019963779779,-0.135450679610342,4.53109390802635,8.20675078933961e-06,2.34978043901047e-05,2.48960164099397
"SNX16",0.395060006290029,-0.127513902264055,4.52848832970668,8.30258213475012e-06,2.37615360512683e-05,2.47849244168707
"RBM12B",-0.280464114179742,0.0925217932640049,-4.52677787191431,8.36607476450881e-06,2.39325212237405e-05,2.47120276477169
"MANBA",-0.608093803783935,-0.340718903432876,-4.52389152154475,8.47427528569787e-06,2.42229488656691e-05,2.45890714992394
"TOX4",-0.292245228341325,0.130034595578426,-4.5238673564628,8.47518680750271e-06,2.42229488656691e-05,2.45880423789802
"TRIT1",-0.43231161074067,0.0639914393394586,-4.52253867339231,8.52545068652257e-06,2.43557058762625e-05,2.45314651197719
"BLMH",0.457028991913405,0.00775779933621675,4.5202934764637,8.61103719983044e-06,2.4589209535294e-05,2.44358947243984
"FBXO30",0.348612731000749,-0.23269514689831,4.51983057950426,8.62878502163033e-06,2.46288745476574e-05,2.44161959875129
"APOE",0.657334130369895,-0.296421272458302,4.51893017431542,8.66340787990646e-06,2.47166484866858e-05,2.4377884043922
"ERGIC1",-0.689335724547738,-0.105634840089562,-4.51575343050834,8.78663015850561e-06,2.50570047173106e-05,2.42427685060649
"HSPA13",-0.526495135781237,0.0885160590717943,-4.51461064317619,8.83136767987052e-06,2.51733404624881e-05,2.41941831896355
"HMBS",0.415141703886197,-0.182847660336653,4.51381824364798,8.86251659869301e-06,2.52508560832909e-05,2.41605009014589
"NCKIPSD",0.324244100663267,-0.0564729508729883,4.51044056564864,8.9964786552156e-06,2.56211044663477e-05,2.40169855591655
"GSK3A",0.246815525785547,-0.0465675223292775,4.50704452307753,9.13312741370297e-06,2.59986707697251e-05,2.38727856420598
"TMBIM6",-0.657557028747388,0.00173847281864003,-4.50633534464724,9.16191345316812e-06,2.60689917105519e-05,2.38426852182707
"EMG1",-0.457874049884061,0.15195411452867,-4.50618278495401,9.16811732704882e-06,2.6075024112787e-05,2.38362105101608
"MED1",-0.276354219567276,0.0369348564910256,-4.50432675225811,9.24391695282123e-06,2.62789001530559e-05,2.37574550924936
"CYFIP2",-0.493003443308683,-0.22257880963031,-4.49827381420097,9.49531817672977e-06,2.69815783526567e-05,2.35008153760472
"PDGFRB",0.408222739810339,-0.0119051649937524,4.49791064073754,9.51060894699786e-06,2.70130062840664e-05,2.34854268169542
"ZC3HAV1",-0.215210016467642,0.169545464427323,-4.49374872822734,9.68753442855141e-06,2.75032936088487e-05,2.33091547317109
"NDUFA7",0.406835110950059,-0.0572633199156629,4.49314655269949,9.71339336631997e-06,2.75644518417569e-05,2.32836623673951
"UQCRC1",0.395407632391539,0.126063050086914,4.49146992943744,9.78574120412961e-06,2.77574222960318e-05,2.32127004939665
"SUCLG2",0.501662089418181,-0.01176157368522,4.49105893769674,9.80355462490898e-06,2.77956022557921e-05,2.31953091398309
"TBCE",-0.518555975564821,0.0120560168231215,-4.49030208007832,9.83644018505942e-06,2.78764627525985e-05,2.3163285954122
"PRMT1",-0.413987593573418,0.264555798815377,-4.48944015108193,9.87402001726438e-06,2.79705491615941e-05,2.31268229389574
"GTF2F2",-0.335912493708477,0.32056848299456,-4.48866207066761,9.90806235238801e-06,2.80545357516618e-05,2.30939123703078
"AHSA1",-0.331764313511557,0.179796678402524,-4.48831508317756,9.92327992323074e-06,2.80851694635764e-05,2.30792374225425
"SFRP1",0.861580240738409,-1.29419496374043,4.48461927805454,1.00867617444722e-05,2.85352121127404e-05,2.29229950950922
"DNAJC3",-0.442101093462787,0.327362324609304,-4.4816379431703,1.02205192553709e-05,2.89008040059979e-05,2.27970404228403
"ARHGEF10L",-0.444746892325305,-0.0237576672234782,-4.47967458964107,1.03095325668037e-05,2.91396040013464e-05,2.27141336564291
"KRT23",-1.2325975954016,-0.718634123250297,-4.47888132014157,1.03457078685201e-05,2.92289136019914e-05,2.26806452913206
"TIMP2",0.635604726769422,0.249068539771462,4.46949858777247,1.07829310264146e-05,3.04506919963101e-05,2.2284945819526
"PRMT3",-0.455039792306052,0.23063618737431,-4.46856094479094,1.08275852917876e-05,3.05632767851742e-05,2.22454428431521
"SLC25A22",-0.513874636011794,0.18150638591242,-4.462687162367,1.11113799047639e-05,3.13504908050896e-05,2.19981469722081
"CWC15",-0.304219531435498,0.276878281041726,-4.46105615198244,1.11914398148353e-05,3.15624307498777e-05,2.19295298855596
"PRTN3",-1.12094918058611,-0.966847836149537,-4.45913998846774,1.12862035597857e-05,3.18156334345394e-05,2.18489447190542
"GBP2",-0.629230347631928,-0.272134143764485,-4.4589453642572,1.1295871620725e-05,3.18288350831109e-05,2.18407614219077
"AGL",0.525085044428101,-0.120474215985058,4.45807178686415,1.13393649543106e-05,3.1937293883226e-05,2.18040343133647
"POLR2F",-0.579389218435036,0.0738063061909323,-4.45774591867267,1.13556302423019e-05,3.19690031292318e-05,2.17903357335544
"SRP54",-0.283546611457335,0.290898352741022,-4.45693157294248,1.13963751260948e-05,3.20695703746653e-05,2.17561068157698
"PEX16",-0.504374551884986,-0.076945059236279,-4.45543233633176,1.14717546743681e-05,3.22674685444232e-05,2.16931047761774
"NAP1L1",-0.372906395138342,0.305634174664784,-4.45308057219763,1.1590962151576e-05,3.2588416264999e-05,2.1594315043042
"METTL1",-0.431799797420823,0.215560382597458,-4.45014106292812,1.17416322879791e-05,3.29975009501526e-05,2.14709011276291
"PSMD8",-0.248417794043497,0.271146664019325,-4.4481338234895,1.18455941914706e-05,3.32750193191991e-05,2.13866696402283
"RUVBL2",-0.28024018983735,0.221336862309086,-4.44775803549904,1.18651553862993e-05,3.3315310968127e-05,2.13709038756556
"GTF2E2",-0.411239599642349,0.332390054837123,-4.44722651125934,1.18928761348667e-05,3.33784677455488e-05,2.13486063879393
"PGAM1",0.465921686307561,-0.0512428845250475,4.44439417477771,1.20416419895275e-05,3.37811441577915e-05,2.12298294783393
"EPS15",0.252758681012821,0.0723091421512463,4.44327443799856,1.21009458146272e-05,3.39326038763263e-05,2.11828906896587
"LACC1",0.368802840648298,0.0162275805720048,4.44227217356873,1.21542654252589e-05,3.40671574803679e-05,2.11408851791487
"TNIP1",0.288211922782692,0.127156607349446,4.43874986370465,1.23434416175091e-05,3.45822179586641e-05,2.0993329719863
"MFSD6",-0.50364413409338,-0.197365386678592,-4.43544505501214,1.25235003557236e-05,3.50712937593401e-05,2.08549801756761
"CPNE8",0.404875314208573,-0.140324847720957,4.43414973337045,1.25947590214234e-05,3.52500143906465e-05,2.08007789365716
"IFNGR1",-0.493788998334335,-0.190077187198608,-4.43408445028897,1.25983606639711e-05,3.52500143906465e-05,2.07980476132436
"EBAG9",-0.472129711273078,-0.0846042872736051,-4.43197439312848,1.27153047728453e-05,3.5561638622259e-05,2.07097859446381
"CFHR5",0.678753749275035,-0.133262751621602,4.43035413935319,1.28058083566043e-05,3.57990745870923e-05,2.06420375908817
"AASS",0.609377792128494,-0.10498933648998,4.42983591715429,1.28348851223471e-05,3.58646571143046e-05,2.06203735887355
"CRISPLD2",0.597350215740249,0.00224203427216538,4.42854030260988,1.29078574721667e-05,3.60380104915188e-05,2.05662209574043
"UXT",-0.410055748365493,0.0471596324441792,-4.42853403522186,1.29082114321227e-05,3.60380104915188e-05,2.05659590343837
"AKAP10",0.38712638495422,-0.123539316822649,4.42836021908407,1.29180316615223e-05,3.60496644050787e-05,2.05586951429498
"PAPOLA",-0.301353151011112,0.206796838978802,-4.42673327705288,1.30102981433413e-05,3.62912859961705e-05,2.04907164307438
"HIP1R",-0.446720044856376,-0.00390166155018004,-4.42220879895579,1.32702208771061e-05,3.70001573363853e-05,2.03017862265791
"XDH",-1.04146347672995,-0.855533992185843,-4.42140331482572,1.33170132270691e-05,3.71144170470694e-05,2.02681693354809
"SLC25A24",0.496455080024183,-0.0123979565870919,4.42005173114421,1.33958851585383e-05,3.73179436026471e-05,2.02117731908776
"C17orf75",-0.403518515884265,0.2643170138647,-4.418060214472,1.35129167202689e-05,3.76275504836096e-05,2.01287031254563
"FABP5",0.677652480190381,-0.609505802118478,4.41197966662221,1.38763335099565e-05,3.86226632349924e-05,1.98752773304586
"LEO1",-0.356168001877402,0.166635253909969,-4.4107719584282,1.39496209725566e-05,3.88097298081804e-05,1.98249792367844
"NMT2",0.420951530488655,-0.0930090402683309,4.40992455336218,1.40012653692048e-05,3.89364457240298e-05,1.97896941921691
"KIT",0.60955440311267,-0.575867717345379,4.40971008329834,1.40143650878971e-05,3.89559081785907e-05,1.97807648423796
"ROGDI",0.274108127401621,-0.162595049242549,4.4058555528733,1.42518093494177e-05,3.95986956901794e-05,1.96203492669625
"NPNT",0.682512193493508,-0.607134318417448,4.40267058893598,1.44509107602854e-05,4.01344346256729e-05,1.94878933919961
"HS1BP3",0.294435639469805,0.0230013550010649,4.40028261306832,1.46019350717938e-05,4.05362414927841e-05,1.93886384101201
"TMEM109",-0.470584969827009,-0.251974734140592,-4.39894202538742,1.4687380149873e-05,4.0755724579287e-05,1.93329385591891
"ZNF622",-0.369309487674725,0.279556690007378,-4.39719285975394,1.47995871172141e-05,4.10492457616907e-05,1.92602854623286
"ZNF638",-0.249833588829657,0.214868844425382,-4.39675342007228,1.48279054568645e-05,4.11099332792356e-05,1.92420369959897
"PRPSAP2",0.2847627888162,-0.0775288947001192,4.39552732035616,1.49071923795771e-05,4.13118156873264e-05,1.91911297337878
"ARHGAP1",0.324508545483216,0.206324120727302,4.39519721381158,1.49286083227537e-05,4.13532165469771e-05,1.91774259745108
"WDR7",0.272753719984301,-0.119811332661754,4.39335029588116,1.50489734229774e-05,4.16685582418519e-05,1.91007714979058
"COPZ2",0.55764738118996,0.177922969054212,4.39238849471209,1.51120222687766e-05,4.18249944456605e-05,1.90608642512427
"ADAM17",-0.360664597762317,0.0160990410261322,-4.38597442071392,1.55389982978356e-05,4.29740862349739e-05,1.8794928962623
"COPA",-0.240087058484709,0.321770600756168,-4.38594967133243,1.55406679900634e-05,4.29740862349739e-05,1.87939034928559
"RPS26",-0.286281315977478,0.232544742509568,-4.38502009879369,1.56035052339764e-05,4.3129169228978e-05,1.87553911663342
"KCTD14",-0.925890851010281,-0.830534003812205,-4.3849122225505,1.56108131889248e-05,4.31306976249611e-05,1.87509223081395
"GLMN",-0.38794941878534,-0.0151722121938644,-4.38175212760075,1.5826350445071e-05,4.37072870206654e-05,1.86200562985687
"RPS10",-0.492529857797613,0.122672774571779,-4.38127118018551,1.58594027422349e-05,4.37730039653237e-05,1.86001466416592
"SOWAHC",0.365364288093895,-0.209589819982544,4.38120642958989,1.58638576626091e-05,4.37730039653237e-05,1.85974663263954
"SMIM20",0.502451872692716,0.257713219517678,4.38097789330279,1.58795908196844e-05,4.37974891506198e-05,1.85880064743867
"MGRN1",-0.362956954588699,0.0440380087515921,-4.37901446867628,1.60153761263911e-05,4.4152925978846e-05,1.85067521088931
"STAT3",-0.346691961792645,-0.0420813388408547,-4.37883355975253,1.60279431006968e-05,4.41685009486186e-05,1.84992670050752
"NFKBIA",0.394666629018471,-0.0995951644130461,4.37422728775857,1.63511206528336e-05,4.50396485627017e-05,1.83087753111329
"UGP2",0.362108912036608,0.00463047124256164,4.37302998429964,1.64361400098336e-05,4.52543139123707e-05,1.82592902316174
"NIF3L1",0.278918274946786,0.0266764594825423,4.37196805575067,1.65119005487284e-05,4.54433125015651e-05,1.82154103497848
"CDK9",-0.297537291078798,0.225951258142043,-4.36969855372167,1.66749346201537e-05,4.58722350494103e-05,1.81216642121936
"NAPA",0.276999119697584,-0.115590959863734,4.36893094207572,1.67304254264216e-05,4.6005067333205e-05,1.80899663496391
"FUCA1",0.71175386043138,-0.543357126186708,4.3680147734218,1.67968868766093e-05,4.61679391765605e-05,1.80521404450827
"BLOC1S3",0.262733907217265,0.0233404826628756,4.36260589815313,1.71944424075549e-05,4.72403247729078e-05,1.78289679189977
"HMGXB4",-0.355352758734587,0.0909402314564604,-4.36194890709498,1.72433406599163e-05,4.73542925219637e-05,1.78018769617868
"VWA5A",0.570680724720913,-0.190420491592825,4.3609306961993,1.73193867251218e-05,4.7542684539941e-05,1.77598983246505
"UBE2B",0.280504239225451,-0.0237432813656235,4.36075706409457,1.73323866038144e-05,4.75579237066417e-05,1.77527407192036
"UPF3A",-0.491797245939178,-0.117658049304101,-4.35955149807256,1.7422905525871e-05,4.77857610750371e-05,1.77030508868136
"ING1",-0.381976538886938,0.0271798751278196,-4.35923508097658,1.74467383022177e-05,4.7830581391009e-05,1.76900111468054
"ITGA3",0.567916290502533,-0.738215309843844,4.35844705755576,1.75062285277853e-05,4.7973076888373e-05,1.76575398901528
"XPOT",-0.377701702890451,0.137821197765438,-4.35821474247294,1.75238037068508e-05,4.80006377813138e-05,1.76479681239245
"COX5B",0.431780707295537,0.088505028584711,4.35635267608512,1.76652848259644e-05,4.83674286508502e-05,1.75712643305913
"GPATCH8",-0.260696971850523,0.112423111782937,-4.35522503254368,1.77514947892878e-05,4.8582637903816e-05,1.75248276975256
"MAN1A1",0.412322287233154,-0.211124266002029,4.35216421645466,1.79875331262171e-05,4.92075402788758e-05,1.73988365637917
"PLA2G12A",-0.550770438765562,0.0578978100485347,-4.35082500697115,1.80917497424584e-05,4.94714441565726e-05,1.7343736054848
"SMCHD1",-0.383635024626782,0.0177073965628776,-4.34787317678488,1.83235040286805e-05,5.00837214140091e-05,1.72223391722457
"SEC14L2",-0.702294668863884,-0.213810363997998,-4.34666866021533,1.84188869567913e-05,5.03228896958118e-05,1.71728233607764
"GNAZ",0.455386675052894,-0.510927998547596,4.34643704424515,1.84372824823304e-05,5.03516033574335e-05,1.71633033890124
"RPL35",-0.538630021261078,0.182611958366536,-4.34574894567999,1.84920367648803e-05,5.04795445676616e-05,1.71350235559435
"OAT",-0.868257763110343,-0.27472093193303,-4.3436283646851,1.86617587949848e-05,5.09210811564009e-05,1.70478959252174
"KCNMA1",0.513074651783557,-0.328180276862753,4.34195697396652,1.87965789471628e-05,5.12620498499169e-05,1.69792507551645
"IRF3",-0.318430387728172,0.0505219410595692,-4.34188043173373,1.88027753717315e-05,5.12620498499169e-05,1.69761076770429
"VIPAS39",0.260351350008125,0.040261197935881,4.33724297295616,1.91818659564817e-05,5.22516311893248e-05,1.67857704304888
"SLFN5",-0.506168664975699,-0.108278887779111,-4.33717783576625,1.91872423379361e-05,5.22516311893248e-05,1.67830982684401
"ARL5B",-0.345136972282785,0.0691898423171728,-4.33714078037071,1.91903015096267e-05,5.22516311893248e-05,1.6781578138677
"ITGB2",-0.590389654315348,-0.0141635080229738,-4.33431798286443,1.94247191515506e-05,5.28673622261937e-05,1.66658120981594
"POLA1",-0.36813734348147,0.0419016272358474,-4.33286715156758,1.95462660037469e-05,5.3175504232605e-05,1.66063380680409
"RPS15A",-0.272020886451287,0.348942045942799,-4.32958996010492,1.98235041899615e-05,5.39067607550698e-05,1.64720613187783
"LOXL1",0.564613144436596,0.20635334232881,4.3290727243346,1.98676026597313e-05,5.39836668800485e-05,1.64508768410432
"CAPN2",0.410356879788641,-0.2171772920261,4.32905992684655,1.98686949362747e-05,5.39836668800485e-05,1.64503527216652
"CFP",0.572632257969732,-0.0995773716251365,4.32890948172929,1.98815398634182e-05,5.39955899735963e-05,1.64441913660737
"STIP1",-0.273062240424444,0.178000373483726,-4.32843896262046,1.99217638357583e-05,5.40700918977177e-05,1.64249228777724
"CPD",-0.68393220049606,0.050364062099124,-4.32832821777009,1.99312425580769e-05,5.40700918977177e-05,1.64203879758935
"BPTF",-0.353152578813864,0.130849880453527,-4.32829160903241,1.99343768719229e-05,5.40700918977177e-05,1.64188889038311
"RPL23",-0.285021306356421,0.299291360053231,-4.32642757689086,2.00945935501185e-05,5.44815200923594e-05,1.63425745833922
"SIRT3",0.512795348788017,0.0540228705997619,4.32392445242947,2.03116798063352e-05,5.50467213766767e-05,1.62401416901572
"SDE2",-0.265411871352858,0.107124025787198,-4.31860316038298,2.07806518931322e-05,5.62937897062576e-05,1.60225595488298
"DNAJB11",-0.378756745035055,0.238682837310447,-4.31839927093849,2.079882534717e-05,5.63191263111454e-05,1.60142274785354
"MZB1",-1.06103857649538,-0.747373653260313,-4.31823943288042,2.0813082958787e-05,5.63338425993451e-05,1.60076958414566
"NHLRC3",0.431406688623274,0.147366863522238,4.3158549922757,2.10268888978189e-05,5.68884261070226e-05,1.59102834743861
"SPATS2",-0.374382591062381,0.251172167984088,-4.3121850052981,2.13600755223423e-05,5.77653884837593e-05,1.57604461386551
"PLD3",0.422683690337976,-0.388040257420959,4.30868356255415,2.16826625096611e-05,5.86129551753541e-05,1.56175962243136
"HAAO",0.507324788252964,-0.59674138533027,4.30616114299582,2.19179335363417e-05,5.92238703468227e-05,1.55147521958055
"ARL6IP4",-0.328518064661574,0.10913400140842,-4.30485995098009,2.20402506499961e-05,5.95291879865588e-05,1.54617210657861
"GRSF1",-0.445165443039118,0.133951166553563,-4.30459907698793,2.20648522390652e-05,5.95704361718524e-05,1.54510906592384
"NELFE",-0.260126063000988,0.185128663395661,-4.30443811351119,2.20800449135201e-05,5.95743651248781e-05,1.54445318134664
"TRAPPC11",0.22587576878523,0.0242432766479867,4.30438597446434,2.20849682459807e-05,5.95743651248781e-05,1.54424073290198
"ARHGEF2",-0.358357240727129,-0.0310611060984676,-4.30182490454844,2.23280985466723e-05,6.02047758532529e-05,1.53380809634954
"RBBP5",-0.264330444033109,0.128887641598601,-4.30006670277091,2.24964892555304e-05,6.06332139706887e-05,1.52664919269989
"SEC24A",-0.28171380939402,0.207990751407047,-4.29809678136233,2.26865994228193e-05,6.11198047741356e-05,1.51863133339849
"VPS4B",0.260085644538149,-0.0597985577760289,4.29561711884029,2.29280869636014e-05,6.17443421605209e-05,1.50854342439241
"PGLS",0.289432013347125,0.0925496805185801,4.29159143922741,2.33253779060623e-05,6.27877478626508e-05,1.4921770018409
"MINDY3",0.394886159192579,-0.178825039351203,4.29145280584327,2.33391760488656e-05,6.27984151167327e-05,1.4916136314447
"SRSF2",-0.258836875688159,0.256006973846885,-4.29099789612564,2.33845079151434e-05,6.28938850202993e-05,1.4897651097352
"RASGRP2",0.419237973023917,-0.323484447157651,4.29004777122488,2.34794597072436e-05,6.31226737813687e-05,1.48590485060789
"RPL24",-0.550447536652365,0.199315680742168,-4.28951368064418,2.3532996332559e-05,6.32399754138844e-05,1.48373523149761
"NCALD",0.662820524557438,-0.976221926646267,4.2861436104405,2.38735088281864e-05,6.41280411728944e-05,1.47005067451389
"CCDC12",-0.321074810510387,0.214408814423895,-4.28217754315877,2.42802737781996e-05,6.51932498207755e-05,1.45395832627097
"FRG1",-0.264230699565153,0.113502838228085,-4.28178330401217,2.43210674384131e-05,6.52753323220965e-05,1.45235942614642
"UPF3B",-0.287429393402061,0.150470873122652,-4.27989581910448,2.45172829854856e-05,6.57743075051788e-05,1.44470625295169
"XPC",0.337778395130134,0.0413115077702185,4.27833430188881,2.46807547910474e-05,6.61850564220233e-05,1.43837706102629
"RFC1",-0.368545745482454,0.114289984807442,-4.27445017710168,2.50919051710521e-05,6.72593679753014e-05,1.4226427656075
"IKBKB",-0.36416051876999,-0.127010294244163,-4.27130575201385,2.54295410710517e-05,6.81358034992299e-05,1.40991430640558
"USP15",0.252955192095264,0.00768890436383162,4.27105971496628,2.54561418820921e-05,6.817846724713e-05,1.4089187157
"AP2S1",0.338188221637278,0.0403996107509364,4.27022303818192,2.55468000230579e-05,6.83925862252515e-05,1.4055334811217
"JUNB",-0.423228493843539,0.259269186265666,-4.26845181078748,2.57397402684599e-05,6.88802353789257e-05,1.39836896859296
"GATAD2B",-0.302013483468233,0.0341959605831813,-4.2674768340678,2.58465380138843e-05,6.91370528775247e-05,1.3944263795973
"USP12",0.339652177851416,-0.250250896897247,4.26549351574021,2.6065096246946e-05,6.9692478867986e-05,1.386408770044
"STOML2",-0.454709023970208,0.0744478709910972,-4.26372927982339,2.6260994860283e-05,7.01868782682743e-05,1.37927961080467
"VAPB",-0.446165197711917,0.036141111882923,-4.26311642677284,2.63293738898567e-05,7.03401892413118e-05,1.37680373070873
"ADAM9",-0.505793000659173,0.0709808154696417,-4.26115391275051,2.65494875228009e-05,7.08985687298552e-05,1.36887746659286
"PSME2",-0.488592611313539,0.0511030354275638,-4.26016068722634,2.66615555857132e-05,7.11680737519979e-05,1.36486724146393
"CILP",1.02712183666917,-0.0684655343285199,4.25925473994327,2.67641697819041e-05,7.14121287327446e-05,1.36121013917579
"PDGFRA",0.438496882137442,0.00676120893151115,4.25676558716243,2.70480552713071e-05,7.21394456588537e-05,1.35116558466774
"GNPDA1",0.375194188065948,0.135601182978805,4.25495162635723,2.72567451051035e-05,7.26656858021235e-05,1.34384896642648
"DNAJC11",-0.408802088080019,-0.00661061092392816,-4.25360026063876,2.74132137089862e-05,7.30523245124696e-05,1.3384000433389
"GNB1L",-0.342268940860108,-0.0731379906992329,-4.25180136627913,2.76228312072631e-05,7.35802157940656e-05,1.33114901926798
"CHKB",0.345922791739095,-0.149972678857683,4.25078172757323,2.77423242370356e-05,7.38676981874364e-05,1.32704025689046
"ARL6IP1",-0.492534932665711,0.0340468007329165,-4.24505898814273,2.84221955631109e-05,7.56464021135736e-05,1.30399614717188
"SHROOM1",-0.534694952213015,-0.225349311448486,-4.24434273653842,2.85083994297384e-05,7.58442209828667e-05,1.30111393165345
"S100A12",-1.31001964772261,-1.30492064569887,-4.24273193608175,2.87031790409901e-05,7.63306114855152e-05,1.29463362046168
"RAP1GDS1",-0.375212285193894,-0.0585965445310854,-4.24046121756513,2.89799161617015e-05,7.70344565747144e-05,1.28550217941208
"PYCR1",-0.721661549928217,0.332944058550714,-4.23738719560164,2.93586149982891e-05,7.80086378543803e-05,1.27314732636864
"C1orf122",-0.399435335339364,0.139695103419158,-4.23217014884282,3.0012157667522e-05,7.97119911427321e-05,1.25219779602793
"PRIM2",-0.63122347256845,0.255543549198723,-4.22778353416355,3.05723984403631e-05,8.11662220547685e-05,1.23460085790144
"SPCS3",-0.551793910103973,0.0722825331489795,-4.22724693232573,3.06416124597009e-05,8.13161660661638e-05,1.23244939934201
"KRR1",-0.369372987788365,0.310058329387432,-4.22703832164397,3.06685606351821e-05,8.13538677422675e-05,1.23161305903352
"C1orf21",-0.661671402662417,-0.640190543378541,-4.22424376364834,3.10317482165177e-05,8.22831031405587e-05,1.22041297782408
"LRSAM1",0.25468328786381,-0.00917405629000714,4.22087758930974,3.14746765254715e-05,8.3422918063568e-05,1.20693078714317
"SQOR",0.498433038711605,-0.135910796827097,4.21982160667343,3.16148639072518e-05,8.37396344301356e-05,1.20270335642713
"ECI2",0.527090889567168,-0.179796867610378,4.21977999158319,3.16204007221702e-05,8.37396344301356e-05,1.2025367775717
"BUD13",-0.315030737371803,0.173365797416234,-4.21941540086187,3.16689484690041e-05,8.38334311669118e-05,1.20107743959839
"GPD2",-0.482731163168951,-0.0463802341933778,-4.21854732456854,3.17848252675428e-05,8.41053084679904e-05,1.19760326830235
"GSTT1",1.01600399166348,-0.927317206185181,4.21822867439283,3.18274623355116e-05,8.41832423414423e-05,1.19632814357665
"GUK1",0.42691575695565,0.0528746585153297,4.21582489620792,3.21508641370363e-05,8.50034234016468e-05,1.18671186401945
"UBE2Q1",-0.336804304258306,0.0602580334794311,-4.21504843896014,3.22559963244682e-05,8.52460830015436e-05,1.18360670955495
"PCNP",-0.351661170426716,0.158929961731154,-4.21488083213633,3.22787332767113e-05,8.52708779362027e-05,1.18293649524378
"TLR3",0.518908654450765,-0.294667794446197,4.21107818133268,3.27987165123776e-05,8.66086869030318e-05,1.16773715397247
"TYMP",-0.530743389278502,0.133034643044421,-4.20024197644471,3.43246906292251e-05,9.06007233020266e-05,1.12449200986335
"RNF135",0.315213664818357,0.0904034429106915,4.19966397433984,3.44079601568455e-05,9.07829857857266e-05,1.12218812998285
"MUC5AC",1.76385004175063,-2.48966980889949,4.1957224625702,3.49809510978409e-05,9.22566595455243e-05,1.10648510825972
"CTU1",-0.322925738448432,0.0521192150848293,-4.19425647608628,3.51963799257559e-05,9.27864929091458e-05,1.10064798413894
"PPA1",-0.535612618653466,0.206501248622272,-4.1923069060804,3.54848333724354e-05,9.35083207111019e-05,1.09288821370359
"SYNE3",0.441962525746182,-0.239769284675366,4.1918637657828,3.55507131172601e-05,9.36432769198457e-05,1.09112485807984
"PTPRA",0.289435938290446,-0.136969836654072,4.19119359808251,3.56505657240006e-05,9.38675720196882e-05,1.08845842727203
"TUBA4A",-0.492269819834231,0.207466527472328,-4.19069987157556,3.5724300305068e-05,9.40229420642453e-05,1.08649425728967
"SCRN2",0.428115377675144,-0.241790630046731,4.19011896269904,3.58112412268929e-05,9.42129275787851e-05,1.08418351992829
"SUCLA2",0.421963715217342,0.0583396450050342,4.18981452469187,3.58568850818212e-05,9.4294156197458e-05,1.0829726424473
"RPL9",-0.268412846635147,0.329422281884522,-4.18810293418765,3.61145355904996e-05,9.4932610022783e-05,1.07616640229645
"SELENOF",-0.278493373061031,0.299886981937947,-4.18729259817875,3.62371327495386e-05,9.52156759694666e-05,1.07294492556767
"FLII",0.215877034975223,-0.0244841074799593,4.18426136931825,3.66992616607359e-05,9.63902861800898e-05,1.06089929728748
"ARHGEF40",0.363667547281034,-0.0547831940564458,4.18317390666243,3.68664176241066e-05,9.67895051521056e-05,1.05657980281071
"CRELD2",-0.596180258877952,0.0632621443078353,-4.18058195638148,3.72677640439791e-05,9.78029894865624e-05,1.04628842616446
"FAM172A",0.392196087434528,0.0470157754234757,4.17979300822704,3.73907523521936e-05,9.80854370455036e-05,1.04315703469601
"SIPA1",0.271423613214703,-0.0114769198801418,4.17957642120941,3.74245835329606e-05,9.81338668821164e-05,1.04229747836951
"SLC4A7",-0.561494197778723,-0.108463807169742,-4.17922603561014,3.74793760494214e-05,9.82371987173874e-05,1.04090700820069
"NLE1",-0.357026052005257,0.14134835962538,-4.17904371764504,3.75079167758967e-05,9.82716654140749e-05,1.04018353908012
"MRPS2",-0.36551818650426,0.212009860229499,-4.1786006154882,3.75773680443281e-05,9.84132464983737e-05,1.03842535165413
"DHX33",-0.352522606163822,0.0704955936003785,-4.17786365341328,3.76931502161806e-05,9.86760000534289e-05,1.03550152723826
"PGRMC1",-0.603168986029018,-0.223783641810139,-4.17726873402527,3.77868645132343e-05,9.88089251115582e-05,1.03314158154947
"EIF4B",-0.302051320659866,0.183165556586043,-4.1772533862075,3.77892851058522e-05,9.88089251115582e-05,1.0330807033237
"P4HA1",-0.665983190954033,0.47660090749358,-4.17724662422138,3.77903516244989e-05,9.88089251115582e-05,1.03305388148211
"DIP2A",0.227891850402311,-0.0854328030518568,4.17509220178168,3.8131618288876e-05,9.96604104684705e-05,1.02451021838883
"SLC16A1",-0.835680304313786,-0.923253707683714,-4.17161541141042,3.86885573027363e-05,0.000101074647454162,1.01073088324704
"JAK1",0.231182966663161,-0.188103528110261,4.17139271472476,3.87244936192286e-05,0.000101105480916905,1.00984863603762
"CDC42EP5",0.472453113812631,-0.174796823341227,4.171346041979,3.87320291813232e-05,0.000101105480916905,1.00966374014032
"SPOUT1",-0.440664622676457,0.263620300035362,-4.16769689987877,3.93255501501839e-05,0.000102588058148694,0.995213284322984
"SLC12A9",-0.374926750478361,-0.0764983758751374,-4.16765682006125,3.93321168908382e-05,0.000102588058148694,0.99505463304385
"WDR41",0.290712545535938,-0.0110646060698058,4.16733588748017,3.93847367059318e-05,0.000102683358051194,0.993784308398249
"OASL",-0.590019293029858,-0.386798504031462,-4.16648793274429,3.95240897175569e-05,0.000103004617488409,0.990428332980043
"HAUS8",-0.403758054932546,0.0965809587202131,-4.16604934322782,3.95963519083228e-05,0.00010315083922262,0.988692755502475
"ORC4",-0.318531368532128,0.0591771155555797,-4.16544914661353,3.96954446970937e-05,0.000103366808479178,0.986317936198557
"XRCC1",-0.442964053988209,0.257232812706693,-4.15984365358928,4.0632399880631e-05,0.000105763503154435,0.964153352830214
"AP1S3",-0.528734030424151,-0.259203794158605,-4.15804312254887,4.09378047204001e-05,0.000106515029804301,0.957039605586019
"CDIPT",-0.617751817208545,-0.497582795435191,-4.15639577805019,4.12191418638734e-05,0.000107203348595043,0.950533514590395
"FLOT2",-0.443615230500922,-0.285360414325996,-4.15534519543726,4.13995240611342e-05,0.000107628648668706,0.946385512152077
"RELL1",-0.456374895730179,-0.540535836556807,-4.15438846862338,4.15644458266719e-05,0.000108013425560969,0.942608900885027
"ELMO3",-0.491014495572184,-0.142903297579004,-4.15402751626447,4.16268297838528e-05,0.000108131533022742,0.941184270497546
"SNX4",0.287542670047076,0.0669710698840477,4.15358963706432,4.17026289262278e-05,0.000108284378078066,0.939456169858476
"MCEE",0.452941076281193,0.0430450383131185,4.1526672144967,4.18627356878508e-05,0.000108655921693873,0.935816344145774
"KIF2A",-0.329603430944546,0.178105943983534,-4.15128987424202,4.21028943421925e-05,0.000109234855902031,0.930382794954401
"ESRP2",-0.479297122105731,-0.0725035213636482,-4.1509274994304,4.21662973309279e-05,0.000109354918138901,0.928953511353459
"NUDCD2",0.310811267585369,0.0881216122674629,4.14861101802067,4.25737561691332e-05,0.000110323383199586,0.919819469673739
"MGAT2",-0.366647430185991,0.0839533129559227,-4.14860801952555,4.25742860146874e-05,0.000110323383199586,0.919807649382543
"TRIM2",-0.681609787397094,-0.0268016342678075,-4.14843044320314,4.26056756383369e-05,0.000110359934665631,0.919107644010047
"FXN",-0.538251633944245,-0.151619060841327,-4.14682446443399,4.28905630477411e-05,0.000111052816325964,0.912778106041731
"RAPGEF1",0.239222599785886,-0.0807519645378249,4.14317759525993,4.35442441724148e-05,0.00011269963479565,0.898413141431597
"ATP1A1",-0.502130756108286,-0.204042551281406,-4.1407417769229,4.39861271871593e-05,0.000113797172645872,0.888824831696835
"C8orf33",-0.476020554898946,0.0812581769514521,-4.1382874849049,4.44356809326682e-05,0.000114913658467026,0.879168941859724
"DIS3",-0.299042252979803,0.208626970843654,-4.13585205803394,4.48861042195241e-05,0.000116031488033061,0.869592373292488
"REPS2",0.474416958329411,-0.17588656557107,4.13515187305238,4.50164038132822e-05,0.000116321221508623,0.866840051241423
"TTI2",-0.39000681103986,0.163595418212154,-4.13474887398228,4.50915624684388e-05,0.000116468295453471,0.865256112849689
"TAF12",-0.233943052929407,0.331566784603571,-4.13393511732585,4.52436913065018e-05,0.000116813978565311,0.862058166358549
"PLGRKT",-0.635069424898259,-0.184156781915688,-4.13158297627569,4.56861695804382e-05,0.000117908727878374,0.852817781207573
"GABARAP",-0.530450018856079,0.0918443051049578,-4.13121375235269,4.57560002139462e-05,0.000118041236915574,0.851367715717478
"FES",0.333482348005067,-0.160276155327166,4.12959467186391,4.60634161927679e-05,0.000118786313566568,0.845010426179869
"ISCA1",-0.390305704941841,-0.0623141152233689,-4.12871233639442,4.62317730961838e-05,0.000119129828987999,0.841546898183926
"NDUFS8",0.307079188136698,0.02326809711983,4.12870099226469,4.62339414615915e-05,0.000119129828987999,0.841502372174878
"SLC25A4",0.52078687928595,-0.556322314410533,4.12726743003979,4.65087397025451e-05,0.000119789553449274,0.835876490360324
"RBM10",-0.241614797899714,0.1776620069995,-4.12339250687809,4.72593277501041e-05,0.000121673712775974,0.820678532013689
"MTCH2",-0.430637018099114,0.105673099885768,-4.12253740953185,4.74265104575486e-05,0.00012205492513964,0.817326461816965
"CHTF18",-0.434261773351537,-0.100441119074795,-4.12204767680433,4.75225131356588e-05,0.000122252718118929,0.815406941186833
"CYP7B1",-0.564751681992789,-0.0359075318321979,-4.12177622764542,4.75758052181182e-05,0.000122340522077199,0.814343077490465
"CLIC1",-0.292527285341274,0.279180179924367,-4.12053036354494,4.78211296529852e-05,0.000122921865070173,0.809461096850329
"HGD",-1.15097913091767,-1.28539454248839,-4.1198205694487,4.79614342035731e-05,0.000123232900358074,0.806680328565095
"CTTNBP2NL",0.255940771460731,-0.0200864829571898,4.11820201657734,4.82828402419443e-05,0.000124008823388903,0.800340922137002
"FOXP1",0.419566723195011,0.0115934323123244,4.11435251913735,4.90555195733818e-05,0.000125942699025349,0.785272576187488
"FRK",-0.420522576966199,-0.00336836948210789,-4.11212318630732,4.95083652922203e-05,0.00012705422523747,0.776551963397353
"RBM27",-0.243132626900046,0.208963066057455,-4.11183157830299,4.9567893362048e-05,0.00012715588554306,0.77541157860378
"PLEKHA2",0.335681510681072,-0.064743405140231,4.11019821210964,4.99025863570921e-05,0.000127963057787162,0.769025359882622
"PRDX4",-0.44784927400094,0.156473236695718,-4.10999942798109,4.99434657739077e-05,0.000128016470881735,0.768248299829869
"MOGS",-0.315580150154678,0.0452781788899786,-4.10984978830187,4.99742598018396e-05,0.00012804400033497,0.767663370994548
"RPS6KA5",0.471926093655743,-0.270897541177464,4.10720888321095,5.0520710049521e-05,0.000129367384996794,0.757343459794667
"SLC25A20",0.396975082334146,-0.150655950716927,4.10715804232386,5.05312855414258e-05,0.000129367384996794,0.757144846710954
"HSP90B1",-0.398498337805909,0.239732438444483,-4.10535260222671,5.09082073209706e-05,0.000130280121741241,0.750093221570598
"ALYREF",-0.357862425335464,0.240399711443169,-4.10373833024839,5.12474842109108e-05,0.000131095827999465,0.743790624305456
"SP3",-0.298932984944145,0.231852770073716,-4.10271856906071,5.14629190845092e-05,0.000131594208391907,0.739810327104731
"CD82",-0.706487001344658,-0.479095162283645,-4.10127615828777,5.1769115683078e-05,0.000132324180799221,0.734181883502185
"OAF",0.537756962139781,-0.158830501969224,4.09860639396604,5.23404377510358e-05,0.000133730970404307,0.72376888802369
"DNAJB2",0.342389799516839,-0.106460014026393,4.09460778072385,5.32073687732566e-05,0.000135891619846897,0.708184380560269
"TASP1",0.334129346305179,-0.000137903904262987,4.09414709396003,5.3308122841736e-05,0.00013609450793462,0.70638974662452
"ECI1",0.573905805284758,-0.194270048331334,4.09399945173201,5.33404512044333e-05,0.000136116596644208,0.705814635736857
"EMC2",-0.244305433569979,0.0710834129952523,-4.09391290123941,5.33594113391468e-05,0.000136116596644208,0.705477504244222
"PELP1",-0.263359614244436,0.0544696039781268,-4.09216060063301,5.37446605300497e-05,0.000137044591647111,0.698653327285893
"PKP3",-0.509496877413809,0.188238743856516,-4.09024996855478,5.41677359204064e-05,0.000138068261018681,0.691215550324246
"HMCES",-0.385146612792076,0.0386726629447399,-4.09014858847708,5.41902730557447e-05,0.000138070587973236,0.69082098199698
"NDUFB6",-0.392719383859137,-0.0851728645806678,-4.08612860185905,5.5091157224433e-05,0.000140309947697648,0.675182432312791
"NARS2",-0.454113115510197,0.0832578329997218,-4.08552247630356,5.52282210698364e-05,0.000140602947181382,0.672825688485254
"NAAA",0.470808562390573,-0.459482153191531,4.0841453515945,5.55408390392635e-05,0.000141342470014228,0.667472311887259
"CERS6",-0.55538447268788,0.0680630685253093,-4.08372964431783,5.56355382118357e-05,0.000141527056367558,0.665856629401381
"CD58",0.347059907950999,-0.090354098276438,4.08329671431393,5.57343240860419e-05,0.000141721887411142,0.664174167278192
"IQGAP2",0.537175858512215,-0.27043224638879,4.08092607983303,5.62782210848429e-05,0.000143047946507453,0.654964213550613
"ZDHHC5",-0.309270093610006,0.0069334661399931,-4.07797875101999,5.69614741757145e-05,0.000144727024517285,0.643520534446157
"LSM6",-0.311737345675708,0.309035698737498,-4.07318235955293,5.80902805937306e-05,0.00014753637294788,0.624913425367328
"FAM210B",-0.746202784786534,-0.211443297711703,-4.07254385514395,5.82421447660553e-05,0.000147863258183405,0.622437906219291
"LMCD1",0.512338778433083,-0.0774527481419267,4.07210441319875,5.83468825552224e-05,0.000148070288201548,0.620734367815906
"DLGAP4",-0.296139521783233,0.178476318125469,-4.07072629276374,5.86765108798095e-05,0.000148847644802377,0.615393031232747
"CHD3",-0.340637773450231,0.124670705825974,-4.06832971500007,5.92539640703431e-05,0.000150252804046521,0.60610823879705
"AFG3L2",-0.455210502076192,-0.0845286990624903,-4.06818940947994,5.92879375195865e-05,0.000150279269973227,0.605564822081927
"EPN3",-0.526017061059983,-0.156699941528094,-4.06792610864177,5.93517429616086e-05,0.000150381301115028,0.604545078472235
"KNOP1",-0.453766379881434,0.165108227316117,-4.06730395271173,5.95027690402737e-05,0.000150704157208309,0.602135754252494
"STAM2",0.251265526872118,0.103306960601439,4.0668575848812,5.9611348343947e-05,0.000150919293884259,0.600407381965397
"SEPHS2",0.391239445149247,0.119579702287527,4.0637350049087,6.03762058443018e-05,0.00015279511467137,0.58832129866267
"NPM1",-0.369681765866968,0.279187500966156,-4.06338000395875,6.04637497908177e-05,0.000152956038991431,0.586947783472171
"PLAA",-0.282333536930036,0.0121942089076653,-4.06182448478459,6.08487694769147e-05,0.000153814310483449,0.580930687319832
"MRPL30",-0.397246593362515,0.199178108835036,-4.06181467210117,6.08512056822539e-05,0.000153814310483449,0.580892736280688
"PNPT1",-0.439069194181307,0.150340572585608,-4.06046745267652,6.11865634236996e-05,0.00015460079440456,0.575683085883126
"PBK",-0.696749798765666,-0.245392952067138,-4.05984256022078,6.13427113793343e-05,0.000154934023796301,0.573267179443471
"KHSRP",-0.238712776408841,0.250821251321731,-4.05791232007285,6.18274361624948e-05,0.000156096551956318,0.565806772637506
"ZFYVE27",-0.479365189803357,-0.0385267682407542,-4.05742465348003,6.19504748969892e-05,0.000156345368465326,0.563922442012714
"EXOC1",0.210412974533668,0.0817964445606973,4.05601495634698,6.23074535939606e-05,0.000157184152981999,0.558476562547741
"SNRPF",-0.358166167323521,0.274677770167239,-4.05533983345912,6.24791074315663e-05,0.000157554937184262,0.555869064213111
"MAP2K3",-0.307408652120046,0.0350042509020125,-4.05493727905824,6.25816730983355e-05,0.000157751276246693,0.554314482459459
"TERF2",-0.288550067488461,-0.0537967682400822,-4.05245684144828,6.32171981066389e-05,0.000159290374866176,0.544738627686494
"RXRA",0.30078356308237,0.0288163779819737,4.05150303052547,6.3463208468432e-05,0.000159847173992481,0.541057804159838
"PYURF",0.498746059625739,-0.13890829090135,4.04801104807362,6.43716629918572e-05,0.000162071399133678,0.527588689991378
"NFKBIE",-0.315133409868418,0.218543339395517,-4.0474128015533,6.45285348057229e-05,0.000162402323505929,0.525282215935551
"DDX59",-0.267570282539945,0.0314966617626235,-4.04640478945076,6.4793677584687e-05,0.000163005370913407,0.521396633588036
"DPY19L1",-0.538214794467734,-0.0571254500595967,-4.04437151194023,6.53316565928024e-05,0.000164294063546689,0.513561629081691
"ANKS1A",0.219866692880135,-0.211292322799366,4.04367797733845,6.55161262264773e-05,0.000164693096833094,0.510889987614672
"TMC4",-0.580881966280464,-0.0751660171855413,-4.04056775691518,6.63495044278644e-05,0.000166722387159352,0.498913865529008
"NAGA",0.397430921782825,-0.0288364674736328,4.04046783042096,6.63764459332855e-05,0.00016672447178758,0.498529229913999
"PEF1",0.314278418354694,-0.0177978382772518,4.03821088733922,6.69877249003217e-05,0.000168193717455192,0.489844132039289
"RAB21",-0.318213232121657,0.00800638670858401,-4.03758339789837,6.71586249132209e-05,0.000168556533046744,0.487430227643656
"TUT1",-0.334224611574332,0.120347333431705,-4.03678473477702,6.73767444778135e-05,0.000169037529858876,0.48435832250426
"ARSB",0.414486037861132,0.0198821807005127,4.03651864815021,6.74495637166221e-05,0.000169153756610617,0.483334993368379
"TAGLN3",0.727221432054074,-0.582603370395418,4.03573199912992,6.76652816741067e-05,0.000169628120726019,0.480310016928141
"PLXNB2",0.208590584266362,-0.0198917291541133,4.03534883175403,6.77705926757293e-05,0.00016982544514699,0.47883678032813
"IRF2BP1",-0.299828680286437,0.0402958308669528,-4.0332951067357,6.83377058062764e-05,0.000171179384689319,0.470942592347779
"FAU",-0.458024961416236,0.270884244814133,-4.03290406740438,6.84461968809088e-05,0.000171383908660628,0.469439912775998
"SLC39A14",-0.532144093674415,-0.110628110103268,-4.02959971145324,6.93695259154237e-05,0.000173627762826335,0.456747258344394
"PLTP",0.607125161116871,-0.0500998774145673,4.02930087043992,6.94536116041896e-05,0.000173770105835717,0.455599818482491
"BAG3",0.451055223946943,-0.291515301248301,4.02903726566331,6.95278631791274e-05,0.000173887742420183,0.454587736852562
"RCN2",-0.334551056555816,0.196591591989068,-4.02297761806344,7.12556759527052e-05,0.000178139189881763,0.431338929471697
"MYH10",-0.789638353351087,-0.281041346221782,-4.02235216495887,7.14363189169741e-05,0.000178520898741636,0.428941084319122
"GDF15",-0.698983322750081,-0.138445934989084,-4.0218416026765,7.15841017015189e-05,0.000178820222755946,0.426983955015459
"MRPS30",-0.372446171814053,0.0505397992594323,-4.01918307159552,7.23583226190792e-05,0.000180683570560352,0.416796694686916
"DDX46",-0.331703941419815,0.28610776625014,-4.01872263986767,7.2493215869045e-05,0.000180949641643414,0.41503298068533
"FOXK1",-0.295981802758382,0.260579183031347,-4.01621109886401,7.32332415179282e-05,0.000182725379871814,0.40541558290552
"RRAGC",0.273334992555732,0.0221809320885654,4.01419153055572,7.38335077487617e-05,0.000184151151162439,0.397686041502627
"DFFB",-0.377237237444906,0.0274502074621637,-4.01374685072969,7.39663041942059e-05,0.000184410328887155,0.395984581506425
"GRAMD4",-0.43888794577536,-0.0835229958589798,-4.01213445914292,7.44497244568386e-05,0.000185543126720107,0.389816587981947
"AP3D1",-0.20751199672439,0.200105429921099,-4.01097102687509,7.48004022890919e-05,0.000186344349830609,0.385367425693757
"MB",0.868550559290576,-1.78056483996103,4.00636258153863,7.62049426306571e-05,0.000189769328664877,0.367755449068015
"ANO10",-0.465507743427114,-0.332473622532568,-4.00249089859219,7.74042642979605e-05,0.000192680790464904,0.352973336123567
"P4HB",-0.384020652092847,0.443066775133125,-4.00133253946683,7.77665563599612e-05,0.000193507194995461,0.348553232974751
"RNF114",-0.37482022137526,0.105194705693177,-3.99991882797938,7.82108955531138e-05,0.000194537034712361,0.343160321270402
"LPIN2",0.476551725901338,-0.000105878273864813,3.99657413970168,7.92717740028023e-05,0.000197099017526438,0.33040816220594
"TMED1",-0.398324122711315,0.195488388264156,-3.99292252090096,8.04456046546149e-05,0.000199939737532003,0.316496837257588
"RHEB",-0.416537943160227,0.17729404600702,-3.99164313816534,8.0860758777607e-05,0.000200893363733471,0.311625590060951
"DOCK11",0.306468658915582,-0.101230780874747,3.99140878868682,8.09370242754566e-05,0.000201004628548732,0.310733458456178
"BCAS3",0.234846007931459,-0.0147382422936211,3.98930038435789,8.16262508212274e-05,0.000202637485028591,0.302709233227517
"GUSB",-0.638696710059323,-0.360894063826965,-3.98883922966032,8.17777408579771e-05,0.000202934658133767,0.300954670585559
"RPS14",-0.218124678964704,0.0751021272898719,-3.98849809714152,8.18899751494265e-05,0.000203134223515574,0.299656876745991
"YAP1",0.317228713845096,0.0440960846828168,3.9879628747779,8.20663607415748e-05,0.000203492704207749,0.297620896693231
"FAM169A",-0.63789426820114,-0.463143390302798,-3.9861669732797,8.26608498361963e-05,0.000204887238433274,0.290791119771452
"SNX9",0.312142289966752,0.171038401624353,3.98408454906048,8.33553041514046e-05,0.000206528372916849,0.282875200393653
"TPRN",0.440298247972233,-0.249979800579055,3.98317693375103,8.36597088907689e-05,0.000207202188234119,0.279426257642559
"GXYLT1",-0.381900051356502,0.0529868753646882,-3.98074074427827,8.4482008076217e-05,0.000209157666369386,0.270172254095472
"U2AF1",-0.346872129492981,0.189107667872748,-3.97930065759066,8.49716897661659e-05,0.000210288464789523,0.264704421685982
"WDR45",0.222158799858218,0.0483353439191918,3.97645762046226,8.59463463500288e-05,0.00021261814081555,0.253915034927799
"STK38L",0.25803238258075,-0.209490378912381,3.97487985302002,8.6491809140825e-05,0.000213884663580235,0.247930396379076
"EFEMP2",0.509952408521823,0.191358515016724,3.97125483413863,8.77575171250874e-05,0.000216930602726939,0.234188491663289
"ROR2",0.44116787874047,-0.174643217618135,3.96660069610163,8.94083361693228e-05,0.000220859021258787,0.216562055437152
"NELFA",-0.242502406221586,0.226491261702341,-3.96657953854209,8.94159075887181e-05,0.000220859021258787,0.21648196912713
"DSG2",-0.491013467341762,0.0916481178293279,-3.96607109543159,8.95980415446804e-05,0.000221223316033559,0.214557509844793
"NDUFS6",0.363183377157517,0.0259541999773531,3.96472679866005,9.00812915020777e-05,0.000222330516521363,0.209470421175146
"RPE",0.308618940069477,0.0374841147712149,3.96447050974765,9.01737029154483e-05,0.000222472601667364,0.208500750433189
"MOSPD2",-0.35305531604007,-0.0172595281296737,-3.96261912347781,9.08439437650055e-05,0.000224039621838378,0.201497711193142
"VCAM1",-0.549831573604846,-0.255512972418947,-3.95870602517334,9.22761537955132e-05,0.000227483877214035,0.186705841772653
"NXN",0.458952593140131,-0.248633260774935,3.95818491307799,9.2468491535091e-05,0.000227870057295082,0.18473699298365
"SLC4A2",-0.44776233778231,-0.144865522994959,-3.957193559714,9.28354415710354e-05,0.000228686070382354,0.18099214455392
"PCBD1",0.604658703610858,-0.374875127712299,3.95708629048867,9.2875230065476e-05,0.00022869585189667,0.180586984995537
"RPAP1",0.258699417249062,-0.171137112868606,3.95586698854141,9.33286343130758e-05,0.000229723720157667,0.175982341506614
"HOOK1",-0.379822479634153,0.145623463277911,-3.95544675044268,9.34853881997468e-05,0.000230020887728471,0.174395628691351
"MED28",-0.268501412644974,0.0727851452331617,-3.95492974978435,9.36785783555474e-05,0.000230407443297446,0.172443775220558
"VGLL4",-0.300594480625474,0.228284560670219,-3.95466433448574,9.3777904449795e-05,0.000230562926419692,0.171441832255046
"HSPA9",-0.422509325547195,0.270367325390556,-3.95201604628795,9.47744575185443e-05,0.000232923368458778,0.161447891588478
"UROD",0.342872591419677,-0.106237094001797,3.95162719709162,9.49216248646308e-05,0.000233195296175709,0.159980990023725
"TRIM5",0.32366492808482,0.00642528756041354,3.95005561451486,9.55186315168971e-05,0.00023457171624438,0.154053661803906
"PI4KB",-0.267446055995762,0.0301185044688472,-3.94971602010889,9.56481024382252e-05,0.000234799359503294,0.152773140702946
"NAT14",-0.410588950909825,-0.0591433192539331,-3.94885511535471,9.59770700809023e-05,0.000235516369126273,0.149527344276129
"ZC3HAV1L",-0.347517165980442,-0.0496328566572767,-3.94754240298721,9.64807483083298e-05,0.000236661382231535,0.144579374787681
"CDK11B",-0.274586559515961,0.309009395153166,-3.94720061895722,9.66122991365483e-05,0.000236893060670837,0.14329134350037
"TLR2",-0.471636745826483,-0.0641041949330282,-3.94683539088318,9.67530614740445e-05,0.00023714713915999,0.141915074225055
"EXOSC5",-0.347911335560502,0.198962090027775,-3.94281060159709,9.83171910560524e-05,0.000240888436259745,0.126756351573611
"CRABP1",-1.18223778408207,-2.21351625833139,-3.94191670387098,9.86678208474069e-05,0.000241590686656769,0.123391539172599
"TBP",-0.303691451436119,0.135662862070982,-3.94188701938085,9.86794848552629e-05,0.000241590686656769,0.123279812639423
"RFX5",-0.311230599098723,0.0288524338560792,-3.93999919614436,9.94239642372836e-05,0.000243320050461884,0.116175993104597
"HSPE1",-0.579026527612949,0.276391969601692,-3.93715002125409,0.000100557653936525,0.000246000237695292,0.105460501800822
"SLC25A5",-0.501303354011062,0.138549382078347,-3.93656042048602,0.000100793782480072,0.000246483455049888,0.103243947246336
"TRMT10C",-0.402964341089756,0.236431813377516,-3.93537111928061,0.0001012716851972,0.000247557316226694,0.0987737887544631
"SLC44A2",0.491874450305498,-0.803757638637454,3.93513202663275,0.000101368019993566,0.000247697974611143,0.0978752733122619
"RSF1",-0.377500740309221,0.0764586882218576,-3.93421570142982,0.000101738029397808,0.000248507007538257,0.0944321631782552
"IDH3A",0.306686554798222,0.0769425469283264,3.92924784451185,0.000103766429264751,0.000253364684839554,0.0757780496775116
"SARNP",-0.217039901224743,0.320720460901228,-3.92877971061273,0.000103959534741121,0.000253739154939625,0.0740213311300293
"MANF",-0.416600445034946,0.290205785665202,-3.92769203940855,0.000104409515852339,0.000254740068290862,0.0699404736948939
"SLK",0.266674919624901,-0.0513616400884377,3.92696719521463,0.000104710416180005,0.000255376626168575,0.0672214862003386
"METAP2",-0.391931782701328,-0.0480932272856222,-3.9268263741447,0.000104768969695651,0.000255398780476696,0.0666933005516324
"ECH1",0.54153916633225,-0.0789471053446863,3.92675297942123,0.000104799499584799,0.000255398780476696,0.0664180215981984
"MOCS2",0.459110385883887,-0.0392882720736122,3.92631578956773,0.000104981531583347,0.000255744784112807,0.0647783663965189
"RNMT",-0.308592627341683,0.383322772475556,-3.92528895216161,0.000105410253573647,0.000256691254411798,0.0609279260546307
"PTDSS2",-0.362391460257149,-0.040447586020591,-3.92359515897212,0.000106121069738195,0.000258323686724504,0.0545785357290764
"IRF4",-0.753865868096323,-0.513900484542678,-3.92338130205755,0.000106211139167943,0.000258444406854923,0.0537770444628407
"MX1",-0.964586085899581,-0.436370018407539,-3.92174064986946,0.000106904541705196,0.000260032570966735,0.0476295446581014
"NCEH1",-0.520405204355644,-0.123978126023858,-3.92057831439739,0.000107398383694825,0.000261134303081287,0.04327570800577
"RAB7A",-0.263599322926467,0.0663983830504618,-3.91777854632083,0.000108596814407701,0.000263947719829908,0.0327932586635296
"CPT1A",-0.584347410458346,-0.406188319124,-3.91752461441759,0.000108706133713839,0.000264112885754513,0.0318428643753732
"SAFB2",-0.256070983455955,0.200138915880117,-3.91404412593585,0.000110215057346996,0.000267677117215888,0.0188220509435268
"CXCL14",-1.27746045388241,-1.0336572663339,-3.91362735997901,0.0001103970661377,0.00026801721189704,0.0172635998216677
"CTDSP1",0.300181242296696,-0.229882537685202,3.91352919735086,0.000110439976855544,0.000268019480130234,0.0168965533166547
"FGL2",0.501498493832916,-0.318692684543338,3.91162747017765,0.000111274421928474,0.000269941939214783,0.0097873325984521
"USE1",-0.320891853091047,-0.0571860056182341,-3.90962335937192,0.000112160255034718,0.000271987553511841,0.00229877939288325
"MED27",-0.232639634366621,0.101810221762397,-3.90886592056857,0.000112496785800814,0.00027266649887539,-0.000530552951258478
"PEX3",-0.313795282783749,-0.0436895542576623,-3.9088010729978,0.000112525642057424,0.00027266649887539,-0.000772760957352681
"HPRT1",-0.500600856004976,-0.0127187507836655,-3.904602168655,0.000114409097476396,0.00027712522283262,-0.0164480228308301
"UMPS",-0.284113414186552,0.229398923898917,-3.90175403538057,0.000115703611987369,0.000280069942728028,-0.0270718722119536
"EMD",-0.398256137400373,-0.0543969706881797,-3.90173451760379,0.000115712530762183,0.000280069942728028,-0.0271446512765383
"FAM32A",-0.280068659121191,0.144808603572146,-3.90104640823863,0.000116027383380166,0.000280725594119879,-0.0297103028874863
"TDRKH",-0.395875102129448,0.164576808575649,-3.90082433018861,0.000116129170948774,0.000280865438071183,-0.0305382443990307
"GBP3",-0.540570803142404,-0.165565148653774,-3.90070438719567,0.000116184180967079,0.000280892084617493,-0.0309853926587067
"C6orf47",-0.43032237241001,-0.143995400998456,-3.89848619382856,0.000117205982048718,0.000283255183717285,-0.0392525721601134
"LRRC41",-0.381573031613807,0.108989721905957,-3.89797607188186,0.000117442168491126,0.000283718594708982,-0.0411531839421384
"CLPTM1L",-0.493332136228773,-0.168938657405116,-3.89246587475816,0.000120022292521359,0.000289842033944355,-0.061668612333496
"UBE2L6",-0.539050761252104,-0.046284640022001,-3.89199581054702,0.000120244865763631,0.000290269742117499,-0.0634175183146217
"DDX24",-0.410217854002422,0.268351979702578,-3.89071643829375,0.000120852624233521,0.000291626608363957,-0.0681765343206964
"PIK3R2",0.269873593655528,0.035340562356468,3.88864648504606,0.000121842109228767,0.000293903236654959,-0.0758733350563352
"DDHD2",0.354386874735232,-0.177852971402792,3.88722817021717,0.000122524520504344,0.000295437712771992,-0.0811449618146343
"MTHFD1",-0.320033510025766,0.146799442559232,-3.88602778753633,0.000123104901865841,0.000296725103213815,-0.0856052022345377
"NDUFAF4",-0.427256982985846,0.03115286678035,-3.88411939078144,0.000124032968608318,0.000298849247005324,-0.0926936102635594
"HDAC4",0.238355095310963,-0.0480207394079197,3.8815287628041,0.000125303414738536,0.000301796417618087,-0.102310963418281
"RENBP",0.418985126146853,-0.136280872531486,3.88072544624183,0.00012569985805379,0.000302637101686821,-0.105291977193787
"FMR1",-0.428434085693007,0.0652251321989685,-3.87149439972446,0.000130341517610608,0.000313583926304161,-0.13950688879446
"COPB1",-0.195251995408762,0.289500745236857,-3.871487923813,0.000130344830134885,0.000313583926304161,-0.139530865674982
"PRPS1",0.283106769446859,-0.0132950696443056,3.87122431412054,0.000130479738049212,0.000313790255157899,-0.140506842085508
"PGRMC2",-0.442490640297281,-0.139534214049888,-3.87018365608053,0.000131013609071703,0.00031495553235046,-0.144359133986278
"HMOX2",-0.399120317982834,0.110033164789102,-3.86929703499607,0.000131470087780087,0.000315933952004463,-0.147640468166747
"RRM1",-0.474393145613857,0.165264850759681,-3.86836678184981,0.000131950648769457,0.000316969485475164,-0.151082544112137
"ALKBH4",0.219966095001905,-0.0247593991009894,3.86586175078925,0.000133253007492284,0.00031997760542995,-0.160347776157288
"NDUFS5",0.34262587799801,0.0191190545137212,3.86459379312703,0.000133916843721848,0.000321450769610525,-0.165035417826804
"KLHL9",0.272279680899774,-0.145648182780158,3.86434798263364,0.000134045898910868,0.000321639633425739,-0.165944017117634
"ZMYM2",-0.327311813616938,0.149327037589906,-3.86420910814484,0.000134118862688922,0.000321693816028838,-0.166457321184628
"PPP4R3B",-0.364942570761999,0.111350371614296,-3.86326557635693,0.000134615584459448,0.000322763990527066,-0.169944331321621
"OCRL",-0.279915836438124,-0.0125258072928239,-3.86285971728677,0.000134829783832815,0.000323156219884581,-0.171444025325485
"TOR2A",0.357911688244228,0.0200253891978983,3.8626763252225,0.000134926678042439,0.00032326710667954,-0.172121632011632
"CD14",0.403732789885089,-0.167701900922919,3.85969905976111,0.00013650894886387,0.000326935348272997,-0.183118078581451
"CSNK1A1",-0.244249017494574,0.0914962463591374,-3.85952039545382,0.000136604456516469,0.000327041415394695,-0.183777723838482
"DDX31",-0.319917834940389,0.0824588963984101,-3.85901430519294,0.000136875337932353,0.000327567103709923,-0.185646104775749
"RIN3",0.287093934653991,-0.0630749122775171,3.8574253612511,0.000137729116550542,0.000329375011595123,-0.191510703676952
"FKBP14",-0.507198131864413,0.363901642043543,-3.8574163894454,0.0001377339515989,0.000329375011595123,-0.191543811256071
"HBZ",0.809961354049211,-1.79401006590028,3.85671783168299,0.000138110908961603,0.000330152809329778,-0.194121399233576
"TRIP6",0.328174981592463,-0.160608842879645,3.85650843087194,0.000138224096356504,0.000330299721271062,-0.194893978106657
"PIBF1",0.330083571252945,0.00745753935017455,3.85501095322258,0.000139036089753143,0.000332115762466823,-0.200417766022095
"GDAP1",-0.725036842036991,-0.449615751028844,-3.85407562607447,0.000139545549998878,0.000333208054129708,-0.203866939010545
"EIF2A",-0.278289668219445,0.304757639410915,-3.85258875241499,0.000140359067661423,0.000335025288604928,-0.209348456353204
"RPS29",-0.540361848679045,0.15499804089092,-3.8514909099521,0.000140962611050216,0.000336340161268919,-0.21339452847532
"NDUFB8",-0.46326083152664,-0.339769398155878,-3.85120201730673,0.000141121838567558,0.00033659429931037,-0.214459060261491
"ARL2",0.340502622696935,0.100044631680252,3.84551825774379,0.000144289350058362,0.000344020724467005,-0.235388130655222
"TDP1",-0.338741318530083,0.160764349301938,-3.84517426872119,0.000144483194714404,0.000344328952688986,-0.23665388028783
"HEBP2",0.44973474117332,0.00838184675834691,3.84509751089235,0.000144526482882769,0.000344328952688986,-0.23693630597074
"SDHB",0.30488530284494,0.121992593077668,3.84485643163033,0.000144662521179779,0.000344524504935803,-0.237823308687632
"SMOC2",-0.725755345627314,-0.32530226939015,-3.84380439932788,0.000145257589964013,0.000345812718836773,-0.241693455173525
"HACL1",0.416468857461681,0.0308597142868263,3.84240659288543,0.000146051824204042,0.000347573946158332,-0.246834114641953
"YIPF5",-0.44751809266162,-0.00666499910375372,-3.83953670448056,0.000147695388695359,0.000351354343077446,-0.257383235619395
"EFNB2",0.653613251842914,-0.695161809518549,3.83939396221614,0.000147777591136665,0.00035141896439762,-0.257907738748061
"THOC3",-0.292542257718943,0.325988880832312,-3.83877391118304,0.000148135168734355,0.000352138143100839,-0.260185894883895
"PQBP1",-0.241561907783535,0.179386789839764,-3.83791512598047,0.000148631773880643,0.000353187151554858,-0.263340638758881
"NOP53",-0.404266479062663,0.182807009569334,-3.83730855593088,0.000148983480270994,0.000353891191045498,-0.265568482359133
"NCOA5",-0.254547799483289,0.207643227770254,-3.83664442712977,0.000149369463467402,0.000354676096779235,-0.268007361571847
"ECT2",-0.597945078447713,-0.00335339717480316,-3.83546426802857,0.000150057691447083,0.00035617782895525,-0.272340305528801
"PSMB10",-0.460612909897533,0.086176923862464,-3.8336312490747,0.000151132593936711,0.000358595916865811,-0.279067801378389
"SMARCAD1",-0.274944205444824,0.181830038550487,-3.83221858344077,0.000151965960484278,0.000360439323065423,-0.284250520995806
"MNAT1",-0.283173033713166,0.246843618223203,-3.83129139458687,0.000152515292214448,0.000361607924541125,-0.287651197054539
"NEPRO",-0.311310021254658,0.0864267758836103,-3.83049519112629,0.000152988517050116,0.000362595278903115,-0.29057085364439
"FKBP8",-0.280502920183541,-0.0333587456718835,-3.83019443477374,0.000153167633101185,0.000362885097347334,-0.291673574622413
"CASP10",-0.448117068685202,-0.143654722029384,-3.82990912244346,0.000153337734699441,0.000363153351652792,-0.292719596993367
"POM121C",-0.275994136941296,0.0875767007415609,-3.8288687662805,0.000153959503557047,0.000364490704564977,-0.29653318446436
"PDZD11",0.278991476259882,0.0861368539665663,3.8284125973993,0.000154232884024152,0.000365002581354416,-0.298205043591366
"RRP36",-0.442886299051605,0.0105839401419974,-3.82688388155292,0.000155152388509392,0.000367042608607807,-0.303806459029012
"PAWR",0.351642798368667,0.000125338329966955,3.82646880143193,0.000155402947577813,0.000367499192697902,-0.305327013721737
"CORO1A",-0.462510460184375,0.00923474693326978,-3.82019954159422,0.000159234160558446,0.0003764198871402,-0.328274712621671
"COL5A1",0.661923774305474,0.063116781943031,3.81584961019613,0.000161944734207435,0.000382664259381258,-0.344176755603329
"SRI",0.488486036970489,-0.0995989310579189,3.81576874331314,0.000161995535333992,0.000382664259381258,-0.344472223626269
"CADPS2",-0.461303220422608,-0.0700587073579782,-3.81355862215186,0.000163389794006371,0.000385815027637084,-0.352545252333431
"DUS3L",-0.370982417691635,0.0679262705986211,-3.81187952640976,0.000164456627781857,0.000388190598294697,-0.358675713398746
"VAV3",0.313103445353965,-0.358456602115862,3.80820342944982,0.000166815308869123,0.000393612619042628,-0.372088693463677
"NCAPD3",-0.378590916991104,-0.142654999251529,-3.80801283784275,0.000166938465030373,0.00039375770196488,-0.372783782195229
"CDKN2A",-0.611662793415174,-0.305149424473821,-3.80615387649087,0.000168144200025254,0.000396455213131922,-0.37956175459079
"PLOD2",-0.759137740465576,0.417710906557037,-3.80102275380774,0.000171515129264429,0.000404218459117237,-0.398254647052313
"MORF4L2",-0.363020041709823,0.104343574878799,-3.80095003914446,0.000171563355396666,0.000404218459117237,-0.398519383594599
"SPINT1",-0.449347836912918,0.00313117304133683,-3.79998884005618,0.0001722020512176,0.000405573624870666,-0.402018441525872
"GMFB",0.267744390989789,0.0517949309142863,3.79772166533485,0.000173717449166718,0.00040896922710838,-0.410268437808958
"ZFR",-0.21298739859249,0.19832387439661,-3.79759107072728,0.00017380512230031,0.00040896922710838,-0.410743519638678
"CMIP",-0.431870899530073,-0.0467952661594504,-3.79754517934547,0.000173835940857031,0.00040896922710838,-0.410910461428277
"MPI",0.343376343676899,-0.0311635784830038,3.79714721985601,0.00017410340886224,0.000409447611633666,-0.412358064652468
"LEMD3",-0.305475794506784,-0.0042660975842413,-3.79648970087508,0.000174546178447246,0.000410337757505768,-0.414749527663664
"NR3C1",0.29564442583394,-0.0941122420401437,3.79585508095528,0.000174974536597709,0.00041119338099977,-0.41705734461097
"RPS6KB2",-0.292083908110738,0.109166791279936,-3.79467701152618,0.000175772348477419,0.000412916278524032,-0.421340497000955
"TIMM13",-0.439897212276693,0.332357570349323,-3.79446371692168,0.000175917162707431,0.000413104481017634,-0.422115850157762
"SPRYD3",0.234665316924071,0.100632430302837,3.79390070975128,0.000176299952336013,0.000413851174877,-0.424162261369008
"ESYT2",-0.293022423311426,-0.117314774158276,-3.78715259573759,0.00018094966516415,0.000424609927259499,-0.448668561231146
"WDHD1",-0.584920320123413,-0.013036779713964,-3.78592572122988,0.00018180737619855,0.000426424037182479,-0.453119755213968
"HNRNPA1L2",0.522108314839515,0.307969768490839,3.78585586554045,0.000181856327838354,0.000426424037182479,-0.453373157185474
"ZC3H13",-0.27769766958473,0.159447589763656,-3.78543735291585,0.000182149862931352,0.000426955534073672,-0.454891224714545
"TOMM22",-0.31986899367653,0.145287688005159,-3.78508748317492,0.00018239559682385,0.000427374636961571,-0.456160186389218
"HDLBP",-0.244848781927994,0.392178355322135,-3.78226899091879,0.000184386639198306,0.000431881398122224,-0.466378807723514
"LCK",-0.555073074817814,-0.273758446484748,-3.78198744661821,0.000184586651616114,0.000432191335008759,-0.467399180956707
"SP2",0.229690011992422,-0.0307771257524651,3.7789817333464,0.000186734753834842,0.000436933052392737,-0.478288150420825
"RBM19",-0.312984833892714,0.245759021005675,-3.77891900693559,0.000186779833150237,0.000436933052392737,-0.478515308417291
"BCKDHB",0.408273011911696,0.0637002693889123,3.77886715131963,0.000186817107757584,0.000436933052392737,-0.478703096207509
"EFEMP1",0.558872657804312,0.205658765600843,3.77803192419744,0.000187418450255363,0.000438178983844926,-0.481727427734466
"EVI2B",-0.523628561056495,-0.229454505849986,-3.77744855004942,0.000187839548540704,0.0004390027516224,-0.483839443811617
"MRPS21",-0.456323058790297,0.229029644013929,-3.77585566407246,0.000188993899428105,0.000441538985674515,-0.489604718386358
"NT5DC1",-0.453263740855149,-0.262000459365575,-3.77284797179862,0.000191191834624534,0.000446510557453421,-0.500484646702226
"SCD5",-0.665003372716488,-0.67208541756108,-3.7720875197733,0.000191751360972441,0.000447583766848139,-0.503234221674548
"LPCAT3",-0.59369262028085,-0.550889811203328,-3.77203294993621,0.000191791571824042,0.000447583766848139,-0.503431510900368
"NDUFB11",-0.39634476998266,-0.121894975188377,-3.77130642658683,0.000192327683838775,0.000448670902926774,-0.506057899834661
"FMN1",0.504193858652458,-0.364461162203925,3.76965144413391,0.000193554205711502,0.000451367276650087,-0.512038944749341
"FBXO6",-0.463969795447034,-0.0567425473359798,-3.7671405974357,0.000195429123366909,0.000455573184628592,-0.521108452428821
"TIMM17A",-0.466502078683483,-0.131642272962748,-3.76662886581925,0.00019581334447497,0.000456230295378421,-0.522956214049369
"TRA2A",-0.311324809134554,0.268183781338371,-3.76657488818181,0.000195853913803015,0.000456230295378421,-0.523151103191037
"KDM2A",-0.26456259652391,0.132576286352137,-3.76583207329096,0.00019641301629846,0.000457365831169097,-0.525832815737043
"CADM1",0.557307602803482,-0.709294997299041,3.76149137605387,0.00019971041665261,0.000464874593629936,-0.541493909300633
"ATP8A1",0.59783998559515,-0.523745602438941,3.76002219815181,0.000200838258799926,0.000467329548993268,-0.546790900514886
"MRPL1",-0.402031774923397,0.232288310110518,-3.75939163888626,0.000201324160754888,0.000468289532393428,-0.549063743806392
"EXOC8",0.191484264084262,0.0182822147657611,3.75845092826919,0.00020205112446184,0.0004698093334628,-0.55245387360802
"BCL2L2-PABPN1",-0.341973953589091,0.160833216161428,-3.75549253220454,0.000204353496434857,0.000474989834268861,-0.563110256046678
"NFS1",0.336362779010501,0.153465632134836,3.75523432431482,0.000204555617077085,0.000475286613914552,-0.564039976316059
"CMC2",-0.444031980403108,0.0349550960722983,-3.75375583762919,0.000205716587957243,0.00047781026340742,-0.569362382469823
"SHARPIN",0.259671113755668,0.0351960210455001,3.75260004670537,0.000206628491291727,0.000479753787962791,-0.573521775706725
"GMDS",-0.589177589439657,-0.12637892278872,-3.75119291280037,0.000207743849330278,0.000482168112676781,-0.578584100080667
"MARS2",-0.404749006743132,-0.105238958664558,-3.75043050899995,0.000208350535282401,0.000483400497012403,-0.581326206417423
"ARPC4",0.262220258704014,0.21645546843191,3.74873629729969,0.000209704701047287,0.00048636560704211,-0.587417875582368
"PARL",-0.423914211631307,-0.144450359931711,-3.74766297589739,0.000210566887592191,0.000488187936556331,-0.59127577788453
"TMED4",-0.383636243958929,0.185806767356728,-3.74588224236513,0.000212004710852585,0.000491343041304447,-0.597674135453278
"ALCAM",-0.677393891294412,-0.687388955497868,-3.74551080589648,0.000212305786091118,0.000491862280185701,-0.599008392637561
"CXADR",-0.658120858197003,-0.406713321895655,-3.74187737095129,0.000215272286024003,0.000498554061031288,-0.612053843892067
"MRPL45",-0.362978679853841,0.18701819396519,-3.74111393238056,0.000215900542300211,0.000499827760183773,-0.61479340821468
"POLR3A",-0.28459326007323,0.224736386391559,-3.74022034271242,0.000216638100524893,0.000501266615050021,-0.617999361536691
"CDC42",0.354414397043016,-0.0136060658619222,3.74017079108851,0.000216679069309015,0.000501266615050021,-0.618177118512259
"SPAG9",-0.385695061818702,-0.108922922423985,-3.73960012559068,0.000217151416788673,0.000502177398115058,-0.620224115943611
"NSD2",-0.414532522130944,-0.0299163233633378,-3.739267713391,0.000217427006265586,0.000502632670168633,-0.621416358075515
"VKORC1L1",-0.538251781061151,-0.0374412777305641,-3.7390079221661,0.000217642618250137,0.000502949011048544,-0.622348067301838
"PARG",-0.22545616828325,0.0727347103944062,-3.73842707278219,0.000218125420001454,0.000503882346855746,-0.62443099694582
"AFF4",-0.335931684285706,0.100342176769533,-3.73767342586054,0.000218753356661286,0.000505150156340799,-0.627133136568934
"RPL34",-0.42725857763647,0.280101599212628,-3.73572009802186,0.000220388809459222,0.000508742786839166,-0.634134304575408
"YLPM1",-0.209067393936423,0.203145878780935,-3.73409242898655,0.000221760400199694,0.000511723944804859,-0.639965669468403
"DYNLL2",0.386074965110853,-0.212570064846936,3.73207344958551,0.000223472923366576,0.000515489384283088,-0.647195716854133
"FOCAD",-0.278863271427079,0.0777557494158284,-3.72883991562146,0.000226241650472347,0.000521687590561912,-0.658767647303184
"ZZEF1",0.227872269424969,-0.239270669108626,3.72606620464811,0.000228642392608512,0.000527033096319621,-0.668686651777176
"PPP2R5A",0.367736448738262,-0.28595589649605,3.72562902525981,0.000229022970523111,0.000527719836445349,-0.670249420069575
"PARN",-0.2743617587739,0.281526226055385,-3.72381226237767,0.000230610924866048,0.000531187141150691,-0.676741926534126
"GPAA1",-0.376737717634338,-0.0215427029789826,-3.72309204006541,0.000231243308677675,0.000532451686226813,-0.679314955812903
"C1QBP",-0.391963019634246,0.0428987716193526,-3.72176022947783,0.000232417000117177,0.000534961263788096,-0.684071708665582
"TCF25",-0.295918936995348,0.106031246867477,-3.72162316028733,0.000232538113985249,0.000535047155962455,-0.684561182170033
"MYO19",-0.332835367926213,-0.00580329616465503,-3.71795470442371,0.000235801739618264,0.000542360989719963,-0.697655064616049
"NDUFA6",0.354229429756655,-0.00459914427176508,3.71569670007824,0.000237831978285739,0.000546833698723242,-0.705708694554843
"LTA4H",-0.403693469679752,-0.329788462375643,-3.71228530077206,0.000240930541686817,0.000553758642429923,-0.717867607041454
"IRAK1",-0.246011270605627,0.0675029107137792,-3.7117351108513,0.000241433826264693,0.000554715718136044,-0.719827632537571
"MRPL15",-0.392257697067726,0.164726404187184,-3.71100064269985,0.000242107223051426,0.000556062812655883,-0.722443724041633
"ELMO2",0.250266365927321,0.00302430634958052,3.71076929155153,0.000242319703560307,0.000556314422202033,-0.723267671732472
"GLO1",0.475822819605739,-0.131240832877081,3.71069167406413,0.000242391029376046,0.000556314422202033,-0.723544092666952
"COA5",0.514263335273638,0.207008676501154,3.70657898296229,0.000246198770262734,0.000564850574246338,-0.73818310615847
"KIF4A",-0.617871553855983,-0.0661583408969838,-3.70365118389848,0.000248943745292406,0.000570943180205464,-0.748595427446915
"TPBG",-0.426030959566795,-0.0457354989320828,-3.70345015217598,0.00024913327782419,0.000570982577352353,-0.749310091822381
"ETNK1",-0.325656738332136,-0.0271227598360513,-3.7034178131834,0.000249163779689592,0.000570982577352353,-0.74942505306155
"MRPS12",-0.375917803879837,0.111266142619148,-3.70334846500587,0.000249229200169304,0.000570982577352353,-0.749671574399458
"ABI3",0.295956863120022,-0.133232557817774,3.70236593798914,0.000250157820117276,0.000572904476846774,-0.753163839543085
"TTC38",0.469268036498551,-0.129826903488719,3.70059529331063,0.00025183955329877,0.000576549138692237,-0.759455213943448
"CEP170B",-0.443826472003991,-0.157851294044985,-3.6999864707955,0.000252420260958212,0.000577671457425872,-0.761617814650362
"BCCIP",-0.374659154372405,0.158784657878768,-3.6995183241725,0.000252867646694365,0.000578487969954684,-0.763280497299588
"FABP6",1.09561841893203,-1.63668798446732,3.69845390832903,0.000253887640555139,0.000580613390023124,-0.767060185812481
"EMC8",-0.224343985904243,0.144367086522658,-3.69834092039835,0.000253996140342056,0.000580653546754039,-0.767461341652211
"RBPJ",-0.287985024868632,0.126435677344217,-3.69717011182684,0.000255123016030675,0.000583020922460938,-0.771617552559304
"ARMC6",-0.311795497680766,0.0566766703103474,-3.6961403403385,0.000256118037970601,0.000585085392644826,-0.775272099893022
"LAMP2",-0.439031658331457,0.0679562972275393,-3.69568958180333,0.000256554734987199,0.000585873384439651,-0.776871498196823
"WDR20",0.209876538395241,-0.0404147160772605,3.69551133670103,0.00025672761312596,0.000586058566252863,-0.777503904602397
"THUMPD3",-0.271312847003595,0.130741963628072,-3.69326413554863,0.00025891658456378,0.000590844314667525,-0.785474474938647
"MRPS25",-0.301198679594635,0.16732669880187,-3.69258659983837,0.00025958000539574,0.000592146600375777,-0.787876742416591
"OSBPL10",-0.338721094800835,-0.0569115597814284,-3.69113347331867,0.000261008262507775,0.000595192055754337,-0.793027572789463
"PAN2",0.201303450097846,-0.0653027318203503,3.68882535967264,0.000263292098496898,0.000600185665441875,-0.801205199499647
"GPX1",0.290019638540198,0.208936806186721,3.68714666649369,0.00026496494180218,0.000603783423771207,-0.807149836571204
"COQ10B",0.394383233759771,-0.280057290137922,3.6867930615203,0.000265318588437387,0.000604163500132412,-0.808401715090545
"NME1",-0.482928769823919,0.167231298176503,-3.68679067220906,0.000265320979541313,0.000604163500132412,-0.808410173666255
"VDAC1",-0.439335850258133,0.310788360900439,-3.68628846486607,0.000265824014337552,0.0006050931663263,-0.810187962633364
"JUP",-0.383992080999241,0.0893058037794202,-3.68476753594471,0.000267352933395923,0.000608356550154301,-0.815570614786535
"ERLEC1",-0.269396378860371,0.239219362275787,-3.68441709053505,0.000267706391767632,0.000608943823098087,-0.816810570641447
"COX5A",0.39940382674416,0.0777456817730828,3.68342172665497,0.000268712714622463,0.000611015200450295,-0.820331802935352
"AKR1C3",0.830234468445404,-0.781003468570053,3.68280431829617,0.000269338709478169,0.000612220598084054,-0.822515526924936
"TMED10",-0.29981361021177,0.252290865900133,-3.68159878938702,0.000270564964257631,0.000614789073588959,-0.826778414440857
"DAAM2",0.41068440775599,-0.132673019617874,3.68111960742297,0.000271053842934299,0.000615680820752579,-0.828472499422142
"ARHGAP17",0.259931858356539,-0.129003134991377,3.68096705596735,0.000271209655875582,0.000615815665990608,-0.829011782462258
"YARS2",-0.374558863936599,0.0857375859210944,-3.67962794816491,0.000272581017072019,0.000618709489514696,-0.83374476486363
"SAMD4A",0.363156637663802,-0.0548383485601696,3.67939497856607,0.000272820263615746,0.000619032474479935,-0.834568017545395
"ICAM1",-0.589422295333912,-0.145660828037483,-3.67854522634406,0.000273694587634305,0.00062079571653465,-0.837570409234028
"C20orf27",0.296504736298349,-0.176944409279369,3.67704813486075,0.000275241390974723,0.000624082486283242,-0.842858461752587
"PLCB3",0.275832623101451,-0.0414400645482347,3.67624991667258,0.000276069474613195,0.000625737875543221,-0.845677131384742
"MRPL3",-0.326357914845332,0.225958401837935,-3.67587899729856,0.000276455069630251,0.00062638950304796,-0.846986730755263
"GTF3C3",-0.226589505699375,0.186064720375857,-3.67499323953339,0.000277377924934212,0.000628257556120945,-0.850113569706438
"NUCB2",-0.503922298000596,0.071713340442781,-3.67481337927365,0.000277565672033708,0.000628459863806818,-0.850748414781556
"RIOX2",-0.410811987840896,-0.0786052418243934,-3.67466202220544,0.000277723758769378,0.000628594895335866,-0.851282631178328
"POLDIP3",-0.290110396893241,0.0979786240315732,-3.6732411888896,0.000279211903433027,0.00063173919327423,-0.856296489226291
"MRPL20",-0.337654208624605,0.189293262787542,-3.6728315383808,0.000279642353030355,0.000632488991887642,-0.85774173832265
"SLC30A9",-0.418907888691477,-0.0427041202904182,-3.67201355713254,0.000280503735080009,0.000634212587990742,-0.860627136001489
"ITGA2",-0.53775193659705,-0.0755057901707825,-3.67071766623346,0.000281873498302168,0.000637083995277643,-0.865197129500407
"CPM",0.454687127534127,-0.310543613904182,3.66820603708784,0.000284546248090975,0.000642897308584882,-0.874050223615616
"CNOT8",-0.330042358128408,0.109136891454409,-3.66739835895097,0.000285410794916197,0.000644622541754481,-0.876895974211106
"BECN1",0.208328017277607,-0.00104187096848087,3.6668540931663,0.000285994776136419,0.000645713099586645,-0.878813299360725
"NEBL",0.455569499568664,-0.264712698508079,3.66380476250311,0.000289287473263601,0.000652916407489604,-0.889550549782754
"HDDC2",0.350064088242059,-0.254402356294155,3.66306569085425,0.000290090884001515,0.000654498337226032,-0.892151716446089
"LRPPRC",-0.430647936311623,0.185311039198415,-3.66255597255569,0.000290646198174669,0.000655519595671234,-0.893945390903514
"STK17B",-0.357209435125889,0.0722248296850284,-3.6612453535344,0.000292078652460701,0.000658517724562702,-0.898556340470117
"SELENOH",-0.357625449482212,0.220912394467807,-3.66101648008754,0.000292329482350586,0.000658850598238084,-0.899361394726454
"MIF4GD",0.302334209250509,-0.213200358607012,3.65726892194318,0.000296465494461622,0.000667936549801503,-0.912536698133613
"ADNP",-0.280117772569789,0.274205482359231,-3.65694559097213,0.000296824908654474,0.000668510420373481,-0.913672850969045
"BTF3L4",-0.292110590020303,0.146961310429024,-3.65617887407067,0.000297678829312968,0.000670197223259273,-0.91636664759225
"YWHAZ",-0.272929767609822,0.0982379612806683,-3.65486737233491,0.000299144857139739,0.000673260455705757,-0.920973293386425
"ANP32A",-0.294522804342788,0.300898971069708,-3.65469170263717,0.000299341739967832,0.000673365107256793,-0.921590216917409
"KLHDC4",-0.357410582946671,0.139825241034343,-3.65457073725134,0.000299477383489994,0.000673365107256793,-0.922015011866351
"PSMB5",0.43815469748167,-0.139846490357759,3.65454367484679,0.000299507737605214,0.000673365107256793,-0.9221100453174
"PHF14",-0.254510042000463,0.225281273245881,-3.65444364747273,0.000299619956839381,0.000673380297226135,-0.922461299919199
"C5orf51",-0.292417557906969,0.093891142012143,-3.65335683131149,0.00030084179230402,0.000675888403892037,-0.926277175496256
"GALM",0.476364587420088,-0.0111242629720803,3.65313178695582,0.000301095379880029,0.000676220190128029,-0.927067188683353
"RPP25",-0.433363976596367,0.086049030606532,-3.65249572727235,0.000301813201210738,0.000677593983730858,-0.929299819319812
"SCAF11",-0.234017254629526,0.112558342382821,-3.65152565165911,0.000302911074869933,0.000679819758539375,-0.932704187592664
"MRPL47",-0.365914327218904,0.267622270021387,-3.65029265554672,0.000304311928760742,0.000682723705248537,-0.93703004126483
"PSMB9",-0.409839441623543,0.0083804180901671,-3.64945084050158,0.000305271845133609,0.000684636716255037,-0.939982698045053
"PRKD1",0.370164861112565,-0.0910572217701885,3.64794010691395,0.000307001671242046,0.00068827446309005,-0.945280003922162
"HSPA1A",0.349399942853672,-0.251581818076751,3.64773736172558,0.000307234519793279,0.000688554724071635,-0.94599076502011
"CLUH",-0.35571236132724,-0.0139694678606332,-3.64742703375229,0.000307591246636118,0.00068911231921811,-0.947078607076665
"PIGT",-0.30046079665569,0.116130366711041,-3.64616418909266,0.000309046928566192,0.000692130704628249,-0.951504576930922
"CPNE2",0.317283363787486,-0.112641616612619,3.64536067933271,0.000309976505128341,0.000693969139286274,-0.95431995133361
"WASF2",0.21964102959771,0.0182874746736752,3.64325561824345,0.000312424325087585,0.000699204106443823,-0.96169304673808
"DNM1",0.394313263540059,0.16670313734841,3.6429047034328,0.000312834141612587,0.000699875961526408,-0.962921763591833
"MYO18A",-0.270797406687414,0.0153604376241181,-3.63967829949106,0.000316625868649643,0.000708015165990484,-0.974213794836878
"BCAT1",-0.61238719976999,-0.16684802906512,-3.63962064262944,0.000316694019431296,0.000708015165990484,-0.974415503051076
"AZU1",-0.823986836536772,-0.710184467725612,-3.63915805625468,0.000317241299012171,0.000708990442489574,-0.976033720127433
"C2orf76",0.303436113959611,-0.0164022147839176,3.63898310075673,0.000317448518146488,0.000709205314333563,-0.976645699007638
"KRT14",1.08520675742537,-1.68523084012814,3.63850219841768,0.000318018759881858,0.000710230773643113,-0.97832771303737
"HMOX1",0.448949087244807,-0.156494652635868,3.6370502130295,0.000319746337203565,0.000713839287777888,-0.983404962610202
"RBM33",-0.204829618016291,0.165466478394367,-3.635900288773,0.000321120778696432,0.00071665717300829,-0.987424648739424
"SMIM12",-0.378602314937631,0.134246987927968,-3.63079319582593,0.000327292400827101,0.000730175394577583,-1.00526287526846
"SLC26A6",-0.598205348581307,-0.252210204056245,-3.63061041624593,0.000327515332654276,0.000730417533705048,-1.0059008649628
"ASCC2",-0.25704725977001,0.0538812575005043,-3.62721688150813,0.000331680362941921,0.000739301198652939,-1.01774056714625
"DPP4",0.617357634874387,0.0192325749579348,3.62717644189206,0.000331730295088594,0.000739301198652939,-1.01788159527875
"CARS2",-0.459253340767281,0.0316565572969093,-3.62545012890626,0.000333868432423231,0.000743806678653989,-1.02390054342142
"LASP1",-0.373285074874425,-0.183058954799077,-3.62420340023125,0.000335420625376043,0.000747004078488327,-1.02824573171573
"OTUD6B",-0.364738021814892,-0.204571734662591,-3.6233508100154,0.000336486013442876,0.000749115479718537,-1.03121644580279
"CNPY3",-0.307046341069615,0.306804141780163,-3.62305076912654,0.000336861697480577,0.000749690463023172,-1.0322617367054
"KIF23",-0.588290882932324,-0.0280241665416517,-3.62283632869273,0.000337130441904406,0.000750027132947607,-1.03300876135132
"MAPK9",0.26632621354099,-0.120329524524158,3.62190978563722,0.000338293936788747,0.00075235346095303,-1.03623599717677
"RPP38",-0.235394861516169,0.147459863785307,-3.61821296136952,0.000342973850032052,0.000762495833027385,-1.0491047916851
"TIMM8A",-0.443879100989108,0.239740228094437,-3.61811398414592,0.000343099980380278,0.000762495888255255,-1.04944916856348
"LY75-CD302",-0.459005620589142,-0.0634744334134006,-3.61802554807417,0.000343212714619515,0.000762495888255255,-1.04975686167408
"SPRYD7",-0.283715683614548,-0.100015587147714,-3.61777805367895,0.000343528394146194,0.000762931755347287,-1.05061792496512
"LYSMD2",-0.389808915679169,-0.159287905761004,-3.61708992065379,0.0003444075435821,0.000764618277389328,-1.05301173804305
"C7orf26",0.274932959436718,-0.0426382572401818,3.6147065498315,0.000347468875802495,0.00077114660132045,-1.06129953511486
"MRPL53",-0.371613431106172,0.297859397153375,-3.6135558689098,0.000348956008494417,0.0007741779410135,-1.06529904068561
"MAGI1",0.303805022689237,-0.437866769400803,3.61328141469622,0.000349311593613129,0.000774697646828701,-1.06625280745499
"D2HGDH",0.446455707451741,0.0450104414435839,3.61216019743296,0.000350767791216041,0.000777657064900841,-1.07014849904799
"KCTD5",-0.336383415186513,0.298096914905901,-3.61131623463002,0.000351867660791695,0.000779824718554311,-1.07308012769218
"LGALS3",0.456206641602102,-0.144074905706155,3.60832125933374,0.000355796981230193,0.000788259446618593,-1.08347850536625
"RAI14",0.32830640012968,0.142639953789827,3.60477205891755,0.000360506794210482,0.000798416885547669,-1.09579079842111
"DDT",0.417208493290388,-0.34936204174877,3.59957964242571,0.000367502778576865,0.000813388496182791,-1.11378328628814
"LIMD2",-0.397333923878504,0.0762640092518275,-3.59956575325672,0.000367521661940071,0.000813388496182791,-1.11383138215593
"EMILIN1",0.419594320999511,0.00192091739408155,3.59889975171229,0.000368428211047694,0.000815112310304755,-1.11613743270901
"ERI1",-0.356676355546935,0.182955269684398,-3.59729929001946,0.000370615324724936,0.000819667075985007,-1.12167746691899
"NAA35",-0.224351996075289,0.138261753080159,-3.59673206154165,0.00037139339392598,0.000820948151592021,-1.12364039429776
"RRP8",-0.269062191697587,0.24552808833374,-3.59668958814533,0.000371451716515168,0.000820948151592021,-1.1237873644578
"PRODH",-0.805732932589285,-0.559341551690039,-3.59657751955498,0.000371605645436258,0.000821004168204328,-1.12417514629183
"EEF1A1",-0.219293884895003,0.19652710638866,-3.59565685332633,0.000372872472140532,0.000823518068010134,-1.12736042996162
"CYP27A1",0.483928537112988,-0.435875696389218,3.59327542937367,0.000376168123219899,0.000830509497496216,-1.13559608650517
"WASHC2C",0.232858078128923,0.0377415153126665,3.59124554839099,0.00037899884763244,0.000836469976541005,-1.14261202221061
"ALDH6A1",0.502575577348092,-0.216398913714016,3.59004083736875,0.000380688294832654,0.000839908349172943,-1.14677416585418
"IFT74",0.299994285149352,-0.0987312990135014,3.58846781162742,0.000382904899634216,0.00084450700661985,-1.15220685219594
"SHPK",0.297235035671506,-0.119033998574234,3.58651075505279,0.000385679572039353,0.000850332896226267,-1.1589627740811
"GTF3C2",-0.210967818019778,0.121465912958372,-3.58547205396683,0.000387159876604161,0.00085330197173544,-1.16254707182105
"RSRC2",-0.227949941424948,0.226942006662064,-3.58450367884415,0.000388544758878313,0.000856058759640451,-1.16588782727003
"MLLT1",-0.261538705083417,8.2404757713217e-05,-3.58409125333621,0.000389135983281018,0.000857065627198792,-1.16731038273873
"FASTKD5",-0.412280479113155,0.15092206215909,-3.5826544504657,0.00039120228585482,0.000861319515580353,-1.17226508125453
"ABCC3",-0.785454433610938,-0.56110072012842,-3.58188667250967,0.000392310664549247,0.000863462114149239,-1.17491194804188
"TBC1D22A",0.219053489673703,-0.0420319243197829,3.57986153793076,0.00039524834464424,0.000869628077378867,-1.1818909558496
"TMEM205",-0.546796903538278,-0.247344981742956,-3.57971982637103,0.000395454683860069,0.00086978234806977,-1.18237918475813
"TM7SF2",-0.620234986067531,-0.701989043734785,-3.57955723461581,0.000395691550243775,0.000870003632336951,-1.18293932871394
"ZADH2",0.405838718538242,-0.339951423087359,3.57775451468939,0.000398326721037191,0.000875496080489661,-1.18914829176842
"COG5",-0.232808908852371,0.174037673600991,-3.57753404504225,0.000398650125997096,0.000875905386955079,-1.18990743901585
"SYAP1",-0.376493084690513,0.275841563928662,-3.57667987582558,0.000399905427536968,0.000878361250369295,-1.19284820708334
"IVD",0.432287223145705,-0.0357751290434095,3.57552559114259,0.000401607678310565,0.000881796776483136,-1.19682119239092
"NIPSNAP2",0.427111611124625,0.0987268094883948,3.57514163120593,0.000402175418583026,0.000882739789499011,-1.19814249866498
"CC2D1B",0.187410184767565,-0.0183764071139755,3.57451281927396,0.000403106835011409,0.000884480117370395,-1.20030612089987
"ATF1",-0.353215906420349,0.15307888668726,-3.5741674314318,0.0004036192954913,0.000885300309760203,-1.20149438490965
"GRK5",0.437398491382686,-0.515606424520296,3.57182808929329,0.000407106361452019,0.000892642210807397,-1.2095398040184
"THG1L",0.273586898286156,-0.0529024900671575,3.57170572070793,0.000407289542077306,0.000892737290135117,-1.20996051745853
"HNRNPM",-0.361034197806005,0.384562574431301,-3.5714273096689,0.000407706599890811,0.000893344763316002,-1.21091766821467
"HNRNPLL",-0.220298120458303,0.236052851334291,-3.57050402305717,0.000409092546600462,0.000896074068625711,-1.21409134582141
"RCCD1",0.269982912319183,-0.0281117367565222,3.56868855742085,0.000411830646037812,0.000901762234208309,-1.22032955779849
"MRPL58",-0.325582817204578,0.166972777713254,-3.56654824921981,0.000415080758912977,0.000908567242255523,-1.22768020546161
"GPATCH11",-0.48892946318254,-0.120540740660239,-3.56609308351791,0.000415775035532815,0.000909775052048329,-1.22924289446786
"EXOSC1",-0.227180470755368,0.2302190207393,-3.56527115543975,0.0004170315055014,0.000912027164465611,-1.2320642957072
"KIF5B",-0.188551201005248,0.133373504422793,-3.56523298123264,0.000417089948353889,0.000912027164465611,-1.23219532022441
"RAD9A",-0.325248758714204,0.0877504098541752,-3.56437002017857,0.000418413151574768,0.000914607316947927,-1.23515689651406
"MSRB2",0.390030216525882,0.00766932419986505,3.56186008943249,0.000422284119573554,0.000922752944379584,-1.24376689757562
"ECHS1",0.392545266929484,0.102180260486469,3.56047832892132,0.0004244294667865,0.000926967823608416,-1.24850445612782
"RPL37",-0.681360483429093,-0.145142860930548,-3.56043085685053,0.000424503354147378,0.000926967823608416,-1.24866719049793
"ADCY6",0.351580420043996,-0.274386579523128,3.55907194076153,0.000426623546524106,0.00093127909215604,-1.25332470610887
"ABCB7",-0.378262987681236,-0.017701935463866,-3.55829630284219,0.000427838151690008,0.000933611277696753,-1.25598237038888
"NACC1",-0.254637991917142,0.157849687116019,-3.55696452702178,0.000429931205819231,0.000937858130903925,-1.26054434760471
"SENP3",-0.299437278089589,0.0420105705632392,-3.55519248659604,0.000432731084331965,0.000943643433558605,-1.26661199207325
"SLC22A18",-0.563691300824556,-0.187055624017111,-3.55222956585342,0.000437450823144835,0.000953609937104737,-1.27675107451305
"PLK1",-0.511152647842116,-0.228616654127897,-3.55066957093186,0.000439955149638703,0.000958741853393556,-1.28208621342621
"AMFR",-0.274192709017123,-0.0784293607503862,-3.55026913864454,0.000440600145546889,0.000959819832588498,-1.28345533049117
"PGM2",0.323665075548558,-0.0162425302891857,3.5467974499034,0.000446229449464629,0.000971751376136308,-1.29531937658689
"RNASEH2B",-0.365101474022719,0.208507283599016,-3.54434295320511,0.000450250002537494,0.000980172610365461,-1.30370081140063
"VPS26A",0.177962718076946,0.0471137576075016,3.54191718677292,0.000454256841767812,0.000988558259948017,-1.31197885777421
"NUBPL",0.508607506668975,-0.0272018662579031,3.54091121117052,0.000455928280048163,0.000991575041256105,-1.31541025799668
"RPL8",-0.321467410191725,0.0439239242173512,-3.54089594358748,0.000455953691641022,0.000991575041256105,-1.31546232902848
"CLASP1",-0.266812621173203,0.136562783221978,-3.53602442200728,0.00046413006847775,0.00100901276378292,-1.33206632722002
"NDE1",0.283888823454587,0.0687240364735285,3.53541588281484,0.000465161043692927,0.00101085411287608,-1.33413897151529
"PTGR1",0.542072774808341,-0.296297692459792,3.5353376768504,0.000465293694243195,0.00101085411287608,-1.33440531188621
"TACSTD2",-0.594089297658131,-0.394959592540081,-3.53394285482958,0.000467665511458837,0.00101566132335533,-1.33915463855307
"CUEDC1",0.345638266899706,-0.0718845720488681,3.53144494981346,0.000471941398664476,0.00102459905830421,-1.34765558755004
"F3",-0.814080801099286,-0.633024530116905,-3.52927822142834,0.000475680025335191,0.0010323647048828,-1.35502495225979
"PACSIN2",0.330070715794248,-0.279917774302924,3.52858950772261,0.000476874181300035,0.00103460470526698,-1.357366491426
"TGS1",-0.219646678506677,0.0663654470459512,-3.52767028278321,0.000478472396020725,0.00103771951378815,-1.36049107932914
"RCN1",-0.391048434462841,0.384646884814535,-3.52633518055496,0.000480802617963854,0.00104241925830194,-1.36502795410057
"WASHC3",0.214989736719418,0.184065613667631,3.52362820923852,0.000485559904200272,0.00105237609922564,-1.37422175476303
"NDUFAF8",-0.483732447352426,0.13548391924697,-3.52296196868293,0.000486737512515465,0.00105457041649516,-1.37648353152929
"CYB5R3",0.277301466074587,-0.231109203441273,3.52055488700159,0.000491014464177764,0.00106347603588027,-1.38465187112138
"LZIC",0.278953541142065,0.000227295831388309,3.51890824973749,0.000493960493877279,0.00106949398216562,-1.39023668874135
"DNPEP",0.324328603734832,-0.239286773403335,3.51799794439803,0.000495596236694175,0.00107267185467536,-1.39332308576584
"RPS27L",-0.399735190274024,0.189730339698013,-3.51705498793573,0.000497295999841764,0.00107598609250751,-1.39651940557993
"CCDC50",0.294237424972741,-0.226470580646752,3.51677349007937,0.000497804482218582,0.00107669154126971,-1.39747343891465
"PROM1",-0.745215388926111,-0.465169167139475,-3.51668783661508,0.000497959298570001,0.00107669154126971,-1.39776371573672
"ISG15",-0.693098885573129,-0.210782579757355,-3.51607578565046,0.000499066877497901,0.00107872106053625,-1.39983774578961
"MRPL44",-0.346080032948459,0.189984505734273,-3.51375928657338,0.000503279784690667,0.00108745902715733,-1.40768453117468
"TAF8",0.396319017233025,-0.141442993795988,3.51340834845359,0.000503920916800845,0.00108847599924675,-1.40887286174097
"PTGES",-0.803755647635223,-0.455914378566501,-3.51054331430863,0.00050918375967042,0.00109947186523356,-1.41857018930906
"NDOR1",0.237154062855321,-0.0810364745225865,3.50984478967938,0.000510474676015033,0.00110188668233806,-1.42093338389377
"THAP4",0.465886052455242,-0.28758876707041,3.50972792048287,0.000510690956494834,0.00110198099263924,-1.42132872412028
"COMMD7",0.226677395968971,0.0523538612467845,3.50924947902129,0.000511577264853799,0.00110325390445721,-1.42294704850023
"COQ8A",0.415633586866126,-0.184693820110641,3.50913714984147,0.000511785562293766,0.00110325390445721,-1.42332697136694
"HUWE1",-0.24397119756967,0.166280868128397,-3.50912978227984,0.000511799227095108,0.00110325390445721,-1.42335188974381
"CD63",-0.618961252661962,-0.237591724346719,-3.50797447277254,0.000513946240878575,0.00110750818360098,-1.42725874701841
"WFS1",0.410437794032651,-0.509055379762869,3.50770699537456,0.000514444518625105,0.00110820791208546,-1.42816309288924
"TMED5",-0.383199447090834,0.0915323461888078,-3.50538643958006,0.000518786455649827,0.00111718432354946,-1.43600624740591
"TCP11L1",0.266256516756233,-0.111544982514523,3.50521232726021,0.000519113613000623,0.00111751194167531,-1.43659452844729
"ATP6AP1",-0.311235311023017,0.0182366110097729,-3.50170107798712,0.000525752624799514,0.00113142248376977,-1.44845235372487
"GMPR",0.460375368094782,-0.78084917243144,3.49754551953446,0.000533712573290039,0.0011481653572968,-1.4624718178644
"CRAT",-0.578274597742505,-0.413398434556756,-3.49735849213422,0.000534073462407648,0.00114855475159072,-1.46310242229733
"KNTC1",-0.369293481007752,0.0713900643710115,-3.49376585309414,0.000541050329213654,0.00116316712189535,-1.47520972539755
"ZNF800",-0.379665616778841,0.0506921395352494,-3.49313432916274,0.000542285522479401,0.00116543017873813,-1.47733678621007
"NR2F6",-0.365904330504877,0.0260432448707298,-3.49165155019495,0.000545196059710682,0.00117129099638382,-1.48232958942129
"WWOX",-0.326707081888541,-0.18391814272958,-3.48973679464698,0.000548976150818649,0.00117901537940702,-1.48877402867743
"GTF3C1",-0.217549123470609,0.169682141123479,-3.48668167367785,0.000555058362445894,0.00119167708278986,-1.49904976523831
"ARF6",0.25366128843941,0.0205402494340231,3.48539868879448,0.000557631311718852,0.0011967986303613,-1.503362524033
"IAH1",0.315534723785616,-0.0378572497623616,3.4842942240609,0.000559855183177744,0.0012011677905208,-1.50707400564251
"MRPS35",-0.331170971182477,0.266727341934938,-3.48356015145571,0.000561337846748196,0.00120394429005281,-1.50954020418774
"MED19",-0.231896777354999,0.12252839748949,-3.4827658181889,0.000562946361272204,0.00120698875645501,-1.512208311308
"RAB14",-0.239371120492867,0.0023502763978165,-3.48222033761797,0.000564053448553544,0.00120895645149862,-1.51404021311217
"CTTN",-0.345518315803774,0.24677510543274,-3.4812641144294,0.000565999080190809,0.00121271950571084,-1.51725087942057
"SLC17A5",-0.406511204431239,-0.0873342042854134,-3.48032417529694,0.000567917695935701,0.00121642216992602,-1.52040607105438
"RNASEL",0.308591448918326,0.0686407417702201,3.47936004418797,0.000569892012274752,0.00122024161581968,-1.52364164794783
"RFXAP",-0.276365584662146,0.190441862333847,-3.47825810643765,0.000572156386392624,0.00122467935873849,-1.52733867712736
"ANAPC4",0.243174654322583,0.0109317636382357,3.47678433339102,0.000575198002016626,0.00123077722616493,-1.53228152224941
"COQ7",0.376134135353719,-0.15732129054961,3.47635757427265,0.00057608157965199,0.0012322549032087,-1.53371245395771
"FAM83B",-0.605941298353118,-0.07668745738071,-3.47620812973938,0.000576391295067806,0.00123250449397453,-1.53421350582506
"EIF6",-0.31102692328471,0.259887716531037,-3.47500935169768,0.000578881336532651,0.00123741457440943,-1.53823199830254
"KDF1",-0.411601726139769,-0.0188068230315006,-3.47479976945768,0.000579317702120112,0.00123793290764288,-1.53893441864032
"PRKRIP1",-0.258941562469628,0.116545940442725,-3.47468047917147,0.000579566210608751,0.00123804960011271,-1.53933420555997
"B3GLCT",0.298614625277562,0.0917494168390233,3.47454090813488,0.000579857095028917,0.00123825670627413,-1.53980194476098
"RPS18",-0.241661424025138,0.252618634434961,-3.47393904144035,0.000581113029151575,0.00124052380178295,-1.54181875812782
"CXorf38",-0.287680390425406,0.120668902376425,-3.47224014654806,0.000584671906235309,0.00124770391755095,-1.54750988461497
"FASN",-0.546802006620435,-0.173672040157982,-3.47117261433608,0.000586918610051009,0.00125173439924132,-1.55108468604572
"HBS1L",-0.298090303583599,0.0133900820461801,-3.47115646050347,0.000586952668962963,0.00125173439924132,-1.55113877187666
"MITF",0.278504534236826,0.042016211492886,3.47094976069621,0.000587388640195201,0.0012522458990472,-1.55183081800137
"CALR",-0.300548667614508,0.207713666328961,-3.47081889791533,0.000587664812503337,0.00125241649794186,-1.55226893639323
"ZAP70",-0.452852092051745,-0.409407224193438,-3.46939688361624,0.000590673664982078,0.00125840885916269,-1.55702873949965
"STAT5B",0.26193352326655,-0.16135701392778,3.46863175472879,0.000592298562687918,0.00126144974074795,-1.55958904849159
"MRPL27",-0.291450879071757,0.19750957039907,-3.4685355919091,0.000592503078265843,0.00126146453975572,-1.55991079574736
"TBRG4",-0.379336989098186,0.113868318331387,-3.46574517101346,0.000598466481605314,0.00127373616168331,-1.56924353960358
"DESI1",-0.361028904103538,-0.0498737771078418,-3.46463832267793,0.000600847432722791,0.00127837749348051,-1.57294353140034
"DLD",0.344895274105278,-0.0868034898980017,3.46415804607856,0.000601883312569756,0.00128015488033241,-1.57454866649948
"HK3",-0.551280858245412,-0.233578845435706,-3.46239708699313,0.000605695721331577,0.00128783455900836,-1.58043220761436
"EIF5",-0.225688474318645,0.25320041455556,-3.46199989770653,0.000606558735475762,0.00128924018841969,-1.5817588724391
"EPSTI1",-0.460467062164374,0.0608782824082788,-3.46147854200306,0.000607693283636178,0.00129122183561298,-1.58350005474257
"DENND4C",0.230045781011272,-0.0480902200935848,3.45832412529454,0.00061460019055524,0.00130546314593986,-1.59402972353146
"PGM2L1",-0.48837419951726,0.16458124343427,-3.45729222931104,0.000616875510681345,0.00130986037103438,-1.59747232823244
"LOX",0.508663807754185,0.120159265655202,3.45381492818579,0.000624601026514535,0.00132582365501839,-1.60906624234574
"DTYMK",-0.291026306889292,0.220528599033235,-3.45252142307488,0.000627497808900422,0.00133152991353579,-1.61337623943102
"CLASP2",0.216111439673771,-0.0948142064393015,3.45223238169376,0.000628146826055315,0.00133246428051933,-1.61433912852981
"TFB2M",-0.444834148708516,0.222516932159218,-3.45004334686425,0.000633082517166098,0.0013424881674213,-1.62162906755614
"SMC6",-0.261682141043329,0.00619210291098834,-3.44852176533691,0.00063653460343173,0.00134936037281261,-1.62669371466239
"SYTL4",0.467218924102506,-0.258751934679498,3.44767148104807,0.000638471337749945,0.00135284150700603,-1.62952301578289
"USP6NL",0.331696531339742,-0.192738594742123,3.44761485319059,0.000638600517167763,0.00135284150700603,-1.62971142060128
"NCSTN",-0.332906470457554,0.0504320327013352,-3.44725408139136,0.000639424083055322,0.00135372453523633,-1.63091166585227
"STAG2",-0.289070659045449,0.119098108893659,-3.44724650983005,0.000639441377959713,0.00135372453523633,-1.6309368542922
"QKI",0.270134452570957,-0.0954059832532052,3.44682606617453,0.000640402438555112,0.00135530976803924,-1.6323354704568
"ASH2L",-0.234973561053125,0.173918776684129,-3.4462504626179,0.000641720356287619,0.00135764893137722,-1.63424997244786
"TUBB1",0.497528030770996,-0.783008464211518,3.44310837023849,0.000648959361808779,0.0013725092829245,-1.6446955700364
"PML",-0.336507955453246,0.220251253934306,-3.44146927596913,0.000652765849239989,0.001379851460078,-1.65014106930685
"RPL4",-0.331890428891501,0.122293753949306,-3.44142749164336,0.000652863157540428,0.001379851460078,-1.65027985620866
"TARS2",-0.371193666200994,0.07515389252175,-3.44007675169983,0.000656016100991099,0.00138605652045935,-1.65476550268738
"PHLDA2",-0.382324679059728,0.176987791168892,-3.43878227768798,0.000659051049094332,0.00139200825288366,-1.65906275875673
"TVP23C",-0.623476464200514,-0.352924601348226,-3.438241080144,0.000660323792922794,0.00139423525721298,-1.66085892211262
"EPM2AIP1",0.34758126567651,-0.104691521491526,3.43774899260189,0.000661483036345752,0.00139622121886533,-1.66249186743937
"OLA1",-0.271815709680063,0.0678290449771542,-3.43692462068451,0.00066342932490051,0.00139970416707509,-1.66522697909369
"PLEKHO1",0.325660550220818,-0.232833654677881,3.43686445722041,0.000663571576152903,0.00139970416707509,-1.66542656629528
"TCIRG1",-0.343791650386201,-0.116449921187543,-3.43671840165275,0.000663917030315795,0.00139997035619761,-1.66591107975207
"CCL21",0.636677123397381,-0.155138813747034,3.43592860917024,0.000665787978483734,0.00140306508443466,-1.66853074426875
"MALSU1",-0.395964835074494,0.216843514366506,-3.43591335981291,0.000665824151266565,0.00140306508443466,-1.66858131938224
"PTK7",-0.423923653655676,0.199755208667256,-3.43298906836034,0.000672794848496288,0.00141728640964988,-1.67827598872274
"FAM160A2",0.240072180748255,-0.099907057940103,3.43221004012657,0.000674663298522601,0.00142075368109064,-1.68085734236131
"LEMD2",-0.312172900711287,-0.0933675182143947,-3.43085511853755,0.000677924540342877,0.00142715073857213,-1.68534565156982
"NFKB2",-0.252764196349456,0.102168787479166,-3.43070725767834,0.000678281325026232,0.00142743119983273,-1.68583535515415
"ISCA2",0.326535408500086,0.0865247137353491,3.42924859024994,0.00068181046383209,0.00143438544038481,-1.690665294258
"HSPA4L",-0.60359864199808,-0.415388190560518,-3.42826543748548,0.000684198794789421,0.00143893587112334,-1.6939196303925
"PITPNA",0.300970672776458,-0.1013582295325,3.42369778126616,0.000695397611219109,0.00146200650234903,-1.70902764238908
"GPC4",-0.474519383359675,-0.278157110762111,-3.42324832195949,0.000696508778768969,0.00146386061633965,-1.71051326340604
"YWHAQ",-0.216092643198482,0.0716587524677601,-3.42304582694948,0.000697009934779375,0.00146443186362827,-1.71118252124498
"FGD2",0.314168774267326,-0.142043042906038,3.42234555383245,0.000698745640808583,0.00146759569623777,-1.71349668056463
"MGST2",-0.383844265720016,-0.257483247874599,-3.42034398608362,0.000703729027364911,0.00147757640240873,-1.72010873478605
"KRT16",-0.943758660230904,-1.12429642914674,-3.4196446831774,0.00070547791731518,0.00148076150626477,-1.7224179889928
"MAK16",-0.343210420902137,0.378994570863001,-3.41918707459168,0.00070662454795078,0.0014826808211192,-1.72392887654921
"PIH1D1",-0.191298935007207,0.126888448200925,-3.41866828014462,0.000707926596044914,0.00148492487376701,-1.72564155382555
"TIMM44",-0.301153617877883,0.184157177632767,-3.41810209642167,0.000709350135155694,0.00148742220458756,-1.72751039932299
"CLU",0.553146200316835,-0.504902871182524,3.41742629034728,0.000711052792384662,0.0014905029807538,-1.72974070611662
"HAPLN1",-0.723406583267095,-1.34567871084052,-3.41713896913715,0.000711777837804611,0.00149153314551442,-1.73068880403631
"RPL13A",-0.282637607485652,0.113672000041128,-3.41546525658965,0.000716015131194204,0.00149992014851542,-1.73621021752328
"PPP2CB",0.341215189530304,-0.0635832797859813,3.41529073226143,0.000716458322620838,0.00150035631024403,-1.73678581106573
"HMGN1",-0.336097887743906,0.162803057182736,-3.41305153946267,0.00072216734647885,0.00151181590402212,-1.7441683954684
"PIK3AP1",-0.381146728477554,-0.0607654704890358,-3.41156266307816,0.000725986839656477,0.00151931365821259,-1.74907470095573
"PNISR",-0.274929022918906,0.0883233709255725,-3.40970899576011,0.000730768495683242,0.0015288194118406,-1.75518031691312
"SRP14",-0.258588538784621,0.345423712494896,-3.40489330872372,0.000743328570927269,0.00155458661165104,-1.77102779045392
"NAA16",0.36524888818371,-0.23500461952636,3.40392910568366,0.0007458674428641,0.00155938560009407,-1.77419828361935
"MAN2A1",-0.34163256184819,-0.00415178046008233,-3.40184985829324,0.000751369928832142,0.00157037544863935,-1.78103241781374
"UBE2F",0.199819472461743,0.0995380517135752,3.40153452637555,0.000752207717389175,0.00157161200115507,-1.78206852051449
"SIGIRR",-0.486345257743919,-0.293355147517518,-3.39982453506991,0.000756766097735858,0.00158061875500277,-1.78768556980036
"RBM47",-0.36015604897504,-0.00711615788788041,-3.39805744084478,0.000761503761533361,0.0015899939559812,-1.79348742652177
"TMEM192",-0.383739747381404,-0.011755830597485,-3.39676751614998,0.000764979562723282,0.00159672916246752,-1.79772082863264
"MSRA",0.322090626175374,-0.139238730787102,3.39656634319545,0.000765522970607514,0.00159734123115326,-1.79838092279317
"MMP2",0.523383910683361,0.391299250562561,3.39409691207615,0.000772222790885118,0.00161079468141179,-1.80648071707854
"HNRNPDL",-0.283292045896996,0.353686973661622,-3.39397043820525,0.000772567395191108,0.00161098720388479,-1.80689540658677
"RPS20",-0.247779419598878,0.258620129833249,-3.39373921802302,0.000773197773341119,0.00161177531269443,-1.80765350682888
"HMGCL",0.407679985717414,0.0579330422414912,3.39246462360175,0.000776681332891981,0.0016185085869828,-1.81183164747955
"FCGBP",0.84897993333905,-1.19688986489242,3.3851161123289,0.000797052445411518,0.00166041757388337,-1.83589163539266
"IL4I1",-0.598939475505617,0.114970219674565,-3.37942443745579,0.000813171709507539,0.00169298346936874,-1.85449347642575
"SEC24D",-0.292769822209015,0.3769097239161,-3.37940915541862,0.000813215395544857,0.00169298346936874,-1.85454338269637
"RPL23A",-0.243159306678948,0.322351971858255,-3.37906458293868,0.000814200989513456,0.00169448282856695,-1.85566859087016
"LRRC1",0.276980633485527,-0.198754577526919,3.37782634052598,0.000817751978739501,0.00170131846994191,-1.85971121208348
"AK6",0.28654892170169,-0.000519234003942697,3.37631648410925,0.000822101423422286,0.00170981028943039,-1.86463872955283
"FOXRED1",-0.326813090073309,0.0104452186473744,-3.37566065920805,0.00082399736683157,0.00171319543706271,-1.86677841759374
"AP1M2",-0.37201856431193,0.0201875759392963,-3.37526348091029,0.000825147561546444,0.00171502837906056,-1.8680740591137
"GTF3C4",-0.242470832000847,0.172553173603055,-3.37461595451522,0.000827025951740169,0.00171837315387601,-1.87018606001753
"PPFIBP1",0.301456256283227,-0.105374820263089,3.37410257092374,0.000828518042295435,0.00172091337022002,-1.87186026601912
"HINT2",0.400673440522752,-0.0345899940515513,3.37384131892323,0.000829278304033567,0.00172193234837539,-1.8727121491348
"TCEA1",-0.288763483757882,0.182657296298854,-3.37267959352645,0.000832666886297294,0.00172840639434598,-1.87649952484231
"GLUL",-0.542480108960943,0.166517076461008,-3.37184979410331,0.000835095183882861,0.00173288357136564,-1.87920403344082
"RAB19",-0.424931211206693,0.0453881685631976,-3.37128627907043,0.000836747996031495,0.00173574917305429,-1.88104030538216
"RALY",-0.317646643095963,0.417247321417314,-3.37089347753122,0.000837901900970959,0.00173757831688846,-1.88232012033929
"DPYSL4",0.421622503736696,-0.0294404190888471,3.36953349244823,0.000841908495264127,0.00174532004618878,-1.88675011035492
"TATDN3",0.24252508866339,-0.0376867040539351,3.36885961598264,0.000843900381162802,0.0017488815104591,-1.88894456472269
"PRKAA2",-0.58339118962576,-0.406366388516511,-3.3674579609534,0.000848057552407057,0.00175692649971417,-1.89350769130592
"GTF2B",-0.236798388780467,0.156510233108845,-3.36429221724421,0.000857517145990128,0.00177594777072558,-1.90380733368726
"ATP11B",0.390853648950056,-0.517610003380965,3.36405244854186,0.000858237590963384,0.0017768634949096,-1.90458704479492
"PPIG",-0.234450535039676,0.261999597351692,-3.36366319086861,0.000859408413743092,0.00177871076880053,-1.90585277312714
"PLCB2",0.318462573920982,-0.0646656836343897,3.36262390301435,0.000862541713347221,0.00178461725201621,-1.90923149981768
"ATG7",0.216684879940486,0.0202480360691669,3.36194152559127,0.000864604764082922,0.00178830625807239,-1.91144937987659
"RPL26",-0.290007816479437,0.236783786636659,-3.35997358611315,0.000870580260626267,0.00179958930556403,-1.91784327177449
"OS9",-0.286266380850452,0.194486780535391,-3.35995937546453,0.000870623549708267,0.00179958930556403,-1.91788942986697
"TRA2B",-0.227290029019603,0.283426424620967,-3.35886902635032,0.000873951002168259,0.00180588257244153,-1.92143048640849
"CSRP2",0.511222644296796,0.0865627605166753,3.35832934867118,0.000875602331863027,0.0018087094432046,-1.923182765748
"TIGAR",-0.26337176533904,0.149848301919363,-3.35754412679671,0.000878010179075006,0.00181309669902779,-1.92573183286948
"NMD3",-0.225231458080501,0.239414840198446,-3.35692704922642,0.000879906745070035,0.00181642566028845,-1.9277346622204
"P3H1",-0.389613595219243,0.51425091696649,-3.35496686218947,0.000885956648625583,0.00182832359452952,-1.93409449922202
"MAP4",0.320011472751031,-0.100447777051518,3.35449028599456,0.000887433391374868,0.00183077938737594,-1.93564022885251
"SPATS2L",-0.360572932056575,0.306984745682938,-3.35281936417249,0.000892629118743595,0.00184090339895925,-1.9410580849274
"NKTR",-0.194862062947988,0.147766406337368,-3.35257271024452,0.000893398483386194,0.00184189516190534,-1.9418576307888
"MFN1",-0.24792813149777,0.0178269069956912,-3.35137466502675,0.00089714422515789,0.00184845249931075,-1.94574039610378
"UBL5",0.221071579769408,0.155838100553676,3.35137024459074,0.000897158072883947,0.00184845249931075,-1.94575471997035
"ITFG2",0.195570601397811,-0.0307560309049303,3.3504357210853,0.000900090090437682,0.00185389523465955,-1.94878252952635
"PLOD1",-0.403371056677937,0.343011539408433,-3.34915357745268,0.000904127265831136,0.00186160999430242,-1.95293532741892
"ACAP2",0.181051370610844,0.0541035824229005,3.34814602710164,0.000907311632617809,0.00186756440176167,-1.95619768971962
"C12orf43",-0.270852283084575,0.125432531309805,-3.34712224085115,0.000910558005542988,0.00187364256055172,-1.9595116831456
"FUCA2",-0.414630036475109,-0.0862991333999565,-3.34485460241915,0.000917787107462965,0.00188790936892752,-1.96684865132992
"SLC2A3",-0.625914489595072,-0.327353268147769,-3.34269727679624,0.000924714095183114,0.0019015457319627,-1.97382438864192
"ANGPTL2",0.477114329953814,0.00546051581059999,3.34255179930656,0.000925182957928488,0.0019018973555613,-1.97429464042601
"GGH",-0.690254016554881,-0.422453221073306,-3.34112834972569,0.000929782315412694,0.00191073707238817,-1.97889489099327
"ARFGAP1",-0.278169496871551,0.319760120885724,-3.34085373762749,0.000930672069242967,0.00191195018086111,-1.97978216128971
"TNRC6B",-0.196031552865058,0.0773408198199537,-3.33892735962575,0.000936935920691327,0.00192419937395115,-1.98600436284852
"ARFGEF2",-0.261138827637231,0.110446867890983,-3.33817165050117,0.000939403897821347,0.00192864755227952,-1.98844438757731
"IWS1",-0.216937787397881,0.134264518757599,-3.33791553971511,0.00094024167005319,0.00192931149766884,-1.98927119795341
"DIDO1",-0.228026830257778,0.25663710632228,-3.33788805485251,0.000940331617971091,0.00192931149766884,-1.98935992466311
"ARHGAP5",0.27087819188197,-0.00794034862781581,3.33731344350868,0.000942213945732942,0.00193255253565848,-1.99121473023051
"PCIF1",0.217746952527756,0.0424948193787808,3.33675139001233,0.000944058527940394,0.00193571409791247,-1.99302871118674
"ALDH1A3",-0.580788919315212,-0.0336589732224784,-3.33623097328461,0.000945769459686501,0.00193831576266313,-1.99470805831093
"AFDN",-0.298770858022538,-0.257283622965042,-3.33618081268397,0.000945934520980161,0.00193831576266313,-1.9948699100033
"ATP6V1D",0.233804992439934,0.0979260666156419,3.33504647205955,0.000949674411138523,0.00194535486529338,-1.99852944523516
"DPH5",-0.297516029602936,0.0342996779291595,-3.33334570075731,0.000955307594456607,0.00195602979145712,-2.00401418224196
"POLE4",-0.366175244596876,0.183545516854774,-3.33328827345172,0.000955498342921652,0.00195602979145712,-2.00419933120169
"TRMU",-0.317454138619725,-0.0657883587159256,-3.33303924151876,0.000956325928511106,0.00195709649152032,-2.00500219007657
"GCLC",0.399949777657552,-0.384393650532164,3.3319705875682,0.00095988486801825,0.00196375036279927,-2.00844680763812
"DCUN1D1",-0.222049164469097,0.133561824556427,-3.32792900143177,0.000973456291490007,0.00199027953309049,-2.02146480947893
"GALNT7",-0.531149910762345,0.0384344905152231,-3.3279232296505,0.000973475799818577,0.00199027953309049,-2.02148338989853
"CWF19L1",-0.229268029789874,0.178576656082004,-3.32773977158349,0.000974096068326799,0.00199091017806229,-2.02207395927249
"COQ6",0.317353638195268,-0.177228748000433,3.3263122166719,0.000978935182011458,0.00200016036388581,-2.02666835740326
"ATP1B1",-0.546903261713614,-0.237949487848257,-3.3261270388445,0.000979564532146903,0.00200080599416442,-2.0272641928739
"CDC37L1",-0.245139934756786,0.10705599079605,-3.32492723592799,0.00098365134082794,0.00200851097255721,-2.03112397442646
"PICK1",-0.344265023123214,0.00429334111420184,-3.32441463678862,0.000985402203630713,0.0020114427973728,-2.03277261548919
"CAMK2D",0.350128276599021,-0.175184985824481,3.32352880115219,0.00098843474888245,0.00201698813410497,-2.035621113791
"TIMM50",-0.343891315092167,0.228036677625091,-3.32331440707897,0.000989170003106553,0.00201784360058637,-2.03631041393901
"HSD17B7",-0.481760263626322,0.115331001934604,-3.32290538365605,0.000990574140542868,0.00202004356948859,-2.03762535316288
"FPGS",0.313681585265144,0.129267190860299,3.32281600959897,0.00099088119963011,0.00202004356948859,-2.03791265507491
"RPL22L1",-0.810124033822301,-0.527283305167936,-3.3213105200749,0.000996066876593778,0.00202996712641279,-2.04275111666139
"MRPL57",-0.354188034236026,0.233085560579075,-3.32068385092558,0.000998232876494377,0.00203373226433204,-2.04476455117835
"TRIM32",0.202368192847224,0.104762030570781,3.31729451778739,0.00101002376818393,0.0020570978500333,-2.05564803087097
"LIMA1",0.365126175680137,0.0197883379299252,3.3143392914785,0.00102041003090673,0.00207758866305468,-2.06512906671841
"ACAP1",-0.413923149430745,-0.255036712510502,-3.31295726951731,0.00102530120381249,0.00208688179354249,-2.06956019357447
"EEPD1",0.354022989579332,0.179409308357425,3.31199243645819,0.00102872879632769,0.00209319100208805,-2.07265267789557
"PFDN6",-0.223899497592079,0.32347815361731,-3.31021368100998,0.00103507580571382,0.00210543453949752,-2.07835173834809
"UGGT1",-0.229077644785711,0.215616172858397,-3.31007692392954,0.00103556529039571,0.00210575935642567,-2.07878978391063
"HAX1",-0.29239562340645,0.0448920398721458,-3.30986995617195,0.00103630648431217,0.00210659563907456,-2.07945268855244
"SARS2",0.329009022778768,0.0278066496500301,3.30963206035895,0.00103715904710683,0.00210765770712193,-2.08021460588866
"AGO2",0.191292857005335,0.00811211703454328,3.30919049663894,0.00103874323639003,0.0021102053975025,-2.08162868180718
"APOBEC3G",-0.402627402267695,-0.197950972400946,-3.30907275942699,0.00103916601948776,0.00211039282265565,-2.08200569691142
"RETN",-0.775341003722429,-0.83414598992507,-3.30706217644322,0.00104641056523873,0.00212442971670884,-2.08844199716927
"HID1",-0.529520198904805,-0.062180832074721,-3.30608396406255,0.00104995221699099,0.00213094243658216,-2.09157213755966
"SEC16A",-0.380339944076422,0.0905749340348946,-3.30557740626086,0.00105179060247763,0.00213399523254518,-2.09319270985569
"MRPL2",-0.304360579953358,0.0514597937491499,-3.30502650321977,0.00105379332022738,0.0021373793995082,-2.09495488699017
"SNRNP27",-0.278332995422798,0.277748720553111,-3.30394784740774,0.00105772486397284,0.00214467235835713,-2.09840439434676
"MRPS7",-0.306493140166657,0.238323829399663,-3.30164783933469,0.00106615362525319,0.00216107647531479,-2.10575622844857
"EMC7",-0.229922215989866,0.0647660112762652,-3.30146802356863,0.00106681521370822,0.00216173124072579,-2.1063307965044
"ME3",0.437055612684918,-0.123523399572799,3.29987936404685,0.00107267689746225,0.00217291941316513,-2.11140579188779
"LETMD1",0.300977930305829,-0.115817215591571,3.29954619960034,0.00107390996585951,0.0021747272857637,-2.11246980040717
"NME6",0.291144409344073,-0.0705490024396984,3.29839444472654,0.0010781828573931,0.00218268787078469,-2.11614732029445
"MCAT",0.357471318865591,-0.3967654761752,3.29819410701377,0.00107892770047832,0.00218350344454964,-2.11678687008624
"CBL",0.222242408866151,-0.118225767040415,3.29795790501306,0.00107980649888937,0.00218458951058576,-2.11754086482815
"CES2",0.529417671997093,-0.549009122179935,3.29767814947598,0.00108084820018748,0.0021855202398036,-2.11843382406442
"MRPL11",-0.310131772637463,0.217035748336745,-3.29765052262592,0.0010809511225215,0.0021855202398036,-2.11852200310424
"ABI1",-0.390513319154231,-0.204797285273699,-3.2964292872123,0.00108550987764005,0.00219404259852223,-2.12241923627711
"ATP8B1",-0.467859985488617,-0.508309654943696,-3.29415223362278,0.00109405763885603,0.00221061962787841,-2.12968221030738
"RPP25L",-0.272332776305061,0.123626860351006,-3.29058807754835,0.00110756263898352,0.00223719944634919,-2.1410411396922
"BAZ1A",-0.363766710215834,0.140377551387632,-3.29026098666196,0.00110880975055587,0.00223901020154941,-2.14208299820323
"GNPNAT1",-0.514209478887603,0.083681989293017,-3.28871798368452,0.00111471042434638,0.00225021373994678,-2.14699650405252
"LONP1",-0.350610715077123,0.190170675642797,-3.28827012136657,0.00111642857013497,0.00225296979150183,-2.14842226313179
"TAF6L",-0.256999609975564,0.0380516840353191,-3.28321251466713,0.00113600266864026,0.00229174629992672,-2.16451041123438
"IGF2BP1",-0.90450622432697,-0.388603599469382,-3.2813420441547,0.00114332219345344,0.00230578401933046,-2.1704544658175
"ETF1",-0.22404506893138,0.267347849021385,-3.27992994817273,0.00114887698969398,0.00231625499816738,-2.1749397778177
"MRPL51",-0.426213872303525,0.0938242944548855,-3.27886053035928,0.00115310044740025,0.00232403609742759,-2.17833542025494
"NBEAL2",-0.270000566142043,-0.0475570439889329,-3.27656998925202,0.00116219504107453,0.00234162680254366,-2.18560491353424
"TSC1",0.201526638480451,-0.0490567594520365,3.27637565661,0.00116296969539527,0.00234244842432138,-2.18622144825539
"MAPKAPK2",-0.219484803722463,0.163240691814714,-3.27380493386428,0.00117326239644581,0.00236243468978445,-2.19437403229674
"ZNF706",-0.357468349744304,-0.0691782114718961,-3.27360211843386,0.00117407802036016,0.00236333170239585,-2.19501696970075
"OMA1",-0.400708076433292,-0.170015912419159,-3.27299943036947,0.00117650484219332,0.00236747034900861,-2.19692730772485
"TPRG1L",0.264383011425454,0.0398709856415657,3.27128238196607,0.00118344437053524,0.00238068440638547,-2.20236802219855
"NUDT12",0.451817283758075,-0.268681442524499,3.2708222031647,0.00118531064868339,0.00238368771396644,-2.20382571021218
"PDLIM1",0.319286933513115,-0.218046848687311,3.26979977117139,0.00118946695374244,0.0023912929784778,-2.20706373490986
"TIMP3",0.676313413294401,-0.824350502047279,3.26492720931206,0.00120946096055544,0.00243072339727621,-2.22248201966108
"ITGAL",-0.44190499159557,-0.367333302005106,-3.26340223528546,0.00121578231003252,0.00244265892056566,-2.22730307841426
"LPIN1",-0.365074627786555,-0.225297480462775,-3.26231593146136,0.00122030395747234,0.00245097224550515,-2.23073603577974
"NBL1",-0.630530214660656,-0.732114623779008,-3.26128487609973,0.00122461006580484,0.00245884756923393,-2.23399340481799
"MAP3K8",0.236933840098335,-0.11575368231658,3.26034940871182,0.00122852915322718,0.00246594110133779,-2.23694795164248
"DCLK1",0.555064060465604,-0.38370065644811,3.26003602271489,0.00122984466585809,0.00246780584271021,-2.23793756109583
"YWHAE",0.215787707041507,-0.0660370182452247,3.25955758183709,0.0012318555565606,0.00247106431939661,-2.23944820839004
"ZFYVE1",0.200663595449186,0.00970115408995841,3.25907361256928,0.00123389278613222,0.00247437356766778,-2.24097609973775
"BCKDHA",0.296270217499637,0.0375212008246624,3.258612765913,0.00123583558763651,0.00247749143706722,-2.2424307952702
"EMILIN2",0.394588817154573,-0.0524983044713714,3.2580880835989,0.00123805095697028,0.00248115359706693,-2.24408675782965
"EIF3M",-0.180382402356477,0.231907348163751,-3.25657953702315,0.00124444104210107,0.0024931772995969,-2.24884652534494
"RPIA",0.465722623215289,-0.730952614617164,3.25550185145799,0.00124902475371826,0.00250157561245015,-2.25224557405087
"S100A11",-0.384648603237705,0.455246354283723,-3.25528477930309,0.00124994991782655,0.00250264353255646,-2.25293009770825
"DENR",-0.225339062415232,0.300287294347126,-3.25462583310546,0.00125276224920248,0.00250748807559807,-2.25500778173909
"ATF2",-0.204069470151084,0.260542280409623,-3.25422841638645,0.00125446122906386,0.00251010183252044,-2.25626066206005
"EEF2K",0.281758967110115,-0.082324251775561,3.25382238081796,0.00125619926194615,0.00251279207002699,-2.25754056565032
"PDE6D",0.251534778251577,-0.00190245510917149,3.25318432332582,0.00125893497630192,0.00251747567293698,-2.25955154516193
"SDC4",-0.485174892492382,-0.437833270719008,-3.25174260293059,0.00126513681023817,0.00252908532666584,-2.26409408428732
"IGFBP5",-0.616540848308688,-0.301690410834162,-3.25114600402215,0.00126771147247198,0.00253343904592601,-2.26597328185097
"NAPG",0.245733671486251,0.0647960580948321,3.25055035638995,0.00127028687629186,0.00253779152225392,-2.26784916041779
"SPC24",-0.378849686902826,0.0229863673323904,-3.24791607890276,0.00128173499572338,0.00255986172902527,-2.27614144910663
"PREX1",-0.413875483278703,-0.273627972798666,-3.24725146657072,0.00128463836206699,0.00256485801807308,-2.27823254738642
"APBB1IP",0.313639144890559,-0.0275051528527134,3.2470988910764,0.00128530574991775,0.00256538831298057,-2.27871254555223
"IL18",-0.438573793702477,-0.225769535761673,-3.24685761094387,0.00128636180123265,0.00256669378152203,-2.27947156280563
"RUVBL1",-0.213705103328359,0.195680517817602,-3.246489481116,0.00128797460722752,0.00256910898692525,-2.28062952094858
"NCAM2",-0.567493354604602,-1.22626737337272,-3.24394290488455,0.00129918280747266,0.00259065653520078,-2.28863644334847
"SPAST",-0.183686966943696,0.0947775933057157,-3.24357337313912,0.00130081671349655,0.0025931048128865,-2.28979783205792
"SERPINE1",0.61676582632373,-0.372291769139444,3.24317811899588,0.00130256646105212,0.0025957824138008,-2.29103992542728
"ACTG1",0.599112970804679,-0.0879430755459424,3.24248980622752,0.00130561875706506,0.00260105328045567,-2.29320262189742
"AUH",0.349911991332184,-0.131185479291776,3.24156517614355,0.00130972942984006,0.00260842869916681,-2.29610715560322
"TYROBP",-0.491038946517473,-0.301477542582708,-3.24033227649619,0.00131522925739338,0.00261856526612309,-2.29997884512255
"HOOK3",0.224143577023044,0.0404522146980132,3.24007672135777,0.00131637193567101,0.00262002331959457,-2.30078119507226
"RAPGEF2",0.212820609976142,-0.011724540717341,3.23884642733849,0.00132188591010719,0.00263017810409299,-2.30464303867008
"DICER1",-0.27796705067484,0.0858051002736203,-3.23797538545209,0.00132580271182136,0.0026371496308347,-2.30737637212253
"ARL15",0.30525406767044,-0.0630548829437159,3.2377854007557,0.0013266584410806,0.00263802994279029,-2.30797245333031
"GEMIN5",-0.213051033113833,0.174552019688979,-3.23425767120726,0.00134264134425721,0.00266898038078526,-2.31903482009114
"RMDN2",0.383472133845088,-0.323971497467387,3.23108011422632,0.00135719031038323,0.00269706197690537,-2.32898941574461
"UCHL1",0.671278804405594,-1.10208664142754,3.2297956936402,0.00136311259285572,0.00270798814728805,-2.33301061985879
"BAG1",-0.380800386625761,-0.12903760975963,-3.22897960375927,0.00136688789927889,0.00271464361956322,-2.335564816314
"CSNK1G1",-0.293578435954304,-0.00726319220770819,-3.22548361306552,0.00138317057400453,0.00274612690143624,-2.3464997032424
"POLDIP2",-0.250890297523694,0.214777207858988,-3.2253537815335,0.00138377871441,0.00274648028955793,-2.34690558087125
"SRM",-0.283025473198702,0.125636813724484,-3.22407984726432,0.00138975906925499,0.00275749274617561,-2.3508873237858
"GORAB",-0.342736971315615,0.127921199417362,-3.22232926469261,0.00139801606131312,0.00277301415081834,-2.35635644478389
"MX2",-0.505048045938986,0.161466543340402,-3.21906930648453,0.00141351356371278,0.0028020912913054,-2.36653368167495
"DENND1A",0.198378218537157,-0.0537680933713275,3.21906104849201,0.00141355302259901,0.0028020912913054,-2.36655944995129
"MET",-0.653276811066241,-0.107334546349828,-3.21865055567463,0.00141551575277014,0.00280511113638651,-2.36784027531696
"UBE2C",-0.704460780560994,-0.162935326404866,-3.21697192169464,0.00142356826558523,0.00282019341475697,-2.37307637607201
"CTSD",0.40582410593466,-0.201409668880086,3.21630465391087,0.00142678095804371,0.00282568127081547,-2.37515704721179
"MAP2K7",0.21127520091023,-0.17349121539019,3.21615603870603,0.00142749740890781,0.00282622355220973,-2.37562040322128
"ASCC1",-0.208995064506457,0.159116441529604,-3.21281713735705,0.00144368181995769,0.0028573801675232,-2.38602520791218
"BAG4",-0.348625247494062,-0.00791467518399317,-3.21261327320231,0.00144467547822012,0.00285846077732738,-2.38666016791492
"TUFT1",-0.388971676989131,0.002423590168798,-3.21004415137887,0.00145725207727269,0.002882451831904,-2.39465877020503
"RAB5B",0.228676049994769,-0.327445286942049,3.20975981280716,0.00145865020980845,0.00288432381221028,-2.39554364921485
"SIKE1",0.175947146049053,0.0477312557613919,3.2089075790183,0.00146284820527086,0.00289172934695183,-2.3981954117377
"ARHGEF6",0.290007746909145,-0.0210826956723286,3.2081393183785,0.00146664214286463,0.00289833181126297,-2.4005853211863
"MIPEP",-0.308769015510165,0.194415713837011,-3.2071560276588,0.00147151126361603,0.00290705427542956,-2.40364336301461
"GCLM",0.288102371407004,-0.0820097047834884,3.20493368507252,0.00148257117805379,0.00292763461068095,-2.41055162108859
"CTU2",-0.283530893765541,0.0582914104465521,-3.20487870213575,0.00148284578401601,0.00292763461068095,-2.41072248113931
"FAM120C",0.312948508776457,-0.0164601644978111,3.2047165213058,0.00148365605180449,0.00292832886886295,-2.41122644372032
"HP1BP3",0.316194259238805,-0.0987483666934513,3.20095764736032,0.00150255087605675,0.00296470560680542,-2.42290009770315
"IGSF8",-0.324995833647574,-0.439574906902041,-3.19878702162727,0.00151356319461666,0.00298551158406778,-2.42963538391005
"POLRMT",-0.351304650509915,-0.0222430961485477,-3.19796023236229,0.00151777738239748,0.00299289950173191,-2.43219971874217
"RAB11FIP1",-0.345928216748266,-0.140851873624649,-3.19756122035917,0.00151981504916254,0.002995992309016,-2.43343705471541
"GOPC",-0.241448333214768,0.119431959605565,-3.19372554683755,0.00153953252058945,0.00303392442714927,-2.44532407342541
"SUMO1",-0.329085930626639,0.266026416360077,-3.18851765002982,0.00156668290066498,0.00308647649513913,-2.46144223919971
"RAP2B",-0.337585121904232,-0.114627853792321,-3.18823199193616,0.00156818486122432,0.0030884825227999,-2.46232562048664
"HLTF",-0.332195222720742,0.184711525977312,-3.18703730076828,0.00157448086703649,0.00309992609806599,-2.46601932807586
"FAH",0.375052491442412,-0.227395674204157,3.18637072618012,0.00157800385879299,0.00310543783245461,-2.46807965615004
"RPUSD4",-0.360238636158567,0.053836786552607,-3.18632362835808,0.00157825305658813,0.00310543783245461,-2.46822521637699
"TXNL1",0.296224399806281,-0.000719081423164303,3.17949551191721,0.00161476866947353,0.00317630867362554,-2.4893067395684
"SDF2L1",-0.328010632599703,0.0870963514784629,-3.17676246216822,0.00162960224551554,0.00320449964201316,-2.4977329964579
"ARIH2",-0.195900679363491,0.00379571224985476,-3.17659403317382,0.00163052049887919,0.0032053181605122,-2.49825205639208
"RRAGA",0.278790610462985,-0.049265307377893,3.1764294286391,0.00163141836392643,0.00320609610762396,-2.49875930519801
"HSPB11",0.292928521855617,-0.0552883066026139,3.17403280672865,0.00164454304990298,0.00322993261492981,-2.50614198503974
"FRMD8",0.247819295553369,0.0558482455601108,3.17402985604905,0.00164455926877632,0.00322993261492981,-2.50615107123715
"ITGB5",-0.368768682976951,0.17222395284925,-3.17163266119255,0.00165778479020934,0.00325420321963876,-2.51353026561043
"NSFL1C",0.265259587566689,0.0154723710139654,3.17160530751655,0.00165793626836098,0.00325420321963876,-2.51361443713161
"NQO2",0.558989144015608,-0.144232826526317,3.16849134292368,0.00167526452824998,0.00328720467513096,-2.52319212653922
"C6orf89",-0.35307868024547,-0.156566752615929,-3.16794908893954,0.00167829906164036,0.00329214731446197,-2.52485904409805
"NECTIN1",0.347555356509084,-0.0645996243009049,3.1676944646921,0.00167972572844031,0.00329393389929096,-2.52564167994172
"DAPK3",0.260821092430918,0.124961511904023,3.16750612816006,0.00168078170427835,0.00329488594537388,-2.52622052985602
"MRPS23",-0.338364666810149,0.271714859495783,-3.16735571655251,0.00168162548108927,0.00329488594537388,-2.5266827947425
"COLGALT1",-0.314653903389035,0.230815394079925,-3.16733186379029,0.00168175932591597,0.00329488594537388,-2.52675610031502
"POGLUT1",-0.22385117776791,0.0908176822745832,-3.16705161855131,0.00168333260139109,0.00329695664413561,-2.52761732592673
"MAP4K3",0.226891438181141,-0.0376201109901589,3.16622158797099,0.00168800031300438,0.00330508494281906,-2.53016768395127
"MRPL35",-0.362023357605415,0.00749472659139171,-3.16316071155233,0.00170531684623497,0.00333796691085539,-2.53956711790657
"CHRAC1",-0.324934792715284,0.182668185933069,-3.1625992047296,0.00170851126329587,0.00334319473372484,-2.54129048172826
"RABGGTB",-0.21757733607503,0.0323845015999998,-3.16119558363746,0.0017165206737363,0.00335783838903379,-2.54559718377199
"CYHR1",-0.268642734632868,0.260490885468947,-3.15676174781118,0.00174204965574141,0.00340673416597516,-2.55918961197024
"PTPN7",-0.383040670689589,-0.152826777636888,-3.15639622758652,0.00174416980575642,0.00340983594909821,-2.56030935456752
"MMP14",-0.39870851372373,0.272411845682644,-3.15605264669807,0.00174616487243465,0.00341269137144023,-2.56136177643789
"NTPCR",0.344887265554206,0.0280847006511508,3.15258218141153,0.00176643528174561,0.00345125130781692,-2.57198610439064
"LRCH1",0.199661632276043,0.0877438703513016,3.15231481896432,0.00176800588206106,0.00345326324776993,-2.5728041393256
"COPG1",-0.194652325556994,0.278251155304688,-3.14979743219936,0.00178285744254814,0.0034812063518868,-2.58050325324541
"ANKRD27",0.239528621429743,-0.138323946545909,3.14908388901392,0.00178708796309997,0.00348840007471517,-2.58268448278566
"MRPS9",-0.296466444840596,0.150863358761814,-3.14755780281853,0.00179616709277244,0.00350505100469194,-2.58734801244408
"PHF3",-0.232799513350563,0.0179720145498919,-3.14620413271592,0.00180425609137329,0.00351976020269431,-2.59148287842019
"DNAJC21",-0.263325062799874,0.0727319233252746,-3.14584137619556,0.00180642948804374,0.00352292372668274,-2.59259065525012
"CHMP3",0.283544598179044,0.064867340628055,3.14435463006871,0.00181536236253355,0.00353834948004302,-2.5971295867383
"ALDH7A1",0.358784839973957,0.0453640864989496,3.14434047686261,0.00181544759539874,0.00353834948004302,-2.59717278577273
"ADI1",-0.361398910754984,0.127022733393282,-3.14281589245398,0.00182465054825686,0.00355520102246569,-2.60182511660734
"R3HCC1",0.225355061138432,0.0388926883122161,3.14180272468066,0.00183079019996262,0.00356607548101322,-2.60491566358279
"MRPL39",-0.303975974108337,0.0987092298043048,-3.14063614328347,0.001837883132538,0.00357879957342333,-2.60847301794722
"CLNS1A",-0.279424701178641,0.0540856864914512,-3.13958393608064,0.00184430240540496,0.00359020453003374,-2.61168053413016
"PRDX5",0.429090418107732,0.089472382824917,3.13848457265892,0.00185103146798952,0.00360176970839437,-2.61503071839573
"SHMT1",0.384354998396616,-0.17714051816016,3.13842908823141,0.00185137168096324,0.00360176970839437,-2.61519977154332
"GPKOW",-0.184461684559765,0.169310667808657,-3.13800746754994,0.00185395881177243,0.00360570423794303,-2.61648429772555
"MACROD2",0.555887722016015,-0.554183734642159,3.13529494861285,0.0018706831974995,0.00363712308649034,-2.62474447727764
"INPP5K",0.243612077912474,-0.190089745237015,3.13508810969735,0.00187196418515755,0.00363850572975068,-2.62537406829057
"ENDOG",0.376032733794836,0.0197333629884417,3.13473931362466,0.00187412617051564,0.00364159939097455,-2.62643566996897
"MKRN1",-0.232344816943646,0.121857332703871,-3.13450894980045,0.0018755553259173,0.00364326764708913,-2.62713674821739
"RPS15",-0.267822093026872,0.129669652100737,-3.13184983909649,0.00189212515720131,0.0036743367179837,-2.63522584440902
"NRGN",0.452254642594591,-0.59156080298607,3.13135243276614,0.00189523962207046,0.00367926573028881,-2.6367382515455
"HNRNPA0",-0.233848884792612,0.239133020067556,-3.13068668909235,0.00189941551788652,0.00368625169656699,-2.63876214877263
"LDLR",-0.380621327479384,-0.473103602473621,-3.13045298501949,0.00190088344507234,0.00368797957969823,-2.6394725257954
"VAMP3",0.243076691989145,-0.118151512523598,3.1302255672118,0.00190231289208214,0.00368963177884097,-2.64016374684221
"ZNF574",-0.292524031896494,0.0828603804207252,-3.12855437294311,0.00191284773350259,0.00370893798311996,-2.64524177726039
"MED20",-0.220070695468997,0.19324925890227,-3.12810739598121,0.00191567448618815,0.00371329131582008,-2.64659951213542
"SLU7",-0.166842996326154,0.221177359935509,-3.12637011051908,0.00192669798767733,0.00373352553909552,-2.65187494516917
"MUC5B",-1.14092778287101,-2.22911259606222,-3.1258134896474,0.00193024224114331,0.00373925871046724,-2.65356459332701
"ERLIN2",-0.403276304530394,-0.280227430628359,-3.125641179652,0.00193134063415025,0.00374025172855607,-2.65408759074045
"DYNC1I2",0.156709250705365,-0.0214797751375299,3.12252340866187,0.00195131477229843,0.0037777879991284,-2.66354599353878
"XPO6",-0.236825837372425,0.0277162799820557,-3.12214219266195,0.00195377007771089,0.00378139495185936,-2.66470188065072
"UCK2",-0.387361550924139,-0.0718000437010136,-3.12003518408493,0.00196739219896878,0.00380660581527748,-2.67108815333514
"TSPAN8",-0.979757287203613,-1.26862267738764,-3.11925355446911,0.00197246778207284,0.00381527015708424,-2.67345621317169
"C12orf4",0.223859304197443,-0.0310474066389241,3.11906436801222,0.00197369809514514,0.00381649374242934,-2.67402929680208
"TUBGCP4",0.163654657714759,-0.155972745788452,3.11883876042693,0.0019751661863345,0.00381817623364994,-2.67471266448108
"METTL5",0.24503784793331,-0.0542594558532525,3.11688151701913,0.00198794483718834,0.00384171543143085,-2.68063921898005
"WDR37",0.195202596385553,-0.0344820954759943,3.11604165900523,0.00199345152454252,0.00385119152320847,-2.68318124281466
"TCF12",0.289302038013377,0.0679389984269786,3.11539159301066,0.00199772345652878,0.00385827715364073,-2.68514837393627
"STK11IP",0.196396352681717,-0.00557336689530997,3.11526656614031,0.00199854604221228,0.00385869866329767,-2.68552666692127
"STX8",0.20836150534486,-0.0516286800399451,3.11479570781947,0.00200164675009291,0.00386351707960799,-2.68695121140478
"DTX3L",-0.315541941607341,0.326501966231909,-3.11245911117433,0.00201709948073587,0.0038921668735263,-2.69401739551562
"SAMM50",-0.237507685497959,-0.0206373901625814,-3.11123593425368,0.00202523255819695,0.00390667972328928,-2.69771445402356
"BCLAF1",-0.318072522172714,0.247801341533879,-3.10925670926183,0.00203845675870574,0.00393100163223683,-2.70369376903986
"ZFAND1",-0.282199328350479,-0.0122560345926278,-3.10904501264148,0.00203987591224508,0.0039325506339628,-2.70433310027357
"MT1F",0.830748596796922,-1.25194574495874,3.10783015375664,0.00204803760090586,0.00394709329362629,-2.70800122303234
"NSRP1",-0.269478404331061,0.222637512875626,-3.10684294015287,0.00205469207238134,0.00395872325955185,-2.71098100204879
"ATRX",-0.227700538538908,0.262593939406996,-3.10106715286695,0.0020940256552876,0.00403328923348759,-2.72839658887771
"RPL39",-0.486640460903,0.0600073345330555,-3.10038617300893,0.00209870862344262,0.00403989588832914,-2.73044791586458
"FMOD",0.487620695202722,-0.113094116616652,3.10038435061787,0.00209872116861202,0.00403989588832914,-2.73045340491338
"CCNT1",-0.288804152419115,0.0788883670139711,-3.10025116837531,0.0020996381697424,0.00404044295171948,-2.73085454209588
"IRS1",-0.445947744578471,-0.231818993376005,-3.09965545067387,0.00210374439129709,0.00404712501911176,-2.7326486102523
"SLC12A2",-0.611788484499596,0.0752747792749388,-3.09804621335153,0.00211487371523495,0.00406730984089614,-2.73749337611062
"JPH1",0.500864250572304,-0.249962495068599,3.09694989967156,0.00212248674505715,0.00408072203167417,-2.7407925760002
"UBE3C",-0.185850179080462,-0.0489820339248073,-3.09567695101959,0.00213135803418589,0.0040965445660075,-2.74462195141637
"TGFB1",0.251834857852628,-0.0346837265269412,3.09476479818924,0.00213773589757829,0.00410756656817255,-2.74736504141736
"RUNX1",0.20516987211761,0.0862752428999235,3.09327211066982,0.00214821084914008,0.00412645194697937,-2.75185231064502
"ABCD1",-0.363437655887527,-0.165526128002828,-3.09120611052355,0.00216278703379745,0.00415320156715691,-2.75805968346704
"AKT1S1",0.322945155509492,-0.0072044607474277,3.09062023497391,0.0021669370885851,0.00415991981678167,-2.75981925565072
"HEXA",0.306836289743023,0.0667601443152939,3.09051627941844,0.00216767422430392,0.00416008413651354,-2.76013143464747
"MRPS33",-0.338038892484305,0.222582585950423,-3.08949864779875,0.00217490232562721,0.00417270172750293,-2.76318686363706
"IMPACT",0.253170745541548,-0.128227803568807,3.08618838104291,0.00219856850754513,0.00421683986803114,-2.77311933811743
"NFKB1",0.195590261429549,0.058442860627915,3.08528071403318,0.00220509901094085,0.00422809525070791,-2.77584104257823
"CSDE1",-0.218502855581129,0.104547604569605,-3.08043980852825,0.00224023108836332,0.00429416856775736,-2.7903440806182
"ICA1",-0.349441870669169,0.0574851591385331,-3.07933049240615,0.0022483539916919,0.00430844544926554,-2.79366449179089
"NHP2",-0.263545014536757,0.323861830692914,-3.07413747778637,0.00228674125247224,0.00438069093820439,-2.80919323625165
"SNX27",0.177746691655974,-0.0274458005415541,3.07370711258728,0.00228994946233743,0.00438552109088918,-2.81047905285492
"UNC13B",-0.364230757431518,-0.361028548008029,-3.07287642658929,0.00229615362755645,0.00439608423146865,-2.81296044066535
"LENG1",-0.211818366625671,-0.0345463510493425,-3.07008862244796,0.00231708819534972,0.00443483457053596,-2.82128341396569
"ISG20L2",-0.309136980489611,0.135759814105818,-3.06811491559191,0.00233201544304248,0.00446206730711005,-2.82717159092057
"AKAP17A",-0.221193800723514,0.142742365715493,-3.06539466141287,0.00235273387380059,0.00450036122954366,-2.83528108742606
"BOLA3",-0.287499434183593,0.0689345111026951,-3.06509600362113,0.00235501884353579,0.00450338284395807,-2.83617101834755
"CAST",-0.412098804303306,-0.354374549067218,-3.06427543040879,0.00236130739398295,0.00451405620077279,-2.83861571444825
"CYLD",0.252146574563567,-0.122301397303445,3.06292942952883,0.00237165606915229,0.00453248249073253,-2.84262445408595
"C2orf69",-0.267934335074441,-0.0510073158774421,-3.06097188540446,0.00238678102959898,0.00456002300239062,-2.84845155857505
"ARHGAP21",0.255462906124138,-0.148926167596004,3.06072958580444,0.00238865931357889,0.00456224640059862,-2.84917257728107
"DUSP22",0.30698421007082,-0.331226037494521,3.06033788146832,0.0023916986442936,0.00456668535999241,-2.85033807041238
"DCTPP1",-0.458403089519107,0.0888151915216906,-3.0598143244629,0.0023957666058723,0.00457238493115593,-2.85189566330916
"NOMO2",-0.183109339360877,0.198237476782134,-3.05976940838093,0.00239611589344522,0.00457238493115593,-2.85202927785349
"LFNG",-0.446153663872547,-0.220043346290836,-3.0576313265429,0.00241279684435529,0.00460284070845788,-2.85838741357929
"TMEM168",-0.315938440340552,-0.0597699534456082,-3.05623676356962,0.00242373445156846,0.00462232511148884,-2.86253224211272
"MCUR1",-0.330214806827994,0.0646971276590551,-3.05606231767532,0.00242510584010601,0.00462355950703998,-2.86305059302389
"NACA",-0.231552148651846,0.249826132797788,-3.05585005329949,0.00242677549691647,0.00462536165606318,-2.86368128058082
"DHPS",-0.342517688699901,-0.01936224706714,-3.05498313908977,0.00243360556207603,0.00463699537864979,-2.86625665753217
"TRIP10",0.218893701191512,-0.0299594451040959,3.05312583536435,0.00244829803292456,0.00466359872918356,-2.87177190010178
"STAMBPL1",-0.303416021603382,0.105375822125643,-3.05227167361093,0.00245508233914316,0.00467512697149689,-2.87430725980234
"AKAP1",-0.343608176056731,0.150293052973242,-3.05136231021078,0.00246232408162976,0.00468751915957246,-2.87700573458697
"VANGL1",-0.337514943976683,-0.319373960585121,-3.05068107426433,0.00246776198271636,0.00469647101628732,-2.87902675860641
"LYPLA2",-0.260799625177947,0.194899026372917,-3.04931188154481,0.00247872483576979,0.00471592910500301,-2.88308745531861
"CNDP2",0.32127288282778,0.0253381283966375,3.04909907533052,0.00248043274628604,0.00471777273906357,-2.8837184327305
"BRD1",-0.225437578305883,-0.0838675398755002,-3.04825700366582,0.00248720154072321,0.00472923818865924,-2.88621479466052
"TTC4",-0.241832236919694,0.00271411060231031,-3.04768242719474,0.0024918298771994,0.00473662809345584,-2.88791778016588
"GATC",0.260771771471666,-0.0406824363352375,3.04686003769614,0.00249846817382236,0.00474783312198089,-2.89035472999148
"MTMR6",0.192818975883066,-0.0655662101924147,3.04615652355681,0.0025041598068536,0.00475723307550142,-2.89243892844203
"SMAD3",0.328481032931406,-0.0807520847685921,3.04382591395161,0.00252310033861945,0.00479178931055479,-2.8993402345073
"WDR44",0.189861049544174,0.0276792018978049,3.04340959690264,0.00252649751292478,0.0047968143383957,-2.9005724899111
"SRRM1",-0.1818688265916,0.227548682102512,-3.04000120453406,0.00255446867476806,0.00484847874209098,-2.91065498603433
"GOT1",0.336077776743551,-0.328551552848291,3.03851877748597,0.00256672283939741,0.00487028984533506,-2.91503687700846
"AP5Z1",0.188958480890019,0.0131473636307521,3.03814450847341,0.00256982517992622,0.0048747277997115,-2.91614285544948
"HUS1",-0.248351024586389,0.140027743702384,-3.03776669889458,0.00257296036164249,0.00487922539622433,-2.9172591657397
"KLHL36",0.2146344195171,-0.242978086891773,3.03737789941347,0.00257619040895942,0.00488390016662883,-2.91840781073446
"ELF3",-0.318812608396995,0.10022203460117,-3.03660792395177,0.0025825981643945,0.00489459462144817,-2.92068216805179
"CYP20A1",-0.2762777354179,-0.155810931926824,-3.03465100864639,0.00259894960392236,0.00492412261752056,-2.92646006018743
"PYHIN1",-0.471603729293606,-0.303544146926765,-3.03300850091593,0.0026127472793026,0.00494879601849513,-2.93130692899528
"ACBD3",-0.195917683747047,0.283338736675976,-3.03103250539425,0.00262943550973955,0.00497892815233898,-2.93713459679129
"CFDP1",-0.372215026595126,0.0136178247033374,-3.02967963549151,0.00264091753295085,0.0049991872066087,-2.94112245146977
"CRELD1",-0.309143290821066,-0.129189526089,-3.02874428221277,0.00264888292495671,0.00501277933486917,-2.94387860779416
"REEP6",-0.809344790236253,-0.497224682876355,-3.02780112022674,0.0026569371459751,0.00502653145986696,-2.94665695853859
"XPO4",-0.193249815482524,-0.0356316284898976,-3.02712170220086,0.00266275302638943,0.00503604208338166,-2.94865786956797
"RHOA",-0.23303036150171,0.0214080449252805,-3.026606061341,0.00266717475821048,0.00504291111376189,-2.95017616731525
"GNAI3",-0.223740020891958,-0.0314975585249423,-3.02540206048992,0.00267752558485226,0.00506098308445284,-2.95372037939706
"CCL18",0.631496479809925,-0.158971299563092,3.02423806552807,0.00268756752674362,0.00507846068607813,-2.95714555803979
"DHX36",-0.195078578442039,0.179810800443977,-3.02297187065229,0.00269853041179398,0.00509766765659898,-2.96087005480856
"ELMO1",0.265959486026833,-0.196777445855776,3.02252315640776,0.00270242528039627,0.00510351535502224,-2.96218958816567
"ASS1",-0.612919031707389,-0.228674799323987,-3.02242565981793,0.00270327223918762,0.00510360533625456,-2.96247627174493
"HPS6",0.186717139960963,0.0852086605426906,3.02196411980795,0.00270728497300325,0.00510967027863606,-2.96383328705465
"GADD45GIP1",-0.253970090271738,0.154834538970373,-3.0212270696212,0.0027137043931805,0.00512027262129359,-2.96599994805534
"HSPA2",0.535804620956233,-1.10632689306311,3.02075044796316,0.00271786301744576,0.00512660424413329,-2.96740077713524
"ZFX",-0.31193134971855,0.240572108990763,-3.01861206311724,0.00273659296179346,0.00516040935057627,-2.97368308707001
"RAB3GAP1",-0.168616665370796,0.141108254235698,-3.01782219758502,0.00274354123755266,0.00517198429340824,-2.97600254959657
"USP5",0.181103479259869,0.0619221026406621,3.01760513442128,0.0027454535289755,0.00517406162411705,-2.97663986112
"CLIP1",0.18494823445725,-0.00597632042298073,3.01696479202077,0.00275110197096615,0.00518317677327202,-2.97851969519175
"MRPL33",-0.342869259192624,0.199120864083596,-3.01634237082998,0.00275660254905801,0.00519200804593964,-2.98034655668655
"FBLN2",0.468339820384957,0.159104937291608,3.01542085925945,0.0027647648381171,0.0052058459131164,-2.98305062003881
"COG7",-0.223468469171991,0.194400660016505,-3.01530493861877,0.00276579317403606,0.00520618028138515,-2.98339071966105
"USF2",-0.224435744894786,0.14977520411622,-3.01521703875151,0.00276657317067186,0.00520618028138515,-2.98364860087482
"LIN7C",0.209241676876506,0.140562890037927,3.01485606217646,0.00276977848368128,0.00521067637545816,-2.98470756174707
"RALB",0.289241997677304,-0.0863981659780077,3.01270051210145,0.00278898984916322,0.00524527251455291,-2.99102858589686
"EIF4A2",0.208311260605992,-0.0762213820593779,3.01235608808586,0.00279207083543999,0.0052495206961968,-2.99203819266035
"RSL24D1",-0.339620334461248,0.362191626310231,-3.01097537603701,0.00280445313379663,0.00527124911960302,-2.99608436365118
"CMTR1",-0.22369231819395,0.016713178211272,-3.00966018397481,0.00281629467247567,0.00529100675263647,-2.99993689585193
"SARDH",0.396560506650438,-0.17847167303455,3.00962389275195,0.00281662207552253,0.00529100675263647,-3.00004317949111
"ZGPAT",-0.260737541155031,0.163430718843724,-3.00893815112925,0.00282281509367068,0.00530108069796686,-3.00205123637693
"PDCD6IP",0.221125047064816,0.0569245413385666,3.00846307093639,0.00282711292368908,0.00530759071383557,-3.00344215951075
"LYRM2",-0.381519591583987,-0.0632081817740606,-3.0082989026343,0.00282859947298869,0.00530882058642938,-3.00392275737783
"NFIC",0.277999660577212,-0.0785715479757619,3.00681096526679,0.00284210552834692,0.00533260176270793,-3.0082775179886
"SERPINF1",0.535117709947079,0.083347858122569,3.00601521171073,0.00284935285970469,0.00534462926240142,-3.01060562056515
"CNOT7",-0.254741844011972,0.0126447811017105,-3.00337841045579,0.00287348884921719,0.00538831903149832,-3.01831582948115
"WRNIP1",-0.26182813078843,0.0437300724183028,-3.00314944804316,0.00287559348122048,0.00539068243616934,-3.01898503085483
"LENG9",0.297127915791633,-0.0942131241740211,3.002205874202,0.00288428177594957,0.00540538278234165,-3.0217423577062
"ERAL1",-0.381629229245349,0.0362280172207487,-3.00126733417133,0.00289294759294536,0.0054200323887782,-3.02448416085386
"CCDC124",-0.227757569067899,0.102298698240531,-2.99894425496016,0.00291450004566925,0.00545880985379824,-3.03126719531523
"AGPAT1",-0.329605289717399,-0.218868741509573,-2.99860700673663,0.00291764108646868,0.0054630904214377,-3.03225149491987
"TMEM63B",-0.313766357499531,-0.22492527175509,-2.9961295003773,0.00294081124020012,0.00550486067683312,-3.03947918239656
"RANBP1",-0.332302469137286,0.0459175459753268,-2.99578272307661,0.0029440677967384,0.0055093414074369,-3.04049039260677
"EGLN1",-0.256485989101592,0.144350311813227,-2.99558399184878,0.00294593555475725,0.00551122136452536,-3.04106984726041
"GBA2",0.256820839145315,-0.342484650301886,2.99528378332782,0.00294875909804406,0.00551488776831029,-3.04194511737977
"GTF2H5",-0.182680227353594,0.235579576141103,-2.99382441540233,0.0029625202257414,0.005539001944761,-3.04619878024098
"INIP",-0.241022272839415,0.264186919780474,-2.99048591397279,0.00299422229384223,0.0055966362254633,-3.05592222596239
"POLR3E",-0.214661871816756,0.238918096618337,-2.99025750198171,0.00299640259297207,0.00559907244838357,-3.05658710444119
"SREK1",-0.172162018583972,0.206784367784905,-2.9892883243214,0.00300567003988471,0.00561474640276883,-3.05940772320186
"PAFAH1B3",-0.394916050033008,0.0502044874452754,-2.98494786125751,0.00304749739602232,0.00569121698555207,-3.07202924119505
"SUB1",-0.407343517754638,0.164157383632351,-2.98416552153354,0.0030550929824458,0.00570373353594048,-3.07430233819624
"SIGLEC1",0.359369734870201,-0.373686885165899,2.98398991843304,0.00305680026091717,0.00570525275239875,-3.07481247743514
"TRIM28",-0.265496111361518,0.365636294608916,-2.98267449097168,0.003069617157975,0.0057275001617973,-3.07863298131573
"DTD1",0.37739695847862,-0.150961419172087,2.98142855707226,0.0030818023215981,0.00574855618562777,-3.08225017752803
"CTSG",0.585807971493226,-0.234466792850002,2.97991785310488,0.00309663634736313,0.00577453945032522,-3.08663413361279
"GOLGA2",-0.171319828665784,0.234023346969803,-2.97934136773876,0.00310231423814198,0.00578196836031007,-3.08830649837631
"THOC1",-0.184433847464832,0.236267283952522,-2.97932949637231,0.0031024312611468,0.00578196836031007,-3.08834093359142
"CLCC1",-0.310202501563841,-0.198531078148396,-2.97893290209711,0.00310634304743937,0.0057875694070325,-3.08949125795788
"ALG13",0.30009236222707,-0.0619177562525636,2.97200394477003,0.00317541941758148,0.00591454287667962,-3.10956532817504
"DCAF1",-0.242431540518889,0.054943609068545,-2.97071998852361,0.00318837288260656,0.00593588869675525,-3.11328024699447
"MRPL12",-0.349337748183184,0.232920870591004,-2.97068377258115,0.00318873895534385,0.00593588869675525,-3.11338500987647
"SCRIB",-0.269939726774953,0.06764425040449,-2.96865730840058,0.0032092839868432,0.00597239238006232,-3.11924509108333
"NIT1",0.245206912509943,-0.118111586633588,2.96839972546653,0.00321190411861691,0.00597490976515587,-3.11998969178861
"LPIN3",0.272807219999485,0.0201975244210278,2.96834036037997,0.00321250825744403,0.00597490976515587,-3.12016129107768
"UBE2H",-0.283466557258682,-0.0556690645833308,-2.96685896791132,0.00322761762359562,0.00600126340322016,-3.12444231495316
"AKR7A3",-0.90616031876423,-1.51010206046763,-2.96606425036636,0.00323575007490606,0.00601309727527752,-3.12673810622762
"COL12A1",-0.59593859273361,0.0817728562262343,-2.96605296838769,0.00323586565980479,0.00601309727527752,-3.12677069356961
"EXOSC7",-0.200703679003982,0.130490206469592,-2.96443970844098,0.00325243261485633,0.0060421030576178,-3.13142929165724
"HSD17B8",0.344124811470514,-0.0673043131891374,2.96434891325401,0.00325336731591073,0.0060421030576178,-3.13169140878155
"TRIM29",-0.849125944532013,-0.788696473698596,-2.96389904204261,0.00325800219246673,0.00604895143905207,-3.13299003216567
"DVL2",0.185887667305025,-0.0430729666588481,2.96349440936072,0.00326217615243723,0.00605494032945108,-3.13415790785711
"ITGA11",-0.477173697364256,0.169365098661691,-2.96277770436727,0.00326958128514036,0.00606692139076465,-3.13622613478132
"FXR2",-0.201174495517245,-0.0501776940859741,-2.9626084025131,0.00327133278882612,0.00606840786073642,-3.13671462728725
"POLR3F",-0.180330910712147,0.139451999086563,-2.9608948218971,0.00328910893823785,0.00609961097027263,-3.14165739112376
"PSMD5",0.217151468216839,0.0507854073247606,2.96067425833888,0.00329140340508403,0.00610209371122577,-3.14229340208237
"TANK",-0.22505509171311,0.0479419097546216,-2.95860101491325,0.00331304252819981,0.00614042860451547,-3.14826955337005
"BET1",-0.421863043223296,-0.138248837281467,-2.95725612976473,0.00332714905829164,0.00616478431143126,-3.15214407956176
"RPL19",-0.355968261063469,0.120314301006079,-2.95710276067424,0.00332876123584624,0.00616598215575232,-3.15258581976582
"ATP6V1F",0.197332867388446,0.183298316403678,2.95656997406445,0.00333436731084101,0.00617457519713453,-3.15412020567714
"POGZ",-0.198004162158132,0.0522107784556083,-2.95573780050851,0.003343140871663,0.00618807995922982,-3.15651627917879
"TNFAIP8",-0.353181722628774,-0.0523914908297116,-2.95569445759074,0.00334359841179998,0.00618807995922982,-3.15664105871668
"SCYL1",-0.183715068915441,0.204747639614446,-2.95506338947658,0.00335026663787307,0.00619862430681528,-3.1584576384889
"DNAJB1",-0.225199766026963,0.18458544588025,-2.95285713179728,0.00337367493911754,0.00624012586508271,-3.16480563534037
"CRTAP",-0.376114871272159,0.557021379799854,-2.95068529273893,0.00339686408390968,0.00628119813952021,-3.17105020823534
"STX6",-0.26481267288365,-0.0501600655946984,-2.95010507503156,0.00340308380660046,0.00629087727421654,-3.17271773955265
"SQLE",-0.434792779447073,-0.228413306609916,-2.94896036427857,0.00341538524288496,0.00631179009430404,-3.17600669764326
"ZNF593",-0.272831640037856,0.031297739157732,-2.94859076748281,0.0034193657268621,0.00631731775636993,-3.17706835654722
"RBM42",-0.199927975606003,0.0247479336068098,-2.94640698302941,0.00344297136075268,0.00635908942389524,-3.18333865432097
"RBM4B",0.286746498371468,-0.213040114320941,2.94611933455177,0.00344609178073514,0.00636178587477291,-3.18416425056808
"RBMS1",0.255295014425009,-0.148015844088104,2.94608872228463,0.00344642401579319,0.00636178587477291,-3.18425210807409
"BASP1",-0.512586876830856,0.0203441913659536,-2.94372512750422,0.00347216472244476,0.00640744848347104,-3.1910330330873
"CHPF2",-0.394362465283705,0.00362412999316285,-2.9432035030906,0.00347786909090124,0.00641612081635493,-3.19252882759229
"BCL2L1",-0.353161380654454,0.199298031506564,-2.94294545175312,0.0034806942493457,0.00641947798442296,-3.19326871487171
"NT5E",0.443667308456083,-0.295372527053339,2.94200272695601,0.00349103308754108,0.0064366867640629,-3.19597118129232
"SAP30BP",-0.18738795060838,0.164876896919659,-2.94095326546668,0.00350257551993321,0.00645610412666672,-3.19897865860803
"CLDN7",-0.483092370906737,-0.588292970120025,-2.93915774108134,0.00352240440276466,0.00648841334184482,-3.20412179241398
"N4BP1",0.189311127105696,-0.105465338714819,2.9391341253888,0.00352266588504698,0.00648841334184482,-3.20418941778895
"TRAPPC6B",0.172313999584159,0.0820540000373761,2.93909017631235,0.00352315255382553,0.00648841334184482,-3.20431526801981
"KTN1",-0.284683535579594,0.0642350925326715,-2.93899440707073,0.00352421326451521,0.00648849529813427,-3.2045895015257
"GRHL2",-0.31364782322598,0.0739129186037877,-2.93710745742232,0.0035451721601304,0.0065252015688765,-3.20999101843868
"GSK3B",0.186060281363268,-0.0421330854094018,2.93548945631478,0.00356323441669207,0.00655655670045501,-3.21462003071759
"ZDHHC20",-0.25528712967443,-0.0117557266652988,-2.93349760192416,0.00358558558882363,0.00659578334331284,-3.22031529215066
"NADK2",0.263139982108952,0.00135771416544084,2.93332629031391,0.00358751389618561,0.00659742978892428,-3.22080494797175
"FAM168A",0.246619807989675,0.220393821490307,2.93311330206149,0.00358991264302355,0.0065982614126518,-3.22141368927911
"GNL3L",-0.272620575132167,0.1175834591165,-2.93310262656467,0.00359003291269418,0.0065982614126518,-3.22144419979155
"PIK3C3",0.191969390211295,-0.0727030273576535,2.93258056326563,0.00359591894880034,0.00660717769441443,-3.22293612527833
"CD8A",-0.475276242846479,-0.607006356294747,-2.93225665005874,0.00359957536023989,0.00661199328973869,-3.22386166096616
"PLAT",-0.635943291980538,-1.58395939646911,-2.93085465677916,0.00361544060689769,0.00663922584844457,-3.22786653736287
"PARP2",-0.275428671859617,-0.0021301237633905,-2.92645510857422,0.00366564249960437,0.00672947882690451,-3.24042230105945
"FCF1",-0.28587855594096,0.118728794509242,-2.92503341146473,0.00368200066081557,0.00675756660514729,-3.24447581972499
"MON1B",0.153474361421783,-0.0271702737496048,2.92400662204978,0.00369385641746511,0.00677737736365366,-3.24740222122403
"MTX3",0.316531524944844,-0.0624269315510378,2.9238590800695,0.00369556286312414,0.00677856043695709,-3.24782264313413
"UPRT",-0.170277182056485,0.122442262367736,-2.92088205134245,0.00373014885898424,0.00684003459638552,-3.25630140369398
"PTCD3",-0.228909335054803,0.112652591649213,-2.91781972158626,0.00376603401038306,0.00690385505492272,-3.26501454903681
"VDAC3",-0.383779802952227,0.125786879438643,-2.91747734841639,0.00377006555302907,0.00690926192769535,-3.265988152624
"MRPL21",-0.261713267081997,0.147471086522942,-2.91735397130798,0.00377151931949251,0.0069099428565164,-3.26633897243364
"FUS",-0.285519034698562,0.231639619452185,-2.91704077214084,0.00377521207973921,0.00691472436291877,-3.26722948337249
"RPS6KA3",-0.266585233060501,-0.186894119066817,-2.91667509926208,0.00377952770541747,0.006920643647574,-3.26826907654156
"INTS12",-0.175487793281134,0.235672310627119,-2.91623437280967,0.00378473508905626,0.00692819195631429,-3.26952187948981
"OSBPL11",0.166835195489482,-0.0399025112875378,2.91494519596523,0.00380000492291096,0.006954150596958,-3.27318544364292
"S100A14",-0.705844741670645,-0.671953684121599,-2.91463521461759,0.00380368491694191,0.00695889060019315,-3.27406611472132
"ZBTB20",0.260750927732402,-0.125402319459496,2.91436978468319,0.00380683859667667,0.00696266526490419,-3.27482014251753
"PRMT5",-0.20516191079651,0.134796036483528,-2.91270062640008,0.00382672529524087,0.00699703350805067,-3.27956035766195
"CKMT2",0.600605361924789,-0.0817045013693968,2.91113433944649,0.00384547255140741,0.00702929923868776,-3.28400608430958
"PCYOX1L",0.274686219702971,-0.0790549772474994,2.9094665910182,0.00386552633371281,0.00706393407005046,-3.28873730077598
"MIEF1",-0.231206903957004,-0.0515928643796083,-2.90897824203943,0.0038714165067918,0.00707267364688573,-3.2901222049225
"UBXN7",-0.206190906368118,0.134139573797611,-2.90882178526753,0.00387330532635694,0.00707410025995111,-3.29056585245895
"ELANE",-0.68243813331037,-0.761142183804741,-2.90778690110105,0.00388582012562439,0.00709492750989756,-3.29349979063724
"PDXP",0.211431067893727,-0.249927798369046,2.90673712693943,0.00389855267584505,0.00711614031883094,-3.29647492922658
"PBDC1",-0.250702991849709,0.234714262846382,-2.90649059418527,0.0039015483482391,0.00711957307902448,-3.29717347352926
"CUTC",0.225453120712025,-0.185079621637073,2.90512042083547,0.00391823592649526,0.00714798182590636,-3.30105479914721
"GFM1",-0.281406131258593,0.160065131490901,-2.90477446961539,0.00392245961019918,0.00715364313371087,-3.30203450921189
"CRYZ",0.368738535192845,-0.0794544983778665,2.90447500742842,0.00392611906755423,0.0071582724861033,-3.3028824760231
"CISD1",-0.337509656892489,0.0154596806689182,-2.90294787546102,0.00394482925881014,0.00718919916271843,-3.30720546040383
"MAPRE1",0.206305069257561,0.150987750038109,2.90290681741581,0.00394533341678393,0.00718919916271843,-3.30732165713881
"PNPO",0.280706471478251,0.0123721321527001,2.90237679210446,0.00395184695717958,0.00719768313630133,-3.30882152042383
"GIPC3",0.241618156954536,-0.459591577916543,2.9023445203796,0.00395224386466287,0.00719768313630133,-3.30891283440351
"ZKSCAN1",-0.290036044277136,0.13991671653808,-2.90223680817405,0.00395356887211592,0.00719804312759058,-3.30921760289116
"ZBTB7A",0.190411152756403,0.0349623715621127,2.90192253135173,0.0039574372232375,0.00720303211812185,-3.31010677840202
"ANKLE2",-0.213476955840796,0.0515326483687486,-2.90119940185871,0.00396635114995159,0.00721719922839582,-3.31215236302235
"COG4",-0.200028042853353,0.227514173262459,-2.90067508600681,0.00397282577537852,0.00722692096176405,-3.31363524178264
"UAP1L1",0.305900903901817,0.0643257298500788,2.899404365887,0.00398855754618985,0.00725347192606727,-3.31722805683963
"GTF3C5",-0.173928371412191,0.132197319376548,-2.89710449323234,0.00401717498362232,0.00730343458725186,-3.323726878208
"NEK9",0.192644198879594,-0.0222540992615978,2.8968270845276,0.00402063942055742,0.00730661812379114,-3.32451042934622
"BOD1L1",-0.186634972350432,0.141386636268811,-2.89678103828996,0.00402121473563071,0.00730661812379114,-3.32464048174573
"HMGB1",-0.256377207761706,0.034688230744614,-2.89603401257342,0.00403055878650069,0.00732151290236327,-3.3267500970545
"COPG2",-0.237531256911357,0.174487959421116,-2.89484971050957,0.00404541302160638,0.00734640561517541,-3.33009352960712
"DAP3",-0.272217725830152,0.14512277344084,-2.89393135251804,0.00405696596830496,0.00736418951409049,-3.33268527412115
"MOV10",-0.256451458468759,0.130450918297863,-2.89388794975497,0.00405751271896168,0.00736418951409049,-3.33280774391054
"TRAPPC9",0.151725706472804,-0.0779333283831334,2.89252616638568,0.00407470145445567,0.00739269391997202,-3.33664940800551
"ERCC2",-0.177325819576372,0.181440094681766,-2.89242289563318,0.00407600766541888,0.00739269391997202,-3.33694067023929
"SLC2A1",-0.582598313294929,-0.813327355731862,-2.89236884200533,0.00407669151013649,0.00739269391997202,-3.33709311779132
"NSUN4",-0.25292218984261,0.119684891355816,-2.89048182657648,0.00410063023604642,0.00743399320191834,-3.34241337363246
"LNPEP",-0.227845393018904,-0.150760130155899,-2.88777357090727,0.00413521121360487,0.0074945567978618,-3.35004326828625
"BNIP1",-0.263202750625427,-0.0230560175796961,-2.88503616292849,0.00417043435476817,0.00755624953325617,-3.35774838319336
"TIPRL",0.193864772762642,0.0492358900952957,2.8843901431125,0.0041787866863393,0.00756923489142594,-3.35956575321913
"MRPL19",-0.282163621374363,0.172513371094272,-2.88298991111612,0.00419694251136627,0.00759996538147295,-3.36350352951437
"SDHA",0.205836944056473,0.0179514638166263,2.88149862674261,0.00421635796947011,0.00763295878510537,-3.36769536690849
"SDC1",-0.390810134570663,0.0125641493680401,-2.88132643940895,0.00421860498796195,0.00763486191840619,-3.36817923387853
"CA2",0.655525647891909,-2.38576057318028,2.87976719689652,0.00423900259782092,0.00766960373677715,-3.37255963970765
"ATP11C",-0.269935896057129,-0.239964473539327,-2.87939334583647,0.00424390655748664,0.00767630123783348,-3.37360957056968
"TBL1XR1",-0.205902686299682,0.240914444036252,-2.87891877954262,0.0042501390855124,0.00768539735513925,-3.37494216541649
"TRAF3IP3",-0.380348259296048,-0.296664825167365,-2.8786747318604,0.00425334743457728,0.00768902133912117,-3.37562737650787
"NMT1",-0.167715689230527,0.258693306360813,-2.87830528401166,0.00425820854322483,0.00769563021468739,-3.37666456772201
"MGAT1",-0.25060471261453,0.0882583590597339,-2.87521427559637,0.00429907805733613,0.00776729298135008,-3.38533733188876
"ADGRE5",-0.27334139306058,0.101129375646433,-2.87412259164849,0.0043135975372789,0.00778948913697125,-3.38839826537302
"SP1",-0.176391225926442,0.118400656835732,-2.87410715059034,0.004313803224484,0.00778948913697125,-3.38844155207293
"PI4K2B",-0.207620374666644,0.0843547905861059,-2.87378071006641,0.00431815376376692,0.00779360541604156,-3.38935662754862
"HLA-DRB4",0.998657190697444,-1.27561068953883,2.87375294080267,0.00431852403476195,0.00779360541604156,-3.38943446556492
"MAP4K4",0.288289024102103,-0.0721596686562989,2.87325810479068,0.00432512695094792,0.00780331607284613,-3.39082138467048
"ENAH",0.258221276075112,-0.0815287256227517,2.87282461006344,0.00433091890507458,0.00781155853358792,-3.3920361906493
"NAGK",0.215971831643825,0.0297397443628572,2.87190406026688,0.00434324187113385,0.00783157281761921,-3.39461531946201
"RAB5A",-0.211061570657629,-0.0705311485098668,-2.87135642185881,0.00435058798837868,0.00784260426476507,-3.39614927953892
"NUMA1",-0.268219806004901,0.0107042952608839,-2.87124218231905,0.00435212184317397,0.00784315494458532,-3.39646923460524
"C15orf48",0.683300023044575,-0.532807744177589,2.87023829130123,0.00436562193398153,0.00786526412202937,-3.39928034998103
"SYBU",-0.519350960455378,-0.235860117822332,-2.86764067271654,0.00440073127800207,0.00792628186461021,-3.40654991214087
"TMEM245",-0.386156031354631,-0.633072834592442,-2.86744580865822,0.00440337539342004,0.00792880763874421,-3.40709499621947
"SNX30",0.29765878124678,-0.0206584718762767,2.86708945693313,0.00440821448060077,0.00793528318540624,-3.40809171101921
"SRSF8",-0.197247287496643,0.249802612038532,-2.86626488011901,0.00441943041109703,0.0079532308835554,-3.41039759825878
"VTN",0.493849873684962,-0.428550938168198,2.86461896643083,0.0044418959228794,0.00799140757046632,-3.41499842548974
"TFAP4",-0.261479788149521,0.0325759980331719,-2.86230658008825,0.00447363393790797,0.00804624019536405,-3.42145799779359
"CALM2",0.354829077464191,-0.452345428465643,2.86215696289378,0.00447569455952303,0.00804676358275632,-3.42187577735625
"PRNP",0.415123022870536,-0.698879982473585,2.86210245743477,0.0044764454574707,0.00804676358275632,-3.4220279690499
"KRT80",-0.682342213668582,-0.255476347529157,-2.8619307798574,0.00447881133404824,0.00804875045536111,-3.42250731404356
"LDHB",-0.445467199382296,-0.311806184756969,-2.86167948850544,0.00448227641462237,0.00805271100376022,-3.42320890119272
"HSD3B7",0.364195219488969,-0.213704162867883,2.8591408898284,0.00451741847443619,0.00811356313903659,-3.43029319632889
"FN3K",0.318302384057307,-0.312409338600751,2.8588451551834,0.00452152862154605,0.00811866148722485,-3.43111809385019
"NDUFB9",0.235662919071357,-0.0586426845982991,2.85764231631697,0.00453828087878525,0.00814645021395666,-3.43447235534332
"RNF220",-0.217491607739556,0.14764686798581,-2.85670348762747,0.00455139541896833,0.00816728648245728,-3.43708945912173
"SYNGR2",-0.371498557443565,-0.0536679051720099,-2.85662833172565,0.00455244676445817,0.00816728648245728,-3.43729893032872
"MED8",-0.22249982164086,0.171151530394721,-2.85630610495682,0.00455695685523382,0.00817116528091255,-3.43819696708424
"IDO1",-0.651763052886288,-0.773581819307749,-2.85629100558881,0.0045571682952748,0.00817116528091255,-3.43823904622471
"KRT6A",-1.05244288556084,-2.01938321758104,-2.85615328495939,0.00455909724206368,0.00817232899791595,-3.43862283832536
"RBFOX2",-0.212159498962252,-0.107003210485803,-2.8552611705987,0.00457161040390412,0.00819245928401005,-3.44110850586982
"ZMYND8",-0.189249009060396,0.252850164436701,-2.85257429137005,0.00460948668704513,0.00825801697440606,-3.44859039995448
"DTX2",-0.332808486061585,0.1697644849273,-2.85189290835716,0.00461913724637119,0.00827298494195794,-3.45048671594698
"SLC25A6",-0.353202848819833,0.31592809999618,-2.8512267570561,0.00462858984035009,0.00828759005345914,-3.45234022461871
"SIRT1",-0.197274026195185,0.0810816315048607,-2.84921148586528,0.00465729349100654,0.00833664674518553,-3.45794503369787
"MRPL9",-0.28076648747148,0.0802771288084779,-2.84890216957179,0.00466171340852105,0.00834221976272615,-3.45880496053441
"PDCL",0.205945077056056,-0.0193388688076988,2.84852732494734,0.00466707479377796,0.00834947395860809,-3.45984694285322
"BTBD2",0.215278147023184,0.0641475687815508,2.84745307436935,0.004682470830042,0.00837275804579462,-3.46283239070968
"RPL22",-0.212365107085313,0.253147246878938,-2.84743624120467,0.00468271244816485,0.00837275804579462,-3.46287916319659
"GGA2",0.215847495656874,-0.0241571317780113,2.84528895029559,0.00471362714582219,0.00842550093758639,-3.46884344870845
"C12orf29",-0.228994747547968,0.0946872852486202,-2.84520430218931,0.00471484962411843,0.00842550093758639,-3.46907847835405
"SGTB",0.201670563419162,0.00290569262117729,2.84420576805891,0.00472929211524165,0.00844894520308281,-3.47185045519967
"STXBP5",0.215913012159981,-0.100504912312541,2.84410262215981,0.00473078627580106,0.0084492504534237,-3.47213674018751
"ARMC10",-0.277263955975961,0.190274067084725,-2.84392402857534,0.00473337437857484,0.00845150878277414,-3.47263240944321
"PNPLA4",0.371688690093217,-0.00480159877614117,2.84368691936523,0.00473681245430795,0.00845528306423156,-3.47329043737796
"HECA",0.17630282794184,-0.0651678858434789,2.84251468099088,0.00475384325713831,0.0084833116816177,-3.47654287790622
"UBE2J1",-0.412325407780277,-0.242689393860245,-2.84163047689691,0.00476672618214668,0.00850392474797613,-3.47899530650974
"MRPS26",-0.252427474914384,0.17733426037752,-2.84132179525419,0.00477123116786817,0.00850958408012243,-3.47985129487308
"DYNC1LI2",0.180730861790256,-0.0388167378202907,2.84077354448444,0.00477924203562197,0.00852149131456193,-3.481371401127
"RB1",-0.306971248226002,0.119494907096933,-2.84025772636138,0.00478679016964607,0.00853256706677559,-3.48280132804513
"PXDN",0.360854613941609,0.05207212949852,2.83986091124827,0.00479260426749568,0.00853965496627537,-3.4839011920989
"SCAMP2",-0.281912348675395,-0.116211218591346,-2.83980381193437,0.00479344140941753,0.00853965496627537,-3.48405944389367
"ZNF687",-0.208366443413633,0.174774332697003,-2.839568656289,0.00479689046408703,0.00854341579168638,-3.48471115013875
"CLEC11A",-0.477132002079632,0.0254373535663411,-2.83878500753265,0.00480840062158104,0.00856152759866005,-3.48688256960665
"TRIM22",-0.33834566753631,-0.102790470788161,-2.83803391772118,0.00481945611287309,0.00857724732913311,-3.48896323552731
"PEPD",0.316129145978132,-0.114411221808298,2.8380027103567,0.00481991596193103,0.00857724732913311,-3.48904967469539
"IFI30",0.360182507673998,-0.141128259536981,2.83770300346234,0.0048243342561624,0.00858271781153439,-3.48987976646132
"GAMT",0.379436864362097,-0.153563039615321,2.8371839972899,0.00483199417960116,0.00859395065090625,-3.49131704927024
"EXOSC2",-0.238447074027026,0.105097328308683,-2.83573124982351,0.00485349384341144,0.00862978507106156,-3.49533880883073
"ZC3H14",-0.151599270959153,0.221710621120116,-2.83541735759925,0.00485815063925774,0.00863566030948236,-3.49620752460606
"SNCG",0.668787182146401,-1.52683435735037,2.83396458530156,0.00487975639603877,0.00867023430722382,-3.50022696717569
"C12orf45",-0.403031373164717,0.045342126620884,-2.83385183416357,0.00488143688680856,0.00867023430722382,-3.50053883816364
"GNG12",0.328709718580368,-0.327208323578041,2.83383588769991,0.00488167460210957,0.00867023430722382,-3.50058294531775
"ACSF2",0.439223779025091,-0.223729953756235,2.83267462784304,0.00489901390514334,0.00869861061855957,-3.50379429898158
"DEFA4",-0.522032963573761,-0.610366272846758,-2.83165133556951,0.00491433951551317,0.00872339666570797,-3.50662307729095
"CLASRP",-0.235777326646286,0.144984996993913,-2.83150134644441,0.00491658952462237,0.0087249650124274,-3.50703762383166
"RBCK1",0.182324495378826,0.0379883167302485,2.83111547784593,0.00492238229884988,0.00873281772107709,-3.50810400831281
"AK2",-0.293417655162669,0.137374791511803,-2.83011698225437,0.00493740080799347,0.00875702893306619,-3.51086280300828
"TIMM29",-0.256184796576519,0.101548984783472,-2.82725032884575,0.00498075015670525,0.00883146063609081,-3.51877807544261
"DR1",-0.20790061153973,0.179527540966464,-2.82613098650156,0.00499777042661944,0.00885917939310525,-3.52186667788073
"KHDRBS3",-0.438259660169227,-0.112473352743589,-2.82406080897936,0.00502938798428343,0.00891275111841512,-3.52757585038102
"PFDN2",-0.208511904049959,0.254049970924303,-2.82387849179758,0.0050321811770303,0.00891522664132587,-3.52807845698236
"FAF2",-0.246613735145517,0.201396159165163,-2.82316649085471,0.00504310289644649,0.00893209764044683,-3.53004098394401
"FAM234A",0.321141258342899,-0.0526596578425446,2.82299949567966,0.00504566762917061,0.00893416190023692,-3.53050121357042
"MTA1",-0.225716427630377,0.0845818031430743,-2.82256630763561,0.00505232610782016,0.00894347163804594,-3.53169493536015
"FNBP1L",-0.269001840737559,0.104023306552877,-2.82228755119986,0.00505661505633128,0.00894858290872374,-3.53246300283731
"PFKL",-0.184447407536628,0.0371070132927603,-2.82202009547181,0.00506073323987354,0.0089511487661969,-3.53319986513037
"DNAJC8",-0.183288782438361,0.227206614320297,-2.82201129733094,0.0050608687620941,0.0089511487661969,-3.53322410359393
"SERF2",-0.30685447831029,0.267714635763826,-2.82168259910688,0.00506593422952487,0.00895762671158024,-3.53412960011842
"CAPN15",0.223077714060286,-0.0119392936028985,2.81784071774371,0.00512548262262829,0.00906041155744232,-3.54470574642706
"ATP9A",-0.359177390714837,-0.0163094682621499,-2.81603092439954,0.00515375365175076,0.00910786522735362,-3.54968308892695
"DCP1B",0.188665969072995,-0.0546053353864934,2.81332088274104,0.00519635233720689,0.00917885153798345,-3.55713061986075
"RAB27A",-0.348383655497928,-0.276942010610138,-2.81329270601344,0.00519679691618014,0.00917885153798345,-3.55720801710799
"OPTN",0.239509439918947,-0.0652958002865673,2.81134296092808,0.00522764442610994,0.00923078253891371,-3.56256188012659
"MGAT5",-0.335925783644047,0.210241916817112,-2.8101486295203,0.00524662228587302,0.00926173162712171,-3.56583968286059
"HTATIP2",-0.362327268524662,0.134723446419927,-2.80975172732255,0.00525294286718795,0.00927032620425513,-3.56692867379862
"BSG",-0.307313810226351,-0.207072073525829,-2.80914899891626,0.00526255440070851,0.00928216227917118,-3.56858211508709
"CASP3",-0.256898955877144,0.148946929163542,-2.8091488261847,0.00526255715749408,0.00928216227917118,-3.56858258888634
"NDUFA5",0.217940522035524,0.0433947144437707,2.80864419069717,0.00527061670689041,0.00929381045940218,-3.56996667554881
"AKR1C1",0.698038540180858,-1.73926986142224,2.80779469390519,0.00528420934723606,0.00931520615187803,-3.57229609358467
"VAC14",-0.192797609773922,0.0806245607115219,-2.80697635430452,0.00529733351795104,0.0093357644250945,-3.57453943976334
"EPHB4",-0.301826200126984,-0.182500138842207,-2.80678349450525,0.00530043082175989,0.00933864536339319,-3.57506804306125
"FKBP3",-0.240356390392529,0.38619319742632,-2.80653555427667,0.00530441512423545,0.00934308705330852,-3.57574756368734
"COX6C",0.366849443393076,0.223770186998819,2.80580828272802,0.00531611777363316,0.00936111748059783,-3.57774043982695
"ARID3A",-0.490482151222914,0.0350721775559476,-2.80254577700722,0.00536890406157818,0.00945146193360262,-3.5866743285271
"TSR2",0.28963788234226,-0.014030881879563,2.80212680644095,0.00537571720786978,0.00945946899872953,-3.58782089931226
"NUDT16L1",0.256989214092364,0.113122742977757,2.80208389230097,0.00537641550452458,0.00945946899872953,-3.58793833055159
"IDH3G",0.210290435787314,0.0719819413732999,2.80178220291248,0.00538132690136743,0.00946550200144106,-3.58876383192869
"ARCN1",-0.158403124901704,0.386332465451279,-2.80131409290479,0.00538895562357391,0.00947631001281174,-3.59004453604346
"PDHB",0.242675904535807,0.108859249702213,2.80078950991284,0.0053975163324821,0.00948875049088608,-3.59147950237594
"SAMSN1",-0.299475841722537,0.0526739870106141,-2.80050363215485,0.00540218678355739,0.00949434698954416,-3.59226139651769
"MED21",0.207449495728813,0.0455932827495,2.79993215182023,0.00541153417890615,0.00950815787900819,-3.59382420403144
"RPA1",-0.210232003572625,0.123876171369999,-2.79866482147058,0.00543231557215773,0.00954204537227706,-3.59728884344095
"ZNF185",0.424849044763352,0.0831573619147264,2.79825576744978,0.00543903857999413,0.00955122698934613,-3.59840679979341
"CHMP1A",-0.217880104860395,0.0411153359835225,-2.79785577930175,0.00544561988110871,0.00956015478165497,-3.59949982816538
"MYOF",-0.480862012060325,-0.0644630460575643,-2.795430932435,0.0054856725044934,0.00962782268861746,-3.60612290071872
"CLTA",-0.189121651367614,0.28442337450805,-2.79466297555693,0.00549841287986469,0.00964753125527235,-3.60821930740991
"FOXP4",-0.228921250712996,-0.0268369607574992,-2.79076451708071,0.005563502866287,0.00975905653880289,-3.6188530391195
"NDUFA13",0.239835712065018,-0.0172087421820424,2.78671941384549,0.00563177890405553,0.00987610774578262,-3.62987180172903
"MPP7",0.383727942274713,-0.149261831534841,2.78623316596506,0.00564003705083056,0.00988787385215627,-3.63119530255251
"TRUB1",-0.223911581436903,0.229717004473436,-2.78198757439218,0.00571260919849037,0.0100123551282901,-3.64274186625832
"C7orf50",-0.288994279297738,0.221766838640439,-2.77924099043645,0.00576000761629986,0.0100924312163133,-3.6502026896668
"PTPN1",-0.284121445378327,0.0706611196584605,-2.77915724651441,0.00576145838425401,0.0100924312163133,-3.65043006126789
"RFK",-0.310165896742948,0.0680747568678681,-2.77732392788339,0.00579330158973478,0.0101454280445575,-3.65540603314987
"EPB41L1",0.407670352241699,-0.0360312144697175,2.77542548444555,0.00582644387580629,0.0102006701801544,-3.66055546355554
"IMPDH2",-0.25307343057161,0.244823736132998,-2.77532479951803,0.00582820637934064,0.0102009588081387,-3.66082847242097
"PYCARD",-0.435568816541651,-0.0241253099254156,-2.77518780607987,0.00583060524376088,0.0102023607786827,-3.66119991724093
"UBE2I",-0.187109388696477,0.333449500899888,-2.77216307946836,0.00588379895401287,0.0102920434083138,-3.66939672025425
"RHPN2",-0.389279727358104,-0.0910678538162735,-2.77209041160397,0.00588508229972652,0.0102920434083138,-3.66959354027171
"RMDN1",0.272399999266113,0.0694485339518503,2.77117712483052,0.00590123295951907,0.0103174623347561,-3.6720667464059
"SUGP2",-0.254248795092507,0.0644946897855713,-2.76981459325624,0.00592540271213788,0.0103568837440461,-3.67575507410076
"ABCF3",-0.163831129182444,0.227067823385775,-2.76905609310913,0.00593889643494983,0.0103776282805568,-3.67780755857598
"COX8A",0.239028696108416,0.0342687471467745,2.76888944384563,0.00594186485124766,0.0103799745759826,-3.67825843586699
"SYNE2",-0.254622247700733,-0.126851160134824,-2.76751576533531,0.00596638451605706,0.010419957640871,-3.68197399984735
"BLOC1S6",0.190303933861904,0.217852418025293,2.76614440988719,0.00599095403545943,0.0104600058836228,-3.68568152469892
"TMEM68",-0.275637754249222,-0.128672929084072,-2.76569591416048,0.00599900923789743,0.0104712066659309,-3.68689367360738
"MRPL14",-0.287667998458202,0.153191582923523,-2.76549251541354,0.00600266560865182,0.0104747253105334,-3.68744333733286
"TOMM40",-0.274183896250214,0.183728428828285,-2.76478495359224,0.00601540071806663,0.0104940802144414,-3.68935514810957
"PRDX3",0.275362818159858,0.152420505145955,2.76317577249743,0.00604445478550293,0.0105418857704005,-3.69370136811495
"HEPH",0.325678380131738,-0.0380658968482122,2.7630363154629,0.0060469786784035,0.0105434076629182,-3.69407791237464
"TMEM70",-0.374096055263305,0.0265694916076367,-2.76244648798523,0.00605766392384968,0.0105591548331368,-3.69567028932584
"NEMF",-0.1725529379985,0.163285673683129,-2.76178867653991,0.00606960090966048,0.0105770747293074,-3.6974458220064
"GSTT2B",-0.6280731973716,-1.2350172899713,-2.7556162829308,0.00618264953194616,0.0107704875591969,-3.71408637746044
"ACO2",0.240082004490923,-0.0423285727679302,2.75554513939891,0.00618396356961879,0.0107704875591969,-3.71427797065135
"CCDC43",-0.22971358240545,0.182537430162852,-2.75501225890263,0.00619381403208574,0.0107847020984095,-3.71571289503289
"TPM4",0.460759235106563,-0.12909058993557,2.75263271348911,0.0062379740816921,0.0108586326367514,-3.7221172282592
"CD163",0.360476634715501,-0.156411572997298,2.7493313359022,0.00629971324478677,0.0109631150362397,-3.73099383665908
"ATXN2",-0.176072628961396,0.135482801199607,-2.74769864101436,0.00633045004448027,0.0110136031427811,-3.73537999921003
"GALNT5",-0.398298974078946,-0.226436817181673,-2.74582388028196,0.00636591110779796,0.0110722806928058,-3.74041339115594
"TTC39B",-0.321451515766487,-0.150908120019106,-2.74549199243479,0.00637220743550864,0.0110802136371794,-3.74130410780796
"TAF15",-0.321202898990289,0.191031984334456,-2.74509100871199,0.00637982210749807,0.0110904340202492,-3.74238012594301
"TXNDC12",-0.222813430231925,0.290856807796752,-2.7445843753375,0.00638945482514094,0.0111041559767351,-3.74373943451023
"APTX",-0.220158085394965,-0.0650666688038056,-2.74434633912052,0.00639398519126777,0.0111078181539602,-3.74437800818992
"ARHGEF16",-0.314583535923735,0.029845344851527,-2.74429086371133,0.00639504143053369,0.0111078181539602,-3.74452682305065
"PMM2",-0.285305347624627,0.37490390426512,-2.74143417649167,0.00644964573875431,0.011199616002705,-3.75218610885755
"PCTP",0.279160221800453,-0.092209565677076,2.74127700615133,0.0064526621731641,0.0112018074974586,-3.75260728925903
"THY1",-0.397616923070234,0.161709596182502,-2.74101077689038,0.0064577745900803,0.0112076354329064,-3.75332066987127
"SRSF10",-0.204655825774955,0.220089013433185,-2.74003635248756,0.00647651775431873,0.0112371102884036,-3.75593114615894
"ACTR2",0.157502435596946,0.118862668602859,2.73648668817303,0.00654521238573029,0.0113532140947807,-3.76543317235172
"PPP6R2",0.170327036509906,-0.119694974148632,2.73571737934214,0.0065601868980261,0.0113760981379404,-3.76749096802078
"MAP1B",0.443578286664429,-0.526259393443375,2.73550777261697,0.00656427223167803,0.0113800918271149,-3.76805154143306
"TFG",0.169535261892419,0.0942522336392233,2.73364744619126,0.00660063171345366,0.0114400199485346,-3.773025010138
"APIP",0.246229044908186,-0.00609233240004097,2.73220356073541,0.00662897727434695,0.0114860298227151,-3.77688292064573
"CHIT1",0.608841713857866,-0.713528760093248,2.73163340544179,0.00664020049350035,0.0115023548971784,-3.77840577931096
"BOLA2",-0.269949892771095,0.293572893079775,-2.73100297391529,0.00665263019664912,0.0115207604571751,-3.78008927940574
"PPOX",0.2370818250188,0.0330276726054491,2.72879593845268,0.00669631023418602,0.0115932594482857,-3.78598000598843
"CMPK1",-0.298675449175074,0.0521587557666267,-2.72786405000756,0.00671483112626423,0.0116221731475189,-3.78846591231874
"DDX54",-0.266066104223752,0.19627324499959,-2.72692812284565,0.00673347882987959,0.0116512906040057,-3.790961775431
"GBP4",-0.42663764224034,-0.493940787325681,-2.72595323689063,0.00675295246718652,0.0116818210520146,-3.79356066051028
"WLS",-0.477074559494752,-0.264256417964953,-2.72561977823902,0.00675962506474722,0.0116901966517906,-3.79444940235848
"TSC22D1",0.277704367623938,0.0311609166200234,2.7245852858801,0.0067803634309482,0.0117228866792863,-3.79720589437595
"DHX37",-0.192491116976283,0.143437490461439,-2.72400718019922,0.00679197766034013,0.0117397881324504,-3.79874586994532
"MMP1",-0.663801693245172,-0.273855379877832,-2.72375091757207,0.00679713175738176,0.0117455172586962,-3.79942841022344
"PDS5B",-0.200954151307429,0.0193707213613888,-2.72321557312667,0.00680791029762707,0.0117609597538823,-3.8008540702654
"CRNKL1",-0.191961754060186,0.228668776197664,-2.72226397129779,0.00682710779270966,0.0117909340699084,-3.80338759172476
"CFAP20",-0.205206666160521,0.0672728499560542,-2.72131777476336,0.00684624467734446,0.0118207875242954,-3.80590588290647
"WASHC1",0.139882429519228,0.155780581267947,2.7158841535706,0.00695708035997931,0.0120070532015698,-3.82035119760993
"GABPB1",-0.230168839110262,-0.0088758307038602,-2.71584498468667,0.00695788517553771,0.0120070532015698,-3.82045522810241
"GTF3C6",-0.23475784430482,0.187369902754052,-2.71525148231209,0.00697009034253245,0.0120248653977492,-3.82203136357426
"HNRNPUL1",-0.195176126040376,0.250760989923573,-2.7149328820691,0.00697665020908749,0.0120329312763435,-3.82287731890906
"TOR1B",0.260698286774936,0.041794063534845,2.71328819946937,0.00701060232074871,0.0120882246335351,-3.82724281140192
"ZNF451",-0.1858694850301,0.067092105533268,-2.71317835651142,0.00701287517214865,0.0120888790427022,-3.82753427821014
"B3GAT3",-0.28906013854057,0.0431132020808062,-2.7124595006905,0.0070277660293863,0.0121112782989559,-3.82944147386031
"NDUFA10",0.237092548431304,0.0140998098822836,2.71179131467067,0.00704163285016484,0.0121319011733142,-3.83121380409216
"TRIM21",0.213337781130269,0.0270541984446672,2.70834559709893,0.00711353417245879,0.0122524725360533,-3.84034676917032
"TPD52L1",-0.510036573030377,-0.326334069224519,-2.70697510147262,0.00714231568798558,0.0122987286051208,-3.84397621658404
"QTRT2",-0.210024621073087,0.0675213125244352,-2.70659981709444,0.00715021525663964,0.0123090117049458,-3.84496976583684
"C11orf58",-0.245973887072416,0.194717627660088,-2.70334816857266,0.00721899157066119,0.0124213215463809,-3.85357284836712
"HMGN3",-0.387401740278235,-0.172875981231305,-2.70333148375291,0.00721934600761467,0.0124213215463809,-3.85361696688885
"DYNLT1",-0.242098926242054,-0.00546846035192303,-2.70295007816018,0.00722745251662538,0.0124314351964074,-3.85462542043652
"MINDY1",0.292602456544098,-0.288145352023017,2.70287176274539,0.007229118071145,0.0124314351964074,-3.85483247307209
"UIMC1",-0.210907981463046,0.0572526849154786,-2.69949866072773,0.00730118395033991,0.0125519815624449,-3.86374493381378
"C2",0.428271748356322,-0.111931943140708,2.69909538718862,0.00730984303101473,0.0125634852632649,-3.86480975659718
"RABGAP1L",0.18414822227934,-0.0644572053806633,2.69781035189232,0.0073374970547734,0.0126043778898404,-3.86820181012551
"NCOA4",0.229681910782619,-0.0590326847880214,2.69780632747281,0.00733758380838478,0.0126043778898404,-3.86821243078838
"MYH9",-0.195060722133819,0.195556708354826,-2.69722460542526,0.00735013360340611,0.0126207440851144,-3.86974746757888
"HSD17B4",0.330237579001597,-0.07216410856281,2.69718148809435,0.00735106456578552,0.0126207440851144,-3.869861232142
"PLEKHF2",0.210071209922836,-0.0392533422166067,2.69643304637718,0.00736724139064486,0.012645117279373,-3.87183570941912
"GPCPD1",-0.286983126192382,-0.0873699555075098,-2.69613771549138,0.00737363349646979,0.0126526874160063,-3.87261468276141
"NEU1",-0.333336253369427,0.0581242178397081,-2.69414705899364,0.00741684955744761,0.0127234240796085,-3.87786316643244
"FXR1",-0.215790835330662,0.194160205364808,-2.69362428039936,0.00742823656593221,0.012739535448154,-3.87924088812035
"LTN1",-0.163851896512009,-0.0276999328043731,-2.69326764773622,0.00743601366835204,0.012749448784218,-3.88018060488504
"DRAP1",-0.211989603511467,0.195155237360332,-2.69201156766388,0.00746346350975923,0.0127930777207551,-3.88348939136602
"TRMT11",-0.242870580593946,0.0648713820554701,-2.69102585605911,0.0074850687253561,0.0128266676895863,-3.88608493442195
"GSTO1",0.282388243804999,-0.0239277970976326,2.69051152309057,0.00749636443252009,0.0128410224480015,-3.88743889773154
"ASAP1",0.196685653334637,0.0371619080278141,2.69046132189858,0.00749746776603752,0.0128410224480015,-3.8875710373226
"THOC5",-0.167397906670716,0.211479634307915,-2.68955868285014,0.00751733115512078,0.0128715900845927,-3.88994656141746
"NAT1",-0.559002022551293,-0.287366460545322,-2.68729995259188,0.00756724443906804,0.0129526678527513,-3.89588764106987
"PYGO2",-0.181163735011335,0.103123376392533,-2.68723248918446,0.00756873982123966,0.0129526678527513,-3.89606501484425
"ELP4",0.193717725135156,-0.0878745454097827,2.68656056695066,0.00758364806464504,0.0129747033474701,-3.89783139003554
"HK2",-0.380462747774405,-0.194399043435292,-2.68599249136182,0.00759627284026135,0.0129928213461207,-3.89932443930885
"FAM91A1",-0.179855794708205,0.255811855886029,-2.68551147287648,0.00760697767444521,0.013007646612569,-3.90058844374642
"MTAP",0.299473527700049,-0.184798925503536,2.68445028032755,0.00763064206037875,0.0130446183548911,-3.90337624399965
"SNRPD1",-0.223075925735321,0.103557234147945,-2.68308150893878,0.00766126327988804,0.0130934598613718,-3.90697051003706
"CAMK1D",0.381363430204849,-0.0788486619200448,2.68241597912969,0.00767619199716617,0.0131154631795306,-3.90871749521048
"ECSIT",0.246182070628813,-0.097338935063928,2.68199634869152,0.00768561832300758,0.0131280559102203,-3.90981879256806
"NDUFS2",0.1749396063438,-0.0700958006769591,2.67971799037333,0.00773698012725105,0.0132122541087184,-3.91579534156945
"MST1R",-0.304847268921753,-0.069029771400401,-2.6787677677942,0.00775849246879971,0.0132454477040872,-3.91828651157639
"ZNF768",-0.258554859996399,0.206265335463624,-2.67772731312023,0.00778210933725583,0.0132822154820579,-3.92101327015967
"CNPY4",0.226402953854242,0.0191888688552462,2.67737775599573,0.00779005830497821,0.0132922293632512,-3.92192914001613
"MARCKS",0.277771867507697,-0.266590765019309,2.67524496191444,0.00783871679428427,0.0133682148817763,-3.92751476449685
"PGD",-0.257890766231192,0.0668407636185119,-2.67524229359508,0.00783877784140494,0.0133682148817763,-3.92752174995161
"DPF2",-0.157609214010444,0.140746653331651,-2.67435681646574,0.00785905986648729,0.0133992248992046,-3.92983949248323
"BCAP29",-0.32378495687557,-0.384187188514433,-2.67406954905759,0.00786564991990281,0.013406880602931,-3.93059125907896
"DEF6",-0.253819179955004,-0.00988874849707073,-2.67244994645365,0.00790289752011431,0.0134667735964585,-3.93482824323103
"MRPL41",-0.309398559029667,0.241275535781131,-2.67107197874074,0.00793471287396202,0.0135173803896071,-3.93843115961199
"ARHGEF5",-0.246400421118196,0.0941847880799765,-2.6708942073432,0.00793882574861018,0.0135207795158378,-3.93889584169189
"APOL2",-0.358950581526421,0.0753905477507655,-2.67036203035444,0.00795114952968201,0.0135381572658719,-3.94028673831373
"ARFGEF3",-0.367248659141378,-0.132068987416882,-2.66835547862845,0.00799777077421421,0.0136139073296075,-3.94552867034534
"CLEC16A",0.17832564586884,0.198404390641232,2.66790769054297,0.00800820841098346,0.0136280412324439,-3.94669796052684
"COX7A2",0.351504905024936,0.147665031712331,2.66464498533337,0.00808463047323793,0.013754427277278,-3.95521205128053
"STX7",0.20253511945783,-0.129342770850251,2.66447317017209,0.00808867300294094,0.0137576390846505,-3.95566012959216
"SFSWAP",-0.222881909828448,0.198201412462949,-2.66372431019469,0.0081063136885066,0.0137839714783261,-3.95761276511267
"POGK",-0.195996191647856,0.102860490201319,-2.66355881709841,0.00811021682763394,0.0137869367530465,-3.95804421370122
"RPL13",-0.250835387859241,0.242747167786942,-2.66300614126238,0.00812326388374205,0.013805440483815,-3.9594848805507
"OSBPL5",0.260832129059112,-0.141563956195645,2.65950316621881,0.00820639865898905,0.0139430163484952,-3.96860946821322
"BLOC1S1",0.167649811584942,0.185230557461212,2.65927476848252,0.00821184560359665,0.0139485592388839,-3.96920400157673
"MAP4K5",0.177252704550802,0.158652330277216,2.65844233616224,0.0082317253897079,0.0139786081418311,-3.97137046009486
"PPT1",0.283239653310031,-0.194346057634336,2.65666995312587,0.0082741968493164,0.0140469946511261,-3.97598103593099
"SELENOO",-0.196471376227207,-0.145915409453838,-2.65560558638729,0.00829979672975968,0.0140867097606368,-3.97874840286203
"PUDP",0.346332382379364,-0.203062663918076,2.65461999348428,0.00832356541467946,0.0141232966177859,-3.98131000936392
"ABCB8",-0.251115944924976,-0.0658478541524573,-2.65342198083032,0.00835253919859144,0.0141686936192897,-3.98442247888051
"AGAP1",0.189448155323549,-0.138436890594728,2.65311282113443,0.00836003088332216,0.0141776353758332,-3.98522546566671
"BSDC1",-0.203522695886736,0.154849822017779,-2.6517306346469,0.00839359848869908,0.0142307823553754,-3.9888143504075
"SRSF5",-0.217599454538534,0.242089220749819,-2.64795606252896,0.00848588504844249,0.0143834287322286,-3.99860599956844
"TSC22D2",0.24929411254048,-0.0233352374255586,2.64751263532354,0.00849678625279549,0.0143980839235932,-3.99975542042243
"PARD6B",0.307352881554329,-0.0946606888455294,2.64706899817863,0.00850770520465306,0.014412761404009,-4.0009052008497
"SLC25A12",0.224310938417616,-0.190178509115405,2.64261745056473,0.00861796796915997,0.0145956831520123,-4.01243211374489
"LCP2",-0.278522354931305,0.0379268044917396,-2.64202636081978,0.00863270508960865,0.0146167653134848,-4.01396129301568
"MRRF",-0.30235622820822,0.121045631860487,-2.63730243081327,0.00875129811149582,0.0148136369146079,-4.02617055794211
"RPL36AL",-0.365800739730351,0.252982510542593,-2.63610181160443,0.00878167147782838,0.0148611111545015,-4.02927028796748
"SDCBP2",0.496460147117813,-0.241307827122962,2.63374028236893,0.00884168986646562,0.0149587148376743,-4.03536327923775
"STIM1",-0.235601439564883,-0.251585175368943,-2.63109611853949,0.00890932804920303,0.0150691548593805,-4.04217928378892
"BST1",0.351848779712185,-0.217790828108075,2.63064111883145,0.00892101372802587,0.0150849239018658,-4.04335149920277
"TBXAS1",-0.286445046071515,-0.0360367240486631,-2.62993015370783,0.00893930085618785,0.0151118443120888,-4.04518276892786
"EIF1AX",-0.326177683164021,0.378174045818551,-2.62973644277215,0.00894428922919841,0.0151162749413531,-4.0456816379463
"NAA30",-0.174827708417315,0.0545853300507798,-2.6292329051397,0.00895726783108676,0.0151342035198436,-4.04697824720111
"PHC2",-0.212317483592775,0.11691865572276,-2.62652493185458,0.00902735559070801,0.0152485887425055,-4.05394719407339
"RPRD2",-0.199499441601642,0.107127630605376,-2.62581892723014,0.00904570905802676,0.0152755494143086,-4.05576295931904
"ARRB2",0.216754021920068,-0.0274024516005797,2.62545834236145,0.00905509581556395,0.0152873576896816,-4.05669016282298
"SLC25A11",-0.26047604049463,-0.308562100220162,-2.62378748150957,0.00909870585376859,0.015356922251206,-4.06098499985966
"PDE4D",0.373603796079352,-0.526181981994306,2.62367738370091,0.00910158604771868,0.0153577238146627,-4.06126790688929
"FN1",0.415036857430644,0.0206002233063514,2.62262653810588,0.00912911767739788,0.015400110005333,-4.06396758389313
"PSMB4",0.14187920127818,0.0850950350878422,2.62228315743755,0.00913813025441572,0.0154112418580149,-4.06484952183661
"PBLD",0.447731158451464,-0.551499951023489,2.62037427221754,0.00918837762270799,0.0154918909746476,-4.06975027787706
"RALGAPA2",-0.285213872236305,-0.069172784609333,-2.61829879511068,0.00924329113686114,0.0155803627003322,-4.07507484737915
"AGR3",0.667617327565398,-0.580135335689071,2.6172720198687,0.00927056644929464,0.0156222134544065,-4.07770750974178
"SMG8",-0.193917042264242,0.162078045818076,-2.61697858920894,0.00927837440077394,0.0156312455274252,-4.07845968700118
"GALE",-0.327933842700158,0.0365799775152988,-2.61653143859693,0.00929028405115955,0.0156471811307449,-4.07960575289245
"XRCC4",-0.199332234047436,0.305551184945495,-2.61471288451836,0.00933886171098415,0.0157248502174667,-4.08426484791714
"C2orf49",-0.176080859211396,0.0855501871908323,-2.61366568218895,0.00936693800912488,0.0157679670941899,-4.08694634691061
"COG8",-0.177035504047091,0.0690241005108615,-2.61213946022469,0.00940799265739276,0.0158329027721278,-4.09085259301645
"TMEM120A",-0.337805777548115,-0.125836796647376,-2.61187661314423,0.00941507937247938,0.0158406539639739,-4.09152510864875
"URI1",-0.20124103313539,0.144741908819301,-2.61118296443872,0.00943380405882407,0.0158679765320315,-4.09329955349388
"PSMB7",0.223153155122008,0.144992897506594,2.6097986994829,0.00947127133908528,0.0159268020806056,-4.09683933403279
"ALDH1L2",0.36749696936383,0.134671839160052,2.60871124992392,0.00950079829463535,0.0159722477912709,-4.09961884828995
"TRIM47",0.218590463513241,-0.112076739655188,2.60759491040689,0.00953119543843381,0.0160191321069755,-4.10247104883749
"IQSEC2",0.185191065448176,-0.114732421585549,2.60742981812556,0.00953569817264664,0.0160224823243023,-4.10289275324519
"UBXN2B",0.233204176468721,0.017295611142326,2.60677319039858,0.00955362593333135,0.0160483824215524,-4.1045697604064
"F11R",-0.305617518407245,-0.296096773624158,-2.60635823551263,0.00956497091663304,0.0160632139144403,-4.10562933350852
"TAX1BP1",-0.324096719102409,0.0717542955861917,-2.60566422240636,0.00958397240120724,0.0160908923959264,-4.10740111046261
"YY1",-0.190885878047087,0.168697952403935,-2.60447491099613,0.00961661335434763,0.0161414501228995,-4.11043630363281
"DPH2",-0.20276916283841,-0.0869547283904672,-2.60401868577997,0.00962916096898275,0.0161582635445348,-4.11160026450472
"RPS19BP1",-0.269207275760646,0.184295228029425,-2.59945050545643,0.00975561089941154,0.0163661522839576,-4.12324420716132
"EIF2D",-0.193851357879405,0.0519981448159124,-2.59931484000156,0.00975938882554185,0.0163681895589926,-4.12358970800716
"SLC25A40",-0.306353013727117,-0.145431810208942,-2.59896703469474,0.00976908027266581,0.0163801411609693,-4.12447538889992
"PSMB8",-0.223882923780707,0.0841558443009229,-2.59790988741406,0.00979859014668173,0.0164253079775697,-4.12716669989868
"USP28",-0.242131011086637,0.0926108329544084,-2.59598732369182,0.00985246238827894,0.0165112788318008,-4.13205851507449
"HMGCS1",-0.458585707475391,-0.325714034250694,-2.59512815060387,0.00987662290743042,0.0165474251545377,-4.13424349083169
"FKBP7",0.305989935389548,0.224777109036926,2.59434159718505,0.00989878779172673,0.0165802098767511,-4.13624317766804
"PCOLCE",0.373037809037565,0.166472329070524,2.59310938558123,0.00993360072028122,0.0166341569889839,-4.13937470956179
"ALG11",-0.267042361013019,-0.190361761888026,-2.59183395019979,0.00996975017995263,0.0166903132928677,-4.14261458569359
"TIMM23",-0.224833259937386,0.14457686919881,-2.59124417755819,0.00998650577620758,0.0167139814891443,-4.14411221575751
"NUDT5",-0.290169976967215,-0.000428641574101993,-2.58997765317184,0.010022573248364,0.0167699502596448,-4.14732723904043
"CRBN",0.229665311917962,-0.154764465409379,2.58820215804601,0.0100733311467574,0.0168504635504442,-4.15183172418595
"ANTXR1",-0.376946451266514,0.101298309878378,-2.58803228178595,0.0100781996063281,0.016852720146685,-4.15226254996057
"BLVRA",0.284286415082986,-0.0642922196822584,2.58797090878505,0.0100799590039452,0.016852720146685,-4.15241819228757
"DHRS4",0.353852538745584,-0.186275444015831,2.5873972720911,0.0100964169037486,0.0168758172592762,-4.15387276728231
"MRPL38",-0.22521358629279,0.0863896034670379,-2.58653117373952,0.0101213112075853,0.0169129997541042,-4.15606835291482
"PIGS",-0.231366921956115,0.0654204600938263,-2.58436890982177,0.0101837010513566,0.0170128025151522,-4.16154667680786
"PNPLA6",0.158970465413354,-0.180611723448349,2.58397572423164,0.0101950828928188,0.0170273618285765,-4.16254238124892
"COG6",-0.162751585661252,0.225535544466294,-2.58055026292045,0.0102947246056103,0.0171853966156283,-4.1712108751769
"MRM1",-0.381452924571184,0.00547332947042595,-2.58053779683792,0.0102950888104586,0.0171853966156283,-4.17124240175556
"FARP2",0.196162854803696,0.0309250203098622,2.57967774215133,0.0103202437079963,0.0172223968499118,-4.17341711695749
"CTBS",0.350881373777872,-0.359313085474187,2.57959560857576,0.0103226488245282,0.0172223968499118,-4.17362476167522
"ZMYND11",0.205280880348577,-0.0687313495345521,2.57764237331242,0.0103799932425231,0.0173135467224425,-4.17856093185163
"IDH3B",0.199807840020999,0.0912796740407129,2.57623991292418,0.0104213430958915,0.0173779774529295,-4.18210298163857
"LARP7",-0.171782642958297,0.231968015081209,-2.57077941427305,0.0105837453948329,0.0176441812913859,-4.19587635986449
"KYAT3",0.327330308685235,-0.068744590720093,2.56989302013577,0.0106103201671749,0.0176838669452915,-4.19810952202706
"MRPS22",-0.221444015296904,0.218609784758612,-2.56455101812023,0.0107717433973915,0.0179482206660608,-4.21155237891836
"IRF9",-0.255650363020902,0.0860045572198373,-2.56418116812342,0.0107830001869899,0.0179622896409942,-4.21248209143022
"FRA10AC1",-0.211245003258544,0.0213953204137867,-2.5638301585526,0.0107936932625073,0.0179754124885521,-4.21336432454612
"CPOX",-0.228167747736588,0.291793760857942,-2.55939038920355,0.0109297650552499,0.0181972750659116,-4.22451329410666
"MRPL22",-0.232174287341001,0.148349838132569,-2.55921172754048,0.0109352726590906,0.0182016986257282,-4.2249615533867
"MTX2",0.171234747447498,0.0933905441313497,2.55718402983995,0.0109979543470521,0.0183012610127515,-4.23004690718183
"NUTF2",0.221291887373122,-0.018270589241012,2.55432020570974,0.0110870293006907,0.018444680063812,-4.23722262006738
"POLR2I",0.166027919322842,0.0777733181950052,2.55384194839781,0.0111019673500754,0.0184647203777628,-4.23842020771364
"TLK2",-0.207232914188123,0.0870085871568222,-2.55351258098625,0.0111122653631599,0.0184770349853584,-4.23924483995321
"NRBF2",-0.214532938474758,0.101590250552437,-2.55327253645691,0.011119775972779,0.0184847096032787,-4.2398457714287
"ERAP1",0.324843812322035,0.0817501625498305,2.55242745257452,0.0111462533533389,0.0185239010049633,-4.24196093639083
"DPYSL2",0.384316626359499,-0.754415278788193,2.55057092362513,0.0112046180118115,0.018615023203331,-4.2466052890797
"ADAP1",0.267129285415672,0.0789230417921531,2.55049805035139,0.0112069145174008,0.018615023203331,-4.24678752495208
"DENND2D",-0.270270445437053,-0.15402884180448,-2.54972439082287,0.0112313212880721,0.0186480629803036,-4.24872192448552
"AVL9",-0.247205911978156,0.261245556518096,-2.54968241494931,0.0112326468633121,0.0186480629803036,-4.2488268616369
"UBAP1",0.158886215850965,0.122226837981394,2.54930438723768,0.0112445910623057,0.0186630397537879,-4.24977183328052
"APRT",-0.261444886797308,0.0620392792627249,-2.5482737332885,0.0112772132743122,0.0187109632607424,-4.25234751769793
"GHDC",-0.252832099323779,-0.012898456235092,-2.548207071018,0.01127932616924,0.0187109632607424,-4.25251407742302
"MRPS24",-0.243080683382574,0.167072731994617,-2.54748146602733,0.0113023474422606,0.0187442827061907,-4.25432677453955
"MEN1",-0.173409753902274,-0.0410800496358948,-2.54683492323337,0.0113228956068736,0.0187734844066186,-4.25594154134165
"SLC27A4",-0.235228036662652,-0.144576748829216,-2.54668639736556,0.0113276207002321,0.0187757301178522,-4.25631243504902
"HIBADH",0.32521273425948,0.111483130754049,2.54660750410988,0.0113301312676718,0.0187757301178522,-4.2565094361267
"ATP6V1E1",0.165424888377113,0.16420378056213,2.54602245997225,0.0113487642272107,0.0188017279685367,-4.25797014249499
"NOMO1",-0.43985560083909,0.0656485130280025,-2.54564192089186,0.0113608986081059,0.0188169487970833,-4.25892007856507
"UBE2M",-0.157585973869926,0.0835223185818212,-2.54535758836287,0.0113699727686866,0.0188270944315519,-4.25962976602962
"SMPD3",-0.442082546389236,-0.668929491939626,-2.54425002832526,0.0114053809866634,0.0188808290380726,-4.26239348376425
"ISLR",0.340900692458787,0.15914182707744,2.54301117509396,0.0114451030656826,0.0189416752396017,-4.26548344984174
"GNAO1",0.422662541451265,-1.15075719447091,2.54235140776294,0.011466307872154,0.0189718517138386,-4.26712846075806
"GLRX5",0.239696364798376,0.117246947734047,2.54201889147653,0.0114770081571537,0.0189846365501104,-4.26795737462897
"XPO7",-0.200645094749192,-0.0798231052567647,-2.54121906548659,0.0115027828134914,0.0190223435027564,-4.26995079541574
"MRPL49",-0.26679969140192,0.271551766579083,-2.54102492949841,0.0115090466874105,0.0190277739769851,-4.27043455307595
"AIF1",0.324014121884808,0.0682577098892383,2.54021538138126,0.0115351998673574,0.0190660758874131,-4.27245144203568
"MRPL10",-0.313996642377133,0.171998912201499,-2.53719683333233,0.011633184450953,0.0192230545339894,-4.27996633257101
"KATNA1",-0.167451544180063,0.0111572771622215,-2.53681482890522,0.011645637364508,0.0192386531881976,-4.28091674728184
"PLEKHO2",0.220504001757811,-0.0657288318118839,2.53478125023767,0.0117121299073846,0.0193434944280007,-4.28597390898834
"THEM6",-0.300659732551671,-0.0872646629430962,-2.53337810483117,0.0117582060131066,0.0194145708284679,-4.28946101701051
"MCCC1",0.277943839589652,-0.0562580732234223,2.53262734271018,0.0117829256019813,0.0194503567654215,-4.29132605428216
"STARD5",0.343327083035528,-0.191131512217293,2.52956764890525,0.0118841485952239,0.0196123775602234,-4.29892142207282
"IKBIP",-0.314428058186298,0.406098017233913,-2.52860059738106,0.011916301994501,0.0196603587170256,-4.30132018882411
"ST14",-0.308339222001857,-0.0107946500600768,-2.52571054421824,0.0120128553599833,0.0198145392594919,-4.30848369329843
"NFX1",-0.165143413544663,0.149722178850305,-2.52340860439497,0.0120902583169201,0.0199370607834542,-4.31418381674025
"EPHB3",-0.357486178316004,-0.0788752855387771,-2.52300400397235,0.0121039088352755,0.019954417225209,-4.31518518216377
"UBTD2",0.186602034297056,-0.118131262756382,2.52245379539303,0.0121224939376288,0.0199761956839725,-4.31654667246212
"APOBEC3C",-0.306638759250342,-0.172545952493044,-2.52242768911368,0.0121233763939536,0.0199761956839725,-4.31661126531145
"UNG",-0.290101618096362,0.107410475858447,-2.52138811274964,0.0121585631407021,0.0200290055865282,-4.31918288996469
"PRKAG1",0.185633176837637,0.0299781089634669,2.52070577583638,0.0121817077231522,0.0200619561032569,-4.32087024849229
"AGTRAP",-0.318475888805151,-0.163827373108666,-2.52048932071158,0.0121890579796424,0.0200688847859765,-4.3214054309642
"PHF10",-0.178546497800201,0.037235522785517,-2.51948063591695,0.0122233623959124,0.0201172354489911,-4.32389880776473
"BANF1",0.239756113206055,0.0608381538093996,2.51944060173559,0.012224725691791,0.0201172354489911,-4.32399774879526
"COQ9",0.269407859854381,-0.166415037770124,2.51914379077505,0.0122348373054931,0.0201286875020803,-4.32473124433126
"COQ3",0.219766904327418,-0.140188560286138,2.51713628003551,0.0123034238808747,0.0202363115608925,-4.32969013179351
"RALGAPA1",0.210816110597142,-0.0528656650709049,2.51457865329816,0.0123913006901748,0.0203756000274958,-4.33600238686646
"PAIP2",-0.244371843566591,0.0187551133461173,-2.51343294719179,0.0124308464882674,0.0204353642707485,-4.33882800118896
"NMNAT1",0.225942382238429,-0.0566142554763342,2.5119210510717,0.012483203724805,0.0205161533546666,-4.34255484015685
"PICALM",0.137494030788841,0.135059030918744,2.51099344401124,0.0125154239400975,0.0205638141681736,-4.34484033247371
"EML3",0.14713295632384,0.0450296762044437,2.50966098899019,0.0125618359001791,0.0206347625990851,-4.3481218910113
"TSPYL1",0.187589629530195,0.0536417257952424,2.50917991285816,0.0125786302764858,0.0206570355749387,-4.34930626916881
"VPS72",-0.236036005484049,0.0953329087163008,-2.50758107018289,0.0126345894594865,0.020743598276889,-4.35324094569968
"TGFB2",0.416006976775923,-0.473877660031329,2.50484152656211,0.0127309877475885,0.0208964927425071,-4.35997722131408
"DCAF7",-0.195193158101128,0.147120837178859,-2.50358945659365,0.0127752625472851,0.0209637757297392,-4.36305358138961
"EIF4E",-0.182517585147461,0.127655032335452,-2.50318670109625,0.0127895335671093,0.0209818015996899,-4.36404284465325
"SGTA",-0.179702991114955,0.249926971144521,-2.50284131963362,0.0128017829119366,0.020996502412719,-4.36489106160995
"CHM",-0.151366698148815,0.0727291165253694,-2.50148442657934,0.0128500076903954,0.0210701846695363,-4.36822234320769
"SEC23B",-0.220847972040075,0.176950344328598,-2.50013317274969,0.0128981924456823,0.0211437634828451,-4.37153805163152
"RPL26L1",-0.281536269054793,0.344729915298229,-2.49978960190822,0.0129104695157007,0.0211584568423381,-4.3723808311701
"GDE1",0.241010539755423,-0.0055718187467131,2.49875677352769,0.0129474388936755,0.0212135995217137,-4.37491368847399
"SLC25A13",-0.34629990851511,0.149320543979002,-2.49652725428425,0.0130275638809826,0.0213394036377819,-4.38037781541227
"SRXN1",0.378392312731529,-0.209239560312826,2.49639889365532,0.0130321903193519,0.0213415068451044,-4.38069225987992
"RPP21",-0.191626794801619,0.0135545829348575,-2.49537954384814,0.0130689820937095,0.0213952132555004,-4.38318880389876
"SDF2",-0.286240833527258,0.219288230686369,-2.49530467913018,0.0130716878480355,0.0213952132555004,-4.38337212037322
"RNF14",0.206281694147576,-0.0970180534480205,2.49461814754519,0.0130965236320808,0.0214303699105166,-4.38505293964464
"NKAP",-0.180612831845692,0.136458392779146,-2.49412162714096,0.0131145117353554,0.0214543062849717,-4.38626828143911
"ALKBH3",0.213912673358964,0.00625236524787867,2.4935577046854,0.0131349683185157,0.0214791356375431,-4.38764832188117
"TSPAN15",-0.367014588819651,-0.557361740893514,-2.49351778962191,0.0131364173319665,0.0214791356375431,-4.38774599130243
"SYNJ2",-0.207602844922434,0.0974450868256811,-2.49180593693517,0.0131986955146294,0.021575440568589,-4.39193336041508
"DCAF8",0.208198342492273,0.0807484566195012,2.48796672129625,0.0133393228426061,0.021799737995915,-4.40131440902104
"ARFGEF1",-0.2686416788975,0.0581048555274755,-2.48759031217384,0.0133531817571767,0.0218168028453361,-4.4022334074735
"MDK",-0.53713786919761,0.217157288793677,-2.48718118178319,0.013368259926473,0.0218358505066591,-4.40323214262319
"DNAJB12",-0.253878349666574,-0.121896680136938,-2.48634554301274,0.0133991036934759,0.0218806335250239,-4.40527154300487
"SCO1",0.29313535929069,-0.00702641200047903,2.48581736582062,0.0134186315001561,0.0219069194907943,-4.40656023412414
"MCFD2",-0.296866915299312,0.354962183769286,-2.4840768770044,0.0134831599082535,0.0220066400854291,-4.4108049586977
"C11orf98",-0.247470770565529,0.179678919926393,-2.48106766243666,0.0135953761815248,0.0221841239251306,-4.41813711022521
"CYC1",0.244259286639717,0.10846830339036,2.48092296966313,0.013600792726666,0.0221847100241906,-4.41848944806214
"ATG4A",0.212838539671933,-0.186296745404271,2.4808724498551,0.013602684376618,0.0221847100241906,-4.41861246294972
"ZHX2",-0.193420019938258,-0.104329946727856,-2.48060242166571,0.0136127991983269,0.0221955369972721,-4.41926993615311
"MPV17",0.329248341644164,0.103859268206598,2.47999155118633,0.013635706056309,0.0222272104083566,-4.42075704857317
"TLE1",-0.296280218441574,-0.13319576776863,-2.47978598866041,0.0136434220749275,0.0222341117785636,-4.42125739377848
"CD177",-0.622929193413468,-1.00727028329007,-2.4782454211947,0.0137013724194412,0.0223228535080715,-4.42500590824814
"ATG4B",-0.206809709113551,-0.0211460603796098,-2.47767665620558,0.0137228223495555,0.0223520971178347,-4.42638926208806
"HSBP1",0.205927022003482,0.11190938011422,2.47638657924844,0.0137715857005093,0.0224258032894037,-4.42952586161818
"TTC17",-0.211612873793742,0.114287959503668,-2.47575074691929,0.0137956758972965,0.0224593040806318,-4.43107119918271
"RAB5C",-0.179996898433978,-0.0167025335371309,-2.47431535272771,0.0138501971139513,0.0225423167403975,-4.43455839943785
"GBF1",-0.136880141593335,0.118030777543478,-2.47255872794528,0.0139171797712758,0.0226403335927681,-4.43882335762202
"RING1",-0.19499069644148,0.120772104936728,-2.47255005347094,0.0139175112531895,0.0226403335927681,-4.43884441137766
"RNASET2",0.323131928894583,-0.0410260352876608,2.46982035799379,0.0140221708600354,0.0228047786401747,-4.44546610073083
"CCDC115",0.186487735811867,-0.0172871199243025,2.46964501060397,0.0140289176680992,0.0228099412556184,-4.44589121711563
"RCOR3",-0.240784465203197,0.0775617119582298,-2.46875692408726,0.0140631326268036,0.0228597509730502,-4.44804386848385
"CARD19",0.206217659296001,-0.117287585491793,2.46862219352027,0.0140683297962535,0.0228623786584572,-4.44837037952203
"RABL6",0.185671454009029,-0.0223126077896127,2.46843437049196,0.0140755778243966,0.0228683369996876,-4.44882552813708
"HTRA2",0.18872751715315,-0.0539559622713112,2.46821435609753,0.0140840723167683,0.0228763169022044,-4.44935864314275
"GPC1",0.309194479855647,-0.0375232037325806,2.46806774803995,0.0140897352012401,0.0228796946235803,-4.44971386245329
"METTL15",-0.224604718327367,0.0255969808246273,-2.46765128388845,0.0141058325629092,0.0229000104027906,-4.45072281004063
"ACAD8",0.345560648260887,0.0443383722205676,2.46554279381048,0.01418758135566,0.0230268700955488,-4.45582842865251
"ALOX5",0.267753718328312,-0.122142384321475,2.46494523857722,0.0142108255568102,0.0230587347344938,-4.45727461813943
"TNKS1BP1",0.169037247679612,0.0450231792769383,2.46430066718941,0.014235936465945,0.0230936113656145,-4.45883421626302
"TANC1",0.176666444942251,-0.185783423792514,2.46351530044872,0.0142665855562616,0.023131607796691,-4.46073395001464
"ERLIN1",-0.241942964990535,-0.0433051507120251,-2.46351480838787,0.0142666047773483,0.023131607796691,-4.46073514008402
"PITPNM1",-0.205999521515108,0.0451464521531558,-2.46215388941713,0.0143198534503977,0.0232120498301065,-4.4640257019335
"CHCHD4",-0.263112239624825,0.0129824187505073,-2.46203614057672,0.0143244688762988,0.023213638014002,-4.4643103241164
"FMNL1",-0.26267361283795,-0.0300108038422334,-2.46110237961471,0.0143611163977008,0.023267122100817,-4.4665669440382
"LPCAT4",0.235990104776311,-0.130602353708831,2.46010732169557,0.0144002610634831,0.0233246237672094,-4.46897079213072
"CDC42BPG",-0.238900928189269,-0.161061044793538,-2.45915446904381,0.0144378339840034,0.0233795511001424,-4.47127180298419
"TAOK3",0.142998614141556,0.109331575714901,2.45751267826768,0.014502776911798,0.0234787602895108,-4.47523449075786
"CAAP1",-0.143476012519728,0.145412962234381,-2.45706432975724,0.0145205567740982,0.0235015855519942,-4.47631619804574
"MRPS34",-0.268803894527482,0.175089378109276,-2.45617241677856,0.0145559841973322,0.0235529546629413,-4.47846750466452
"STK38",-0.162781386754002,-0.0235707159036312,-2.45599984031993,0.0145628478906724,0.0235580906465527,-4.4788836745597
"SACM1L",-0.21675515991528,-0.331290251209252,-2.45534826776137,0.014588788016836,0.0235940758580288,-4.48045469429435
"MTERF4",-0.303107041238426,0.153405119608414,-2.45442193718191,0.0146257371327877,0.0236478428951252,-4.48268749682245
"JMJD6",-0.26542376628773,0.025148769807319,-2.45358055694087,0.0146593695779133,0.0236876426458025,-4.48471483334014
"UBA3",-0.159449628490392,0.0294811669204678,-2.45356596736727,0.014659953369674,0.0236876426458025,-4.48474998154112
"MYO1B",0.233121210198916,-0.0667658484161185,2.45352776315153,0.0146614821826486,0.0236876426458025,-4.48484201956521
"SON",-0.135753967650272,0.226336745547695,-2.45144965456748,0.0147448545604833,0.023816315802855,-4.48984632265562
"RPS27",-0.227621688144374,0.249939756629509,-2.45123526567851,0.014753479544031,0.023824220255093,-4.49036236089541
"PAFAH1B2",0.268163475526483,0.0706597209236795,2.45103986622571,0.0147613444624719,0.0238308936518036,-4.49083265328631
"DDX20",-0.174290648675593,0.104090804856661,-2.44939797836027,0.0148275779779011,0.023931770826314,-4.49478296283346
"AGAP3",-0.202198809016428,-0.215034175401568,-2.44712078475886,0.0149198750455345,0.0240746530618493,-4.5002575647154
"DNM2",0.163545668458442,0.0578124485505631,2.44514617689497,0.0150003192295861,0.0241983421629376,-4.50500074501122
"SP100",-0.209880760059987,0.0798508811092675,-2.444719509868,0.015017751697073,0.0242203446794168,-4.50602515129135
"ELF1",0.193735680923524,0.17330569616363,2.44255446760462,0.0151064860612411,0.0243573013891475,-4.51122065282883
"USP3",-0.164275635177062,0.174041322339286,-2.44192817404181,0.0151322410838829,0.0243926683465266,-4.51272275596789
"RP9",-0.277363896816387,0.00657013374827436,-2.44146294642875,0.0151513977409739,0.0244173837900349,-4.51383831787543
"FBXO28",-0.153965066682067,0.142932460198464,-2.44098582348283,0.0151710664919089,0.0244429118220636,-4.51498219047659
"ARMC1",0.158093008388941,0.0513669902479214,2.44055286048488,0.0151889343523245,0.0244655261956589,-4.51602000573199
"NUDT1",-0.256595686006772,0.185745237431211,-2.43937513690976,0.0152376318021093,0.0245377752979742,-4.5188421187363
"MRPS28",-0.273995978122866,0.122452505186411,-2.43640788080431,0.0153609370286604,0.0247301015955614,-4.52594656272947
"NAGLU",0.293493696174171,0.00450461104968955,2.43510969961066,0.0154151602242957,0.0248111414247865,-4.52905214993285
"CARMIL1",0.201850087365804,-0.184820049298265,2.4348431081321,0.0154263162962635,0.024816684118302,-4.5296897085023
"FADD",0.235854547290034,-0.0159196135494104,2.43484165005563,0.0154263773321129,0.024816684118302,-4.52969319533464
"ALG12",0.23921664409375,-0.118012891934933,2.43371174974863,0.0154737397952067,0.0248866066983362,-4.53239462424425
"RNF170",-0.309812956869063,-0.0675025323718826,-2.43328144645653,0.0154918107565908,0.024909396041509,-4.53342309938675
"SEC61G",0.26435493867516,-0.0509509643127615,2.43041276441139,0.0156127610529498,0.0250975526996688,-4.54027510088486
"UCKL1",-0.161808165125681,0.131069633488108,-2.42944487368281,0.0156537574672705,0.0251571209233633,-4.54258520055075
"LPA",0.551269479245623,-1.2543113593449,2.4279122713443,0.0157188676633375,0.0252554026246628,-4.54624130184348
"COG1",-0.167883886748832,0.157270027939396,-2.42673189194445,0.0157691772374874,0.02532986079531,-4.5490556397834
"QTRT1",-0.186280500637941,0.0917994323334201,-2.42655851634586,0.0157765787412017,0.0253353760720757,-4.54946890202353
"TMEM141",-0.416721755493273,0.000682073624799894,-2.42564151731554,0.0158157770286535,0.0253860914971746,-4.55165420908245
"RAC2",-0.33453835219219,-0.174163957278907,-2.42563370120866,0.0158161115075584,0.0253860914971746,-4.55167283227789
"KRT18",-0.427766566806244,0.0907190105272998,-2.42505904992108,0.0158407199987377,0.0254192000985022,-4.55304187744782
"DPCD",-0.227265983185131,-0.109263883089931,-2.4246115020119,0.0158599089223245,0.0254435976052869,-4.55410789560896
"EPHB2",0.351172069406505,0.104145891529438,2.42438461620466,0.0158696446484581,0.0254528211706619,-4.55464824431508
"SYK",-0.211889409271105,0.0940545564344224,-2.42114919807821,0.0160090527823837,0.0256699653479457,-4.56234837058499
"SULT2B1",0.398635199618352,-0.298884899124921,2.42094932004491,0.0160177005184132,0.0256773833316766,-4.56282374440649
"DHX35",0.236001524311969,0.051206544090267,2.42044780984913,0.0160394165532404,0.0257057416396686,-4.56401632913824
"NSUN5",-0.186120246051563,0.0338248312635106,-2.42012685704443,0.0160533278615837,0.0257215805260256,-4.56477942560828
"LGALS9",-0.292463875200732,-0.0748181264261546,-2.41769777348516,0.0161589594515886,0.0258843341942782,-4.5705516410181
"FDX1",0.222762200695678,-0.00135066050669883,2.41739427595836,0.016172200435961,0.0258990468481593,-4.5712724470453
"CA8",-0.45843435000197,-0.757659483795261,-2.41715100493346,0.0161828207751412,0.0259095563313131,-4.57185015218861
"SDHAF2",-0.468072894626741,-0.277970743977743,-2.41652397998284,0.0162102228258243,0.0259469222218321,-4.57333891395435
"SIPA1L1",0.227328697712039,-0.0306379358577719,2.41600443670349,0.0162329587689404,0.0259768024410237,-4.57457219674729
"ADGRG1",-0.392807403639794,0.166541842533165,-2.41440156732289,0.0163032800761562,0.0260827971150733,-4.57837544720865
"MAN1A2",-0.207748554067841,0.014083612725063,-2.41392114762531,0.0163244094239334,0.0261100586602742,-4.5795149011216
"COTL1",-0.268791959524598,-0.159934693930551,-2.41287569598125,0.0163704729971426,0.0261771775824582,-4.58199373489614
"PLEKHA6",-0.337009538080402,-0.114828937124444,-2.41185983629681,0.016415342571709,0.0262423541112574,-4.58440141125832
"APOL3",-0.37393984911622,-0.490461153632915,-2.41139837100548,0.0164357608861862,0.0262684188381224,-4.58549480110438
"ACSS2",0.256509953228343,-0.228796119581422,2.40839482603878,0.0165692063172379,0.0264750706545456,-4.59260642585958
"PSMD10",0.176000275004537,0.147255059068461,2.402496110039,0.0168340668144878,0.0268915478134863,-4.60654816717012
"PARP14",-0.232031838652457,0.119701740689617,-2.40236693457518,0.0168399085075763,0.026894151030734,-4.60685310677283
"ABCB6",-0.295030644095689,-0.244840927643904,-2.40110899189039,0.0168968898884479,0.0269784050857063,-4.60982185639547
"FUNDC2",-0.285866078716303,0.0252154902445469,-2.40060188041134,0.0169199086935341,0.0270084042520539,-4.61101821680603
"SEC31A",-0.125682140796822,0.308353605428555,-2.39989143831938,0.0169522035781918,0.0270531916637728,-4.61269385759102
"MTMR2",0.217053879588497,-0.128013038697598,2.39792742821254,0.0170417653983421,0.0271893233554258,-4.61732365769347
"OSTF1",0.169690397193317,0.0920484763346433,2.39743187600723,0.0170644291143455,0.0272186809630518,-4.61849125444149
"PEX14",-0.214516499382492,0.070295370452186,-2.39696165115103,0.0170859590620991,0.0272462159369387,-4.61959896059396
"CALCOCO2",0.226637099424657,-0.0087639988483516,2.39603044484582,0.017128666397427,0.0273074993626896,-4.62179197899448
"XPNPEP3",-0.274195716525865,0.0963965210200646,-2.39438817397042,0.0172042141442266,0.0274210951849443,-4.62565756991792
"MYL12B",0.302907320917565,0.0887902497227985,2.39277569435192,0.0172786769536941,0.0275283429719433,-4.6294505472818
"TBC1D2B",0.16689532230524,0.107301168423145,2.39274439617434,0.0172801250793342,0.0275283429719433,-4.62952414443402
"OGFOD2",0.323652949039096,-0.164365163918891,2.39180609900336,0.0173235885432692,0.0275906991391304,-4.63173010308619
"WNK1",0.175699533158725,0.026159467923555,2.39028917466386,0.0173940586918451,0.0276960261215538,-4.63529466008383
"DHX8",-0.152474028270544,0.173714489025182,-2.38825004369822,0.0174891862500417,0.02783763289024,-4.64008288669593
"DDX28",-0.266126661212213,0.0119457987398382,-2.38819602877875,0.0174917123188164,0.02783763289024,-4.64020966925317
"MRPS17",-0.261754838461714,0.193759629011741,-2.38688788075697,0.017552987543509,0.02792818974964,-4.64327927784792
"ATAD3B",-0.37758603534644,-0.0137478231943561,-2.38519443127331,0.0176325914423875,0.0280478565918396,-4.64725059482235
"HIGD1A",-0.420072801326836,-0.377354601514733,-2.3831219138638,0.0177304465924451,0.0281964885411611,-4.65210716037974
"FAM120B",-0.161563803000399,-0.178265173244052,-2.38231702068898,0.0177685788005716,0.0282500935362673,-4.6539921807228
"AGK",-0.204433672713504,0.132658079590059,-2.38062411562369,0.0178490166732805,0.0283709164697277,-4.65795487355286
"TWF2",0.155727339621278,0.089073087876557,2.37962211610733,0.0178967772129653,0.0284397517433508,-4.66029903666492
"TUBA1C",-0.158970189736023,0.235493933852246,-2.37891083797865,0.0179307486709631,0.0284866459975366,-4.66196248268545
"TOR1AIP2",-0.174106553955743,0.0569581075236682,-2.37826163311737,0.0179618049594527,0.0285288867328621,-4.66348034027702
"CLYBL",0.363086668385704,-0.193262564543822,2.37815523296078,0.0179668993808286,0.0285298812600325,-4.66372906838787
"ANKRD54",-0.150222931309089,-0.0893712888544223,-2.37778128942009,0.0179848138217526,0.0285512273127525,-4.66460313847533
"ENDOD1",0.261652211593565,-0.267949793780527,2.37734558541056,0.0180057068333041,0.0285772901145033,-4.66562140233718
"HLA-C",-0.664484772475501,-0.920256976111157,-2.37674219118549,0.0180346762429765,0.0286161550227149,-4.66703126954358
"TBC1D2",0.228183612254407,0.0192026165704161,2.37618490037613,0.0180614686130217,0.028651547104135,-4.66833310611808
"YTHDF1",-0.204861818907585,0.209942989271405,-2.37458891257682,0.0181383913271653,0.0287664253909464,-4.67205971641566
"C19orf53",0.324439045094715,0.0786510656376359,2.37434459372847,0.018150192299065,0.0287722074691194,-4.6726299841236
"ARMCX1",0.258981089553063,-0.196375613334955,2.3743268502641,0.0181510495983732,0.0287722074691194,-4.67267139715915
"P3H4",-0.360693857075142,0.405540800899401,-2.37417913971292,0.018158187814659,0.0287763785546283,-4.6730161402268
"ARHGDIA",0.274441986399329,-0.0402939794708544,2.37311669886023,0.0182096038128807,0.0288506998375294,-4.67549517038801
"HSDL2",0.305003763165531,-0.19229215348266,2.37196215365467,0.0182656222749083,0.0289322744294937,-4.6781878950034
"PHLDA1",-0.330059595175629,0.0598548653210543,-2.37100207036609,0.0183123208182595,0.0289990497084788,-4.68042611524276
"NDUFA9",0.19136752107673,-0.125981558970267,2.36985303269261,0.0183683481169449,0.0290677357778056,-4.683103689257
"CDC37",-0.14030097017768,0.206506205145256,-2.36984638960407,0.0183686724729772,0.0290677357778056,-4.68311916583439
"PLBD2",0.225378690306411,0.0350667979142163,2.36983246833561,0.0183693522104065,0.0290677357778056,-4.68315159844216
"ACACA",-0.269107769273038,0.033171573288881,-2.36880460677908,0.0184196010202972,0.0291400278777496,-4.6855457156721
"NSMCE2",-0.183404099807699,0.013933329851764,-2.36720370744219,0.0184981044943365,0.0292569723052609,-4.68927256542234
"GEMIN8",-0.232212901607039,0.220608100019231,-2.36646725474734,0.0185343166752603,0.0293069866199943,-4.69098618924888
"PYGL",0.322689839472034,0.0293662637442846,2.36384597865039,0.0186637138016244,0.029504286363796,-4.69708135502911
"LAMP1",-0.239302949308563,0.100725447033106,-2.36354316872448,0.0186787127996024,0.0295206884221438,-4.69778504809462
"FLYWCH2",0.262163082337992,0.165650611788808,2.36332466224069,0.0186895425981565,0.0295304948006011,-4.69829277618729
"CDC26",-0.189993010943934,0.188532944620374,-2.36176852976935,0.0187668286280796,0.0296452748120456,-4.70190733902766
"VASP",0.159675996737689,-0.00276521942506796,2.3608340162464,0.018813376510626,0.0297102231377979,-4.70407690790336
"TSSC4",0.21041342396667,0.0605256270682795,2.3607563386348,0.0188172501752944,0.0297102231377979,-4.70425720706966
"CNPY2",-0.203338635685161,0.330321597650273,-2.36011006535911,0.0188495060218199,0.0297537938070012,-4.70575706343683
"DBNL",-0.178027087252847,0.00535252305111795,-2.35843912922763,0.0189331286058716,0.0298784048809911,-4.70963309389754
"RCN3",-0.351309242308988,0.315303843811092,-2.35806240226131,0.0189520269960519,0.0298994167512155,-4.71050661175591
"INF2",-0.239444747446851,-0.234553652189651,-2.35798705467484,0.0189558087719531,0.0298994167512155,-4.71068130422262
"MYCBP2",0.152915988090022,-0.0123205992804285,2.35539122641125,0.019086501607098,0.0300981261450533,-4.71669640470807
"IMPA1",0.263547419535705,-0.225686967356708,2.35460895191097,0.0191260418424541,0.0301530313985356,-4.71850784924055
"YIF1B",0.18458378582805,-0.0606498653484222,2.35207656008661,0.019254535896014,0.0303481144645888,-4.72436789667182
"DCTN4",0.193699972566636,-0.0589339156326804,2.35153441564991,0.0192821426987425,0.0303777995011917,-4.72562164630336
"MRPL43",-0.204289322347659,0.136197673734308,-2.35151984568477,0.0192828851023226,0.0303777995011917,-4.72565533658301
"KIAA1143",-0.224268016466127,0.0985946359367147,-2.35114027838053,0.0193022345641843,0.0304007813745231,-4.72653294282069
"SOD1",0.32049563593396,-0.412225303049439,2.34982678521936,0.0193693250139014,0.0304989248369323,-4.72956884303627
"RPL37A",-0.16713110596701,0.236612736323066,-2.3484451023149,0.0194401192706887,0.0306028504791291,-4.73276058079471
"CCDC186",-0.186715455227097,0.131541360342,-2.34720929252311,0.0195036316173297,0.0306952644507394,-4.73561380822622
"PLCG2",-0.290086367429182,-0.287275551770614,-2.3470066093211,0.0195140655396472,0.0307041174151423,-4.73608162288416
"UBE4A",0.145392314122882,0.045547809752191,2.34598613528918,0.0195666729410627,0.0307793069053179,-4.73843639327688
"SOS2",0.182187911905173,-0.141737466909983,2.34503768521738,0.0196156789066565,0.0308487955219217,-4.74062407843995
"CD47",-0.30119578248913,-0.248601617121594,-2.34194102173644,0.0197764326238406,0.0310939478707762,-4.74776085310084
"ADAM15",-0.272666499156264,-0.201426432497551,-2.34180941284084,0.0197832902187536,0.0310970723896459,-4.74806396555599
"CHD2",-0.140094253766589,0.103785231819437,-2.34040247271871,0.0198567304777586,0.0312048299533568,-4.75130330258083
"KAT5",-0.192869917977426,0.0285511599473317,-2.33996768663975,0.019879473998414,0.0312328842224098,-4.75230397256751
"RPP14",0.221521218920458,0.0513837376635449,2.33690326569101,0.0200404218138807,0.0314780057273379,-4.75935170572594
"GK",-0.31365570644571,-0.00527413366515429,-2.33670984219918,0.0200506189190879,0.0314862768810566,-4.75979625252641
"SPON2",0.322907546221905,0.160967298660298,2.33639375605734,0.0200672924753707,0.0315047116929535,-4.76052263928489
"DYRK1A",0.126978597852804,-0.0446754260004011,2.33592035331193,0.0200922872249746,0.0315361981149122,-4.76161037214261
"MTX1",-0.176492200964622,0.0619067489105123,-2.33258457368572,0.0202691849409024,0.0318060324029644,-4.76926891483092
"GDAP2",0.142795994678729,0.0591936380114297,2.32939383970468,0.0204396665606516,0.0320656685478526,-4.77658454165383
"B2M",0.346689049940925,-0.153223207334338,2.32774162571176,0.0205284374331903,0.0321970211277131,-4.78036888450297
"SBF1",0.135437776091729,-0.0476965485419304,2.32628133627066,0.0206071774866573,0.0323106570460766,-4.78371146721413
"SAT2",0.233977559314888,-0.172983933353938,2.32621036327726,0.0206110111430963,0.0323106570460766,-4.78387387170799
"EIF4G3",-0.164886786605559,0.105824668594769,-2.32224558339806,0.0208261661200599,0.0326399289829609,-4.79293869341821
"TMA16",-0.225461764841888,0.0734666492565754,-2.32176828368795,0.0208521996958527,0.0326727104436857,-4.79402895201807
"QPRT",-0.496377361680525,-0.361240711989924,-2.32132398143037,0.0208764590785469,0.0327026965693136,-4.79504364217844
"DPAGT1",-0.295147117159584,0.0323600031207364,-2.31929171014779,0.0209877385562963,0.0328661617842203,-4.79968251372092
"PLAUR",-0.304773051981865,0.00178484868895452,-2.31923037004624,0.0209911053650823,0.0328661617842203,-4.79982246777245
"ANXA4",0.236443110778999,0.0555788537394558,2.31824511453184,0.0210452484599639,0.0329428564395365,-4.80206994345899
"NOL4L",-0.24353708649281,-0.0503424092139211,-2.31718783286267,0.0211034855608294,0.0330187230696675,-4.80448069050199
"DHRS1",0.287268946362904,-0.214802092039415,2.31717745724681,0.0211040577677859,0.0330187230696675,-4.80450434305314
"METTL26",0.21283066252453,0.0455242428931736,2.31655015664219,0.021138678133747,0.033064786840758,-4.80593416501968
"ARMCX2",0.301205291148518,-0.294672187396233,2.31567815093807,0.0211868861975319,0.0331320765053248,-4.80792112692345
"BSPRY",-0.352558103833755,-0.0431700157392532,-2.31395305296272,0.0212825402065363,0.033273511072168,-4.81184982100244
"TPMT",-0.251083477522215,0.18737147511852,-2.3138250113367,0.0212896549558466,0.0332764863875351,-4.81214130674229
"CD2AP",-0.217102759857273,0.096101895967199,-2.31326293496376,0.0213209118636997,0.0333171860620955,-4.81342068440029
"ARHGEF7",0.115465528660335,0.0512804661799694,2.31268598350031,0.021353037720011,0.0333592233526475,-4.81473360724413
"FAM114A1",0.212656624884678,0.167972640332322,2.31234461319902,0.0213720658615723,0.0333807829075682,-4.81551028736704
"MAPKAPK5",0.262701756720816,0.00668097939495564,2.31215560990095,0.021382607373063,0.0333890799894858,-4.81594025683922
"BTAF1",-0.156738242235327,-0.0582341766770912,-2.31040440896905,0.0214804957441219,0.0335337323535985,-4.81992250008622
"REEP4",-0.204082532379596,-0.0669240068478355,-2.30974443730124,0.0215174883069604,0.0335832712881795,-4.82142252242413
"OGT",-0.148060599242148,0.068740589038259,-2.3088144439711,0.0215697106249461,0.03365654993653,-4.82353556157988
"GET4",-0.197435614426578,0.0827413304693826,-2.30826879813697,0.0216004020763507,0.0336962050470313,-4.82477494074304
"FBXW9",0.238057660330426,-0.135097588536476,2.30791578544943,0.0216202786504821,0.0337189739089712,-4.82557662214989
"ZW10",-0.135396624695708,0.164754114324589,-2.30676106260716,0.0216854077230823,0.0338041570994409,-4.82819813439349
"VDAC2",-0.27991092550541,0.0849047237258236,-2.30675967835064,0.0216854859012232,0.0338041570994409,-4.82820127624281
"PLXNC1",0.175447848989861,-0.0443109963414361,2.30651020784873,0.021699579178771,0.0338178699185874,-4.82876747004321
"NDUFS4",0.228655632341146,-0.036989852805879,2.3054661258132,0.0217586491835909,0.03390165325457,-4.83113645665308
"MRM3",-0.240536802256754,0.0510607861492638,-2.30475222845769,0.0217991195312068,0.0339564230804477,-4.83275566761145
"FAF1",-0.141421375019149,-0.041439665103601,-2.30423573455272,0.0218284402243673,0.0339938026420939,-4.83392683943634
"PLEC",0.224379329319834,0.0836254992245772,2.30130339805324,0.0219955595101963,0.0342382864365827,-4.84057121876693
"ARRDC1",0.178925706499235,0.0393356098506717,2.30129298070731,0.0219961552017012,0.0342382864365827,-4.84059480881882
"DECR1",0.260921127978734,0.0436468476881134,2.30030531156735,0.0220526968178693,0.0343179305830113,-4.84283091325097
"STK25",0.177940231528513,-0.0713067007804491,2.2997297981728,0.0220857020661163,0.0343609180536434,-4.84413345945714
"RBM26",-0.171237641646407,0.147212945442413,-2.29935279071122,0.0221073465437977,0.0343862138080751,-4.84498656065062
"PHPT1",0.294968097302827,-0.119881922893959,2.29916770169218,0.0221179795211771,0.0343943739022688,-4.84540533478585
"MEF2D",0.140186004762875,-0.007555745764192,2.29816754150242,0.0221755139787974,0.0344754460079429,-4.84766768763177
"MRGBP",-0.170353266527471,0.0200438415680186,-2.29376985247168,0.0224300462469137,0.0348626692518364,-4.85760390638592
"TBCD",-0.169393745191785,0.0568020809701775,-2.29130486287587,0.0225738293898481,0.0350776102833245,-4.8631652866377
"NDUFA4",0.263796885340891,0.273972668193497,2.28830519963141,0.0227498850578075,0.0353363245205302,-4.86992515617935
"GNPTG",0.172763963945885,0.1326177275751,2.28827963249603,0.0227513907758652,0.0353363245205302,-4.86998273594327
"IRGQ",0.166478614289656,0.0429958928180162,2.28295192291799,0.0230670578346915,0.0358178901445781,-4.88196767741615
"ELP5",0.16128974673214,0.00347249236237552,2.28258836928141,0.0230887370009834,0.0358428363120056,-4.88278452248043
"COA4",-0.407726093154336,-0.0315399125622892,-2.28238656321491,0.0231007786236259,0.0358528127155691,-4.88323789302818
"RAB11A",-0.206884027031302,-0.00929810370770707,-2.28188296401265,0.0231308519220602,0.0358907629458942,-4.88436909223542
"BTK",0.231006729437589,-0.135812789744907,2.28176430624982,0.0231379427451883,0.0358930428639522,-4.88463558955371
"ATIC",-0.176816931975705,0.221645634918818,-2.28148992857931,0.0231543464356639,0.0359097648753253,-4.88525177184116
"ACADSB",-0.404573728719674,-0.35531219938001,-2.27530440657404,0.0235268499068636,0.0364786150207198,-4.89912382190082
"SH3BP5L",0.238296364246093,-0.0705235924069827,2.27508121987017,0.0235403877184258,0.0364895045543783,-4.89962367261281
"OVCA2",0.197947582407123,0.0131747228247198,2.27500021567419,0.0235453028604603,0.0364895045543783,-4.89980507849969
"LAGE3",-0.227427878628934,0.0379627260312623,-2.27457258617321,0.023571265232361,0.0365208756390742,-4.9007626351319
"LACTB2",-0.317787658154959,0.184861740354976,-2.27445423574661,0.0235784549668397,0.036523152586917,-4.90102761698133
"RAB8B",0.200853348523388,-0.29990044837886,2.27333580977085,0.0236464932809936,0.0366196603442018,-4.90353106800784
"INHBA",-0.392912857084197,0.160425542541778,-2.273150027483,0.0236578117168509,0.0366283045131166,-4.9039468019108
"LUZP1",0.162213770379403,0.16740443410251,2.27279908291563,0.0236792052384757,0.0366525395024649,-4.90473203748882
"SFXN1",-0.192073148666872,0.251448754094684,-2.27157777449711,0.0237537874874871,0.0367590724933605,-4.90746378903632
"TIMM8B",-0.309876012416798,0.22414772426072,-2.26950985375503,0.0238805370460913,0.0369462633969695,-4.91208594893925
"STRAP",-0.134816260742786,0.226492109028433,-2.2689755906735,0.0239133793946515,0.0369881122661942,-4.91327945592644
"BRD2",-0.167200256401035,0.00302732522032576,-2.26840764482125,0.0239483354429143,0.0370332094461147,-4.91454790925171
"ARHGEF1",-0.158023616992404,0.0148704276801906,-2.26717793541084,0.0240241744225915,0.0371380880360916,-4.91729329418728
"HAUS1",-0.162174875780071,0.0937850595634094,-2.2671193878454,0.0240277903957861,0.0371380880360916,-4.91742396843459
"SRSF4",-0.184481081148485,0.269446127880155,-2.26617255265855,0.0240863340221513,0.0372195650366495,-4.91953678700054
"CTNNB1",-0.238737873998143,-0.0478380619282922,-2.26513387996529,0.0241506989043149,0.0373099957667676,-4.9218535526672
"GRK2",-0.151256422846975,0.0549049084471213,-2.26478600109438,0.0241722898622314,0.0373343180383037,-4.9226292684144
"LTBP3",-0.356164879164813,0.294848890399914,-2.26402319271935,0.0242196920990568,0.0373984846559801,-4.92432980810521
"VARS2",-0.217330273089076,0.0305956196882249,-2.26359499879757,0.024246336269985,0.0374305747301388,-4.92528414362445
"THEM4",-0.349192710831612,-0.119874856485129,-2.26205697255196,0.0243422498510538,0.0375695589313461,-4.92871057046569
"HDHD3",0.221896798928749,0.0188753876442535,2.26035585071676,0.0244487188968098,0.0377247632083448,-4.93249771332867
"L2HGDH",-0.253829185200871,-0.0356269539089824,-2.25811564383041,0.0245895462368509,0.0379328950766593,-4.93748078681649
"BCKDK",0.246850778615347,0.15290778576954,2.25605191462661,0.024719903790166,0.0381247791546401,-4.94206706725329
"HOMER3",0.191348685540202,-0.0552126183495741,2.25475299107617,0.0248022596152946,0.0382425567842685,-4.94495161476795
"PRRC1",-0.195245241428192,0.265712630604722,-2.25446252964345,0.0248207084057715,0.0382617631991432,-4.94559642835383
"HDHD5",-0.236163502220974,0.0727346954102371,-2.25232178935874,0.024957047130828,0.03845852225542,-4.9503463076434
"NME3",0.241746896718326,0.10091234125038,2.25226936479264,0.0249603940840188,0.03845852225542,-4.95046257249734
"GRK6",-0.189840813741412,-0.170439457088159,-2.25205452559269,0.0249741141894399,0.0384686964363616,-4.95093900583708
"TRAPPC6A",0.225018946857317,-0.0353678513673332,2.25197730840577,0.0249790470517079,0.0384686964363616,-4.95111023403543
"MYO1E",-0.189882877656456,0.214953449023645,-2.25031342596743,0.0250855468548099,0.0386233944219825,-4.95479849054395
"SPNS1",-0.260474551501882,-0.271430250543149,-2.24717280310959,0.0252876445740361,0.0389251713127339,-4.96175296940242
"APAF1",0.154412781563876,0.011793161474708,2.24660618707878,0.0253242564088826,0.0389721323621874,-4.96300665991778
"SRP19",-0.212080108654229,0.251346513907812,-2.24534351030705,0.0254060099384228,0.0390885237245372,-4.96579934637228
"RBBP9",0.232156801031773,0.00590077103915272,2.24426478597292,0.0254760348629443,0.0391848723622972,-4.96818397553115
"ATAT1",-0.172859181609542,-0.00562454290085294,-2.24418983006602,0.0254809068204006,0.0391848723622972,-4.96834963184106
"SIL1",-0.242741749560085,0.253500717348703,-2.24073046313201,0.0257066403826925,0.0395224894879584,-4.97598916677916
"METAP1",-0.151365342381575,0.183104390493502,-2.24039790412419,0.0257284320738576,0.0395464705805442,-4.97672297520185
"PDHA1",0.191760882194037,0.0451562804734734,2.24000713490962,0.0257540586300591,0.0395763331775998,-4.97758509240756
"PI4K2A",-0.186620076305226,-0.00139290512874972,-2.23840636749826,0.0258592682145782,0.0397284474374595,-4.98111519155848
"LNPK",-0.208512874777814,-0.184291322034238,-2.23786676539923,0.025894817313098,0.039773492553315,-4.98230459969227
"RECQL5",-0.174177478356953,-0.0312449664223889,-2.23716437089233,0.025941154793341,0.0398350825770761,-4.98385242330803
"CUTA",0.206823155792545,0.0704082639624252,2.23654560265898,0.0259820350369337,0.0398813076462587,-4.98521557431985
"COX7A2L",0.290169747899085,0.0598901880367608,2.23651967259527,0.0259837493826838,0.0398813076462587,-4.9852726904567
"TAPBPL",-0.354850207594912,-0.266181003923112,-2.23623878475298,0.0260023263581105,0.0399002292229117,-4.98589136077901
"VPS37C",0.210299326891189,0.0730655435862576,2.23248118479059,0.0262519527927496,0.0402735988903666,-4.99416042349571
"ISCU",0.177139302437951,0.293357167415719,2.23143008945818,0.0263221508974162,0.0403715910353116,-4.99647107366767
"SMAD2",0.215899657143257,-0.0143319357905449,2.22928702471564,0.026465781844184,0.0405821366654935,-5.00117895769549
"GSTM1",-0.836713258326738,-2.191792417692,-2.22799906818358,0.0265524291676445,0.040705224546317,-5.00400622859912
"PKM",-0.202986876673683,0.231424714942641,-2.22744281821692,0.0265899269532627,0.0407529245311048,-5.00522679615126
"DAAM1",0.206175463896832,-0.325569530780484,2.22337443984941,0.0268655831262146,0.0411655263405041,-5.01414496094432
"PHKB",-0.168541793186778,-0.0098503521027861,-2.22261337423975,0.0269174240185197,0.0412350653450691,-5.01581151229978
"TNPO2",-0.182986438800161,-0.0258269559392216,-2.22248118330564,0.0269264371994623,0.0412389785364755,-5.01610092233558
"NSMAF",0.141710533526976,-0.0613776950391629,2.22159512311544,0.0269869190827038,0.0413216974443799,-5.01804037229774
"VPS13C",0.151121566386068,-0.00736347050753305,2.22087985777205,0.0270358285244745,0.0413866615029417,-5.01960543101826
"ATG4C",0.131341857206742,0.00198361485697085,2.21899615909454,0.0271650027015498,0.04157443486323,-5.02372477658794
"UNC45A",0.134448793536318,-0.0499892196135336,2.21817654840768,0.0272213741504273,0.041650724646652,-5.02551607393022
"PFDN1",0.17999224147429,0.248861728322241,2.21733520251129,0.0272793459604608,0.0417294259601204,-5.02735420650501
"MIOS",0.133661092843972,0.0630879726278047,2.21697803300127,0.0273039885865599,0.0417571178742957,-5.02813432883864
"PLEKHA5",0.21892831713844,0.00785455972295024,2.21594532324083,0.0273753481540345,0.0418537095358266,-5.03038926612107
"CREBBP",0.158168173086145,0.0412355822015128,2.21587436006122,0.0273802575929754,0.0418537095358266,-5.03054417784453
"GLA",-0.329587349331062,-0.0232780122917463,-2.21547098555392,0.0274081787124493,0.0418863621538987,-5.0314246478097
"RAP1GAP",-0.385620911469219,-0.338259238479033,-2.21522954543177,0.0274249027224388,0.041901891333518,-5.03195157934921
"KIFAP3",0.140500567848054,0.0905751880584216,2.2147482948805,0.0274582642409754,0.0419428270762267,-5.03300171940857
"TKT",-0.222605603960199,0.156532167161924,-2.21436461439543,0.0274848871439831,0.0419734523832413,-5.03383879249717
"NCKAP1L",-0.227065115406743,-0.0585322450933026,-2.2135950961616,0.0275383500650275,0.0420374188328251,-5.03551722084759
"AAAS",-0.166810516865335,0.176474675226891,-2.21357221758136,0.0275399409518727,0.0420374188328251,-5.03556711360574
"SMAP1",-0.171587152214668,0.0497304517805109,-2.21315217351625,0.0275691633264786,0.0420719665008523,-5.03648304114257
"IFT20",0.1691945293891,0.160187380198081,2.2130030394509,0.0275795450118981,0.0420777526645088,-5.03680819499993
"MLH1",-0.184743073593151,0.172951914983874,-2.21202700133529,0.0276475737201397,0.0421714663648093,-5.03893570517632
"ACOX1",0.248249671804246,-0.153467473181905,2.20961754310151,0.0278161328383248,0.042418439974374,-5.04418379898137
"TMF1",-0.158780858681575,0.155355399183244,-2.20896365346458,0.0278620304457954,0.0424782866276035,-5.04560709240196
"WDR83",-0.155843968788201,0.0720671485858655,-2.20626342778044,0.028052259150518,0.0427580985142176,-5.05148022581692
"ERH",-0.138835209984656,0.306964453022734,-2.20588580437513,0.0280789518399616,0.0427885698086288,-5.05230102076017
"STK24",0.140543379659298,0.0886635214718294,2.20173351593724,0.0283739138441212,0.0432277355988342,-5.06131735751438
"GFOD2",0.188154735026183,-0.269240394791736,2.2008132343404,0.0284396488085617,0.0433175471475827,-5.06331343663012
"SMARCA1",-0.356747215755308,-0.0817393726870397,-2.19932868707085,0.0285459665784315,0.0434691143818948,-5.06653169287065
"CTCFL",0.207923786648401,-0.19789665673445,2.1978026702701,0.0286556125021353,0.0436256761626452,-5.0698376502729
"GBA",-0.197328419432175,0.273561103906197,-2.19562183164766,0.0288129403649372,0.0438547375995528,-5.07455834338892
"B4GALT4",-0.315228135212056,-0.231297870052945,-2.19535875011014,0.0288319697320237,0.0438687604529039,-5.07512750804898
"MTPN",0.202745599529963,-0.0208624472755345,2.19530450608317,0.0288358946939448,0.0438687604529039,-5.07524485423967
"TRAPPC1",0.146909349784728,0.0787520964693479,2.19429010057889,0.0289093797062801,0.0439700784717958,-5.07743880056251
"TAF9",-0.151581558081636,0.170602766768792,-2.18989158275925,0.0292298912484802,0.0444469768091322,-5.08694047818286
"PVR",-0.284934325745514,-0.161789083401193,-2.18885206167553,0.0293060863480218,0.0445522288885999,-5.0891833460238
"PHYHD1",0.358945936587477,-0.694194640136753,2.1862979297251,0.0294940292522922,0.0448272736909988,-5.09468974080552
"MCRIP2",-0.33509397832428,-0.0405295438438152,-2.18528754624764,0.0295686641509685,0.0449300144226401,-5.09686627953081
"GOSR2",0.158055689233643,0.107774814365103,2.18465304319356,0.0296156169174365,0.0449906528712424,-5.09823260795911
"RPS6KA4",-0.200442765839865,0.065643585305631,-2.18222850188386,0.0297956250021058,0.0452533457750821,-5.10345002468937
"PMM1",0.167113226681134,-0.0537093856370522,2.18156050441036,0.0298453856677796,0.0453181420900767,-5.10488651220151
"PDK1",-0.275947483773622,-0.108712257216548,-2.18014320909172,0.0299512009798889,0.0454680024385617,-5.10793290366324
"APEX1",-0.166768807949937,0.243752336615921,-2.17999243501672,0.0299624768184734,0.045474308173509,-5.10825687031567
"PHC3",0.197697934835179,-0.00585333665023232,2.17941851198627,0.0300054319502431,0.0455286794206992,-5.10948985348635
"ELP3",-0.148038137770488,0.151708891682072,-2.17808547210797,0.0301054082275538,0.0456695251919533,-5.1123524623717
"DDA1",-0.15654189836709,0.235602590185629,-2.17494445028295,0.0303421186377464,0.0460176787415703,-5.11909085531729
"C9orf78",-0.154385834857867,0.108160355133116,-2.17406591337916,0.0304086128050496,0.0460981783292446,-5.12097387792437
"SLC25A15",-0.29910404406575,0.250371870623284,-2.17405240502802,0.0304096361977727,0.0460981783292446,-5.12100282543991
"POLR3B",-0.159313767409287,0.168813417839669,-2.17290015810153,0.0304970398921755,0.0462197008572372,-5.1234713721509
"COA6",0.222351492236246,0.168442583375888,2.17132963212666,0.0306165211635964,0.046389769252388,-5.12683398202441
"FLNB",-0.531570835508639,-0.473439664396594,-2.17005443395656,0.0307138315691205,0.0465261719024518,-5.12956253558155
"MOB3A",-0.183963963457032,-0.172676775623985,-2.16993507330943,0.0307229536228606,0.0465289513477146,-5.12981785295519
"DPYD",0.263815151726809,0.0612428062132773,2.16964201774162,0.0307453601021085,0.0465518435503824,-5.13044465307521
"AAGAB",-0.190636421039087,0.268564286097063,-2.16894870396148,0.030798425699454,0.0466211351567127,-5.13192721546909
"RAB25",-0.312565991633636,-0.0992833534115878,-2.16774250985784,0.0308909349571944,0.0467500876277996,-5.13450540899975
"KIF1B",0.142336219371226,-0.137987649372672,2.16729812403867,0.0309250775552086,0.0467906682914709,-5.13545491524136
"TRAPPC10",0.131690999110072,-0.0570320886853163,2.16692801696257,0.0309535380768888,0.0468226345939196,-5.13624556784851
"HTT",-0.128104355654597,-0.0160433238120009,-2.16560947281904,0.0310551152202233,0.0469651612224362,-5.1390612816226
"FIP1L1",-0.128741826620206,0.201156144294983,-2.16357761663672,0.0312122066666499,0.0471915556634051,-5.14339699176879
"CAPN5",0.300999465953577,-0.128804402282227,2.1631931850151,0.0312420056452814,0.0472254275675004,-5.1442168725496
"SCPEP1",0.27989182701887,-0.126711793911687,2.16190706465336,0.031341876787103,0.0473651794758942,-5.14695876361145
"UBA1",-0.135032542734717,0.118838167099956,-2.16161321963328,0.031364733317871,0.047388505024753,-5.14758499189089
"EDEM3",-0.166592108914689,0.0244980609760844,-2.15705765737359,0.0317209264756187,0.0479153336992727,-5.15728299977793
"GNA13",0.157249591344336,-0.208046494750361,2.15460021912593,0.0319145130022561,0.0481963494605973,-5.16250620390222
"CDK18",0.228476882806625,-0.344374763642278,2.15236950339447,0.0320911193639865,0.048451595445508,-5.16724250451485
"NDUFS7",0.175211852696433,0.0642810276159854,2.15213806414435,0.0321094905574354,0.0484678716806679,-5.16773362786736
"CTSC",-0.296662299457087,-0.275297312582173,-2.14898318321861,0.0323608231736845,0.0488357021895475,-5.17442329042943
"PGM3",-0.211938758040746,0.195135288677086,-2.1478363937231,0.0324526004547221,0.0489626308845464,-5.17685259736168
"KTI12",0.257918020325837,-0.080082712974313,2.14726264893613,0.0324986011113277,0.0490204507667913,-5.17806751909387
"MVP",0.225401380566285,0.213117319323022,2.14532316699471,0.0326545169713273,0.0492439987864725,-5.18217209317348
"PRG3",0.514511456550689,-0.689598804948909,2.14055649612424,0.0330404486791705,0.0498142301809926,-5.19224459103697
"GPX8",-0.326247298204034,0.296839537943731,-2.13937283641625,0.0331368888976435,0.0499478365466132,-5.194742416365
"MICALL1",0.173257393151465,-0.482798301919593,2.13749412457465,0.0332904562864888,0.0501674683477061,-5.19870422071497
"RNF141",0.203103060908321,0.0314862681174868,2.13700677531163,0.0333303923844148,0.0502157988141785,-5.19973138381298
"BDH1",0.361917596692448,-0.0708865615021561,2.13614737606682,0.0334009166536945,0.0503101799560839,-5.20154214404402
"TTLL12",-0.210566711128147,0.0640872346608457,-2.13600476576545,0.0334126319794837,0.0503159564125008,-5.20184255641224
"CDC42BPB",0.128355809991482,-0.0097323350272728,2.13548944691749,0.0334549944643998,0.0503678707038889,-5.20292792656759
"SYPL1",0.213493050945889,-0.166277091160578,2.13536965468414,0.0334648487567824,0.0503708296350909,-5.20318019777959
"INPP5D",-0.208865790109027,0.0503050103726992,-2.13410857372495,0.0335687386426775,0.0505152948935884,-5.20583508079287
"NAALADL2",-0.292886965403296,-0.0509349683772908,-2.13313830035804,0.0336488598511986,0.050618801477082,-5.20787670441807
"SELENON",0.172515958719295,0.0738938255566892,2.13302271644524,0.0336584152411214,0.050618801477082,-5.2081198528358
"ATOX1",0.22444362355097,0.248480018559502,2.13298776945767,0.0336613047880486,0.050618801477082,-5.20819336663939
"STK26",-0.231447849175714,-0.077383845148984,-2.13136462974276,0.0337957470441608,0.0508090051511576,-5.21160648078797
"TCAF1",-0.172806239103275,-0.0891118973919613,-2.12756637076254,0.0341121548691896,0.0512726244914727,-5.21958352505369
"WIPF2",-0.195946876542229,-0.114798225561498,-2.12662509743982,0.0341909582528879,0.0513789758636595,-5.22155823227882
"CC2D1A",0.147066172028828,0.0123133444814052,2.12577104304734,0.0342625948590889,0.05147451015889,-5.22334922631071
"MRPS6",-0.201685569543125,0.15635675233654,-2.12556552773321,0.0342798523488986,0.0514883221001453,-5.22378009754134
"KAT8",0.182508730273986,0.0623195200662577,2.12437988566669,0.0343795586071212,0.0516259364314367,-5.22626505301603
"SYNRG",-0.122405434982263,0.11415465821321,-2.1227571709258,0.034516423778833,0.0518116714267061,-5.22966387068336
"POC1B-GALNT4",-0.312801309554467,0.108526145130611,-2.12272105329732,0.0345194753718415,0.0518116714267061,-5.22973949123306
"PRKAB1",0.203319266132129,-0.0254662970073823,2.12116573571237,0.0346511046149429,0.0519970159733044,-5.23299471798272
"SPTBN2",-0.329326163525826,-0.0708239462056586,-2.11977625536518,0.0347690627619209,0.0521617635655228,-5.23590088941548
"ATP12A",0.286147814889974,-0.00345524397585879,2.1192022280203,0.0348178945349176,0.052222752315116,-5.23710095696091
"TTI1",-0.15775759567795,0.0608445706561976,-2.11892778732957,0.0348412616337562,0.0522455273676686,-5.23767459377219
"GPRC5C",-0.430197392628685,-0.124844567720454,-2.11721032805583,0.034987799458857,0.0524529465942244,-5.24126279073486
"IFIT2",-0.330300931420089,-0.545244679216889,-2.11482797064876,0.0351919429500124,0.0527466093276594,-5.24623543620182
"RHOG",0.140953117404548,0.0435619960179528,2.11462795310945,0.0352091287704141,0.0527599829145961,-5.2466526807533
"RHOT1",0.164105047773384,-0.0301380269020131,2.11325858865398,0.0353269800857642,0.0529241595137505,-5.24950819792624
"NECTIN2",-0.168486864574549,-0.121531618210883,-2.11293894740163,0.0353545379302069,0.0529530200995476,-5.25017448234335
"SDSL",0.235209976317374,-0.00106388518205212,2.11246937121016,0.0353950558236283,0.0530012737884303,-5.25115312458819
"SUMO2",-0.248412287953989,0.0506460386945669,-2.11009587364819,0.035600465230385,0.0532963588501778,-5.25609648375298
"PHKG2",-0.155419555629789,0.0782525128264652,-2.10703569142101,0.035866809247333,0.053682507511538,-5.26246203972673
"ZWILCH",-0.268437644264246,0.0799177123977252,-2.1066423238684,0.035901169632613,0.0537213424195533,-5.26327964040666
"AKR7A2",0.199929589639329,-0.241692971215812,2.10466088388026,0.0360746761004627,0.0539683240162732,-5.2673957345259
"ARHGAP30",-0.227377569744846,-0.163797290088979,-2.09913374865287,0.0365624645828988,0.0546852509631784,-5.27885745894297
"HLA-DQB1",0.577346182747453,-0.536310316037533,2.09776282036192,0.0366843237713501,0.0548546621264803,-5.28169583687266
"OCIAD1",0.184049358520781,0.0806183301185359,2.09749872193075,0.0367078388582294,0.0548769728657913,-5.28224242039741
"ANKRD28",-0.134935170545187,0.0925311142243873,-2.0941915132431,0.0370034035626929,0.0553058828997645,-5.28908141378148
"RNF25",-0.127255358631714,0.069515504426497,-2.09064797397201,0.0373223458707531,0.0557695245459299,-5.29639745429913
"USP7",-0.144462866560202,0.233084203410255,-2.08949468765183,0.0374266551039127,0.0559123052967905,-5.29877594282433
"COG2",-0.164516137013258,0.216435340615034,-2.08789814661532,0.037571465870697,0.0561155110138948,-5.30206647154921
"NT5C3A",-0.270354125986634,0.111918777846414,-2.08763027070151,0.0375958098312298,0.0561387384874654,-5.30261833350195
"CDC42BPA",0.252027668753415,-0.116847754738846,2.08737342266647,0.037619164262936,0.0561604778627183,-5.30314741171671
"LRRC20",0.229234270563405,0.0304291936099367,2.08683811080103,0.0376678784424477,0.0562200570021105,-5.3042498904999
"PTRHD1",-0.22645947878092,-0.094682296921359,-2.08644784649571,0.0377034270489325,0.0562599630071124,-5.30505346917414
"RRM2B",-0.270166579248244,-0.194399274295335,-2.08569042231258,0.0377725015406142,0.0563498650319677,-5.30661263533178
"PI4KA",0.112073128244815,-0.1095715619573,2.08477293835907,0.0378563177465216,0.0564617119391592,-5.3085005478547
"WDR26",0.177133583124901,-0.0164196910769811,2.08356047012331,0.0379673258043465,0.0566140530735059,-5.31099421032958
"CLPP",-0.192373544964468,0.0914982410403092,-2.08193372805129,0.0381166996658884,0.0568168712791188,-5.31433768295818
"TLK1",-0.142099729858594,0.109618663837817,-2.08188545839657,0.0381211396334761,0.0568168712791188,-5.31443685360096
"CDS2",-0.231054151541897,-0.360422924053426,-2.08162733312699,0.0381448901613386,0.0568390020257052,-5.31496713736324
"STAM",0.121270136357263,0.109727021848726,2.07981599453201,0.0383119101860821,0.0570745558885054,-5.31868648802656
"AKT1",0.145817545491296,-0.0354574774560908,2.07570365312121,0.0386934210453222,0.0576294596161376,-5.32711894257942
"TXN",0.322824991100182,-0.0717552487823687,2.07544827830494,0.0387172192906266,0.0576514564297227,-5.32764205857269
"CDK2",-0.186697838153654,-0.0822235477664627,-2.07404246530582,0.0388484500705024,0.0578223478992679,-5.33052063747125
"PPP6C",-0.134713499507301,0.10578537944827,-2.07402484303444,0.0388500974922254,0.0578223478992679,-5.33055670922863
"STAT2",-0.178662443341401,0.165102138411533,-2.0738761573009,0.0388639997829208,0.0578295592202166,-5.33086104832871
"AP2A1",0.109296998700902,0.188647416330462,2.07360144002432,0.0388896973396973,0.057854314425435,-5.3314233006184
"MYO5A",0.168368462345505,0.0200657876374744,2.07179705123158,0.0390588438178111,0.0580924103835835,-5.33511446358351
"GTPBP10",-0.239505432765986,0.133755520554726,-2.07049923706073,0.0391808908618508,0.0582603605386394,-5.33776741221881
"GOLPH3",-0.18245294054065,0.329859539377863,-2.06646898688977,0.0395619732409827,0.0588133176120313,-5.3459955904825
"NDUFAF3",-0.174666630960059,-0.0249021458221133,-2.0632623143429,0.039867435218855,0.0592536252030701,-5.35253118887402
"VMAC",0.279553266962148,-0.218767156929478,2.06307709044486,0.0398851405646691,0.0592610656584754,-5.35290839611439
"THNSL1",-0.272440554467987,-0.106982519218578,-2.06301576631072,0.0398910039467701,0.0592610656584754,-5.3530332750352
"ACAT2",0.21228047451566,-0.304930556042112,2.06107810224433,0.0400766484441125,0.0595230054235074,-5.3569772223157
"TMC5",-0.335338646643491,-0.0758504094622357,-2.06081281710818,0.0401021221941142,0.059536641567279,-5.35751690612754
"RIPK2",-0.164951637696882,0.012472588259725,-2.06078828539725,0.040104478524803,0.059536641567279,-5.3575668088859
"UPP1",-0.318518588079677,0.019709098481354,-2.05964074964779,0.040214834040457,0.0596819600999315,-5.3599004956257
"LDB1",0.184326166913417,-0.107857338473044,2.05957607867244,0.0402210609725928,0.0596819600999315,-5.36003197608321
"ACADM",0.242774005817173,-0.08247350923101,2.05793200198341,0.0403796392223692,0.0599033448965677,-5.3633731435836
"CLN5",-0.234126584057942,0.130656508946068,-2.0573429984797,0.040436580562804,0.0599738831343794,-5.36456951060623
"CCM2",0.144040422408104,0.134061479533702,2.05680971584101,0.0404881941202524,0.0600288266930601,-5.36565241109294
"MAPRE2",0.204643580167539,-0.0800216937891728,2.05676599003927,0.0404924285931104,0.0600288266930601,-5.3657411899428
"CACTIN",-0.124388534115208,0.12475928131675,-2.05557391774921,0.0406080160704001,0.0601862076623734,-5.36816080979842
"EP300",-0.119519082475442,0.0343613177047426,-2.05491749790661,0.0406717846940082,0.060266731323101,-5.3694926003515
"CDC34",-0.163671815610169,0.161289628302752,-2.05454732129967,0.0407077834914625,0.0603060783278394,-5.37024345774937
"RSBN1",-0.12528496931955,0.046041527365848,-2.05391876712262,0.0407689710367987,0.0603827140037021,-5.37151810002419
"GEMIN2",-0.164516969441689,0.0334853078726033,-2.04996855481784,0.0411553054122903,0.0609407757554437,-5.37952001585511
"POP7",0.141593364878703,0.126312620771318,2.04890339511654,0.0412600107453814,0.0610767751958592,-5.38167513145167
"TNS3",0.159069797975533,0.0903865830908279,2.04883967491474,0.0412662816280245,0.0610767751958592,-5.3818040206039
"PPIL4",-0.139530343136886,0.183347885657182,-2.04824216214264,0.0413251239903896,0.0611496910031605,-5.38301244112927
"WDR70",-0.163547401121677,0.0760008484996211,-2.04797974989186,0.0413509885944072,0.0611737864168883,-5.38354303977205
"MRPS11",-0.175989002869786,0.188185764627094,-2.04780137833309,0.0413685776081633,0.0611856307686177,-5.38390366995659
"RECQL",-0.160857004894277,0.178978594515964,-2.04687774470174,0.0414597579016451,0.0613062886063002,-5.38577057518579
"DIP2B",0.148583662683054,-0.0837977131433853,2.04674274954111,0.0414730988129642,0.0613118166058756,-5.38604336695122
"SLC9A1",0.192481028615993,-0.130250101512802,2.04609101175935,0.0415375582529756,0.0613827060209393,-5.3873601207357
"MRPS18C",-0.265624985494834,0.20184864835815,-2.04606353546802,0.041540277637663,0.0613827060209393,-5.38741562412697
"KPNA1",-0.112862372998725,0.0437273548379845,-2.04309556139175,0.0418349170838866,0.0617911183379959,-5.39340679153355
"MAP3K11",0.136001664390913,-0.185649013780928,2.04308445834822,0.0418360226429376,0.0617911183379959,-5.39342918827324
"UMAD1",0.197245918046639,0.0889284043227761,2.0414358100378,0.0420004587958886,0.0620196413995718,-5.39675347709949
"DPP3",-0.165631944647242,0.187882046450923,-2.03958974196371,0.042185237337163,0.062278090265384,-5.40047273227078
"MIS12",-0.161313631122678,0.106680979904434,-2.03772323527116,0.0423727636145728,0.0625404751916429,-5.40422982918894
"SAR1B",-0.173802654024205,-0.0422318997667132,-2.03715141683556,0.0424303552610352,0.0626110049322186,-5.40538017302058
"KRT17",-0.600915868722777,-1.03816767138741,-2.03578902168365,0.0425678392150954,0.0627993653854862,-5.40811967446224
"SYF2",-0.166388804366132,0.10452369541769,-2.03402503343923,0.0427464113582989,0.0630482412849939,-5.41166404334683
"OXCT1",0.30791756644745,-0.242881896859137,2.0288381934194,0.0432751758317438,0.0638133943846845,-5.42206856430939
"CYP4X1",-0.458189681234951,-0.826632506138738,-2.02840678837247,0.0433194037682292,0.063863863555794,-5.42293277240442
"C19orf25",0.124370066192107,-0.00117619727811117,2.02811176761158,0.0433496715798952,0.0638809735489721,-5.42352366675665
"LMO7",0.222624394574607,-0.169976549058553,2.02809863519208,0.0433510193246196,0.0638809735489721,-5.42354996760928
"PPIL2",-0.122284935037308,0.097587598213656,-2.02791354799282,0.0433700181066734,0.0638942237219911,-5.42392063191275
"AGPS",-0.211697051711705,0.005323516506288,-2.02710976272986,0.0434526068443062,0.0639904209223127,-5.42552994718054
"TJP3",0.226415951532607,-0.0772977147686068,2.02708300321629,0.0434553586717538,0.0639904209223127,-5.42558351358992
"MBNL2",-0.200763338617187,0.178844550764368,-2.02646388581565,0.0435190672121967,0.0640694591076495,-5.42682265206306
"FKBP10",-0.290729488772705,0.443602728350333,-2.02580541965474,0.0435869117802859,0.0641545485747177,-5.42814014033694
"LSM2",-0.152135164978804,0.26690183374518,-2.02554850798828,0.0436134068085845,0.0641753583194161,-5.42865406732056
"UQCR11",-0.413398299426519,-0.0528300434087313,-2.02547343161397,0.0436211519352021,0.0641753583194161,-5.4288042383544
"GOLGA1",0.204309422915104,0.123518473858444,2.02280197322049,0.0438975089384016,0.0645670570310283,-5.43414427184033
"CASK",-0.179000131906437,0.0971844167686277,-2.02144858298773,0.0440380802389303,0.0647588996604261,-5.43684696785359
"KDSR",-0.191946924008998,-0.209145654838129,-2.02017631998393,0.0441705730879749,0.0649387771509832,-5.4393860451181
"MAP7D1",0.136574587339755,-0.0122404418200037,2.01957729435173,0.0442330722624773,0.0650156920800915,-5.44058099094249
"USP47",0.10318987283829,0.095333849087102,2.01723760433487,0.0444779019760113,0.0653605072766012,-5.44524492935212
"EIF2B1",-0.108191026199273,0.196220998525077,-2.01708220770063,0.0444942035794431,0.0653694178220764,-5.44555451023224
"DNAJC19",-0.232884265840971,0.288717484893015,-2.01644751644476,0.0445608373091324,0.0654522535585025,-5.44681869935465
"TRPT1",-0.166442654785119,0.0655017836770949,-2.016041138373,0.0446035457333952,0.065499917090094,-5.4476279264631
"SSBP2",0.302880394359447,-0.382669934325402,2.01527032878454,0.0446846494999577,0.0656039289623431,-5.44916241466156
"HIBCH",0.25950848878819,-0.0781017954048101,2.01459242741285,0.0447560808082057,0.0656936956230789,-5.4505114727708
"CHMP2B",-0.179874243007175,0.185329328382031,-2.01437711069223,0.0447787892340068,0.0657119212271048,-5.45093987129899
"TSFM",-0.228468775891651,0.331588917807981,-2.01361836960971,0.044858887857429,0.0658143379985487,-5.45244912189545
"RIOK3",0.157522076243965,0.091672593535644,2.01145432200619,0.0450880087058565,0.0661352941849055,-5.45675069168459
"SZRD1",0.16586903524206,-0.0498240932734966,2.01091757814223,0.0451449901965085,0.066191488055634,-5.45781690184293
"ATP6V1A",0.118566153696413,0.0901966544364931,2.01089816239502,0.0451470525422531,0.066191488055634,-5.45785546488084
"CANT1",-0.249221977825868,0.202337489576983,-2.01075783066492,0.0451619609879226,0.066198145295658,-5.45813417720766
"FTL",-0.425109626328752,-0.537978916572007,-2.01031301792478,0.0452092441895674,0.0662522433211816,-5.45901749270903
"C1orf116",-0.41438368974411,-0.538867401667656,-2.00901249609702,0.0453477290461059,0.0664399380356554,-5.4615989937141
"TMSB4X",0.386475320226468,-0.250629340102854,2.00808397349251,0.0454468215329053,0.0665698452598303,-5.46344108878985
"SERPINE2",0.387548436980654,0.204192542942709,2.00681413848191,0.0455826358200416,0.066753470117194,-5.46595896785745
"FBXL18",0.147470200841347,0.055365625907428,2.00556999929598,0.0457160348748258,0.0669334745874256,-5.46842438879348
"FUT8",-0.26579619157433,0.205818548707038,-2.00499119457232,0.0457782079835097,0.0670091375457838,-5.4695708558429
"SNAPIN",0.113858135085345,0.229040338574345,2.00328674851931,0.0459617091768854,0.0672623225061686,-5.47294506039063
"DNAAF5",-0.182782695520293,0.0722206632082062,-2.00265193057199,0.0460302127569771,0.0673471375924149,-5.47420106117224
"CDH11",0.268066853218111,0.199120186281928,2.00110414627191,0.0461975972140341,0.0675765540003683,-5.47726175684696
"RAD23B",0.131099798509739,0.0817346870712645,2.00075026026196,0.0462359402952407,0.067617150431771,-5.47796123109976
"ZFP36L2",-0.233210183936061,0.0979404545224052,-2.00011456408732,0.0463048847417462,0.0677024705921798,-5.47921741466376
"COMMD4",0.116894658011652,0.0938586049682671,1.99799615902102,0.0465352644073709,0.0680237324269834,-5.48340073015367
"SH3PXD2B",-0.208432525623885,0.255555674838387,-1.99685916025019,0.0466593138726974,0.0681894527528434,-5.48564423137581
"YES1",0.203745244338664,-0.367069741191534,1.99447397519458,0.0469204522021531,0.0685553975539468,-5.49034657612431
"GMEB1",0.129889105057412,0.0100987875883017,1.99413036577177,0.0469581733515992,0.0685948151109497,-5.49102354315221
"FAM98C",0.199968790679673,-0.193831112224453,1.99246217091494,0.0471416708043842,0.0688471107241521,-5.49430854289434
"MRPL17",-0.206836550824094,0.163436116768192,-1.99189000044905,0.0472047475693065,0.0689234651795156,-5.49543463957282
"TMED3",-0.238779029008715,0.352612921722876,-1.99049078839084,0.0473592988633663,0.0691333157847722,-5.49818711819501
"FBXO3",0.124305663894259,-0.0613716588707365,1.98930033694907,0.0474911276390363,0.0693099085657706,-5.50052744390535
"FBXO2",-0.381808203715728,-0.471471038731195,-1.98721716186965,0.0477225609813569,0.0696317531686388,-5.50461949908137
"REXO2",0.245931776211445,-0.0129432333944583,1.98643333873859,0.0478098871682768,0.0697432327094922,-5.50615810702355
"PCMTD1",0.188195933911676,-0.0692606702597596,1.98492670354203,0.0479781211885185,0.06997265961368,-5.50911389663418
"TMTC3",-0.177445601793356,-0.0230283424825538,-1.98411253922052,0.0480692402654487,0.0700895407844006,-5.51071025209806
"BCAS1",-0.588063878071098,-1.478837624066,-1.9831371279567,0.0481785979426564,0.0702329561333017,-5.5126219271075
"RWDD1",-0.174712245588799,0.229949885473389,-1.98266688942821,0.0482313934309802,0.0702938705904607,-5.51354320352316
"CBX5",-0.192226913551552,0.196142287889289,-1.9820739553469,0.0482980340061252,0.0703749308829551,-5.51470455708808
"LXN",0.216336158387783,-0.104593458696897,1.98153905718704,0.0483582184984533,0.0704465491929328,-5.51575194726662
"MAPK14",0.128803826828738,0.0825331917947808,1.98142286192275,0.0483713006637767,0.0704495334713079,-5.51597943404174
"ANKRD44",0.153964599867326,-0.174264483234557,1.97968782902945,0.0485669996003937,0.0707184247317021,-5.51937472729175
"SCRN3",0.156764107183001,-0.219753697337592,1.97929420838949,0.0486114899390686,0.0707670686869477,-5.52014460098363
"NFU1",-0.193426608101373,0.160411769999152,-1.97863851648416,0.0486856781218283,0.0708589137925401,-5.521426721996
"WDSUB1",0.152591556366168,-0.126509654523832,1.97712384035621,0.048857421136763,0.0710926695438085,-5.52438688992722
"DAP",-0.182499358198667,0.219251845111325,-1.97467155369997,0.0491365590703531,0.0714825540360457,-5.52917475900382
"PPCS",-0.159932677287615,0.151151919690047,-1.97430361942505,0.0491785559183383,0.0715117076813976,-5.52989261690049
"IRF2BPL",-0.205604713115585,-0.0406693093796901,-1.97429973925507,0.0491789989708719,0.0715117076813976,-5.52990018660715
"SPICE1",0.160621452344697,0.0024808617701233,1.9731095139426,0.0493150623183273,0.0716932315351821,-5.53222147549394
"EXD2",-0.168448475358865,0.0353155415417494,-1.97173396896791,0.049472706004108,0.0719060386606487,-5.53490248908286
"GOLIM4",-0.2280270012305,0.0333050253915132,-1.97118102945217,0.0495361949308527,0.07198193095892,-5.53597968434985
"TMCC3",-0.292067025028046,-0.306614935264972,-1.97082121780155,0.0495775456343515,0.0720256265927951,-5.53668048391724
"NFYC",0.139591035590659,0.0625079792338515,1.97040976199338,0.0496248670910223,0.0720779746078656,-5.53748171686448
"TIMM9",-0.192072799163688,0.360989484723515,-1.96888680189316,0.04980035369933,0.0723164108187906,-5.54044597401867
"IKZF1",-0.235357170122489,-0.0518905963145406,-1.96800099534253,0.0499026630514714,0.0724485001327068,-5.54216905930088
"GNAI2",0.152386290667855,-0.212770629744673,1.96458215219787,0.0502991961049811,0.0730075851626061,-5.54881234541781
"PRR5-ARHGAP8",-0.235866076219869,-0.240454150133283,-1.96261463285129,0.0505285982374542,0.0733238863059421,-5.55263039286947
"DAPK2",0.26524503222631,-0.287392755856449,1.96161676366655,0.0506452805601913,0.0734765090608547,-5.55456536824958
"NF2",0.1202296573108,-0.026085905965383,1.96115619002389,0.0506992125555691,0.0735380445632233,-5.5554581456783
"ARNT",-0.156174807494774,0.0342447833333162,-1.96066294290198,0.0507570241180634,0.0736051780590131,-5.55641403036527
"CHMP4B",-0.157209412248745,0.31316330732088,-1.95962624116801,0.0508787126958964,0.0737648911360806,-5.55842233327352
"DPP7",-0.259820461127258,-0.258471160759959,-1.95886045119229,0.0509687590575729,0.073878666647583,-5.55990515840986
"UQCRB",0.221569700471939,0.261321879659665,1.95837353140502,0.0510260838187815,0.0739449716711122,-5.56084770324455
"GCC2",-0.139885990852103,0.175218102368629,-1.95700679179797,0.0511872790572013,0.0741617374132585,-5.56349211780209
"RAN",0.222409573952218,-0.138235416920432,1.95640514371806,0.0512583739457326,0.0742478942022465,-5.56465563530571
"MRPL37",-0.165871067859822,0.127904818027076,-1.95601982552001,0.0513039494111485,0.0742970553391206,-5.56540061232684
"PRKCI",-0.15716037950662,0.0868472815809338,-1.95484173456764,0.0514435055200574,0.0744822636611262,-5.56767745267024
"GPRC5A",0.401810118679016,-0.740195417393049,1.95473112502636,0.0514566246505679,0.074484368259777,-5.56789115364222
"AP4M1",0.114993319977292,-0.0570910585916016,1.95065362509689,0.0519422139472079,0.0751702257599551,-5.57576076037927
"GIMAP1-GIMAP5",0.229153202845877,-0.560707428979182,1.94768202951343,0.0522985220401279,0.0756687204228906,-5.58148584726743
"HNMT",0.244529902231117,-0.0395009253495799,1.94720338457135,0.0523561053363363,0.0757348737137533,-5.5824072087693
"VTA1",-0.141408875592402,0.127408668039368,-1.94545485237099,0.0525669150098384,0.0760225939610008,-5.58577114269552
"KIF21A",0.172682112495946,-0.114973761146086,1.94297428568471,0.0528672040730778,0.0764395602370022,-5.59053834247339
"PNKP",-0.14283448999414,0.126645830958629,-1.9426285117706,0.0529091764368786,0.0764672503939019,-5.59120238522335
"WDR24",0.142899323296787,-0.0220780614924838,1.94261919858847,0.0529103073203224,0.0764672503939019,-5.59122026915979
"CNP",0.129620442129323,-0.02264607952688,1.94148854732757,0.0530477511690059,0.0766485384055448,-5.59339081584353
"TMEM30B",-0.26007382171544,-0.361044861682691,-1.94016681772835,0.0532088026010393,0.0768638471962978,-5.59592661573675
"CBX1",0.150422560455128,0.0615386300290359,1.93938810618344,0.0533038797612956,0.0769837756787768,-5.59741981997713
"RTN3",-0.216265894048605,-0.1937243068636,-1.93901924145033,0.0533489662089425,0.0770314674907503,-5.59812692537103
"SNX8",0.138345978418164,0.204097220819361,1.93691890475786,0.053606301220976,0.077373817936574,-5.60215071792887
"CDK13",-0.225933518507834,0.102096969419919,-1.93688632756744,0.053610300791136,0.077373817936574,-5.60221309523509
"GOLPH3L",-0.227920181617822,0.122611061998418,-1.93583581327483,0.05373940887809,0.077542627273809,-5.60422402194499
"CEMIP",-0.328487741258907,0.171428054082485,-1.93404573159579,0.0539600104452397,0.0778433499080107,-5.60764819430115
"PYGB",0.271921898137903,-0.145946220657745,1.93341725149598,0.0540376413588256,0.0779377321156768,-5.60884965311123
"MMP11",-0.348678908193214,0.209951169626675,-1.93330910540174,0.0540510091834296,0.0779394068735768,-5.60905635636964
"PDK3",-0.223902937184314,-0.0845445144833664,-1.93287748090495,0.0541043894492779,0.0779987641981575,-5.6098812221709
"PPP1R18",-0.189403242775499,0.0870073086704857,-1.93260667632668,0.0541379032020962,0.0780198851013017,-5.61039865749236
"KIAA0513",0.172045052406086,-0.029547464212905,1.93256163847947,0.0541434786035815,0.0780198851013017,-5.61048470593214
"LONP2",0.184246400762745,-0.0700893468814066,1.93223752238361,0.0541836163302586,0.0780601061075589,-5.61110389805734
"UQCC3",0.284289156491846,-0.00100659441555671,1.93116660809581,0.0543164130740783,0.0782337688874328,-5.61314905319333
"DENND6A",0.103985475423442,-0.0175109134213549,1.92872436095672,0.0546202800627448,0.0786536960308131,-5.6178089348004
"ELOC",0.126890567612588,0.270641081051731,1.92836688559025,0.0546648768008683,0.078700166487834,-5.61849052494871
"ENPP4",-0.202395189139431,-0.122734170173319,-1.92436809555068,0.0551658273187942,0.0794034732710778,-5.62610650746243
"MRPL48",-0.172535256628051,0.208556654377957,-1.92328011266105,0.0553027882804716,0.0795826691843162,-5.62817597386641
"MPO",-0.455589865052231,-0.620010896722556,-1.92230931494111,0.0554252375961851,0.0797409062757191,-5.63002157469713
"AHCYL2",0.247367202502168,-0.400669567336213,1.92136680248211,0.0555443362746876,0.0798942525600091,-5.63181253017263
"PLA2G4A",-0.388896266028005,-0.574741250180434,-1.92115176843877,0.0555715386064621,0.0799153770275361,-5.63222101600395
"IFI35",-0.198420919344641,0.139763731725328,-1.91711550451441,0.0560842083115225,0.0806344674778364,-5.63988014169009
"TMLHE",0.318058934630906,-0.0297317100338795,1.91493782702519,0.0563624472239194,0.0810162596858904,-5.64400591209118
"FCGR2A",0.186352279692062,-0.0136518459622062,1.91286938282038,0.0566277975822418,0.0813793579929359,-5.64792048518076
"GLCE",-0.207381476140849,0.074183222888101,-1.91072008462608,0.0569046259267103,0.0817587841003703,-5.65198369245999
"EVL",0.266002376976675,-0.181555289261436,1.90744627907892,0.0573284630419319,0.0823492095664196,-5.65816417334161
"HPF1",-0.135158263278115,-0.0252145239073484,-1.90658910943421,0.0574398695294,0.0824906808243857,-5.65978067558085
"HSF1",-0.18877872294904,0.0255025624200815,-1.9058302391253,0.057538650900038,0.0826139613215072,-5.66121120584113
"LLGL2",-0.233156949600054,-0.615089418955076,-1.90395484000272,0.0577833784042784,0.0829421984636919,-5.66474409120297
"AKTIP",0.142918745756523,-0.0775714348322279,1.90387940333972,0.0577932405583344,0.0829421984636919,-5.66488612794577
"USP14",0.143945745088795,0.0749734666817247,1.90341111832552,0.0578544928857014,0.0830045732460256,-5.66576772032315
"DNASE2",-0.22446433488158,0.214571844145803,-1.90334838574996,0.0578627025087016,0.0830045732460256,-5.66588580442339
"SEC24C",-0.104617415328805,0.150988652854264,-1.90161836610019,0.058089488519199,0.0833111824337569,-5.66914079106436
"ELAC2",-0.156404136878657,-0.0760626353547412,-1.89996552452882,0.0583068499164319,0.0836041402911335,-5.67224786432962
"RCC1L",-0.181238471981319,0.0863891382580244,-1.89984705884139,0.0583224550997438,0.0836077404157756,-5.6724704590345
"INTS8",-0.108884173143845,0.154965389766144,-1.89967197025921,0.0583455254549697,0.0836220381661013,-5.67279942218329
"TXNDC5",-0.256396231625401,0.0757934175344084,-1.89925522063878,0.0584004686488883,0.0836820000725206,-5.67358230804047
"OPLAH",0.216150471756049,-0.0282349891439218,1.89778174351024,0.0585950743517498,0.0839420125052553,-5.67634896404437
"GYS1",-0.152559326617427,0.0160563462909523,-1.89374960939551,0.0591303755908555,0.0846820378199765,-5.6839091096873
"NIPSNAP1",-0.207722831034387,0.106137091325982,-1.89369113391743,0.0591381686200901,0.0846820378199765,-5.68401863393318
"SIRT5",0.147832544816128,-0.0468004647912917,1.8931320002047,0.0592127276423407,0.0847697905821402,-5.6850657211731
"CRTC1",0.151849786551623,-0.0403833034321352,1.89194559888247,0.0593711907489171,0.0849775953669212,-5.687286487587
"SH3GL1",0.127820452889713,0.239338238961541,1.8904265587354,0.0595745990610171,0.0852496223676813,-5.69012791554136
"ACP1",0.148158603922202,0.00596072551488283,1.88940758697088,0.05971137050772,0.0854261932986315,-5.69203269318023
"PDCD2",-0.162168877658226,-0.0887556459948395,-1.88914624668999,0.0597464910247141,0.0854572905897849,-5.69252105815576
"COPB2",-0.104871766149651,0.293576896224286,-1.88743105451127,0.0599774165317385,0.0857683772799889,-5.69572458650105
"DOCK6",0.136043711598285,-0.0755336441971555,1.88588409544487,0.0601863291605366,0.0860478530429973,-5.6986114571708
"NNT",-0.258890135921679,-0.127683206230293,-1.8820904839038,0.060701212651263,0.0867645495362243,-5.70568113076291
"STX12",0.129748114155314,-0.113665354041496,1.88085141918819,0.0608701755537164,0.0869865870435271,-5.70798720026907
"EFHD1",0.348396204660114,-0.342418706538221,1.88052993298956,0.0609140783559589,0.0870298479084354,-5.70858528734195
"TTC19",-0.197723109661544,-0.106322323692956,-1.87977960144009,0.0610166476748237,0.0871568893520692,-5.709980801171
"MBD1",-0.13845173175439,0.0453070895055206,-1.87877198562324,0.0611546134528978,0.0873344233721209,-5.71185397092976
"C1orf174",0.163526662820186,-0.0219676622398045,1.87855458040532,0.061184415243578,0.0873574443940621,-5.71225800087261
"HINT3",0.167461094604254,-0.103769112180851,1.87800630453986,0.0612596262674066,0.0874452746964881,-5.71327672380053
"TFEB",0.160802286436781,0.022586881453705,1.87710699885213,0.0613831571591088,0.0876020246895193,-5.71494704674562
"PPIF",-0.211067968642027,0.185997403460026,-1.87692256131099,0.0614085175518634,0.0876186334231615,-5.71528951453012
"TFDP1",-0.217013879386261,-0.0138384326241562,-1.87626532502099,0.0614989592349006,0.0877280729925917,-5.71650961785878
"RPUSD2",-0.135244933770751,0.108584292667742,-1.87567873410655,0.0615797730073607,0.0878237325557289,-5.71759822078631
"ERO1B",-0.244501500857737,-0.0162642836062315,-1.87381573163617,0.0618370219849256,0.0881709212536288,-5.7210533949522
"TACC2",0.228194174342215,-0.241908617380954,1.87316504193997,0.0619270814378326,0.0882796193303329,-5.72225938945953
"UXS1",-0.197914708994514,0.0513160256925974,-1.87261944978205,0.0620026787640068,0.0883676571223624,-5.72327027913753
"NRAS",-0.230517466495698,-0.167669183135583,-1.87035269161631,0.0623175829914293,0.0887966452578166,-5.72746711030295
"GIMAP1",0.215566356195888,-0.564211077664961,1.86910056097794,0.0624921014878686,0.0890254502454353,-5.72978325690022
"SMARCC2",-0.107117444629972,0.223855850356542,-1.86864861428241,0.0625551922135129,0.0890954499851171,-5.73061887880149
"YEATS4",-0.129578920808909,0.214918419326895,-1.86764219007315,0.062695876868998,0.0892759085210866,-5.73247898500507
"ITGA4",0.149227341671447,0.025426394022385,1.86723147322801,0.0627533650580548,0.0893378452387247,-5.73323780344444
"STEAP4",-0.41445809088179,-0.827510422606192,-1.86701097909896,0.0627842457607395,0.0893618834557115,-5.73364510917703
"ACO1",0.183139513963301,0.141192707560789,1.86594221526677,0.0629341074706622,0.0895552209048759,-5.73561870587332
"MMAB",0.255752237738606,-0.0799406173838322,1.8611149435136,0.0636146914853093,0.090503063518287,-5.74451903855478
"SRSF11",-0.108989777598888,0.209968819213876,-1.8610171373378,0.063628543795394,0.090503063518287,-5.74469913637539
"AP3S1",-0.138662345281057,0.13429808464109,-1.86078503227901,0.0636614269043646,0.0905296683261399,-5.74512649167091
"ZNF24",-0.170798874854134,-0.0667155654683694,-1.86035758974749,0.0637220210315924,0.0905956589371449,-5.74591336866371
"MISP3",0.271571923911099,-0.380485403752333,1.85849530058126,0.0639865773066445,0.090951535196555,-5.74933958248915
"AP1G2",-0.189755324095904,0.0871770764143566,-1.85821420078329,0.0640265892979101,0.0909881532755745,-5.74985645411565
"PPP2R1B",-0.199770807325551,0.0778948194615713,-1.85770715660039,0.0640988148919373,0.0910705236059234,-5.75078858686856
"CEP41",-0.155439884102816,0.0162706367353692,-1.85727577786814,0.0641603155593591,0.0911376228802019,-5.75158142270912
"CDK16",0.112752522711154,-0.0571697128248824,1.85526163894134,0.0644481147340706,0.0915260704130429,-5.75528084493005
"SORL1",-0.247471256118217,-0.120947607929321,-1.85433344743952,0.0645811033422126,0.0916945396575555,-5.75698435556929
"DCAF5",0.153992968403549,0.0114881825715713,1.85171472905639,0.0649575326141827,0.092208502832716,-5.76178599097478
"S100A13",0.301421297676005,-0.123269710319732,1.8514686136125,0.064993003912521,0.0922383485177699,-5.76223692221323
"RPS6KB1",-0.125492498066466,0.137145702208021,-1.85084475303835,0.0650829895052683,0.0923455306646973,-5.76337969280563
"GLUD1",0.153986860152456,-0.04859745849561,1.85039814445815,0.0651474716704008,0.0924164866952919,-5.76419754641028
"TAF7",0.12030051484023,0.133933208139145,1.84922009754831,0.0653178142382405,0.0926375486253145,-5.76635392165148
"KIAA1522",0.164195795703622,-0.11716205401923,1.84888531813367,0.0653662897548343,0.092685711766515,-5.76696647866899
"EMC10",-0.140637044425453,0.048938108908701,-1.84730190543003,0.0655959693148954,0.0929907335869465,-5.76986222953248
"MON2",-0.11124182212595,0.000864118818987113,-1.84693410352111,0.0656494158159357,0.0930402668110932,-5.77053451918017
"SNIP1",-0.14928358814395,0.0727216440137247,-1.84686092723193,0.0656600536023158,0.0930402668110932,-5.77066825940358
"UFSP2",0.124556613590007,0.0473596920188181,1.84631111018518,0.0657400272903579,0.0931329208451154,-5.77167296335013
"COX6A1",0.203597265698327,0.0624254117084581,1.84544027260001,0.065866860081632,0.0932919036426841,-5.77326368209333
"PLPBP",-0.178940634337664,-0.156577072951041,-1.84516744190202,0.0659066380531693,0.0933275413549536,-5.77376189807882
"NUDT2",0.202919231930528,-0.0415411391866274,1.84495028375269,0.0659383133317911,0.0933516919342542,-5.77415839888134
"PPIH",-0.138650784207791,0.235428956602714,-1.8447515158319,0.0659673172077553,0.0933720506254749,-5.77452128159466
"S100B",0.5327581392474,-1.50657381869628,1.84377120754706,0.0661105166513174,0.093554000181441,-5.77631043132831
"ENPP1",-0.257570778494996,-0.26609017257715,-1.84168990310971,0.0664153982497215,0.093964617288826,-5.78010590821001
"NSMCE3",-0.141927536848108,-0.0209230222072302,-1.84138598569912,0.0664600150366842,0.094006910945775,-5.78065978208889
"CCDC51",0.177934555488169,0.148922159152167,1.83869731199419,0.0668558086433483,0.0945458113372711,-5.78555585146638
"IQGAP1",0.113006491735379,0.0590841850203567,1.83673885243097,0.0671453346318063,0.0949342253374852,-5.7891177902224
"TYSND1",0.205313057392398,0.0284734590327756,1.83232310455769,0.0678019352716027,0.0958413452975832,-5.7971352634818
"MED11",-0.131346852248759,0.016416044043876,-1.83141975116402,0.0679369112128394,0.0960108849256263,-5.79877311145839
"IMPA2",-0.375422764042763,-0.524179098373625,-1.83116129479178,0.0679755696879693,0.0960442603358451,-5.79924156678937
"CRCP",-0.139095513805394,0.207474777617789,-1.83095979354483,0.0680057217362318,0.0960656047092566,-5.79960674531764
"GLE1",-0.113140051767022,0.230312782681441,-1.83053117510463,0.0680698956750852,0.0961349886939658,-5.80038339490977
"MPZL1",-0.21988384617371,-0.321341472934087,-1.8283069408694,0.0684037180116588,0.0965850817126143,-5.80441080953711
"SMPDL3A",-0.264933085230531,-0.21112547186863,-1.82620838281089,0.0687199166790222,0.0970100968373992,-5.80820626331734
"UBR7",-0.188525124949718,0.0459223442785412,-1.8258461401647,0.0687746192449184,0.0970658585054828,-5.80886098334014
"PTEN",0.155380224692303,-0.130437145484474,1.82565971501995,0.0688027854687144,0.0970841514293352,-5.80919787990977
"ATP1B3",-0.219611797416359,-0.268384869329777,-1.82428367328893,0.0690109807186251,0.0973564100504687,-5.81168353891364
"NFIX",0.241167164925627,-0.503864784604406,1.82301152412849,0.0692039192605266,0.0976070299267644,-5.81397989411139
"MAPT",0.399049259190695,-1.05741479596673,1.82287358458307,0.0692248663691288,0.0976150114326165,-5.81422879430608
"PRG2",0.415240902528532,-0.70608729974272,1.82198725637762,0.0693595864935252,0.0977833870084254,-5.81582765793272
"CCDC6",-0.149321167657109,0.104866979874459,-1.82074434202433,0.0695488712606521,0.0980285966885792,-5.81806849012246
"CARM1",-0.132245463756436,0.113403487804062,-1.81858802238879,0.0698782702082668,0.0984711444007468,-5.82195253181096
"RGS10",0.194597010736224,-0.184500145698111,1.81700909480339,0.0701202818045639,0.0987903793738173,-5.82479369282098
"SURF2",-0.172985355510039,0.106229328729689,-1.81464302438807,0.070484236565725,0.0992812376951587,-5.82904672954514
"EZR",-0.202482748535633,-0.0923609482801433,-1.81419141351301,0.0705538810726261,0.0993574174346532,-5.82985788752191
"SMDT1",0.194203550499888,0.154066956169975,1.8140787880625,0.0705712582716301,0.0993599744353602,-5.83006014817048
"OAS1",-0.3871252844811,-0.452240797520301,-1.81363229797209,0.0706401827985358,0.0994350897638119,-5.83086186513095
"RPS23",-0.134159908154186,0.176182391704515,-1.81046808430535,0.0711302322410174,0.100102828489948,-5.83653797910371
"DTWD2",0.18798348862675,-0.00833952339237952,1.80792914785924,0.0715254648874352,0.100636864985957,-5.84108541541032
"PREPL",0.132910773317948,0.0391798871486266,1.8074042081408,0.0716074066232546,0.100729960627777,-5.84202484354243
"MLPH",0.391383544117568,-0.465967369123037,1.80621164044661,0.0717938505556405,0.100969985858538,-5.8441580596245
"JUND",0.13084399433521,0.0309159790442922,1.80566839298106,0.0718789132505102,0.101067355451334,-5.84512934073192
"EPHX1",0.304260954627142,-0.535721257983086,1.80481966935823,0.0720119739516119,0.101221812626024,-5.84664621434373
"UBE2N",0.100372129840589,0.0949121643251987,1.80476552758948,0.0720204690305448,0.101221812626024,-5.84674295500564
"LSM4",-0.145048092831104,0.142183999840413,-1.80436463842226,0.0720833959424792,0.101287958427097,-5.84745917634295
"DHX29",-0.140072531268069,0.207858445279087,-1.80372717835689,0.0721835501434712,0.101406373523886,-5.84859772971877
"BLOC1S2",0.200904963713446,0.0999300833199639,1.80246429980502,0.0723823046819337,0.101657007191298,-5.85085216447304
"RAC1",0.12046635569292,-0.0430832492801618,1.80239134759022,0.0723937997962152,0.101657007191298,-5.85098234823022
"COL5A2",0.31193925428568,-0.196039048438305,1.80101833941781,0.0726104255206449,0.101919773062054,-5.85343152765772
"NNMT",-0.31840288806942,0.538651035813907,-1.80100299134954,0.0726128500641006,0.101919773062054,-5.85345889528227
"REL",0.142833566287465,0.222386404160242,1.80013309992668,0.0727503761765157,0.1020903630521,-5.85500965232525
"UBP1",0.147503544302798,0.0584612043274955,1.80001553417985,0.072768979234378,0.102094030413426,-5.85521918064783
"MAX",-0.139052940647602,0.14826528570603,-1.79968775748878,0.0728208657489735,0.102142215324685,-5.85580328079415
"SCYL2",-0.115152728160272,0.0600978352964901,-1.79959649320707,0.0728353181477356,0.102142215324685,-5.85596589576019
"OTULIN",-0.146244957020126,0.088887890841836,-1.79876792072307,0.0729666368665654,0.102303903467945,-5.85744187869023
"ATP6V0D1",-0.131295061749044,0.131519947599876,-1.79782384915512,0.0731164979277048,0.102491512462875,-5.85912279428934
"COG3",-0.136627297534881,0.196550854627429,-1.7960997817243,0.073390827589523,0.102853475451954,-5.86219025627401
"RSPRY1",-0.160571786913186,0.0649670714318289,-1.79384801724935,0.0737503961992792,0.103334711374237,-5.86619225093824
"DCTD",-0.174077622170389,0.288088222187687,-1.79351332956199,0.0738039634574675,0.103387079130305,-5.86678666123305
"DPY30",-0.22598758646058,0.178916559479624,-1.793232937526,0.0738488652122858,0.103427287646511,-5.86728455791303
"GCC1",-0.112498886949633,0.19634788792697,-1.79249184023993,0.0739676519573257,0.103570933716562,-5.8686001688189
"AKR1C2",0.579638466842008,-2.35943862220063,1.79096982185243,0.0742121006297194,0.103890432475501,-5.87130041425605
"KLHL42",0.207466782594742,-0.147026052415381,1.78851872944037,0.0746071600014234,0.104420586718345,-5.87564422125048
"PARS2",0.174226766231939,-0.0404623707068594,1.78754500964159,0.0747645793451287,0.104617979206366,-5.8773682206125
"GTF2H4",0.0949131969353596,-0.0381531892547037,1.78626305917603,0.0749722452218747,0.104875367060541,-5.87963654716711
"CASP7",0.172148315527027,-0.0472232784684676,1.78620679441954,0.0749813704982571,0.104875367060541,-5.87973606736765
"LRRC8A",0.141581783461753,-0.0427572495726814,1.78511849314125,0.0751580555216219,0.105099470982382,-5.88166043232656
"DEGS1",-0.191829304086466,-0.11447527580867,-1.78493722238864,0.0751875178631706,0.105117648687616,-5.88198084861124
"SRP9",-0.144221980700372,0.353609348217879,-1.78149102671606,0.0757494399158151,0.105880073087233,-5.88806631278219
"NADK",-0.158850983689847,0.0561946413231415,-1.78084963800825,0.0758544010671899,0.106003578641718,-5.88919763560724
"EFR3A",0.128984389291749,-0.0684261554254919,1.7796585891085,0.0760496285092652,0.106253146177606,-5.89129742449451
"MTUS1",-0.284404052092146,-0.170071709721953,-1.77768275026131,0.0763744005646515,0.106683558872304,-5.89477773871413
"DCXR",0.221979739165122,-0.112294072532237,1.77726929474207,0.0764425045188498,0.106754288579272,-5.89550553440472
"MECR",0.172131570539436,0.180439883670608,1.77717238361332,0.0764584748117478,0.106754288579272,-5.8956761006806
"NIT2",0.152988097729055,0.116047320968717,1.77690021114913,0.0765033415941788,0.106793580253352,-5.89615508297262
"MZT1",0.11362027590287,-0.0280294037044262,1.77515285131548,0.0767919023375438,0.107172960967261,-5.89922845723733
"GOLGA4",-0.127028186501195,0.147261155382676,-1.77184005360485,0.0773414276190571,0.107916305801503,-5.90504708541778
"PMVK",0.197721956039594,-0.0553780108198804,1.77152778047331,0.0773933929081643,0.107965220388601,-5.90559501482729
"CPZ",0.234540973285343,0.210217779997221,1.76996153573028,0.077654462522617,0.108305754304699,-5.90834179343407
"GPS2",-0.197269580827876,0.0302405948741709,-1.76946038707462,0.0777381485237663,0.10839879413065,-5.90922017209162
"ARPC1B",-0.126560908326878,0.315903449658547,-1.76783019436429,0.0780108822621463,0.10875534568642,-5.91207577273614
"PLEKHA1",0.18556951780346,-0.190751124030242,1.76755510030489,0.0780569830040985,0.108795860397548,-5.91255739898202
"CYTH1",-0.145998904623751,-0.0776566305627206,-1.76711403290491,0.078130944347257,0.108875181068799,-5.91332945277431
"DEPTOR",0.213540052928833,0.132059364821881,1.76689294210266,0.0781680399966965,0.108903106126753,-5.91371638369613
"SHTN1",0.169209171605757,0.126738678408121,1.76640172377787,0.0782505104571956,0.108994221044763,-5.91457589465683
"MMP8",-0.394551877042461,-0.790468452043394,-1.76589770172632,0.0783352044714609,0.109088392704532,-5.91545756522531
"TXNRD2",-0.188714158161267,-0.190809205012716,-1.76545841385696,0.0784090819082013,0.109167463581305,-5.91622579687386
"PPP1R13L",-0.173446887561038,0.284333378331943,-1.76495556948183,0.0784937179012731,0.109261475648491,-5.91710494664853
"MAN1B1",-0.145980102668173,0.0641392322052486,-1.76275587273458,0.0788648371201618,0.10975413797128,-5.92094790540915
"VAMP2",-0.154220426538036,-0.347395537997612,-1.76197899522341,0.0789962492405383,0.109913064153593,-5.92230401788076
"KAT7",-0.12943139165552,0.0256285977805565,-1.76141748253139,0.0790913428446157,0.110021399577968,-5.92328382564188
"KLC1",-0.106401430606086,0.056757980684145,-1.76120436391153,0.0791274595021037,0.110047664761693,-5.92365562529615
"PHKA2",0.112685345631459,-0.0225648134487849,1.75804135211599,0.0796650726219058,0.110771230115607,-5.92916852022587
"SAMHD1",0.171298128385412,-0.0947000989549751,1.75631950333699,0.0799589846103209,0.111155697090551,-5.93216548667886
"NMNAT3",0.29444486217765,-0.255930801419442,1.75353077220958,0.0804368860833653,0.111795715638286,-5.93701330224735
"SHROOM2",0.217764978299215,-0.172772236118682,1.75297771134305,0.0805319398505474,0.111903468105712,-5.93797382206167
"REEP5",-0.201176999409365,0.00155871617174773,-1.75165828884762,0.0807590772294248,0.112194671042184,-5.94026410737594
"MAN2B1",0.149628951695214,0.0348156021870276,1.75029174779741,0.0809948766489861,0.112497778421531,-5.94263439774862
"FAM162A",0.205823444174706,0.0592683406503144,1.74841680782561,0.0813193146903663,0.1129238417351,-5.94588356046517
"PRR15",-0.339665867989793,-0.304339414295794,-1.74781004640201,0.0814245348177321,0.113045369604527,-5.94693431084496
"RGS19",-0.184322187458933,-0.0845033962418587,-1.74755151488857,0.0814694011677917,0.113083070968772,-5.94738191030896
"PSAP",-0.203167181818653,-0.117434307074646,-1.74702992784237,0.0815599803219828,0.113184193513554,-5.94828474389189
"INPP4B",0.330923961028133,-0.189015988249191,1.74654926049846,0.0816435259953174,0.113275513576728,-5.94911651386056
"RPLP1",-0.119316006286848,0.213601911450544,-1.74550439812071,0.0818253760521602,0.113479923252333,-5.95092381908024
"ATP2B1",-0.18529212716922,-0.212359860148233,-1.74549851776106,0.0818264004156212,0.113479923252333,-5.95093398737192
"ZNF330",-0.124212210019965,0.172219250703402,-1.74512655896013,0.0818912171821128,0.113545151293765,-5.95157710853379
"HIRA",-0.114087062969674,0.0898781488116257,-1.74324785388877,0.0822192359843171,0.113975210976957,-5.95482335567091
"CGREF1",-0.306237092105605,0.00525285520246704,-1.74178513388844,0.0824753648328987,0.114305449198623,-5.95734843818325
"LGALS3BP",-0.278951890000281,0.0485752294065894,-1.74165633248509,0.0824979496309688,0.114311937585446,-5.9575706873861
"GPI",-0.159151427036117,0.104048502636305,-1.74098037130433,0.0826165592388326,0.114451449498795,-5.95873680634721
"JAGN1",-0.299736932206413,-0.569342080542367,-1.73914153382812,0.0829399192763246,0.114874486893565,-5.96190678576844
"CARHSP1",-0.175786034922892,0.0660477524938758,-1.73851443391303,0.0830504302500219,0.115002601853479,-5.96298709377842
"SFXN3",0.178958386499829,0.229624716271424,1.73814634195106,0.0831153532267996,0.115067547778212,-5.96362102938723
"CXXC1",0.102551740923852,0.103356423767616,1.73741714954577,0.08324408799808,0.115197780879953,-5.96487647050204
"TJP2",0.168609283424662,-0.233298300063182,1.73740911808482,0.0832455068097262,0.115197780879953,-5.96489029528437
"SAP130",-0.10741842179916,0.0187971618096677,-1.73711176758871,0.0832980496293373,0.115245513950882,-5.96540208899216
"MFGE8",0.261866618865163,-0.28249681061188,1.73686734452894,0.0833412602009227,0.115280317673937,-5.96582272064983
"MRPS18B",-0.154128409211018,0.107380333189294,-1.7346205137545,0.083739323401568,0.115805843603858,-5.9696866060204
"NTMT1",-0.14064492661943,0.228050946236399,-1.73351817115825,0.0839351863360142,0.116051573138902,-5.9715805138896
"PLEK2",-0.222682278905286,0.275168901775116,-1.73127192936417,0.0843354489607272,0.116579744882928,-5.97543606805969
"MBP",-0.256051779947357,-0.339071860944675,-1.7293941728567,0.0846712398752562,0.116998530006563,-5.97865536968604
"PRCC",-0.159306303323845,0.181900317249148,-1.72937288994802,0.0846750520219778,0.116998530006563,-5.97869183830174
"GTPBP6",0.17562132165632,0.108584776387741,1.72884663256632,0.0847693584319474,0.117103494934657,-5.97959344883516
"GSPT2",0.184494148505023,0.151978764678112,1.72597736389248,0.0852850395454569,0.117790390979395,-5.98450448371048
"NDUFB3",-0.182061984667847,-0.0365177560600001,-1.72287041039739,0.0858463088528185,0.118539939884353,-5.98981330509035
"RFTN1",-0.17955972304646,-0.117403478229204,-1.72217216709311,0.0859728578403355,0.118689015634712,-5.99100509380959
"NUBP2",0.140537783425649,0.164539969789483,1.72199707449364,0.0860046151985119,0.118707191535343,-5.99130387423024
"SFRP2",0.419876066274114,0.202686017128078,1.7217451407358,0.0860503262990597,0.118744614959908,-5.99173372510898
"FMC1",-0.201118463332629,-0.129193708624778,-1.72156395741079,0.0860832125613621,0.118764328479753,-5.99204282299046
"AASDHPPT",-0.142425380259747,0.118485960704227,-1.71963559536113,0.0864338584732575,0.119222334489468,-5.99533061975914
"TPT1",-0.129470639688836,0.343850180416622,-1.7188000005022,0.0865861592317949,0.119406614836935,-5.99675415882328
"CTSA",0.165495298922404,0.112161106873892,1.71831519859494,0.0866746220081246,0.119495528832085,-5.99757976722971
"SLIRP",-0.209079053032644,0.174352469459718,-1.71824156689339,0.0866880641425558,0.119495528832085,-5.99770514060259
"UBFD1",-0.139982689686964,0.28330133193282,-1.71757661015305,0.0868095346222516,0.119633012939992,-5.99883712951371
"IFIT3",-0.285173189022576,-0.339072782562351,-1.71749049808745,0.0868252751705439,0.119633012939992,-5.99898369088636
"ITGB6",-0.301833645450393,-0.514661439116619,-1.71659347061781,0.0869893817888425,0.119833269195633,-6.00050998822546
"PTPRF",-0.176936630443596,-0.342363958289765,-1.71580357660287,0.0871340970454099,0.120006732017891,-6.00185334885744
"VTI1B",-0.141288895733029,-0.103591873492015,-1.71380761888749,0.0875006432145645,0.120485574061892,-6.00524513713912
"NFKBIB",-0.136950993672837,0.23183388398373,-1.71365634820691,0.0875284740748945,0.1204979100837,-6.00550203765424
"PTPRE",-0.149613899011445,0.0480151454611572,-1.71220344734543,0.0877961450546029,0.120840350544005,-6.00796834087388
"BRAT1",-0.126070497523547,0.078054200377175,-1.71170371461638,0.0878883650132801,0.120941209183145,-6.0088161635779
"MIF",0.161498255768107,0.0212410549799102,1.71090514275886,0.088035895203597,0.121118119128413,-6.01017047780232
"PLIN3",-0.146170453328626,0.286552613480269,-1.70973006848418,0.08825334610819,0.121391127725289,-6.01216218116418
"GPX7",-0.240982348359079,0.335554227321354,-1.70845388673601,0.088489999777273,0.121690426142125,-6.01432373475134
"CDC42SE2",-0.153425413568907,0.00998895962261889,-1.7057494596723,0.0889932038433095,0.122354195831826,-6.01889916118204
"POLR3C",-0.116520611934378,0.0246899755566698,-1.70565403870402,0.0890110007265203,0.122354195831826,-6.01906046701348
"TOM1L1",-0.215948409152862,-0.0600809941575502,-1.704116137031,0.0892982309545769,0.122722601085875,-6.02165901338124
"STAG1",0.101943406122752,-0.0556780550035426,1.70384579954918,0.0893487986535282,0.122765672348349,-6.02211555651644
"TRAPPC2",0.122194858530919,-0.12419409222162,1.70160593266408,0.0897686663739186,0.123316035885859,-6.02589548284511
"ITFG1",-0.160202346309505,0.0220107983975492,-1.69897907118532,0.0902631084856241,0.123968584142979,-6.0303222636047
"RDH13",0.195560202262128,0.00347484501140003,1.69884592443737,0.0902882285914896,0.123976417108959,-6.03054646324045
"DOHH",0.122164741429656,-0.0702418014035735,1.69793316010569,0.0904605872887624,0.124186379238604,-6.03208295988011
"ZBTB7B",0.165488357858002,0.0639673758740293,1.69762077731488,0.0905196360541845,0.124240730052874,-6.03260862129721
"PEX1",-0.13614737265294,0.0561361614931782,-1.69722848539677,0.0905938339148256,0.124315845593415,-6.03326861499075
"PRKACB",0.170481592266928,-0.507567675189028,1.69663882855479,0.0907054537089999,0.124442269431019,-6.03426037434647
"THSD4",-0.312670578619091,-0.158343591404327,-1.69594326634998,0.0908372638072463,0.124596332848393,-6.03542982336127
"RPRD1B",-0.140743290154662,0.287502409100497,-1.69579027576515,0.0908662765081749,0.12460935900015,-6.03568698326902
"TPI1",0.247643344839775,-0.071544800819767,1.69513787495076,0.0909900799876424,0.124752342864741,-6.03678333951524
"ACYP2",-0.208734053818879,-0.206349391096717,-1.69341116199305,0.0913184090128856,0.125175620770132,-6.03968307110108
"KHK",0.205901603347826,-0.34099352095825,1.69138316518584,0.0917052471894697,0.125678901761057,-6.04308505087888
"CNBP",0.182914797419703,0.39680833221938,1.69109047910738,0.0917611858149917,0.125709891091749,-6.04357570312409
"PTK2",0.165313216387355,0.0513347961713005,1.69105883110358,0.0917672360812283,0.125709891091749,-6.04362875211386
"COX17",-0.250249763774947,0.0403887950968001,-1.69019150567898,0.0919331712715417,0.125910188453195,-6.04508219980668
"GMPPB",0.136343819003165,0.125978614739616,1.68937546801152,0.0920895151995556,0.126097266684358,-6.04644903131473
"LSM3",-0.173463163069848,0.189436301402266,-1.68685466375414,0.0925738293094498,0.126722115571015,-6.05066718345245
"RPL14",-0.178584210502992,0.20378691279375,-1.68679384575516,0.0925855394109296,0.126722115571015,-6.05076887590556
"PAAF1",-0.153383244107527,0.143079898586056,-1.68640421493679,0.0926605885835392,0.126797654973403,-6.05142028362182
"PRPSAP1",0.106406149877919,0.0464640174520107,1.68494552502993,0.0929419915413691,0.127155478035492,-6.05385769374428
"RAPGEF6",0.0919353186876078,0.0554164597804459,1.68462120357304,0.0930046515106821,0.127213945993082,-6.05439933968359
"SUPV3L1",-0.160489981736808,-0.0741348015380533,-1.68277031182106,0.0933629019925744,0.127676617953007,-6.05748853354929
"ILVBL",-0.153742596541819,-0.0452359520917218,-1.68249414609653,0.0934164506499289,0.127722491948564,-6.05794917623657
"YKT6",-0.130057233229866,0.142444427433517,-1.68182401727147,0.0935464918390936,0.127872907384417,-6.05906663792859
"MUC1",-0.352689079818337,-0.268049846832061,-1.67857395633036,0.094179249999223,0.128710297783613,-6.06448001282737
"MBLAC2",0.139991067379396,-0.288179955713934,1.6779455256162,0.0943019967089443,0.128850470572782,-6.06552555358776
"YIF1A",-0.162886453255013,-0.0386940918010878,-1.67772104739648,0.094345873590071,0.128882841864057,-6.06589893205924
"TNFAIP3",-0.134471310613561,-0.0437483007155094,-1.67571975189456,0.0947377770931303,0.129390525505805,-6.06922555056158
"ACAA1",0.173704217325212,-0.0189534925146701,1.67446299479959,0.0949845505420959,0.129699819335176,-6.07131257776242
"ERAP2",0.457725928240562,-0.588100988295598,1.67055734491283,0.0957547567962398,0.130723566847122,-6.07778864899029
"RNF41",-0.120053707679025,0.00535160248583538,-1.66919834249357,0.0960239312112493,0.131063018551481,-6.08003856323648
"RABEPK",0.10282175838684,0.0473729071061372,1.66813362627693,0.0962352417873489,0.131323363712807,-6.0818000103106
"PRKAA1",0.118668163070487,-0.0160264808861477,1.66770182566761,0.0963210462397035,0.131412367572758,-6.08251405838496
"ISYNA1",-0.197005711363396,-0.27850681108336,-1.66731504919411,0.0963979560034737,0.131489200829348,-6.08315349786873
"GTPBP3",0.160032010648664,-0.0592146828769053,1.66700801478224,0.0964590443455361,0.131495377556845,-6.08366099968938
"FCN1",-0.38383872026093,-0.912536814942799,-1.66685216803755,0.0964900639092535,0.131495377556845,-6.08391856596611
"ITPKC",-0.133408628927174,0.0903329506752151,-1.66674988909988,0.0965104257525162,0.131495377556845,-6.08408758842225
"NAIP",-0.200744901140007,-0.0793528874008196,-1.66674969569295,0.0965104642595271,0.131495377556845,-6.08408790802986
"SIRT6",0.106993587069241,-0.0954488882335833,1.66672567676037,0.0965152464865763,0.131495377556845,-6.08412759936194
"STAT5A",0.145010233623665,-0.0608070671416493,1.66663356956673,0.0965335870149647,0.131495377556845,-6.08427980146193
"GNPAT",-0.183594836937573,0.0772182671358567,-1.66656799887468,0.0965466452602173,0.131495377556845,-6.08438814840463
"DHRSX",-0.174240886349303,-0.0801028441258991,-1.66376864175489,0.0971054556356463,0.132228264925059,-6.08900980834834
"WWP1",0.171277038251298,-0.270412672313195,1.66271293425696,0.0973168703889677,0.132487892842976,-6.09075076779459
"PDSS2",-0.194128470673461,-0.0608137670777424,-1.66174193841779,0.0975116470583696,0.132712674952649,-6.0923510704952
"CIB1",-0.212792141824978,0.0803511274587442,-1.66168264745589,0.0975235506464888,0.132712674952649,-6.09244875842089
"GMPPA",0.115435350895506,0.055218338827776,1.66113079011203,0.0976344006143244,0.13283521157521,-6.09335783542919
"DOCK1",0.129937958971619,-0.0773928445542745,1.66101345820027,0.0976579817658325,0.132838988831453,-6.09355107851957
"DIABLO",0.147087462001526,0.227511943198205,1.66033605221642,0.0977942149850263,0.132995966491883,-6.0946664888778
"MAEA",-0.124376472998789,0.0934919479205796,-1.65996212589706,0.0978694806808062,0.133069981717834,-6.09528200079621
"PRKD2",0.116255491012082,-0.074670496229849,1.65905187420238,0.0980528948916951,0.133262932512782,-6.09677977624998
"CMAS",0.176267123032997,-0.0311199024289884,1.65905069127406,0.0980531334291386,0.133262932512782,-6.09678172217606
"YWHAH",-0.102482357680458,0.0813349453011878,-1.65721629867126,0.0984235992584904,0.133737961537659,-6.09979767022959
"MFAP2",-0.256045728063171,0.296470909100108,-1.65604052538083,0.0986616431636872,0.134032891829818,-6.10172904825654
"GALNT10",-0.234945718260274,0.174053392694221,-1.65314047050232,0.0992507547582453,0.134804524384471,-6.10648704503048
"PTAR1",0.108614159431731,0.0207001836486964,1.65233798803997,0.0994142666289611,0.134997892902151,-6.10780219501956
"PPA2",0.175417023149146,0.100553450977183,1.65207403615896,0.0994680959824611,0.135042269370192,-6.1082346358188
"IGBP1",-0.11608458376344,0.200632621419911,-1.65133651300281,0.0996186275079188,0.135217886190064,-6.10944258337239
"NAXE",0.146248458562781,0.0619195288491366,1.6508752625209,0.0997128633850443,0.135317031395007,-6.11019776985391
"PPP4C",-0.115045533283106,0.131810644880681,-1.64857126248348,0.100184652570677,0.135928390706284,-6.11396690740847
"LSG1",-0.112457778528512,0.277186166769538,-1.64696599422029,0.100514418226901,0.136346836706769,-6.1165899218158
"MYDGF",-0.21802723205006,0.267857129562967,-1.64512349617641,0.100893987920975,0.136832649293845,-6.11959747221996
"RPS21",-0.0926964307377617,0.301936342420971,-1.64451449944275,0.101019698203513,0.136974043964627,-6.12059082288942
"ZMIZ1",-0.0884650943391381,0.0665916213761908,-1.64348939825725,0.101231584620605,0.137221982042494,-6.1222620754489
"FASTKD1",-0.155124366561871,-0.0939867031524792,-1.64324773664766,0.101281587365259,0.137221982042494,-6.12265591414174
"LPXN",0.173822378544411,-0.0999078971276998,1.64321557998558,0.101288242461655,0.137221982042494,-6.12270831592719
"TMCO4",0.138501062282534,-0.0644580064808803,1.64321423810631,0.101288520182659,0.137221982042494,-6.12271050260203
"BCL2L13",0.137319198700025,-0.113096907709853,1.64081440269992,0.101786175933457,0.137851317790658,-6.12661837116285
"TIMM21",-0.16477680148323,-0.0564452555738087,-1.64076598972591,0.101796235455435,0.137851317790658,-6.12669714855805
"PRKCD",-0.126666680815189,0.0299933153283802,-1.63834539477726,0.102300214856774,0.138504425754984,-6.13063301529785
"ARID2",0.120163626873927,0.0035307556903662,1.63679252958173,0.102624577601797,0.138914125076844,-6.13315495065158
"PDCL3",-0.124622335721647,0.197414984488108,-1.63576490739822,0.102839679015804,0.139175784339955,-6.13482256977342
"SARM1",0.172436209586086,-0.380433836383943,1.63398805617579,0.103212458463764,0.139650677535735,-6.13770360200082
"ZFYVE19",0.144022312313981,0.0104598448693232,1.63344350394198,0.103326920126999,0.139775929027731,-6.13858593619258
"ITGAX",-0.187570697880147,0.0302195201496279,-1.63306752891639,0.103406006996561,0.139853284192552,-6.13919495703667
"CBR4",0.210964069114925,0.0217432504497033,1.63226169347194,0.103575678432985,0.140033792170087,-6.14049981996097
"NMI",-0.181109351765848,0.205658047235736,-1.63222534953805,0.103583336009291,0.140033792170087,-6.14055865556681
"EIF4E2",-0.0963897481959263,0.0966998216340579,-1.63188525540949,0.10365501490193,0.140101030937515,-6.14110915661492
"SH2D3A",0.159942103596648,-0.0151024201697398,1.63150462936726,0.103735283332583,0.140179848482231,-6.14172513170254
"ZPR1",-0.129454339358274,0.213286583423506,-1.63059304267313,0.10392772528497,0.140410183229906,-6.14319979671747
"HLA-DMB",0.236017696160313,-0.180048491781017,1.62782899200111,0.104512976886406,0.141171008550814,-6.14766621712177
"MRPL46",-0.135014117977248,0.334214280047004,-1.62591002892035,0.104920836288157,0.141691950021125,-6.15076267773803
"SMAD1",0.14185273831652,-0.00154042873467512,1.62497607721668,0.10511979851573,0.141930622440883,-6.15226841244243
"OTUD4",-0.0940715002864237,0.0509640501076245,-1.62419733799017,0.105285925292709,0.142124869554745,-6.15352325969978
"CST3",0.22484874923723,-0.202066815612295,1.62115566108507,0.105936805803615,0.142947609701991,-6.15841889487392
"NVL",-0.136323080866327,0.211906135966942,-1.62113990266575,0.105940186234898,0.142947609701991,-6.15844423482431
"FOXK2",-0.117100232558499,0.0600825378077787,-1.61889766341774,0.10642205889152,0.143567472221077,-6.16204734282721
"SNF8",0.114847601283249,0.0566281251186603,1.61864681343511,0.106476076665821,0.143610002009139,-6.16245013440348
"NDUFA11",0.138245071261487,0.00444099333555737,1.61696360652171,0.106839101670357,0.144069200457282,-6.16515128240375
"PRKCB",0.187926431052272,-0.491014017414702,1.61557854987219,0.107138561588809,0.144415390727133,-6.16737189533954
"THOC6",-0.0982152914717383,0.190981242596422,-1.61556697990089,0.107141065916121,0.144415390727133,-6.16739043718172
"PPIP5K1",0.165601077398819,-0.27016063404833,1.61506188719477,0.107250438954652,0.144532303234582,-6.16819976289272
"CD4",-0.182992526686878,-0.0976441358287229,-1.61487283808717,0.107291398590147,0.144556990925952,-6.16850261807757
"HLA-DPB1",0.244540719410778,-0.24956079376623,1.61267510358326,0.1077684766984,0.145169140025165,-6.17202081056679
"UBQLN4",-0.105491209736479,0.112260144697463,-1.61036784955705,0.108271142896209,0.145815491962096,-6.17570925008454
"TGFBI",0.218907575822167,0.153324980039428,1.60960260402464,0.108438272916861,0.146009779117284,-6.17693144456422
"MYH14",0.227275763722895,-0.322383433497061,1.60794292083945,0.108801453251385,0.146467906179653,-6.17958020463707
"SP140L",-0.142493164273824,0.0696085045829539,-1.60745959304306,0.108907399031019,0.146579625382179,-6.18035106257711
"FASTKD2",-0.150570938287793,-0.0777389480136405,-1.60714576211409,0.108976234862933,0.146641361348752,-6.1808514683502
"PIAS1",0.138663108266079,0.0503719959982235,1.60695198690515,0.109018754871714,0.146667667479118,-6.18116039634515
"GIT1",0.0940956250568005,-0.021879297532703,1.60460167260371,0.10953553341648,0.147331868730615,-6.18490448768732
"FGD3",-0.215272128323323,-0.379811976863223,-1.60443836189444,0.109571513737218,0.147349223928419,-6.18516444400914
"LRPAP1",-0.134142799058924,0.383186760328974,-1.60424021886842,0.10961518085143,0.147376906661694,-6.18547981108219
"UQCC1",-0.217286222578345,0.182922125121392,-1.60326302897557,0.109830737859502,0.147635633943773,-6.18703455861134
"P3H3",-0.20820808980571,0.337915301399987,-1.60243543955614,0.110013557765349,0.147844046412193,-6.188350556476
"MRPL40",-0.141834292533567,0.200219182159403,-1.60235159891621,0.110032092177093,0.147844046412193,-6.18848383901393
"MGME1",-0.200011543915997,0.136818663719384,-1.60152990882456,0.110213872072996,0.14805713721567,-6.18978972687661
"PLCB4",0.236994590248565,-0.591027208710309,1.60139355759927,0.110244059665153,0.14806653785486,-6.19000636206508
"ZCRB1",-0.108438927061532,0.208867009152221,-1.60128850176945,0.110267323062531,0.148066636751685,-6.19017326265995
"ZCCHC17",-0.154794147693517,0.0506702362547805,-1.5989871283887,0.110777913600129,0.14872097946527,-6.1938267146253
"TBC1D10B",-0.0997798137534512,0.113034033498972,-1.59855109846615,0.110874863670744,0.148819845393672,-6.19451833327201
"PRKAR1B",0.193677097402874,-0.354479909121017,1.59623544606726,0.111390870898497,0.14948102368367,-6.19818824496603
"RNF113A",-0.122703179939265,0.213971729358047,-1.59531808428393,0.111595816495621,0.149724582543505,-6.19964065728172
"GAA",0.200317611780013,-0.147277855704803,1.59324232508908,0.112060660142939,0.150316662817786,-6.2029240664261
"DBI",0.261497678367951,-0.337086019697393,1.59198334603363,0.112343341321777,0.150643839140999,-6.20491345235068
"NTHL1",0.159371132837511,-0.0135696758767388,1.59194590805329,0.112351755988948,0.150643839140999,-6.20497258656727
"CAMSAP3",-0.144009388228706,-0.0672859380484375,-1.59107879371,0.112546790800305,0.150873663501984,-6.20634183195594
"PFKP",-0.225363484121159,-0.079739309284283,-1.58609029563747,0.113674036958215,0.152352797224643,-6.21420481257254
"ROCK2",0.1059972577789,-0.0931448683835648,1.58593829807016,0.113708523420602,0.152367035055728,-6.21444401273479
"MGMT",0.192362624802773,0.0141483783036825,1.58566324261886,0.113770951311956,0.152418699984649,-6.21487681298285
"COMP",0.433745341771611,-0.0326747865657075,1.58530475271658,0.113852356575778,0.152495761849453,-6.21544078651556
"BOLA1",0.122792658871144,0.0466550121047615,1.58504145324913,0.113912175502851,0.152543884351028,-6.21585492719953
"DNAJA4",0.185182282706273,-0.287247591810286,1.58347609322086,0.11426832256219,0.152988727104128,-6.21831566515586
"SLC25A35",-0.216372569731601,-0.285126208979642,-1.58074306062469,0.114892245729004,0.153791821589034,-6.22260623791015
"ATP6V1H",0.0954944613440595,-0.00445088631003133,1.57991254487432,0.115082376344036,0.154014037509258,-6.22390861371678
"ACBD6",0.116610636506257,0.13330878150698,1.57837244048214,0.115435611517847,0.154454396383372,-6.22632194887358
"RUFY2",0.104947376017984,0.0523868293471712,1.57677980661578,0.115801794902088,0.154911891986137,-6.22881515906669
"ST13",0.119749882862251,-0.0291483598157588,1.57519223556328,0.116167726477747,0.155368859145458,-6.23129797605915
"GGCT",-0.253131993315201,0.165861994503258,-1.57363869941791,0.116526696115208,0.155816325590702,-6.233725180475
"VPS37A",0.10365512515098,0.0629233529461118,1.57346899259781,0.11656596259393,0.155836195804489,-6.23399018305014
"PITPNC1",-0.163828534207496,-0.227179016441559,-1.57329415318117,0.116606427562863,0.15585765961668,-6.23426317089273
"SSH3",0.173956953941692,-0.100291070388033,1.57301703250397,0.11667058729109,0.1559107785378,-6.23469579571885
"NSD3",-0.152886952771119,0.0333859514981198,-1.57242509222446,0.116807728195001,0.156033650287446,-6.23561964730836
"NPC2",0.228022586781287,-0.00353763129309805,1.57240921106016,0.116811409298981,0.156033650287446,-6.23564442860205
"YRDC",-0.130597558674982,-0.0633613725188448,-1.57101555084807,0.117134803143857,0.156432904847004,-6.23781816428672
"THBS2",-0.442972377528097,0.135704476402788,-1.56940550821582,0.117509286380664,0.156900207766737,-6.24032703445679
"GRB2",-0.141231247699484,-0.0499651720595425,-1.56917275638507,0.117563500628033,0.156939776606731,-6.24068951339867
"OSTM1",-0.146508632871813,-0.121046165028076,-1.56888288959129,0.117631046076579,0.156997121488076,-6.24114086697931
"HYPK",-0.125267132800954,0.0783225777746808,-1.56805135498066,0.1178249820167,0.157223095125733,-6.24243519940027
"PDCD10",0.110757196908679,0.0619715880283676,1.56684176582331,0.118107540135692,0.157567205132969,-6.24431678894459
"PTPRK",-0.17943476495177,-0.110361223379937,-1.565485178156,0.118425071809577,0.157957819825392,-6.24642534170935
"GAPDHS",-0.224240902515536,0.102607568148171,-1.56473105141867,0.118601878199351,0.158160608250387,-6.24759670745611
"ARL6IP6",-0.167974108617273,-0.281408370220481,-1.56457228913742,0.11863912678558,0.158177244628508,-6.24784323798329
"MOCS3",0.145512120563987,0.0910683336840597,1.56336931984728,0.118921665258597,0.158520841894811,-6.24971044156552
"IFIT1",-0.273737113773724,-0.449225894180004,-1.56295369986377,0.119019403969911,0.158618011761194,-6.25035522232844
"GRN",0.159823974311798,0.031223535464798,1.56074183984862,0.119540617378852,0.159279391060929,-6.25378379613398
"SEC23A",0.118058198492552,0.256918917378892,1.5587817863958,0.120003993554448,0.159863446452149,-6.25681804972205
"RBX1",-0.0827076738868883,0.217588751726671,-1.5579746513637,0.120195218569815,0.16008478735258,-6.25806644001497
"PPP2R5E",-0.102157441287076,0.000586073456123731,-1.5576017269761,0.120283652071601,0.160169159223603,-6.25864302444664
"TAMM41",-0.161752299844434,0.0196817715046778,-1.55629714524431,0.12059341699643,0.160548158365765,-6.26065898920473
"P4HA2",-0.238617306101388,0.442890381625445,-1.55551506288882,0.120779418149146,0.160762264932728,-6.26186673977981
"RAB20",-0.171157245518757,0.0294913715088742,-1.55523896626113,0.120845135518355,0.160816213064755,-6.26229296614581
"LCP1",-0.176836162419235,-0.111246665053204,-1.5542126414034,0.121089670989129,0.161108053608166,-6.2638767096048
"LRRC15",-0.321887911587869,0.0939466677913125,-1.55214673885985,0.121583078697322,0.1617308244755,-6.26706152301941
"TXNDC9",-0.132559587783706,0.210723750540632,-1.55162161222916,0.121708748187405,0.161864269355672,-6.26787039737811
"RNF181",-0.128008358250418,0.135959090726398,-1.55118071888503,0.121814338350682,0.161970960093524,-6.26854931539861
"CPNE3",0.109412493536893,0.100837480283365,1.55106021746609,0.12184320991956,0.161975618433561,-6.26873483871895
"MGP",0.306916788531616,-1.14127236058044,1.55000532524332,0.122096186603603,0.162278133110742,-6.2703583385272
"FGFR1OP2",0.0834922177191296,-8.72567431587657e-05,1.54872550660402,0.12240365701569,0.162652934452691,-6.27232654302854
"FCGR2B",0.194479387456527,-0.119288435662575,1.54843912210238,0.122472542697292,0.16271060863966,-6.27276674796733
"IMPDH1",-0.152796956967458,0.150048185484396,-1.54731561243311,0.122743080715007,0.163036107835514,-6.2744929329027
"FAM210A",-0.206056445706086,0.125324925506971,-1.54712141607602,0.122789890160132,0.163064361204751,-6.27479117528269
"EAPP",0.116948466033451,0.190462809357624,1.54655570914472,0.122926329035411,0.163184671289485,-6.27565976493498
"ADGRE2",0.18119818346643,0.0769976318768686,1.54653386251657,0.122931600454569,0.163184671289485,-6.27569330209373
"PLD1",0.142609345992186,-0.115895165865388,1.54635919227333,0.122973753385597,0.163206696189366,-6.27596142479061
"EML2",-0.182418685808027,-0.285638980107876,-1.54544722923058,0.123194020379108,0.163465049900375,-6.27736082353761
"PCK2",0.175487837259507,-0.135469073273422,1.54475167867733,0.123362225073633,0.163654229606305,-6.27842759239887
"FCGR1A",-0.195335865677757,-0.0483902552245507,-1.54447812391039,0.123428428037652,0.16370804175746,-6.27884701483234
"ATM",-0.125636799924822,-0.0404385369761159,-1.53783478821606,0.125044751323636,0.165817390903721,-6.28901029774175
"S100P",-0.55211293257315,-0.874197732073989,-1.53739723371828,0.125151787433395,0.165924867683187,-6.28967817306524
"ARL8B",0.137705760038233,-0.126054634933143,1.53481216330583,0.125785621099424,0.166730577272125,-6.29362015489984
"UQCR10",-0.239266783083528,-0.0574394471453727,-1.53444275401012,0.125876401396049,0.166816277068031,-6.29418293423453
"TRMT10A",-0.149282063258371,0.00859184294991527,-1.53404630193815,0.125973884335638,0.166910822055001,-6.29478676351519
"PARP9",-0.159067407351721,0.293689669208678,-1.53306878413558,0.126214496958383,0.167194930099435,-6.29627494672819
"TSPAN13",-0.227715486089258,-0.250906754441295,-1.5273646672651,0.127625722872945,0.169029296939173,-6.30494030218176
"SERPINB8",-0.20763825327651,-0.0861075912964598,-1.52606787668839,0.127948268771526,0.169421338885565,-6.30690586625252
"VPS45",0.123778716218883,0.0282406437897021,1.5254157923055,0.128110699712064,0.169601247700918,-6.30789361791178
"CYTH2",-0.10236135451387,-0.0471116932116041,-1.52478016353162,0.128269186605425,0.169775861624303,-6.30885604264856
"FAM98A",-0.0953002631127726,0.124870132595155,-1.52440394670384,0.128363064149665,0.169864904579401,-6.30942549759542
"JTB",0.178214295986793,0.0435540622602505,1.52320734930476,0.128662008316945,0.170225222358825,-6.31123578807898
"ASPSCR1",0.114790319907574,0.0702147870716061,1.52129881920787,0.1291399379522,0.170822147052993,-6.31412023594622
"RTN1",-0.179517834526724,-0.584582486346131,-1.51999105612234,0.129468223963112,0.171220921707637,-6.31609465854292
"CDK6",-0.160124790559541,-0.279709716481676,-1.51961647398576,0.129562374652756,0.171309952817943,-6.3166598832553
"PLEK",-0.190069271841501,-0.0962054807560223,-1.51890298832979,0.129741855995035,0.17151174959178,-6.31773611549603
"PTP4A1",0.202510410602598,-0.298313073150772,1.51871333767822,0.129789596292907,0.171539344303501,-6.31802210347644
"GSTCD",0.138746937168132,0.0472860015667742,1.51851624928416,0.129839223390481,0.17156942080882,-6.31831927005507
"ENGASE",0.160699803026198,0.0229388006956675,1.51627710983231,0.130404081016592,0.172280169106339,-6.3216927364875
"METTL17",-0.147983599960912,0.0832957618924583,-1.51550308711085,0.130599785117842,0.1725030260607,-6.322857730049
"TMEM126A",-0.138418957937831,0.147832756795861,-1.5144367075758,0.130869783585202,0.1728239024181,-6.32446179353109
"OXSM",0.137393301937325,0.0301961605449313,1.51379811806519,0.131031677233979,0.173001914627575,-6.32542183602904
"NPLOC4",-0.0789813573277344,0.235311536899562,-1.51091267617284,0.131765133197602,0.173934334394602,-6.32975477216951
"IRF2BP2",0.144557548466209,-0.0223211894484219,1.51071444192909,0.131815639836444,0.173965039345947,-6.33005215216174
"SBDS",0.105884910758894,0.0192100295550813,1.50706291805154,0.132748682655819,0.175160227062907,-6.3355230818876
"ZNF598",-0.0938393006788976,0.121556770704545,-1.50637410679092,0.13292526327342,0.175356984710907,-6.33655363580088
"SCCPDH",0.193865138337581,0.0164163333689498,1.50293799070256,0.133808860653826,0.176486175433729,-6.341687584642
"DTNBP1",-0.0932710935188899,0.26250342022974,-1.50095132514096,0.134321810234575,0.177126137618291,-6.34465061316351
"PYM1",-0.122800724710604,0.268465771730523,-1.50076081250543,0.134371080029414,0.17715452116205,-6.34493455163836
"BRD9",-0.0901129480334799,0.0717893881084558,-1.50043565074362,0.134455204792478,0.177228836209739,-6.34541908794544
"DDX41",-0.0970466921021194,0.237882302814679,-1.50017623574816,0.134522349102098,0.177280742831144,-6.34580557814023
"LILRB2",0.207556124905512,-0.188783023402785,1.49869586009001,0.134906012731688,0.177749668033806,-6.34800985869276
"SUN2",0.12362016008955,-0.26664949772166,1.49849053117488,0.134959294105473,0.177783184003186,-6.34831542408183
"IFT27",-0.14405517183241,0.0739392404397699,-1.49795963740749,0.135097132938285,0.177928051528661,-6.34910529554838
"FAM177A1",0.15936929288477,-0.0673498217305078,1.49710414201247,0.135319479746765,0.178184136560754,-6.35037753308863
"QDPR",-0.180508390851208,-0.68371614998918,-1.49601344075046,0.135603369266881,0.178521136653409,-6.35199851384648
"AARS2",-0.120468340228995,0.0751583058915938,-1.49561636793871,0.135706834691148,0.178620519378062,-6.35258834700106
"RNF149",-0.134641225696205,-0.024835945992763,-1.49413992975661,0.136092088105083,0.179079683736141,-6.35478017211407
"CDC42EP1",0.132846560677784,-0.0239479314313221,1.49406455609599,0.136111778413703,0.179079683736141,-6.35489200970326
"HGH1",-0.117092332707226,0.0147062961262491,-1.49300291100699,0.1363893530352,0.179407914942264,-6.35646666132095
"KRT5",0.450011195697594,-1.69216515304577,1.49179059976298,0.136706856905354,0.179788523448133,-6.35826343328406
"PPP3R1",0.118564141989866,0.00788152485254921,1.48996814247552,0.137185235404256,0.180380504130184,-6.36096179593883
"SLC25A25",-0.161069464978532,0.0246879306128632,-1.48934451688834,0.137349228975495,0.180558951412092,-6.36188439972965
"ITPA",-0.201920220986636,0.0744334663885739,-1.48868191384663,0.137523638731836,0.180751015500776,-6.36286424997505
"GATB",0.129357703208022,-0.0325205205349562,1.48823865754178,0.137640407972964,0.180867257647124,-6.36351949246963
"SPG7",-0.128177598523606,-0.161115585007459,-1.48752595002173,0.137828321080376,0.181076919773292,-6.36457264688212
"MPC2",0.188311788710269,-0.0967311828831499,1.48551643645801,0.138359221016193,0.181737014233367,-6.36753938679071
"SCLY",0.153330692061617,0.0764591768655606,1.48495663171893,0.138507399182424,0.181894229489876,-6.36836514826269
"ARPC5L",0.0994502632481884,0.225043285356575,1.48428155738041,0.138686252084541,0.182091655266254,-6.36936053411064
"RARS2",-0.125231944472644,-0.0235155294405714,-1.48386190863319,0.138797523059888,0.182200284691074,-6.36997907408232
"METTL3",0.0876451796889071,0.064942062423387,1.4820588746692,0.139276388367761,0.182791313407637,-6.37263468666451
"CGN",-0.216912488690299,-0.278716676774824,-1.48149868769982,0.139425427520899,0.18289783437132,-6.37345911368213
"CHCHD3",-0.10639107211288,0.12989592493378,-1.48148494137836,0.139429086313997,0.18289783437132,-6.37347934027374
"PIK3CB",0.0924117726148703,-0.00354418551901275,1.48143084376879,0.139443485938854,0.18289783437132,-6.37355893869851
"BPNT1",0.147333432883116,0.0151266318301375,1.48101913634662,0.139553111316006,0.183004028702546,-6.3741646249496
"CDK5RAP3",-0.0922280777701368,0.168851434061741,-1.47892417102174,0.140111970464011,0.183699164561132,-6.37724407439329
"IRAK4",0.0954467913456851,0.128891934502947,1.47867444043643,0.140178704547388,0.183748928050723,-6.37761087357168
"PLS1",-0.194997209912802,0.0690441084912286,-1.47743601952172,0.140510003699112,0.184145396883997,-6.37942893770526
"CD9",0.204185110226858,-0.628176281211826,1.47432308749965,0.141345438321895,0.18520226219686,-6.38399223976294
"CTHRC1",-0.311280090004651,0.655959134230031,-1.47389211447386,0.141461402483424,0.185316178673915,-6.38462326216816
"USP13",-0.15322536248578,-0.137665527527852,-1.47344615197417,0.141581477241579,0.185435432243586,-6.38527604019052
"FRYL",0.121193320924048,-0.164464787376166,1.47187487575724,0.142005168007618,0.185934612979165,-6.38757444362733
"EEF1A2",0.407025086863707,-0.670163838245389,1.47174246545931,0.142040916762327,0.185934612979165,-6.38776801783268
"CISD3",-0.224645932604715,-0.10595301237168,-1.47170894660547,0.142049967441248,0.185934612979165,-6.38781701722788
"PCP4L1",0.410294570504199,-0.817602162941019,1.47010550546018,0.142483444625198,0.186463782318486,-6.39015971432815
"CTDSPL2",-0.134021620619141,-0.0286864185689778,-1.46787042961458,0.143089380269442,0.187218379717292,-6.39342105164323
"DNAJA3",-0.158319400268253,0.235643529820917,-1.46307590976235,0.144395886971991,0.188889108444205,-6.40040050962156
"ARHGEF35",0.165875472214309,0.0344502856295321,1.46219668225156,0.144636469955161,0.189165067731197,-6.40167796927977
"THYN1",-0.138435616530441,0.1771598322729,-1.46179063750924,0.144747680058212,0.189271746297703,-6.40226766967523
"TELO2",-0.147915976535581,0.0348814291912182,-1.4579924749668,0.145791134251221,0.190596098436634,-6.40777592690384
"PPP3CA",-0.102964376628029,-0.0192526029076084,-1.45788699623147,0.145820194340322,0.190596098436634,-6.40792869477009
"BTN2A1",0.164400264248788,-0.279257268463221,1.45720447544379,0.146008341000938,0.190802958921611,-6.40891694540815
"SMAD5",0.0960346528990947,0.0137341304135798,1.45584903942345,0.146382539722423,0.191252816887185,-6.41087818387942
"ABCB1",0.231532823276602,-0.510966360307811,1.45399264990775,0.14689623347317,0.191884707595374,-6.41356134964297
"LRCH4",-0.0997250358718932,-0.100159621578048,-1.45272669981714,0.14724733631133,0.192303997207576,-6.41538917485055
"HLA-E",0.174553243699208,-0.301527376067448,1.45105165969898,0.147712887657476,0.192872553720446,-6.41780524335255
"GNL1",-0.0892223010066961,-0.0203119784090459,-1.4507726951792,0.147790531153539,0.192908763469548,-6.4182073528864
"PITRM1",-0.15613989425481,0.227381332417895,-1.45073492954313,0.147801044775729,0.192908763469548,-6.41826178377186
"BLOC1S5",0.120188408728063,0.160826571710521,1.45043644414107,0.147884160698582,0.192977798091242,-6.41869193582197
"LRBA",-0.15367200816416,0.134900701431413,-1.45028531308361,0.147926258168916,0.192993289417354,-6.41890969986166
"RTF1",-0.0925851381711014,0.125891946499844,-1.44741270235012,0.148728172324059,0.193964779614178,-6.42304457125144
"MKRN2",0.0954006707439638,0.106253478074163,1.44740028413385,0.148731646200629,0.193964779614178,-6.42306242861353
"ENG",0.120240765382759,0.0395054793037293,1.44700355462071,0.148842660223418,0.194069917403823,-6.42363284498652
"PITPNB",-0.124110401822909,-0.0624409189924219,-1.44627998993119,0.149045293859706,0.194294446977179,-6.42467278629807
"PNKD",-0.129185543458383,-0.0247204037909894,-1.4458874924395,0.14915530088668,0.194398162106849,-6.42523668735159
"ZNF414",0.100160467544501,0.00697849717600242,1.44565582667453,0.149220260096267,0.194443134839728,-6.4255694505768
"PON3",0.287146335533948,-0.465433259373135,1.44213129943501,0.150211216642752,0.195694474242802,-6.43062556515892
"FTSJ1",-0.0931710452858804,0.0263747832903631,-1.44155785230113,0.150372922843351,0.195865179998938,-6.43144705166033
"ZNRF2",-0.134252179823295,0.0426377766480298,-1.44138052073962,0.15042295550309,0.195890387698803,-6.43170102107322
"CYB5R2",0.182354394620991,0.00283302712636568,1.44070014929682,0.150615035084024,0.196100529977874,-6.43267514417904
"POLE3",-0.172685809985151,0.00216440605073214,-1.43957462215067,0.150933201407103,0.196474717835749,-6.43428562268908
"PGPEP1",0.156323739360064,0.0523805074185267,1.43783662767155,0.151425511591906,0.19707539574283,-6.43677001835353
"GLTP",0.133842793813335,-0.150739999546222,1.43731614334541,0.151573184580398,0.19722738609045,-6.43751345380296
"VDR",-0.141283965309842,0.162283796228752,-1.43615666909683,0.151902549340841,0.197615684095613,-6.43916863690323
"AHCY",-0.158404992100473,0.182249797469231,-1.43591995766585,0.151969857748998,0.197662974481025,-6.43950638718642
"PTPN12",-0.10629076425268,0.0511373633446531,-1.43337797250912,0.152694104458423,0.198564532987175,-6.44312993787654
"CD151",0.16632328451475,-0.463088866796494,1.43220249649892,0.153029904599502,0.198960688427574,-6.44480341215331
"SDHAF3",-0.20015059462483,0.0617920276230651,-1.4315247607473,0.153223770781999,0.199172185757953,-6.44576765890769
"HLA-F",-0.204303330367771,-0.490968864081479,-1.43068928372283,0.15346301699264,0.19944257347812,-6.44695571129431
"ZNF787",-0.112624308824417,0.219210253485278,-1.42836277439523,0.154130737074225,0.20026958816014,-6.45026040908364
"MPST",0.172037779242942,-0.143393884122036,1.42814464284454,0.154193455493515,0.20031031807245,-6.45056998238023
"TDRD7",0.116616477407959,-0.110947546587249,1.42799837253222,0.154235522873227,0.200324209427492,-6.45077754372171
"TAOK2",0.115728430071943,-0.192742081756196,1.42411866948768,0.155354527127344,0.201736558004492,-6.45627527709528
"DUS2",-0.118447110477564,0.0698903104933599,-1.42336199306418,0.155573491420107,0.201952276923796,-6.45734580374094
"RNPEP",-0.13215372264697,-0.0495783297421773,-1.42332601795029,0.155583907625396,0.201952276923796,-6.4573966864262
"MEMO1",-0.0996096397031897,-0.00250927719260911,-1.42164935278993,0.156069958011141,0.202542008516491,-6.45976672826264
"NT5C3B",-0.121816094080746,-0.0788215013499725,-1.42125717867723,0.156183812635289,0.202648576239853,-6.46032068585139
"CNN2",-0.168065896944436,0.370002258999125,-1.41970054400513,0.156636353678927,0.203194457179997,-6.46251798964982
"SEC23IP",-0.0785526121100619,0.287223791859334,-1.41738615437259,0.157311032971472,0.204028223750325,-6.4657805226249
"NCDN",-0.106001009759254,0.021589814754171,-1.41527168500645,0.157929364402214,0.20478858483106,-6.46875663660701
"MPDU1",-0.192295318758226,-0.307458377758653,-1.41151710869644,0.159031864848402,0.206135860954105,-6.4740303825748
"LACTB",0.134397154660139,0.0377666867603799,1.41151349461437,0.159032928905234,0.206135860954105,-6.47403545231215
"FAP",-0.255552430308561,0.526601169186436,-1.41053663434121,0.159320734249626,0.206466995775089,-6.47540529547205
"PPP6R1",-0.0895440538703871,-0.0964473675827113,-1.40726326503711,0.160288029408261,0.207678382258877,-6.47998868395488
"BLOC1S4",0.0968339707707319,0.157029901488515,1.40562095219367,0.160775017014884,0.208267089397451,-6.48228429507646
"TRAF2",0.116531467459072,0.188329937981333,1.40431040790913,0.161164431770789,0.208729188003345,-6.48411426276015
"CTNND1",0.0964938601195604,-0.0882692544283675,1.40161676510736,0.16196706657476,0.20972616509427,-6.4878702124359
"TTC1",0.104352930784909,0.181962971164031,1.40071979301772,0.162235012284247,0.210030525838385,-6.48911934686816
"SSU72",-0.0832423777107733,0.125335186380639,-1.40024774852829,0.162376157457281,0.21017063964418,-6.48977640451886
"HTRA3",-0.233198866581055,0.283033994286015,-1.39814027015706,0.163007446335092,0.210935351738369,-6.4927072184875
"GPHN",0.164659485879362,-0.0627698275976734,1.39805495923784,0.163033040067166,0.210935351738369,-6.49282576623923
"APOO",-0.148600922430485,0.0983007032704345,-1.39200817410241,0.164854872682611,0.213249262981862,-6.50121014668818
"BCAT2",0.172272984186312,-0.27337000465915,1.39060336196713,0.165280323630602,0.213756302690174,-6.50315289635205
"TNK1",0.109680779728779,-0.122811537509409,1.3892378228722,0.165694675775704,0.214248785910869,-6.50503947614277
"ARAF",0.0924193851388452,0.0442943057600338,1.38906150184415,0.165748234899245,0.214274646655534,-6.50528294140403
"DGKA",0.128560453896798,0.0521802220895938,1.38725614626609,0.166297381185977,0.214941048354749,-6.50777403111324
"TSR3",-0.110329681234268,0.267685409050316,-1.38712749032351,0.16633656766562,0.214948185497872,-6.50795143263531
"CYP51A1",-0.186569234123989,-0.324300673170143,-1.38701054362317,0.166372193754297,0.214950719773611,-6.50811267436997
"B4GAT1",-0.125805888116271,-0.287539562041636,-1.38684343343556,0.166423111411683,0.214973005535828,-6.50834305632529
"VAV2",-0.145066260154593,0.127262282117716,-1.38665073834496,0.166481839273857,0.215005368884218,-6.50860867615817
"PPIC",-0.180126742613509,0.498285553831375,-1.38603502648018,0.166669595260769,0.215204320675432,-6.50945715737792
"TRAPPC3",-0.0841823146090332,0.0332611720057777,-1.38419711378805,0.167231001804535,0.215885553279814,-6.5119876760712
"PROSER2",0.158874927941978,-0.163389105638706,1.3840855114255,0.167265137634588,0.21588597206324,-6.5121412282064
"MRPL16",-0.129972928456061,0.168717942152277,-1.38325328163359,0.167519857725581,0.216171037101422,-6.51328589568447
"INPP1",0.13402472296799,-0.192063001724816,1.38232326250575,0.167804854333101,0.216495048477845,-6.51456425961883
"SYNJ1",-0.130277802508152,-0.137417164918034,-1.3820743613515,0.167881190026526,0.216515214551699,-6.51490624418083
"CRABP2",0.396746831581897,-0.273941987425858,1.382035666384,0.16789305976932,0.216515214551699,-6.51495940472441
"BRD7",-0.0985145466378264,0.178316813265365,-1.38194063021928,0.167922214950668,0.216515214551699,-6.515089962595
"MAPK13",-0.138311369686553,0.222616734098468,-1.38027365639051,0.168434230123671,0.217131548423105,-6.51737855881973
"TBC1D10C",0.138059042253886,-0.184952705535589,1.37928742796444,0.168737706363258,0.217478856505733,-6.51873127084962
"DHX40",-0.103950206090717,0.0753855186228566,-1.37914296683055,0.168782193654735,0.217492291924417,-6.51892933365036
"SDS",-0.235209272190246,0.189979140884833,-1.37900068814301,0.16882601749537,0.217501446000399,-6.51912438417249
"PRDX1",0.103329327539594,0.0689698029321291,1.37889873283724,0.168857426440717,0.217501446000399,-6.51926414294603
"GMFG",0.140982343259394,-0.0404836203271238,1.37496844120907,0.170071574933997,0.219021179095113,-6.52464393960632
"NDUFB4",0.13522421287712,0.0361848840401775,1.37313508113337,0.170640181014829,0.219709125989047,-6.52714825681567
"CASP1",0.180802903229414,-0.0496226729918255,1.37166287407894,0.171097812267104,0.22025393776723,-6.52915685793023
"ATF7IP",-0.124038775474703,0.197748212947856,-1.3714384507979,0.171167654606072,0.220299430489774,-6.52946286201888
"SAMD9",-0.156694095305112,-0.0327997285790443,-1.37084742839951,0.171351688153074,0.220491843784235,-6.53026849196939
"NDEL1",0.0960857047258065,-0.129700774995083,1.36946590723274,0.171782448946486,0.221001599138286,-6.53215032134291
"LRRC40",0.0927204817931849,-0.109042507349838,1.36884348390775,0.171976787469599,0.221207048346775,-6.53299753792074
"MRPL13",-0.115930740132025,0.156415142629195,-1.36703314504688,0.172542966813388,0.221890602840581,-6.53545953091183
"NEDD1",-0.0853976706130805,0.00815734601061957,-1.36436392549489,0.173380312084158,0.222922531747352,-6.53908369273568
"BAZ2A",-0.100332226293528,0.115058387569028,-1.36312177944501,0.173771017075551,0.22337989611987,-6.54076784200743
"RANBP6",-0.16313792583764,-0.0631617036295458,-1.36116731362005,0.174387112583294,0.22412675399443,-6.54341471079726
"MTCH1",-0.139752141320552,-0.183746882472537,-1.36094914932345,0.174455984839306,0.224163824177862,-6.54370993053881
"NDUFAF1",-0.139950297849191,0.0111665657188905,-1.36075683668302,0.174516712906392,0.224163824177862,-6.54397012903739
"RBL2",0.0893093846764175,0.0126386952590273,1.36074237711017,0.174521279559617,0.224163824177862,-6.54398969133186
"GMEB2",-0.0995993685249473,0.152218351238826,-1.36061620284408,0.174561131989418,0.224169917086169,-6.54416038323623
"CRLF3",-0.124172369061939,-0.112031103974626,-1.36023766772657,0.174680734122807,0.224278400839357,-6.54467238170129
"LYRM1",-0.182339132715001,-0.0839497162123276,-1.35985752763028,0.17480090519865,0.224387571309485,-6.54518640925612
"SIRPA",0.143611079480627,-0.101845533033164,1.35925246662868,0.17499230681421,0.224588116383665,-6.54600428308028
"PTP4A2",0.155162088727855,-0.0860423393771721,1.35831641987283,0.175288720104095,0.224923327545145,-6.54726884825554
"C17orf49",0.100071204294035,0.212933232049117,1.35805565843419,0.175371361117851,0.2249841552617,-6.54762097407363
"KRT15",-0.369352181413626,-1.0614606586279,-1.35785364644046,0.175435403215461,0.22502110275828,-6.54789372013247
"CPT2",0.15166115823648,0.0165237682008914,1.35483020611403,0.176395993240579,0.226207755943181,-6.55197101742566
"MAD2L1BP",-0.102792485647727,0.208330072512083,-1.35442116466981,0.176526253404312,0.226329342969183,-6.55252194499526
"RPL38",-0.122631272270294,0.227598964292839,-1.35394169835023,0.176679032196405,0.226479747153995,-6.5531675166038
"LSS",-0.145350333607447,-0.296030540197044,-1.35350797039427,0.176817322011196,0.226611521686368,-6.55375130961766
"C5orf24",0.109507572671122,-0.0313614203445391,1.35294858796638,0.176995795104081,0.226794732438201,-6.55450395902932
"RBKS",0.213092035644413,-0.357405086423507,1.35091667482142,0.177645219078605,0.227581204618156,-6.55723531070447
"RPRD1A",-0.120790441164145,-0.0749087481702353,-1.34831945031891,0.178477916361306,0.228602105509917,-6.56072065745788
"TBL1X",-0.083778844855646,0.139749617314956,-1.347667564761,0.178687374966781,0.228823610752831,-6.56159441416026
"ADK",0.143464223726411,0.172000989939948,1.34755201610806,0.178724521285753,0.228823610752831,-6.56174924652939
"PSTPIP2",-0.153473698563473,0.0449408884241215,-1.34744675145004,0.178758366552094,0.228823610752831,-6.56189028716733
"EXOG",-0.141680792431443,-0.133479943809095,-1.34565146410267,0.179336334727055,0.22951743780963,-6.56429405557367
"TOR4A",0.131365336139248,0.106010901415811,1.34553466793444,0.179373983951314,0.229519616739307,-6.56445032793102
"EFCAB14",-0.111534017267333,0.000788551024643809,-1.34336626635546,0.180074040351448,0.230369214114205,-6.56734919548307
"STX3",-0.138251143894902,-0.178876680990617,-1.34263374969183,0.180310989504793,0.230626135414283,-6.56832742887255
"FCN2",0.208780844165271,-0.152810953399617,1.34217221698145,0.180460402177922,0.230696660254411,-6.56894350794034
"PDE4DIP",0.0849887862043029,0.147505863880156,1.34216201595297,0.180463705615256,0.230696660254411,-6.56895712246368
"TUBGCP2",-0.0671887976375458,-0.0308226690503804,-1.34212861830368,0.180474521217037,0.230696660254411,-6.56900169500587
"NDUFA8",0.133630786864128,-0.0887143376947001,1.34157111653866,0.180655135803072,0.230881313471301,-6.56974557551035
"SPIN1",0.109872597547097,0.0871552250716716,1.34141849956482,0.180704602828486,0.230898316802058,-6.56994916065486
"UAP1",-0.15658771059487,-0.106703305796585,-1.34072192256299,0.180930509384612,0.231140716770858,-6.57087807653975
"GORASP2",-0.0902329857477845,0.270308121788578,-1.34040243201637,0.181034193644812,0.231226910666558,-6.57130397149999
"ACOT11",-0.164359723773196,-0.101724959388147,-1.33853654828133,0.181640614082604,0.231955064183485,-6.57378927119021
"PARD3",0.109245768299722,-0.184023140384785,1.3380803575429,0.181789108172687,0.232098271482225,-6.5743963822141
"RABEP1",0.134261069298654,-0.117310335980742,1.33701636811848,0.182135797630079,0.232452688882645,-6.57581157270834
"GOLT1B",-0.146264695248484,-0.178754576928422,-1.33700496807822,0.182139514875469,0.232452688882645,-6.57582672963811
"CASTOR2",0.122371828121565,-0.0143315525099935,1.33481385266106,0.182855028401355,0.233319215895813,-6.57873755465504
"CAP1",0.0984640778543481,0.137270251685856,1.33424835937814,0.183040030795422,0.233497932319959,-6.57948802720027
"GNG10",0.13662957054717,-0.196838938601697,1.33416220047898,0.183068230100817,0.233497932319959,-6.57960234203496
"TWF1",-0.0853815360428301,0.236951678491366,-1.33280379892901,0.183513254566346,0.234018799761558,-6.58140369148441
"AGFG2",-0.136614766707638,-0.309290918815867,-1.33191900091263,0.183803554943883,0.234342192155889,-6.58257602834012
"TTC39A",-0.245643163818612,-0.474640117727538,-1.33058950607515,0.184240401594113,0.234852258769897,-6.58433613003817
"RETSAT",0.1578390317706,-0.252290453700795,1.32916245016082,0.184710163666289,0.235404070860131,-6.5862234565184
"MTG2",0.131396277683655,0.0382955357049371,1.32845336899803,0.18494391176554,0.235654934468764,-6.58716049359407
"MICALL2",-0.117988937504925,0.245040345784458,-1.32663760069522,0.185543480707525,0.236371732705018,-6.58955774098242
"GPRIN3",-0.138175724415967,-0.0677969021451114,-1.32591675548018,0.185781904666425,0.236584617276851,-6.59050852908764
"YPEL5",0.0996650131491974,0.0880659327017254,1.32590832642165,0.185784693974336,0.236584617276851,-6.59051964391288
"PIGK",-0.127902658630638,0.0655636881460065,-1.32418182539361,0.186356676142682,0.237265678399008,-6.59279478951451
"COBL",0.178245342281571,-0.582506654662052,1.32359691008968,0.186550752156215,0.237465421155788,-6.59356491304167
"FDXR",0.178002584209085,0.0643501738633559,1.32144035494411,0.187267597442606,0.23833039857904,-6.59640141331643
"IQGAP3",-0.167419642142637,-0.162716545643752,-1.32092845561784,0.187438053950408,0.23846613566415,-6.59707403843433
"CFAP36",-0.103276174100928,0.0550394862243151,-1.32089575044687,0.187448948300449,0.23846613566415,-6.59711700358803
"STX17",-0.10054648337775,0.0890701602292386,-1.31893880430614,0.188101677487464,0.239248846764434,-6.59968595005212
"BRD3",0.107163799922866,0.0859436177468979,1.31866729944442,0.188192369437225,0.239316526360621,-6.60004206554954
"RHOT2",-0.110809352214243,0.160747826504537,-1.31796792899721,0.188426132439166,0.239566080371182,-6.60095905075278
"MCRS1",-0.100945876592659,0.234460135669386,-1.31735695499134,0.188630525156565,0.23977820090079,-6.60175974030057
"BOD1",0.102514535390998,0.185676938656498,1.31712970303713,0.188706590981013,0.239827146380129,-6.60205746326852
"PLP2",0.148264823331141,-0.216769938245626,1.31560655713673,0.189217005349976,0.240427975952159,-6.60405162597055
"HEXB",0.133784742955437,0.152866475373528,1.3105931412684,0.190904247666493,0.242523601542092,-6.61059926090197
"POFUT1",0.130366072680089,0.307229864918509,1.31040199532916,0.190968796410652,0.242557343362246,-6.61084841223881
"RAB4B",-0.110390383180815,-0.209485176864357,-1.30965576681435,0.191220947410761,0.242829305731446,-6.61182074797018
"SRA1",0.107148993351124,0.101206217903871,1.30916728592182,0.191386138581001,0.242990752602842,-6.61245694171337
"CHMP6",0.0933367879175669,-0.164953878735561,1.30800102406858,0.19178096361219,0.243443628760205,-6.61397492230493
"CS",0.101919981982473,0.0727671647731357,1.30683309016665,0.192176957455844,0.243897808259901,-6.61549373739071
"TUBB3",-0.181143064272923,-0.156351490691773,-1.3060772157745,0.192433562152468,0.244174939257454,-6.61647598260872
"LSP1",-0.160344980643386,0.064794041982528,-1.30466378146245,0.19291407441421,0.244736015325795,-6.61831120592716
"FGR",0.187790978754496,-0.168691313126133,1.3038510015086,0.193190788487319,0.245038375941901,-6.61936564038986
"ACOT9",0.125813749168309,0.12363919972769,1.3035761883782,0.19328441590511,0.245108440030611,-6.61972201342275
"AIFM1",-0.13208104951284,0.200997583670336,-1.30196709563008,0.193833297531853,0.245711137517268,-6.62180716556845
"RNF2",-0.0904436534195356,0.185510053674286,-1.30195728277057,0.193836648343693,0.245711137517268,-6.62181987379922
"DYM",-0.119722468234446,0.0427489242628112,-1.30176932219171,0.19390083977052,0.245743720114087,-6.6220632755145
"WIPF1",0.11263259226067,-0.0317886962939354,1.30039917686799,0.194369239171777,0.246288468369081,-6.62383651006206
"LRRC14",0.110189918199198,-0.0359756594851673,1.2974738366542,0.195372089764763,0.247510078005557,-6.62761628333389
"DDR1",-0.116442453666055,-0.0785952864263576,-1.29650495681402,0.195705075018135,0.247882742311206,-6.62886629600455
"PLAU",-0.225387294720814,0.205003144921161,-1.29588864671509,0.195917106211202,0.248102087100064,-6.62966095534567
"CMC4",-0.19532705150912,-0.0292149743106104,-1.294345355981,0.196448791453786,0.248726062548567,-6.63164920621793
"UBE2R2",-0.076489162392605,0.199997927301066,-1.2942111778333,0.196495067821697,0.248735330698164,-6.63182195966649
"ASMTL",-0.132109614955658,-0.0933950872899352,-1.29225387825777,0.197171028139173,0.249541529171183,-6.6343399539522
"KRT8",-0.220252317015386,0.116195614111904,-1.28944591524779,0.198143752061492,0.250722920513798,-6.63794570726228
"STK10",-0.0934542481041923,-0.0216671540742736,-1.28870864018211,0.198399739557576,0.250997094724613,-6.638891167738
"RASSF5",0.117743158684465,-0.182394765205642,1.28852449621269,0.198463713639881,0.251028290727148,-6.63912722515254
"ELOF1",-0.170684800992023,0.127125196298687,-1.28776780777662,0.198726756404561,0.251311217992299,-6.6400968868929
"SUDS3",-0.0791592577531194,0.120126958438212,-1.2856570162042,0.199461870438799,0.252190899554798,-6.64279878956123
"MCTS1",-0.0827410349244141,0.293674745126729,-1.28393035555882,0.200064687643167,0.252902995565556,-6.6450057254028
"GCFC2",-0.0826559430471034,0.062639134836017,-1.28276060471145,0.200473833383519,0.253370036847539,-6.64649917699868
"MALT1",-0.0941205530975238,0.0440799146004734,-1.28138518046244,0.200955702283191,0.25392878667686,-6.64825349318161
"RMDN3",0.108246866200759,0.00712059486314196,1.28111552345699,0.201050273910725,0.253998021155517,-6.64859721487551
"TP53I3",0.14179812781044,-0.0231679176271258,1.28078003686264,0.20116797821528,0.254096447261042,-6.64902474709605
"ULK3",-0.105425658470026,-0.165501887099598,-1.28066558834073,0.201208143630509,0.254096913979588,-6.64917057087302
"ARHGAP18",0.0984619271261066,-0.0731857801667735,1.27917123599027,0.201733122140178,0.254709508575249,-6.6510734053214
"AMPD3",-0.148665245531834,0.128494885665816,-1.2781392414981,0.202096255660468,0.255117554842247,-6.65238621202149
"ELOB",-0.0973388402455874,0.301321275332599,-1.27718627064843,0.202432007537549,0.255490881226972,-6.65359756055765
"ACSL1",0.175122353828383,-0.107795142865905,1.27686892589507,0.202543905409416,0.255581588150024,-6.65400074800209
"ENSA",0.132904861407585,-0.0326407465174463,1.27642836394663,0.202699325525846,0.255727167255983,-6.65456031879046
"XPNPEP1",-0.0877148680752281,0.084157632263374,-1.27603536341393,0.20283804070597,0.255851617919323,-6.65505931905807
"PSMG3",-0.109942097509687,0.115647867529732,-1.27500131474028,0.203203354831066,0.256261785620454,-6.65637154352361
"RANBP10",0.0785597782189363,-0.0994672853844809,1.27201777895429,0.204260091141477,0.257543578581819,-6.66015179424659
"PGK1",-0.117882208173553,0.232961795713651,-1.27101750975143,0.204615273145017,0.25794047759742,-6.661417209552
"LCMT1",0.100531274293186,0.117649724939934,1.27054482140126,0.204783275267162,0.258099839307714,-6.66201485266122
"SLC27A3",0.145079494855238,-0.454060820893579,1.27043440170929,0.204822534968236,0.258099839307714,-6.6621544299855
"STBD1",0.14674252726511,-0.289470960588741,1.2691740528839,0.20527104133109,0.258613969790649,-6.66374673781176
"MTHFR",-0.099922215782518,-0.0539550675164222,-1.26866070437753,0.205453926351654,0.258793316187672,-6.66439484688147
"TRIM16",-0.158209912640762,-0.0495917406753465,-1.26791680329399,0.205719158847245,0.259076297680406,-6.66533357077842
"PHRF1",-0.0819832887846924,0.197546053909274,-1.26763668662205,0.205819097143302,0.259151042252018,-6.66568690685448
"PDIA5",-0.121874605539584,0.212094625196975,-1.26673551110033,0.206140853333839,0.259504997739859,-6.66682311524283
"MYCBP",-0.0921761349840622,0.205369569201297,-1.26661260515624,0.206184764161773,0.259509110816661,-6.66697801390552
"NDUFA3",0.128428967386889,0.0967803168576365,1.26452150256534,0.206932902188829,0.260360885911981,-6.66961115467677
"ACTR3B",-0.131647934890928,-0.0778464646969378,-1.26449312336336,0.206943069068646,0.260360885911981,-6.66964686046428
"ACAD9",-0.108318409252445,0.085968191481098,-1.26312675102491,0.207433004417549,0.260925873366046,-6.67136504667563
"VPS37B",0.10190645537784,0.0682802498322708,1.25992819081172,0.208583205397369,0.262321009742407,-6.67537997869387
"PPME1",-0.107835019945089,0.221288172022679,-1.25958173902409,0.20870806748974,0.262426351107127,-6.67581425056349
"SMS",-0.128665759482392,0.0474082112121238,-1.25616706784012,0.209941635510744,0.263925446492636,-6.68008815870376
"MAOA",0.263518951122673,-0.861904805699384,1.25535973930456,0.210234060603127,0.264223398698611,-6.68109695643662
"THEMIS2",-0.140103441551826,-0.101406261480233,-1.2552842808008,0.210261407797595,0.264223398698611,-6.68119121281695
"PDP1",0.114128823719928,0.0397142496170057,1.25474279507924,0.210457725499978,0.264418059291098,-6.68186742635212
"RBM6",0.104453408983366,-0.0486983178500341,1.25349912232442,0.210909128114844,0.264933067679182,-6.68341944494764
"MXRA5",-0.199681598755105,0.490795185196947,-1.25333191931965,0.210969869608252,0.264957241827043,-6.68362798661386
"FAHD2B",-0.151117722265403,-0.0549712176809959,-1.25213154211154,0.211406315716673,0.265422198994958,-6.68512433168449
"MRPL28",-0.148336491510924,0.189822098105603,-1.25208506662456,0.211423226951975,0.265422198994958,-6.68518223771978
"DHX32",-0.139820966373689,0.0265812224448601,-1.24843832555691,0.212753246904958,0.267039410553992,-6.68971924933869
"NKIRAS2",0.107919327833209,0.236056883887978,1.24818962829339,0.212844171017015,0.26710102829081,-6.6900281830202
"DUS1L",0.0875555873671803,0.0826911586955941,1.24291457734821,0.214779381279392,0.269476586651389,-6.69656653047975
"BICD2",0.0863757838237989,-0.0325782034218123,1.24079484876437,0.21556060481633,0.270403627063314,-6.69918617610869
"MED29",-0.0887074964753117,0.109357374876995,-1.24019392996728,0.21578244636149,0.270628740918899,-6.69992800974493
"SCYL3",0.116466809121433,-0.0208212974141296,1.2399974377543,0.215855021328862,0.270666596854828,-6.7001705019395
"LLPH",-0.121711104093474,0.236016614500105,-1.23912637021716,0.21617696529572,0.271017067232117,-6.70124503308447
"GNS",0.122812895739968,0.117698385389789,1.23807008188939,0.216567832012687,0.27145379022399,-6.70254704519336
"EPX",0.320259058632588,-0.779259041246549,1.23774631402444,0.216687740637003,0.271550779973948,-6.70294591072633
"ZBED1",0.105023274966427,-0.0162956794823026,1.23603103341063,0.217323801827677,0.272277180161164,-6.70505732487349
"SGF29",-0.0790878235591019,0.131956489731981,-1.23595327456319,0.217352668329124,0.272277180161164,-6.70515297291259
"NR2F2",0.137880988500516,-0.191267818256623,1.23336787170053,0.218314027962929,0.273393888488778,-6.70832977864279
"CDKN2AIP",-0.0880087844315165,0.1471670817179,-1.23332566537807,0.218329747439981,0.273393888488778,-6.70838158485227
"PPM1H",0.225258480680181,-0.270422362785995,1.23313222075348,0.218401805117016,0.273430495229833,-6.70861900625166
"FBXO22",0.121256986131452,0.0204670527946675,1.2328083682659,0.218522477843685,0.273527939821982,-6.7090163992146
"RDH14",0.0817659380818244,0.0107845674822776,1.23167376224955,0.218945630175672,0.274003890370769,-6.71040783586214
"GIMAP7",0.16396713960674,-0.673704475218931,1.23141866691727,0.219040849550626,0.274069336543357,-6.71072050005512
"CEP170",-0.101744657805753,0.0540613391564221,-1.22996739642261,0.219583133389399,0.274694025605664,-6.71249806625024
"UBE2E2",-0.119826217482273,-0.0413805920941459,-1.22922303251231,0.219861648772512,0.274988565604797,-6.71340898300214
"TECPR1",0.085118977294192,-0.121733233880664,1.22812204782514,0.220274066130534,0.275450433263505,-6.71475531330206
"PARVG",-0.137682423903828,0.0198602862669119,-1.22640693514232,0.220917639546299,0.276201121696322,-6.71685024345995
"IL16",0.148146878182107,-0.217545950482295,1.22612794977875,0.22102245304768,0.2762780663096,-6.71719073674093
"GAPDH",0.1004239569958,0.070808780639637,1.22517720517643,0.221379912315551,0.276670726195888,-6.71835051551546
"RBM38",-0.188876116159042,-0.0912511356269965,-1.22449575024931,0.221636380460539,0.276937042904216,-6.71918124911195
"AHNAK2",0.223761424837511,-0.438494124237949,1.2237699449475,0.22190977513502,0.277224401142067,-6.72006554473101
"NADSYN1",-0.103875813772495,-0.115657609950366,-1.22121569863198,0.222873832223519,0.278374299441934,-6.72317341682438
"TNFAIP2",0.143704512307489,-0.126663464728845,1.22090442397524,0.222991523098698,0.278466824757518,-6.72355171951002
"SERPINB9",-0.137637352740631,-0.112831175914764,-1.22036307366422,0.223196310446843,0.278668056746792,-6.72420941333395
"MRPS31",-0.112489924647097,0.247319083385435,-1.22017319268114,0.223268172513791,0.278703280840774,-6.72444003383483
"COL7A1",0.196603248707072,0.0680819566966916,1.21845419194442,0.223919499680981,0.279461689887228,-6.72652623284272
"LYRM4",0.127949369430578,0.147876496456777,1.21798922995371,0.224095907448556,0.279627197392814,-6.72709001522238
"KIF16B",-0.128303239647758,-0.0165991609054071,-1.21761064014836,0.224239619090364,0.27971788576207,-6.72754891085012
"HIF1AN",0.0900861522239838,-0.0911300748120172,1.21756696275153,0.224256203166176,0.27971788576207,-6.72760184392508
"AKT2",0.0941232075880179,0.128972893732022,1.21699044354407,0.22447518698772,0.279936341585273,-6.72830035697923
"NUP43",0.0950218656537537,0.0530022358102686,1.21664358940562,0.224607009262807,0.280046036739508,-6.72872044892043
"UBE2G2",-0.124650543916781,0.0269028106202119,-1.21610798393266,0.224810675819774,0.280245248947532,-6.72936891367341
"NDUFB7",-0.117527601206991,-0.129104914654406,-1.21599064069149,0.224855313846328,0.280246179759673,-6.72951094492371
"DAGLB",-0.11884850239653,-0.133860349873121,-1.21437720842584,0.225469717626524,0.280957093490507,-6.73146245210884
"ZNF316",-0.107169167218648,0.164702799294913,-1.21414661913844,0.22555762553648,0.281011792985449,-6.73174114881696
"RHBDF1",0.120671863875552,0.0650950531053717,1.21204111886284,0.226361445819392,0.281949448834894,-6.73428348960103
"GDPGP1",0.0928691171243247,0.00708028677366807,1.21194402513475,0.226398562909397,0.281949448834894,-6.73440062244602
"MYO1F",-0.120364032588573,-0.0101582914799874,-1.21105723733686,0.226737766920957,0.282316817821823,-6.73547000346896
"SLC12A6",0.112541377267853,0.00164673042726793,1.20927318482687,0.227421285274904,0.283112674299135,-6.73761904919005
"C9orf64",0.0921211085760609,-0.0274558774115915,1.20894244801786,0.227548161360012,0.283215401614752,-6.73801710528104
"PITHD1",0.127161208353013,-0.371737030496878,1.2069172185402,0.228326178066108,0.284128366196083,-6.74045220299067
"MAP1S",0.0746075980443368,0.0843565649606145,1.20665773154055,0.228426000561593,0.28419719672365,-6.74076391279389
"ARL3",0.122898936380523,0.0326346491460223,1.20634722458544,0.22854549103881,0.284259956415088,-6.74113682321054
"IDUA",-0.141826774589978,-0.147261529067155,-1.20629528202123,0.228565484140182,0.284259956415088,-6.74119919553105
"FAM114A2",0.0849488747881256,0.0555532448198585,1.20491572043916,0.229096946177492,0.284865433562471,-6.74285479055639
"ACSL4",-0.125101554629981,0.131668496417264,-1.20475417707648,0.229159236851963,0.284887407963354,-6.7430485339539
"CASP8",-0.102768279313055,0.167373233392282,-1.20049731404098,0.230805036981038,0.286877586358561,-6.74814462732774
"VPS4A",0.0720541564042295,0.00546517177386227,1.19862519858735,0.231531504695506,0.287724534348152,-6.75038016461438
"C8orf82",0.139293701883893,0.0367752806997736,1.19789150731035,0.231816655449622,0.288022834217909,-6.75125533936026
"RIPK3",0.122103839026456,0.0554047904025243,1.19628894363475,0.232440366270678,0.288741583392662,-6.75316509061309
"VTI1A",-0.109548393142403,-0.0436106688971506,-1.19592266037423,0.23258308992362,0.288862678304282,-6.75360122906983
"GNE",-0.13547881605879,-0.145317380146501,-1.19411577980132,0.233288061824765,0.289666855391886,-6.75575076870952
"FSTL1",0.157505640350822,0.321794682780181,1.19403062982983,0.233321321422157,0.289666855391886,-6.75585198712719
"CYB5R4",0.07941327938258,0.0352154620487529,1.19059035224997,0.234667920538827,0.291282012566176,-6.75993548605623
"HOOK2",-0.100102327092825,0.0696512400267562,-1.18801443921808,0.235679802157353,0.29248115389207,-6.76298536415133
"GSKIP",-0.11340874942698,0.152955975191422,-1.18745007689109,0.235901911038332,0.292699903221871,-6.7636526938514
"STRADA",0.0704043235165553,-0.0232191020293521,1.18694824092017,0.236099537129553,0.292842088409485,-6.7642458252498
"PEX6",0.085377272203973,-0.0135136490821153,1.18692616481305,0.236108233536731,0.292842088409485,-6.76427191179683
"SUGT1",-0.0979158444679847,0.152421649205142,-1.18640657930705,0.236312978781189,0.293039108471138,-6.76488574852221
"CCDC80",0.208112093063394,0.392878760629664,1.18507124382557,0.236839752867011,0.293635305253566,-6.76646208726875
"CORO7-PAM16",-0.0666923370448831,0.218351041881685,-1.18450372655552,0.237063884026281,0.293856124928713,-6.7671314978729
"GCDH",0.130687914224781,0.117484385176836,1.18432321288014,0.237135206343812,0.293887479135333,-6.76734435473533
"SSBP1",-0.144006567060315,0.388741599690963,-1.18351764738876,0.237453677018602,0.294225058754856,-6.76829386378702
"RAB32",-0.103297032693827,-0.0698361254336357,-1.18317266194056,0.237590155671653,0.294337047722837,-6.76870029751406
"NUDCD3",0.100340407821898,0.154938495724885,1.18291313907282,0.237692861410237,0.294407161998906,-6.76900596876168
"SERPINB1",-0.153471994836575,0.109840155364011,-1.18149889750332,0.23825309868961,0.295043839242273,-6.77067052251232
"IDH2",-0.135739735398546,0.137335465112815,-1.18114943617038,0.238391678376959,0.295158205630576,-6.77108153215468
"NANP",-0.0922919041585658,0.154099697218249,-1.18089187668209,0.238493850756935,0.29522745969039,-6.7713843767171
"BAD",0.126197426114127,-0.100806841543952,1.18073612357609,0.238555652188201,0.295246722082121,-6.77156748314183
"TRIM38",-0.100088542654741,0.0295204584925777,-1.1785847502379,0.239410459474787,0.296247244912115,-6.77409423002588
"BRMS1",0.0847747623504774,0.0844395049608582,1.17621532772755,0.240354412827594,0.297357668262776,-6.7768717838551
"MLYCD",0.0992497934235352,-0.133818281995836,1.17593744548646,0.240465290588524,0.297437210462558,-6.7771971679634
"CPNE1",0.165850115935273,0.197541985880401,1.17329695834454,0.241520677588629,0.298684781406817,-6.7802852222372
"AZGP1",-0.236345933355398,-1.06150784867725,-1.16900637412636,0.243242575743303,0.300755973299959,-6.78528838624133
"UBE2A",-0.084866293987932,0.176709656419198,-1.16855738874383,0.243423262316787,0.300921109369349,-6.78581088843488
"HVCN1",-0.14468783109195,-0.311554940024035,-1.16425256473955,0.245160475689673,0.303009995601735,-6.79081047949919
"HTRA1",0.237172529330711,0.0702146691531871,1.16387032478362,0.24531515007572,0.303142487562119,-6.79125352555458
"RALBP1",0.0801273198738487,-0.0910525004528891,1.16149691749482,0.246277094596997,0.304272300503449,-6.79400126099701
"CLTB",0.112875613394453,0.0132440407465293,1.15975593852952,0.24698440170673,0.305087135789799,-6.79601328583502
"C1QTNF3",0.263127957019735,-0.295596545919125,1.15895949865457,0.247308447182972,0.30542832403545,-6.79693272219108
"SPRYD4",0.126119447890768,-0.0922506831930356,1.15874807659317,0.247394518149488,0.305475536334264,-6.79717668953557
"C4orf33",0.218400531936274,-0.214049252340573,1.15771404152136,0.247815782447787,0.305936537302614,-6.79836926293888
"HCLS1",-0.126296378417826,0.0350914621288768,-1.15712650336368,0.248055369163336,0.306173116587648,-6.79904641198044
"NCBP3",-0.077664338391499,0.11336823702314,-1.15274279748253,0.249848099633582,0.308326269068501,-6.80408795476795
"PFAS",0.0976161462889214,-0.0411352359214683,1.15238771574781,0.249993708509622,0.308446343736027,-6.80449549048011
"MAP3K4",0.0674213528286101,-0.0660137948156693,1.15164907042895,0.250296796597664,0.308760634906507,-6.80534285218065
"DDAH1",0.188457121022798,-0.381057534012872,1.1508201950823,0.25063721556542,0.309120846317405,-6.80629308254465
"CTNNA1",-0.102408599501968,-0.0202912456480324,-1.14987302283191,0.251026616401886,0.309541318216694,-6.80737809868423
"ZNF740",-0.110898663820793,-0.0179677322317389,-1.14882916165777,0.251456258977962,0.310011240311699,-6.80857284851006
"RABEP2",0.0901841071724897,0.0811512579733813,1.14821390439481,0.251709733810141,0.310263832119257,-6.80927653612919
"RIDA",-0.195154805142582,-0.0444327037189915,-1.14805010723341,0.251777245431743,0.310287147670657,-6.8094638126736
"TUBB8",-0.150577369458381,-0.131569410502544,-1.14758395556611,0.251969446720155,0.31046409056507,-6.809996639457
"SWAP70",0.0753932087245553,0.135551592898421,1.14743241278436,0.252031952200399,0.31048119135627,-6.81016981163429
"KIAA1671",0.0955633832781329,-0.265046360653172,1.14676278501139,0.252308277524483,0.310761641974117,-6.81093474241048
"TNIP2",0.0911454798641097,-0.0727201314388579,1.14640912700819,0.252454301883815,0.310881527006395,-6.81133855509238
"RAB9A",-0.0916921566145319,-0.0470374368072308,-1.14529683986442,0.252913947655749,0.311387496294246,-6.81260777789625
"CHTOP",-0.119537872852032,0.0692147572283404,-1.14443608759262,0.253270049960181,0.311765812414837,-6.81358913715602
"GTF2H3",0.076545153050203,0.014043134246831,1.1441217313294,0.253400189872643,0.31183626731546,-6.81394735794707
"CORO1B",-0.0859662928638206,0.0451140134721515,-1.14406190312077,0.253424963367255,0.31183626731546,-6.81401552338323
"BCL10",-0.0903944633317826,0.126030365526292,-1.14261715383908,0.254023715530587,0.31246945081385,-6.81566052868205
"AHCYL1",0.0995504740716357,0.0391260301237394,1.14258411659282,0.254037418821408,0.31246945081385,-6.81569812108729
"THOC7",-0.0674093972931502,0.237123236785599,-1.14154259539104,0.254469689183126,0.312940863912608,-6.81688269382518
"KIF3B",-0.0733055254698477,0.180600143954168,-1.14068139397401,0.254827508117904,0.313320554464244,-6.81786137058761
"KIAA0930",0.105165785894179,0.0934972033808476,1.1381740239237,0.255871291488608,0.314543356980124,-6.8207065949413
"COX11",-0.124810266446029,0.0533151422371349,-1.13794907658714,0.255965079600163,0.314598081472001,-6.82096154903882
"GPX4",0.104321356309284,0.188016445780571,1.13730190814906,0.256235039686085,0.314869270283998,-6.82169476740623
"CHMP1B",0.114342717938807,-0.0306362013141183,1.13703960869483,0.256344511934558,0.314943180431432,-6.82199182531467
"ABHD10",0.104735679939491,0.0984975368690306,1.13561430599952,0.256939940920598,0.315543865612213,-6.82360481273425
"NDUFAF5",0.113227048055736,0.0133650483962852,1.13558194460746,0.256953471278968,0.315543865612213,-6.82364141218759
"TXNDC17",-0.130840865732799,0.255827446761034,-1.13542254281726,0.257020124715128,0.315543865612213,-6.82382167419936
"MED18",-0.0914042008225812,0.107093263570825,-1.13539627137574,0.257031111205814,0.315543865612213,-6.82385138126053
"GFPT2",-0.160107965626572,0.0951852448868627,-1.13498920133929,0.257201386234936,0.315692205134576,-6.82431159828884
"DLG3",-0.137399385629044,-0.0359189940217075,-1.13445236140401,0.257426063469915,0.31590724875176,-6.82491827758361
"STK39",-0.158041677540839,0.153647657149905,-1.13429437169643,0.25749221106845,0.315918578668646,-6.8250967664783
"TSPAN31",-0.136752821467504,-0.222494546754901,-1.13419397296438,0.257534252462068,0.315918578668646,-6.82521017914245
"NDUFAB1",-0.113692278298855,0.115553261216714,-1.13397120408013,0.257627552737741,0.315972325053875,-6.82546178831015
"MRC2",0.148090837739323,0.137380405357852,1.1334557267133,0.257843535761263,0.316176488541514,-6.82604381279199
"NECAP2",0.071033274632278,0.0907867908263045,1.13330154243826,0.257908162879422,0.316195011517878,-6.82621785093754
"AP5S1",0.0719083052074216,0.0375208601336488,1.13202793388967,0.258442433956875,0.316789199618861,-6.82765455992872
"IGFBP2",-0.271096836579292,-0.918485834713784,-1.13041312633481,0.259120943316547,0.317559927653771,-6.82947385776596
"DCAKD",0.105967455288358,-0.0596581217365652,1.13016160240153,0.259226740047326,0.317628619305733,-6.82975700134004
"MRPS14",-0.10777735349759,0.0557554130046393,-1.1285643784813,0.259899270480296,0.318391566004737,-6.83155355675558
"MRPL24",-0.0954013639317215,0.178250559099541,-1.12773779377116,0.260247789990418,0.318757364106813,-6.8324823081597
"CNOT4",-0.0744153643511683,0.0874883495228338,-1.12722997972893,0.260462064722646,0.318958627398177,-6.83305255366923
"CAPS",-0.265374376059084,-0.940060463650668,-1.12701028187715,0.260554805345266,0.319011012872392,-6.83329918254144
"ARHGAP15",-0.124934594687559,-0.136873730774208,-1.12525825926123,0.261295204472723,0.319856188757349,-6.83526426462545
"HAPLN3",-0.159408746361726,0.249228706543612,-1.11943036818709,0.263768561119353,0.322821978674922,-6.84177904108176
"AHR",0.110523940690056,0.112556789153023,1.11800989915003,0.264373859138608,0.323500783940209,-6.84336184046536
"PPP1CC",0.0869442876018612,0.0829264115116101,1.11531961832864,0.265522890987421,0.324844540899537,-6.84635409888948
"UFM1",0.106097924444177,0.120267324249749,1.11149617826248,0.267161837431805,0.326787036782007,-6.85059440083216
"ATPAF1",-0.101780728528673,0.0334173016156993,-1.11123972470927,0.267272017727425,0.326803036248293,-6.850878297795
"PIN4",-0.12274855858665,0.24602918730011,-1.11122746997465,0.267277283522096,0.326803036248293,-6.85089186229606
"TRMT61B",-0.113474232896257,-0.0315993242255585,-1.1109822659632,0.267382661451008,0.326869288409858,-6.85116324211298
"MAPKAPK3",-0.0835725640202588,0.0533272793700751,-1.11056013427019,0.267564142349442,0.327028531566077,-6.85163029758757
"COX7B",0.154669869012071,-0.0016585070830262,1.11017563565472,0.267729518214589,0.327168033263187,-6.85205556170953
"NEIL2",0.117828357060014,-0.00821733247269139,1.10900269248925,0.268234446208406,0.32772233812489,-6.853351960196
"DACH1",0.211546583245649,-0.590577757427099,1.10863145080717,0.268394394969885,0.327826240199592,-6.85376199264059
"SCOC",-0.120487535775185,-0.00515202527658627,-1.10856699012518,0.268422174434373,0.327826240199592,-6.85383317488636
"TRPM4",0.127057234655137,-0.313510807331088,1.10827229644426,0.268549198552839,0.327918652277658,-6.85415854509072
"TBC1D4",-0.118726975212617,-0.118502721341885,-1.10758686028308,0.268844807839857,0.328216844752865,-6.85491500050766
"RAB31",-0.125946406540287,0.0115398741379037,-1.10734627408744,0.268948619073417,0.328280812996323,-6.85518040412807
"LAMTOR4",0.101927394648138,0.207025218572681,1.10652317438988,0.269303989803856,0.328651753611931,-6.8560879770126
"ABCB10",-0.105840519565138,-0.116987991599271,-1.10555931900789,0.269720542695598,0.32909720334634,-6.85714989958498
"TIMM10",0.0929702754958074,0.178805299407752,1.10491276861921,0.270000213434285,0.329375499193334,-6.85786171830524
"NR2C2",0.067353692286937,0.0315503142939435,1.10222482984151,0.271165045168699,0.330733297689044,-6.86081656942604
"MCL1",-0.090584000268756,-0.053189582556877,-1.10204920976778,0.27124127119315,0.330763085670028,-6.86100937993855
"GSR",0.132451598796987,-0.146517410950015,1.10148699113165,0.271485395370946,0.330997565293773,-6.86162642582527
"OSBPL2",-0.0940765777339984,0.168188802227974,-1.10081927777276,0.271775523346251,0.331288032944982,-6.86235884818167
"STUB1",0.117678344632739,0.0400591466263099,1.1004739174745,0.271925669419824,0.331407787601752,-6.86273750482185
"RTN2",0.153162083061962,-0.476383121559827,1.09948660394932,0.272355220556318,0.331867954819101,-6.86381935512918
"SMARCD2",-0.0666295941917242,0.139623538186258,-1.09910317652374,0.272522164266135,0.332008017332431,-6.86423923645067
"RPTOR",0.0812948235449989,-0.0235391642642836,1.09784443308527,0.273070713636846,0.332612839864796,-6.86561663133008
"DEFA3",-0.382542135834118,-1.03654157708349,-1.09719154675194,0.273355534354445,0.332896259174734,-6.86633044279534
"GNG5",0.0953581786010963,-0.158455002511234,1.09497927026669,0.274322153493541,0.333971846530642,-6.86874602718825
"PRSS8",-0.173210328033644,0.150718234499738,-1.09487702156827,0.274366886080892,0.333971846530642,-6.86885755550616
"EIF1AD",0.0832072747238129,0.0688177741364946,1.09481125049342,0.274395662787744,0.333971846530642,-6.86892929019538
"YWHAB",0.0825949157509452,0.183724246397931,1.09356052651216,0.274943284100768,0.334574589095369,-6.87029260597627
"STX4",0.0755025414088834,-0.0796894269551792,1.09020946991578,0.276414214938427,0.336300450148981,-6.87393770334369
"KALRN",0.140188436404579,-0.271158983792425,1.08816846816822,0.277312739577676,0.337329366013234,-6.87615235181196
"INTS2",-0.0614864146627533,0.0990815626474399,-1.08671446164391,0.277954065006203,0.338045086678972,-6.87772755080386
"PDE12",-0.0592771402511254,0.0222323023969661,-1.08455419278675,0.278908776611288,0.339141599440693,-6.88006401809066
"NCKAP1",0.0589734842495073,-0.0888834709308285,1.08375378795737,0.279263076644226,0.339507757877643,-6.8809285344619
"SOD2",0.155236913842785,0.046541869406038,1.08256310189512,0.279790703689113,0.340084455178943,-6.88221342058818
"PSMD4",-0.056366796910355,0.330334485782485,-1.08196755881866,0.280054861035796,0.340340747566342,-6.88285555337351
"GLRX",-0.13311984053378,-0.125826532479862,-1.07978178164484,0.28102583660009,0.34145575008403,-6.88520931831213
"CAPG",-0.112031031554759,0.205576254318332,-1.07926171181798,0.281257202008579,0.34160695970415,-6.8857686620158
"OPA1",0.0763700620970919,0.212477776105324,1.07926151742217,0.281257288514443,0.34160695970415,-6.88576887104167
"LSM12",-0.072683446546901,0.184023263416715,-1.07905503020707,0.281349185280881,0.341653584636444,-6.88599087721024
"HEATR5A",-0.0841464533998831,0.0173969801430941,-1.07826334923519,0.281701711163922,0.342016624031497,-6.88684166764302
"PC",-0.136049515566112,-0.00988919525591532,-1.07475373521781,0.28326812381995,0.343853036233912,-6.89060585349063
"NUDT8",-0.130610455359168,-0.127743944286638,-1.07424409615968,0.283496078083699,0.344064333503976,-6.89115144623159
"S100A6",0.175464398534346,-0.212886947621328,1.07391731356188,0.283642308920427,0.344176385871708,-6.8915011472624
"IREB2",-0.102011245114071,0.109413935384013,-1.07270518010952,0.28418517051535,0.344769582698177,-6.89279736918324
"CPEB4",0.0776081637036589,-0.0102425506312172,1.07248758025833,0.284282698720454,0.344803561948344,-6.89302991052764
"ATP6V1G2",0.146681002949554,-0.329490969516742,1.07240173003247,0.284321183031798,0.344803561948344,-6.89312164277138
"CD44",-0.101172957400847,-0.288531271076083,-1.06851113938428,0.286068946325099,0.346857239325059,-6.89727114313235
"SERPINB5",0.389997373903246,-1.09617949082253,1.06807044474531,0.286267377608437,0.347031935832517,-6.89774022063733
"MXRA8",-0.134549981289021,0.055699421342524,-1.06591616582171,0.287238727445361,0.348143370299664,-6.9000304797263
"PSME1",-0.113564280641927,0.124005055435129,-1.06573445880267,0.287320759982973,0.34817670383209,-6.90022344625867
"PLBD1",0.181738255169102,-0.190317646954452,1.06397169841246,0.288117391299527,0.349075814695917,-6.90209374055896
"ZNF512",0.1578187422906,-0.127760294419312,1.06178320992426,0.289108498883134,0.350210162278279,-6.90441145514318
"PAG1",0.106978245213395,-0.134630274899806,1.06131822772716,0.289319373667449,0.350399127630247,-6.90490328316231
"WDFY1",0.0705966411368187,0.197826375586892,1.06115663303305,0.289392683086875,0.350411854607979,-6.90507415745173
"KCNAB2",-0.116984089182084,-0.228130647523898,-1.06105313443264,0.289439643101407,0.350411854607979,-6.90518358589601
"TSTD1",0.177139724132493,-0.0661282038942265,1.06071359316617,0.289593738029415,0.35053194641096,-6.90554250638827
"RCSD1",-0.125985245324461,-0.328482142919498,-1.05978987669478,0.290013231579471,0.350973177337931,-6.90651836632589
"OCLN",0.132628544944461,-0.197769491542218,1.05861942355175,0.290545367233921,0.351550534354479,-6.90775367824738
"PLCG1",0.075438588596389,0.00435404289814533,1.05541382583495,0.292006139352792,0.353251079910492,-6.91112996740038
"MYO9B",-0.0666968537409888,0.0424318760760762,-1.05456308141652,0.292394649500871,0.353654070290407,-6.91202430447587
"NMRAL1",0.133017504255491,0.0631667134852946,1.054162022746,0.292577922192515,0.353808718408941,-6.9124456651843
"AP1B1",0.0803643858328056,0.0623644113568725,1.05355429198738,0.292855785946018,0.35407767340756,-6.91308385655507
"ARHGAP45",-0.10246851824544,-0.0628599513286425,-1.05289765831042,0.293156208816221,0.354373796533808,-6.91377299108426
"KIF13B",0.124647939673106,-0.142257984651809,1.0516858879495,0.293711163026755,0.354977432505362,-6.91504361895947
"ACY1",-0.131309660561478,0.0401162679755159,-1.0509464845902,0.294050134960375,0.355319854602951,-6.91581822225776
"CIRBP",0.128329646958385,0.120755855539409,1.05026600677729,0.294362325849444,0.355629791967587,-6.91653061662663
"DPM1",-0.0815408983548727,0.194961126711037,-1.04812346845274,0.295346740941884,0.356751596843346,-6.91877065326303
"PPP2CA",-0.0886462886580187,0.111757538396415,-1.04732536261443,0.295714005856048,0.357127657913915,-6.91960391611101
"VEZF1",0.103636182728604,0.118901337045374,1.04601989594097,0.29631540519983,0.35778628256447,-6.92096553012954
"UFD1",-0.0566654391126499,0.191999236660358,-1.0455747499346,0.296520661852567,0.357966425775882,-6.9214294358937
"UBE2D3",0.0952888800774916,-0.00189524784826996,1.04496816777606,0.296800510431149,0.358236532911699,-6.9220612654372
"DSN1",-0.0838013221045004,0.186679955683138,-1.04299208896371,0.29771341088826,0.359270483561055,-6.92411706721981
"BPI",-0.291853006798256,-0.92032558652102,-1.04116233591467,0.298560391363156,0.360224508475765,-6.92601719292559
"LYRM7",0.110284192354379,0.0055803443394231,1.03958981727847,0.299289589878277,0.36103609132303,-6.92764754260613
"PDPR",0.0896322474167206,-0.00204227964165956,1.03920793598423,0.299466853479868,0.361181688603883,-6.92804309853801
"MVB12A",0.0771783632335829,0.175737714765347,1.03870214277058,0.29970174343276,0.361346442571527,-6.92856678124813
"FBXO45",0.087375492261665,-0.0604677450458508,1.03867007011605,0.299716642107879,0.361346442571527,-6.92859997974691
"DUSP23",0.0975745655867849,0.246875140234804,1.03692802760283,0.300526616671726,0.36225456814215,-6.93040164312731
"USF1",-0.0874779195481228,0.125629123891843,-1.03606006660927,0.300930727520889,0.36265940876038,-6.93129818836462
"SMARCAL1",0.0589504175535428,0.0367650805909505,1.03596272737965,0.30097607001116,0.36265940876038,-6.93139868671618
"PISD",0.104291225106957,-0.0947691358845395,1.03558856226948,0.301150405895759,0.362801007857438,-6.93178490793031
"TBC1D20",0.100579860833062,-0.0661931947636059,1.03380901152506,0.301980482035774,0.363710696192873,-6.93361990081057
"BACH1",-0.0766071090054801,0.0831125256520411,-1.03372557669603,0.302019437934943,0.363710696192873,-6.93370585811058
"MLXIP",0.0879962352188679,0.0274081948676378,1.03297693318734,0.302369131487763,0.364063153790188,-6.93447682683445
"C18orf21",0.122831045846219,-0.0621406212614806,1.03274982961534,0.302475265694375,0.364122279686761,-6.93471059312991
"WDR45B",-0.0797847715075262,0.117136916580006,-1.0314644999664,0.303076418616443,0.364777178674079,-6.93603266911543
"RAB33B",-0.0825402754570949,-0.0750507131630334,-1.03017841422016,0.303678723237861,0.365433216711975,-6.93735388551154
"FCGR3A",0.136294206217171,-0.0344512212216259,1.02987976048853,0.30381870412448,0.365532772910271,-6.93766046292663
"TEX2",0.0887596953512971,-0.0316919260984677,1.02859735471759,0.304420265152121,0.366136825811682,-6.93897588877324
"STK4",-0.0770194647136394,0.0396550303657161,-1.02848769381247,0.304471742600851,0.366136825811682,-6.93908829770444
"TIMM22",-0.0851764624390359,0.115349722031892,-1.02844283372262,0.304492802671892,0.366136825811682,-6.93913427852486
"BRPF1",-0.0720801602939546,-0.0145317493204158,-1.02721692165143,0.305068696837804,0.366760238996306,-6.94039004597775
"CD48",-0.167459109230668,-0.67730164845716,-1.02643556140586,0.305436133407673,0.367132852373492,-6.94118965859939
"POLR3K",0.0801002933401687,0.175336523347292,1.02589625161489,0.305689917094449,0.367368740946368,-6.94174121386667
"CCDC90B",-0.0998094147415082,0.0734862688526065,-1.02492991452141,0.30614499879747,0.3678464089804,-6.942728772027
"TUBGCP3",-0.0538530502888217,-0.0854330088424366,-1.02343944823012,0.306847795182601,0.368621481136577,-6.94425015627681
"RPL6",-0.107679634408966,0.114749389218162,-1.02192965359721,0.307560799087722,0.369408521853857,-6.94578902681379
"S100A16",-0.164252597211021,-0.159514233436884,-1.01970206240272,0.308614794282216,0.370604751079922,-6.94805539478756
"MEAF6",-0.0658377892077063,0.145142869002721,-1.01744088902403,0.309687130072833,0.371822550867815,-6.95035090329149
"SDCBP",0.105606224336423,0.0523183568596121,1.0162704448747,0.310243169918105,0.372391492748065,-6.95153713116954
"TTPAL",-0.0751219360960763,0.233050768926455,-1.01619792909431,0.310277641569257,0.372391492748065,-6.95161058020597
"PARP10",0.0715966003191634,-0.0166714213089506,1.01498746934823,0.310853429973228,0.373012431944947,-6.95283584910304
"ITGA2B",0.167787451031265,-0.887984618537422,1.0143764158553,0.311144363170625,0.373291386479602,-6.95345382719326
"SCAMP4",0.0815716087240545,-0.049819881160703,1.01082867896906,0.312837066207154,0.375251675320811,-6.95703446063995
"PPP1R9B",0.0660242562769515,0.0300345907305758,1.01044634358584,0.313019849759962,0.375365100577034,-6.95741959704619
"TBC1D15",-0.0654299845133867,0.117313350765882,-1.01038495823913,0.313049202908803,0.375365100577034,-6.95748141861685
"ARL2BP",0.090797872090116,-0.137189562124842,1.00924410704203,0.313595064671808,0.375909503384088,-6.95862969774178
"AVEN",-0.0948620369287579,0.170987118550926,-1.00918998737963,0.313620974867194,0.375909503384088,-6.95868413773862
"RAB4A",-0.0951711823984504,-0.081973663131941,-1.00809100285807,0.314147428104836,0.376469843928186,-6.95978899948617
"AFAP1L2",0.131619559231963,-0.249054758389494,1.00566928314251,0.315309578976009,0.377733144150237,-6.96221944713776
"TP53BP1",-0.0845234306146718,0.169301613067568,-1.00564777078975,0.315319915163784,0.377733144150237,-6.96224101098758
"GALC",-0.143744877882742,-0.18341627045076,-1.00496590828588,0.315647650188776,0.37805482019421,-6.96292426819539
"HLA-DMA",0.154718974500573,-0.357925194019546,1.00369776630892,0.316257775992893,0.378714534830199,-6.96419377915965
"C1orf226",0.118029096965282,-0.0569855355156935,0.999782039486461,0.318146606385745,0.380904883318265,-6.96810367806888
"HNRNPK",-0.0844030372731419,0.108869121390201,-0.999658725984243,0.318206209494068,0.380904883318265,-6.96822656131062
"VAV1",-0.0942591366071124,-0.022691918045904,-0.997499885734355,0.319250866997678,0.382083746163107,-6.97037542833249
"ALDOA",-0.0885677679997004,0.0985428932969927,-0.996821143652144,0.319579773959608,0.382405707783376,-6.97105008068796
"EDC3",-0.06601612002111,0.0877651332044967,-0.996259198859561,0.319852251373769,0.382660038415123,-6.97160829411217
"SRC",0.0831730915980697,0.012471183991054,0.996048843093547,0.31995428853625,0.382710403204188,-6.97181717261149
"PTMS",0.154741468761086,-0.456622407749243,0.995480454418213,0.320230103479222,0.382968572900324,-6.97238135037408
"ALG2",-0.0750268830353313,0.00731818163088369,-0.994728190711856,0.32059538521598,0.383333620712366,-6.97312754873664
"PTRH1",-0.106236562831846,0.0290982842431418,-0.994397064062853,0.320756259279128,0.383454168788099,-6.9734558278521
"ANO6",0.0974625112097678,-0.355964165886944,0.994242062606907,0.320831583153847,0.383472418277296,-6.97360945903742
"COX20",-0.109635438456779,0.154037290732232,-0.991872470661891,0.321984545722411,0.384778462369005,-6.97595513906338
"ABCC4",0.126351927682639,-0.233247701095816,0.9908072206211,0.322503744050677,0.385326797485698,-6.97700782666764
"BRAF",0.07191934156836,-0.141138576439474,0.990165703746228,0.322816681171755,0.38562853307421,-6.97764123567748
"NUDT4",0.109012618500291,0.136646481520202,0.988280182251519,0.323737604957547,0.386656305210239,-6.9795005660298
"SLC25A46",-0.0930592320063754,-0.141059415227596,-0.987626998474584,0.3240570326853,0.386965429903804,-6.98014385502285
"LMTK2",0.0870847608001942,-0.0451489105187407,0.986757370645989,0.324482628394333,0.387401193398994,-6.98099965308513
"HLCS",-0.0818283657697514,0.0405430404730119,-0.985651779574542,0.325024232036235,0.38797527043398,-6.98208657978161
"RAVER2",0.0914758672132416,-0.42590862737039,0.984996209119535,0.325345659843471,0.388286362261787,-6.98273051092675
"GPR107",-0.0813484743562982,0.153730265856842,-0.983579048104584,0.32604120696601,0.388989953320879,-6.98412105546155
"NFYA",0.11143198190151,-0.179326764254695,0.983546802170464,0.326057044663014,0.388989953320879,-6.98415267260755
"CRMP1",-0.147715420766807,-0.93855337213645,-0.978504531525331,0.328539753142282,0.391807480154488,-6.98908394067453
"GPSM3",-0.111909437219045,-0.189312883410758,-0.978501065077316,0.328541464173395,0.391807480154488,-6.98908732214305
"RNASE3",0.211293117771934,-0.447200232444695,0.977261041294837,0.329153909598385,0.392464558876879,-6.99029618276491
"HSD17B11",-0.113803874374897,-0.345597427942125,-0.975097807782138,0.330224104584678,0.393667085095811,-6.99240140331852
"CTSB",0.128216119849657,0.226061109445253,0.974300355056835,0.330619190607383,0.394064501031947,-6.99317630008058
"TNC",-0.203476428498906,0.12147288862326,-0.973634133885486,0.330949495396854,0.394384570382403,-6.99382319389203
"SYTL1",-0.126777390905877,-0.0987017157543838,-0.973026202656904,0.331251087749113,0.394670310744185,-6.99441310487497
"UFC1",0.0820945183683818,0.189816477583701,0.972233722311926,0.331644502190025,0.395065325836438,-6.99518154454572
"CD59",-0.120307345701754,-0.552263629988861,-0.971834376972225,0.331842865844723,0.395227886293333,-6.99556853945675
"POLR1C",0.0605565631914155,0.159447359428664,0.970628918914637,0.332442110589389,0.395867750114369,-6.99673575787519
"ZCCHC3",-0.150993952818743,-0.00594118742922623,-0.970406618286439,0.332552694992239,0.395909799645313,-6.99695084935319
"ACTR6",-0.0530556273007962,0.080707148256189,-0.970285429609844,0.332612990870462,0.395909799645313,-6.99706808728111
"GSDMD",-0.0860351664288097,-0.00791371131964345,-0.970184039495605,0.332663441675349,0.395909799645313,-6.9971661608941
"USP54",-0.0880060673740556,-0.0824089310108398,-0.968079624041527,0.333711700463242,0.39708334093511,-6.99919943950503
"HSPA6",-0.108500744473017,-0.136245106114496,-0.967356182888349,0.334072557374133,0.397438658251135,-6.99989741171986
"SLC44A1",0.0872086020628149,-0.270822216049868,0.966890233039232,0.334305109813559,0.397641230655658,-7.00034668298236
"HEXIM1",-0.0844956253704886,0.184733698832947,-0.966555305641011,0.334472334576466,0.397766037673819,-7.00066948876045
"S100A1",-0.314416223115681,-1.5960615684879,-0.966207621343119,0.334645985976216,0.397848400416166,-7.00100447210251
"ECM1",0.164044107277193,-0.218876563444563,0.966167134019013,0.334666211219299,0.397848400416166,-7.00104347262892
"SCARB1",-0.121045002510466,-0.0725764370667035,-0.96591635652453,0.334791503510493,0.397923259477755,-7.00128500472904
"AIP",-0.0648292488018216,0.185219080470002,-0.963996374850991,0.33575176182411,0.398990321840116,-7.00313213665339
"FBLIM1",0.0976905988966479,0.152779148800129,0.963822597314645,0.335838762616525,0.399019445349184,-7.00329914020163
"AP1S2",0.0717757745819177,-0.140466632552518,0.962280237438923,0.336611575602279,0.399863239110801,-7.00478006556805
"COA3",-0.10402654591973,0.188915497634027,-0.960634882434278,0.337437260864741,0.400769514624511,-7.00635728362935
"PIP4K2C",-0.0880670095094786,0.174222786263857,-0.9602513947567,0.33762989346407,0.400923725082404,-7.00672450473961
"PLEKHG3",-0.093579357695802,0.0107798029036353,-0.959989098425471,0.337761690389677,0.401005651383058,-7.0069755911604
"NSF",0.0637280579033675,0.241161150086789,0.959689663193858,0.337912189206726,0.401109746808876,-7.00726214587131
"NF1",-0.072712403293816,-0.041595705722523,-0.959197132879957,0.338159833443289,0.401329096010297,-7.00773329610622
"ACSL5",0.171707466542737,-0.183422215708795,0.956899993059072,0.339316381287378,0.402626852726242,-7.00992754330477
"BCS1L",-0.0805744601505518,-0.0561245693658121,-0.95571246047645,0.339915270070742,0.403262541694851,-7.01105983285051
"GMIP",0.0658242449412072,-0.0106110222376529,0.955245123356186,0.340151141052337,0.40346740397904,-7.01150504641453
"EOGT",-0.0801282055768508,-0.132881434027208,-0.953322760870061,0.341122489721458,0.404544408779998,-7.01333412746964
"NUDT9",-0.0764664851771386,-0.100138742832563,-0.950602479447137,0.342500063413739,0.406102675004034,-7.01591614742122
"RBM3",0.124511940065549,0.214954817582986,0.949522641820831,0.343047891707358,0.406676715289915,-7.01693906648046
"SH3BGRL3",0.0948438570885083,-0.04813191348471,0.949167423813367,0.343228225455973,0.406814965572004,-7.01727530809065
"TFAM",-0.09730609793635,0.215478809624292,-0.948650995362896,0.343490509515352,0.407050279000654,-7.01776392479311
"VRK3",-0.0791231974046715,-0.0691035965925404,-0.947125765427845,0.344265894960512,0.407893438360153,-7.01920547093774
"ACSS1",0.150488658381512,-0.0971669424938476,0.946593194194901,0.344536903822605,0.408138799797279,-7.01970827852867
"THUMPD1",-0.0777511737376977,0.258402095531077,-0.946025714033295,0.344825827182534,0.40835032773824,-7.02024373456638
"HLA-DPA1",0.178734753669161,-0.461680181018963,0.945991252359058,0.344843377786154,0.40835032773824,-7.0202762412084
"NECAP1",-0.0732034703216593,-0.101535633560379,-0.94552804116614,0.345079337022625,0.408553971238543,-7.02071305983428
"NCOR2",-0.0600133690869511,0.216039128096858,-0.943548337615859,0.346088960936484,0.409673343637273,-7.02257756692063
"KCTD9",0.0708724222808389,-0.0619082619802414,0.94319900961289,0.346267309834624,0.409808484391858,-7.02290616452766
"PIGR",0.291317826678112,-0.98752337140076,0.942549524998721,0.34659905951874,0.410125091739651,-7.02351678467627
"ADPGK",0.0715654679239189,0.127084324748379,0.942277361961422,0.346738137863075,0.410213639106121,-7.02377253738174
"SCIN",0.244787386437414,-1.01125998082777,0.941483581191222,0.347143972482215,0.410591644829034,-7.02451803679501
"HLA-DRB5",-0.35195072359638,-1.73948244395764,-0.941400898025377,0.347186263184331,0.410591644829034,-7.02459565485803
"CPSF4",0.095841075406309,0.11850342298159,0.940931375202467,0.347426476687182,0.41079963956438,-7.02503628652628
"ATXN7L3B",0.0795515749123649,0.0867562606453063,0.940146253426853,0.347828391624936,0.411198718853031,-7.02577260890865
"IARS2",-0.0902770053535646,0.199319668482927,-0.939775122025818,0.348018482375141,0.411347280630373,-7.02612045976419
"PPIP5K2",0.0718766479047292,0.00493312938578932,0.939560819076495,0.34812827696687,0.41136435623539,-7.02632125757744
"PPP6R3",-0.0960417744482221,-8.68414399557348e-05,-0.939495429833662,0.34816178247393,0.41136435623539,-7.02638251699253
"NOL9",-0.0672060669805269,0.0529187426459708,-0.938945498615454,0.34844364920509,0.411621221123866,-7.02689754806577
"DNPH1",-0.0950805353791434,0.0343125993264456,-0.93791318889186,0.348973151854358,0.412170472547183,-7.02786353457047
"GON7",-0.0760751812378553,0.0929816385960386,-0.937767454562455,0.349047944700219,0.412182564621953,-7.02799982070736
"GSTP1",0.155049830845165,-0.283541939876998,0.933810828098374,0.351082446353395,0.414508398662431,-7.03169188290461
"TAB2",-0.0592195239209516,0.0617072378270669,-0.932938564275396,0.351531979009189,0.414962411901215,-7.03250373286005
"VPS13A",0.067330595586666,-0.144786403914715,0.932438513943517,0.351789851641235,0.415190055957354,-7.03296880886104
"FKBP9",-0.10890367882345,0.521456882119926,-0.926430307051909,0.354897648892671,0.418780537456977,-7.03853739757195
"IRF8",-0.0833306375630642,-0.0376745461334042,-0.926041538956681,0.355099340526352,0.418915034548781,-7.03889648612474
"LCN2",-0.219396219095522,-0.621936725342348,-0.925957695793215,0.355142847613556,0.418915034548781,-7.03897390883349
"NUBP1",0.0707223750840006,0.129449959801789,0.924958783159071,0.355661453694166,0.419449276290589,-7.03989579128234
"TMEM115",-0.091289951333124,-0.102653764590244,-0.923869310806154,0.356227622504708,0.420039403451997,-7.04090012143442
"HDGF",-0.111735334418987,0.270633961647605,-0.923624893461037,0.356354717816455,0.420111682654738,-7.04112527585706
"FAM160B2",-0.0849908011796915,0.0682378596705799,-0.923401509322679,0.356470901116034,0.420171073218733,-7.04133100289745
"GGT5",-0.114316379112595,0.0735529906537801,-0.921274064073454,0.35757859841385,0.421398920426805,-7.04328780623207
"CHD8",-0.0637290779655726,0.136189107527043,-0.920791882629753,0.357829958166103,0.421617324762976,-7.04373068781245
"TALDO1",0.0836355814704003,0.191706606127156,0.920603824569887,0.357928022545292,0.421655059769684,-7.04390335580491
"DBN1",0.094349734641715,0.0683512050249763,0.91995899042659,0.3582644054469,0.421973478837568,-7.04449515236616
"CASP4",0.0884784203105984,0.11573470614129,0.919232943920476,0.358643392439064,0.422341951442904,-7.0451609878235
"TSPO",-0.134950596384466,0.101942528292016,-0.919083686421339,0.358721334314862,0.422355839867304,-7.04529780258537
"GMPR2",-0.109613651589672,-0.271649728108955,-0.918276268354541,0.359143151374036,0.422774524617113,-7.04603752767031
"DDX60",0.113225696723757,-0.217743190196685,0.916497963712437,0.360073289691932,0.423791328052163,-7.04766446022014
"PMPCB",-0.080269923631535,0.252920842155688,-0.914932068905857,0.360893584314666,0.424678499050708,-7.04909446567902
"PDHX",0.0853151343726807,0.128143761598439,0.914164819236654,0.361295937887134,0.425073625098461,-7.04979424484069
"SPAG7",-0.0734931674819463,0.00165386589551251,-0.911406053254288,0.362744996339108,0.426699852915476,-7.05230558403232
"UBQLN2",-0.0779855035502698,-0.0612225978833351,-0.910860003614072,0.363032244972841,0.426959087152623,-7.05280176452538
"NDUFV3",0.0809385420674671,-0.0916784973575952,0.908758951839574,0.364138833611504,0.428181667147229,-7.05470817381912
"EGFR",0.146944024361244,-0.253220439012964,0.906344086287597,0.365413316302841,0.429601182948562,-7.05689391416754
"RPA2",-0.0652201518788446,0.180357670779939,-0.905831670269435,0.365684111170952,0.429840399452601,-7.05735696730525
"STARD7",0.0812465237481389,-0.190034135722038,0.903891522903772,0.366710554384672,0.430967585081195,-7.05910785223444
"ARHGAP26",0.0856226810976791,0.0264727668281857,0.900595477347568,0.368458473459514,0.432942096621089,-7.06207380280891
"RNF126",-0.0869707727118937,-0.0768363501178709,-0.899915739905681,0.368819590397611,0.433286676115685,-7.06268412432468
"DRG2",0.0522625737170306,-0.041071291913694,0.897876676817846,0.369904188184934,0.434480912722738,-7.06451220380974
"NDUFAF2",-0.10663401112341,0.216866611323606,-0.897218341949149,0.37025478772828,0.434812731220354,-7.06510153896916
"ASB9",0.114559207357964,-0.53041139945299,0.894826111938363,0.371530526646206,0.436230675365213,-7.06723941912797
"IGFBP3",0.137006496336103,0.190748197905304,0.893466844999436,0.372256621292128,0.437002854743563,-7.06845163363168
"MLX",-0.0746118147135472,-0.00445868705834034,-0.891750793312274,0.37317456447127,0.437999925395048,-7.06997941496128
"ABHD17C",0.118893235530947,-0.189298886845502,0.891023235660449,0.373564171211886,0.43837662804409,-7.07062626891976
"PIR",0.141602659193176,-0.124353127131395,0.887835110786296,0.375274390918353,0.440302643515929,-7.07345455799099
"CHID1",-0.081063865088853,-0.0223196195026527,-0.887323820271524,0.375549116157212,0.440544021066287,-7.07390720161242
"ZFAND2B",0.0637872077743387,-0.0016311832184098,0.88654892762603,0.375965717172157,0.440951709063964,-7.07459271655645
"NPL",-0.111016419826757,-0.207236183262869,-0.885254692931778,0.376662167822554,0.441687408915887,-7.07573634239117
"SFXN2",-0.141192605628949,-0.0299455403271917,-0.885040561892772,0.376777472565618,0.441741491430678,-7.07592539488905
"AEBP1",0.140343498172681,0.12533419650593,0.884680993425275,0.376971141280323,0.441887412717984,-7.07624274912318
"TST",-0.122228499790059,-0.252079390684995,-0.883923118460274,0.377379545494672,0.442284948234853,-7.07691122732072
"CENPC",-0.0651776666059742,0.0556077199060381,-0.883782020347439,0.377455610789869,0.442292911523824,-7.07703561894235
"WAC",-0.0534970528123333,0.0859216746464941,-0.883185195396422,0.377777461158108,0.442588823760462,-7.07756155920541
"SH2D4A",0.117318910036549,0.103245383249662,0.882760577057934,0.378006548883252,0.442775970394343,-7.07793553048622
"KLC4",0.0935576798265221,-0.19918669957689,0.88247931836968,0.378158339324978,0.442872523218999,-7.07818314302983
"WBP4",-0.0754458454081495,0.0692423910185001,-0.881248828895685,0.378822856460051,0.443569400054543,-7.0792655093274
"ING4",0.0813644843222846,0.025835295904216,0.87714566244312,0.38104395520222,0.446088312058338,-7.08286388354756
"SPATA20",-0.117357269734915,-0.13368571552902,-0.876048972510996,0.381638965660974,0.446702987304366,-7.08382282229791
"GTF2E1",-0.0583491476337793,0.165918031757938,-0.875193562597697,0.382103466669051,0.447164705770141,-7.08456995836534
"EIF4EBP2",0.0780212268734055,-0.10924420815728,0.874583396688245,0.382435009060322,0.447470685880549,-7.08510244835097
"RHOC",-0.0727199911888506,0.0466569670191795,-0.873594156287122,0.382972903307527,0.448017953026486,-7.08596497005685
"AKAP13",0.0570559259364136,0.0341861383099033,0.872293556621256,0.383680805635797,0.448700413481629,-7.08709748834289
"MRPS16",-0.0751182411193646,0.075000649345353,-0.87226108346264,0.383698490715547,0.448700413481629,-7.08712574338217
"POFUT2",-0.0736043417631663,0.165991297327914,-0.872135105471286,0.383767103840748,0.448700413481629,-7.08723534748093
"TXNL4A",-0.0666549650941588,0.114925674109255,-0.871781718159755,0.383959614293669,0.448843305980424,-7.08754271944722
"FAAH",0.126866068581928,-0.320242302016772,0.870244272725201,0.384797840331971,0.449740840292813,-7.08887852745206
"OXNAD1",-0.100821207172427,-0.140661638811343,-0.869961669530221,0.384952039782216,0.449838721451217,-7.08912381160871
"SHC1",0.0573041837591017,0.136254915697751,0.868317210689501,0.385850074073296,0.450805621767246,-7.09054953884072
"RERG",0.116150100311924,-0.62059346294982,0.86816063615858,0.385935645944694,0.45082310635874,-7.09068514718274
"ZNF22",0.0879464368602797,-0.102774777686711,0.866534982982494,0.386824793598941,0.451779094042296,-7.09209167799126
"POU2F1",-0.06486169079073,0.195905389504821,-0.866306334516686,0.386949953038964,0.451842620730393,-7.09228929634172
"STAU2",-0.0771118467084516,0.226677429779775,-0.865463296456796,0.387411636392664,0.452299012318004,-7.0930174762705
"PKIB",0.182233169917123,-0.614805411946007,0.864211151198753,0.388097986568422,0.453017485235717,-7.09409772276956
"SPECC1",0.0685459578983069,-0.0226482490517008,0.864029949880369,0.388197371757396,0.453050670566802,-7.09425391919677
"ALDH5A1",-0.15190502599249,-0.160037581868129,-0.862553660065641,0.389007666519071,0.453913368187914,-7.09552527330493
"DLAT",0.078828132490825,0.149333791075455,0.861542638814029,0.389563184340566,0.45447851854824,-7.09639469789041
"RALGAPB",-0.0654182957961962,0.011141269361467,-0.858797326791845,0.391074072535771,0.456093355192458,-7.09875039989293
"TRIM14",0.0820865758232355,-0.132421278905817,0.858768003072294,0.391090230176775,0.456093355192458,-7.09877552163881
"HLA-DRA",0.128848668769527,-0.245650580475204,0.856663589733933,0.392250844417869,0.45736333849673,-7.10057615109664
"DUSP12",-0.0598958968759611,0.167589904127325,-0.852475796654061,0.394566706654329,0.459979627896273,-7.10414632747219
"UQCRH",0.0948216274252568,0.205593413642811,0.852258254994064,0.394687234426727,0.460036143084091,-7.10433131012131
"UNC119",-0.0635094174272166,0.00853941786397937,-0.851883568235325,0.394894880022209,0.460118013634733,-7.104649808088
"ACOT8",-0.0976047113581521,0.15622288218007,-0.851871444711623,0.39490159979927,0.460118013634733,-7.10466011121443
"GBE1",0.0738362944242085,-0.0232210710662968,0.850720261702983,0.395539989188556,0.460768923463722,-7.10563777426526
"TRAFD1",-0.0769489557078532,0.201780585149277,-0.850603851811571,0.395604579236981,0.460768923463722,-7.10573656419511
"PIK3C2A",-0.0517081622361858,0.0367094689467526,-0.849783617573724,0.396059867787444,0.461191015518172,-7.10643226510464
"MBNL1",0.0592131056938303,0.191028108698469,0.84969074701094,0.396111437604018,0.461191015518172,-7.10651099333634
"TINF2",0.0612251786318164,-0.104878320480801,0.849110718938717,0.396433611806673,0.461481971082153,-7.10700250088592
"LOXL2",-0.149495218711275,0.289465566047282,-0.84859228884087,0.396721706107196,0.461733155941386,-7.1074415283644
"ANAPC10",0.0487735237004486,0.102435509002512,0.847433744930083,0.397365973528804,0.46239871350126,-7.10842166508629
"SKAP2",0.0855884518442905,0.0219331165983947,0.846647011432924,0.397803837918636,0.462823889415177,-7.10908648736556
"HLA-DRB3",-0.246307753431756,-1.17541279220079,-0.84578914833297,0.398281622992462,0.463295347569114,-7.10981071639159
"PHAX",-0.0621760896707276,0.137463540728566,-0.842811922358976,0.399942474743045,0.465142568530845,-7.1123184924955
"GGA3",0.0546776940307265,0.0585102487440723,0.840778347880806,0.401079309337621,0.466379783303717,-7.11402635121923
"DDB2",0.0845272458090602,0.0746905935555866,0.840514222073993,0.401227107197028,0.466466693272583,-7.11424787080161
"ITGAM",-0.125483861402516,-0.10358084998553,-0.840146752836124,0.401432787957811,0.466620854016134,-7.11455594816975
"TSC22D4",-0.0583136525694164,-0.0936604577249969,-0.83843886575405,0.402389564732698,0.467647865092515,-7.11598603903301
"RASAL2",0.0606979873872641,-0.220238936404875,0.838061665650656,0.402601061337296,0.467808512582099,-7.11630149502265
"TP53RK",-0.0679049119116211,0.209190345805231,-0.836209041616725,0.403640801568219,0.468931316960167,-7.11784880991513
"RINT1",0.05651247915772,0.0403309531245959,0.835463634043047,0.404059598707579,0.469332460932853,-7.11847041367704
"MID1",0.0970678471056261,-0.280592949026971,0.835202872377752,0.404206165770299,0.469417309647756,-7.1186877354333
"MRPL50",-0.0684061082596742,0.0795978575305843,-0.833786310100104,0.405002935224267,0.470257090635923,-7.11986713435995
"BIN2",-0.0904871776380011,-0.220322148388017,-0.833446304447603,0.405194317440671,0.470393766701579,-7.12014991898552
"ACYP1",-0.0883327865635889,-0.313008395001889,-0.832882772034719,0.405511637849164,0.470676569290477,-7.12061835914712
"CRTC2",0.0600059184330444,-0.0471104037413924,0.831704294174593,0.406175710838647,0.471361670975057,-7.12159695709026
"MAP2K1",0.052264030558214,0.0646331442653211,0.831180767910219,0.406470927320641,0.471618548235924,-7.1220312461829
"SMARCD1",-0.0554352468567977,0.0184687437416918,-0.829396954649206,0.407477785210832,0.472700882734586,-7.12350895658146
"PSMG4",0.0784453692622843,-0.035081547325601,0.828727162547963,0.407856228917598,0.473053954884443,-7.12406299574841
"CMC1",-0.106234057283026,0.224932739573574,-0.828593276319283,0.407931902093896,0.473055792747825,-7.12417369041082
"ATF7",0.0505462381399131,0.0667309734998366,0.827193531439347,0.408723548106519,0.473887752798279,-7.12532990716862
"SH3BP1",-0.0679252729057237,-0.0690374386093025,-0.826999016675806,0.408833631412456,0.473929327626821,-7.12549042612139
"ACAD10",0.093067715208874,0.012167039917178,0.826639001789928,0.409037424300726,0.474079497941575,-7.12578742116221
"ABHD17B",-0.0676246624716317,-0.176758637006299,-0.826428067887049,0.409156855431481,0.47413185515971,-7.12596137169922
"IGF1R",-0.105401987045088,-0.285482404328316,-0.826189446858303,0.409291988183511,0.474202385148197,-7.12615810164128
"MDH2",-0.105099780234647,0.24311062400596,-0.824762943379951,0.41010038322624,0.4750527842706,-7.12733299538185
"RABGAP1",0.0537767813154442,-0.0902009849760556,0.824475471800627,0.410263407809531,0.47515542515216,-7.1275695173159
"COX4I1",-0.0795655598763602,-0.0508904889606285,-0.8237048207736,0.410700633362976,0.4755755429856,-7.12820317789389
"TUBA8",-0.0710842165504755,-0.248907821111384,-0.823073280364443,0.411059142292224,0.475904374167879,-7.12872201610807
"ACP6",-0.104596314430343,0.174578482076044,-0.822568038844639,0.411346089000305,0.476150249867104,-7.12913680887469
"PFDN5",-0.0644890441640049,0.229133863404931,-0.822015534592911,0.411660014758961,0.4764272601479,-7.12959011300282
"PDXDC1",-0.103082442206608,0.150616585539585,-0.821803776702295,0.411780370690559,0.476480186092646,-7.12976377012821
"UNC13D",-0.0902830770450612,-0.209075816783992,-0.820997130588647,0.412239032754187,0.476924483445458,-7.13042487142117
"RGS3",0.0906268046751037,-0.218096872527563,0.819627474632807,0.413018520978006,0.477698660436135,-7.13154591652145
"ATG16L1",-0.0549238499302636,0.0581892150909977,-0.819558428228839,0.413057839352843,0.477698660436135,-7.1316023807241
"ANKRD10",-0.0872590228412915,0.013326530935206,-0.818358675317651,0.413741392434292,0.478402533627844,-7.132582748484
"TBCC",0.052616397162419,0.0244421088721275,0.818023178974385,0.413932660028731,0.478537033185488,-7.1328566405098
"MTO1",-0.0827919296085144,0.0493029664453327,-0.817695614046366,0.414119456599632,0.478666316145665,-7.13312394957962
"ERP29",-0.0705545535743102,0.193928812189223,-0.816269251035394,0.414933435588869,0.479520359499534,-7.13428668879564
"TCEAL3",-0.148825283953457,-0.556511343515418,-0.813737682070093,0.416380456738238,0.481000969829338,-7.13634538847076
"SLC9A3R1",0.116509494677393,-0.0987068290951241,0.81373140062727,0.416384050868468,0.481000969829338,-7.13635048868779
"PARP4",-0.0852003371491259,0.213268970198758,-0.813632538593223,0.41644062039414,0.481000969829338,-7.13643075454379
"LPCAT2",-0.0834308732193053,0.0871323853457774,-0.813453822340531,0.416542894604686,0.481032082121707,-7.1365758292043
"ARSA",-0.107304367757439,-0.415806055509143,-0.811803714958845,0.417487906995754,0.482007180355856,-7.13791382040689
"CNNM3",0.0670913262177481,-0.153089107509337,0.811715875191486,0.417538248167304,0.482007180355856,-7.13798496950974
"ACAN",0.133437510737427,-0.0992260355557803,0.811010761810969,0.41794248043621,0.482386612000217,-7.13855582460889
"MYO1G",-0.0990402923905103,-0.127456397349824,-0.810431385906595,0.418274802292904,0.482682922942381,-7.13902451367254
"NUP37",-0.0448973604960434,0.215220901542461,-0.809701623741051,0.418693605918249,0.483078907442722,-7.13961438371614
"PDLIM5",0.0772567738885456,0.158914788116785,0.809455001860737,0.418835195915197,0.483154964032255,-7.139813609632
"ARHGDIB",0.115462276287912,0.00295561803836215,0.807457901810767,0.419982808612373,0.484391299311777,-7.14142467884979
"BST2",-0.151423704169939,-0.737475987181583,-0.807288361826815,0.420080318395419,0.48441626024106,-7.14156126494147
"ME1",-0.109784364230045,-0.141298128425019,-0.805922467506205,0.420866390683105,0.48523508568285,-7.14266062488246
"BPHL",-0.107286867367458,0.108519563277642,-0.803997177531368,0.421975866916716,0.486426414562779,-7.14420707356856
"TRAF5",-0.0773252616629606,0.164759414534825,-0.802830188942775,0.422649198597268,0.48711464495371,-7.14514263920706
"AK4",-0.150481696793397,0.000809529229406006,-0.80099901028308,0.423707029561542,0.488213023098299,-7.14660795229984
"NSL1",-0.0602426611756448,0.0607911031579881,-0.800915790334969,0.423755140800434,0.488213023098299,-7.14667446590186
"RABL2B",0.0774396783334736,-0.132576129502883,0.800731324971034,0.423861795632539,0.488247801752438,-7.14682187543265
"ARHGEF18",-0.0563600472014695,0.0344555169709603,-0.7995674386846,0.4245350991372,0.488935174601555,-7.14775117756537
"BMP2K",0.0540621168215416,-0.0470460579071534,0.79746483752628,0.425753036054059,0.490249438269643,-7.14942658074857
"SNX7",0.0739705739774872,-0.0131159064663586,0.796958630166036,0.426046563597268,0.490498973777237,-7.14982928258856
"CCDC174",0.0538619822066042,0.140481242271557,0.796746806731745,0.42616942594764,0.49055197127739,-7.14999771834529
"GAK",-0.0472318449653293,0.161278824000495,-0.796123796427847,0.426530906234022,0.490856076784175,-7.15049285928151
"ASL",0.0978350175100227,-0.0941103567339312,0.796026505806254,0.426587371977351,0.490856076784175,-7.15057014671798
"SPARC",0.103705982704805,0.384682256560127,0.794599676244157,0.427415981252221,0.491720908161338,-7.15170253581552
"FBXO38",0.0728635919344524,0.0387404582474359,0.794336101057547,0.427569151469657,0.491808508761261,-7.15191149818641
"ACOT13",0.103000473995819,0.101442841640878,0.794063741930618,0.427727459988042,0.49190198703596,-7.15212735191194
"MRPL4",-0.0679214182304536,0.0919624354995436,-0.793705254059597,0.427935883021056,0.49205305476129,-7.15241135314271
"TFE3",-0.0774283573273589,0.00707143997675211,-0.793009140137112,0.42834076971806,0.492429927016531,-7.15296246355916
"CLSTN1",-0.0986614217536386,0.115652644091896,-0.792256253462844,0.428778929579113,0.4928449082561,-7.15355797846702
"MISP",0.128098107912988,-0.048632954202396,0.79204255366345,0.428903344824553,0.492899182272276,-7.15372690709894
"ANO1",-0.127679879147691,-0.32282849398936,-0.789771994365543,0.430226557862305,0.494330856928346,-7.15551896918539
"GGPS1",0.0930103597893859,0.131238712492839,0.789083932272779,0.430628009108033,0.4947031015032,-7.15606101730953
"ITGB4",-0.109737102861996,-0.194304610404955,-0.788239380804372,0.431121062774754,0.495180425583164,-7.15672570271811
"RPL29",-0.101135605601994,0.115536127476929,-0.786947789122516,0.431875736624027,0.495958017687844,-7.15774084967962
"CDV3",-0.0745961061679472,0.159035681336447,-0.785643634181319,0.432638530733704,0.496744653611706,-7.15876418813059
"PSPH",-0.0924446787628967,0.119396921438512,-0.785304816102712,0.432836831972382,0.496882986721262,-7.15902977365827
"MRI1",0.0893534692106593,0.0143864131252966,0.784741498718905,0.4331666436352,0.497172212764831,-7.15947108231308
"TTC33",0.05757072721366,-0.0830951132332311,0.783818390005386,0.433707421940494,0.497703430821361,-7.16019357310353
"RNASEH2A",-0.0596539686880369,0.142919523277355,-0.781840121563622,0.434867656630776,0.498898003186992,-7.16173905390141
"AKR1B10",-0.29893284783238,-3.55957262693919,-0.781777070620122,0.434904664955176,0.498898003186992,-7.16178824714673
"NHEJ1",0.0725723783161188,-0.168621062267925,0.781589833524948,0.435014576234861,0.498934447504865,-7.16193430890127
"TP53BP2",0.061786191994295,-0.0996757544427732,0.781061922677466,0.435324555367014,0.499200302805026,-7.16234593910061
"PON2",-0.105619266071535,0.102639584219375,-0.779912345351112,0.436000007913835,0.499885087184384,-7.16324134529382
"ARL6IP5",-0.0757243831667344,-0.304327270290687,-0.778506402172554,0.436826916852695,0.500743243106725,-7.16433464872927
"TNFAIP8L2",-0.0740041838755782,-0.0693797554798207,-0.77820494061086,0.437004340277599,0.500856706636594,-7.16456881835541
"TCEAL4",-0.101822746395831,0.0309455235034509,-0.777742155902504,0.437276790587577,0.501079021518607,-7.16492812490729
"BOK",-0.0976740207048548,-0.375113233312217,-0.777256409303115,0.437562864632619,0.501316865365023,-7.16530503003062
"ARFGAP2",-0.05175211165559,0.26098268986509,-0.775700253869172,0.438480069962196,0.502277582832548,-7.16651091719938
"PSMD12",-0.0429366989961821,0.276857727058488,-0.77415351264582,0.43939282563682,0.503232859496161,-7.16770712301962
"ETFA",0.0837518888796836,0.0853260301470193,0.773865355441719,0.439562992633341,0.503337465560238,-7.16792971275227
"TBC1D5",0.0456748668059154,0.0526142167679948,0.773482739329706,0.439788999668055,0.503381605504633,-7.16822514055028
"ETFB",0.0769584114896819,0.00833108795680782,0.773475097136448,0.439793514507962,0.503381605504633,-7.16823103980254
"DNM1L",-0.0632336194398272,0.00800074183976009,-0.773302974531806,0.439895207839695,0.503381605504633,-7.16836389133672
"GCSH",-0.0973923071703266,0.0307558162300198,-0.773266274767865,0.439916892516186,0.503381605504633,-7.16839221396238
"PYROXD1",0.0597364794205331,-0.136025438512576,0.773122126550263,0.44000207089218,0.503388859101697,-7.16850344574941
"ENY2",-0.0558979767284508,0.178570536948994,-0.771792822763006,0.440788015392106,0.504197685109029,-7.16952822746545
"LTBP2",0.128602219798546,0.218604274846568,0.771425004575552,0.441005628829605,0.504356249342115,-7.16981147406501
"NANS",0.0884519523087802,0.0164186994468704,0.771119317341281,0.441186530581695,0.504468086771883,-7.17004677297228
"MAVS",-0.0689070366613247,-0.142399000793356,-0.770911586934715,0.441309487117787,0.504468086771883,-7.1702066178138
"DUT",0.0759388447318912,-0.0168670034144233,0.770859292294786,0.44134044365039,0.504468086771883,-7.17024685084516
"IFITM1",0.0926117913659524,-0.00846445793666479,0.769981903076699,0.441860012600474,0.504971573376414,-7.17092146718485
"PPIL3",0.0734033873193661,0.132639542088171,0.767534069428147,0.44331141933441,0.506539622843631,-7.17279953634084
"ARHGAP25",-0.0834716265201661,-0.17159102685838,-0.767133799108099,0.443549013765063,0.50672042456431,-7.17310607179294
"MRPL55",-0.0832888608095048,0.132120195931478,-0.766813393134815,0.443739254570239,0.506847073422357,-7.17335133062759
"ARHGAP4",-0.074388795736782,-0.0254586144362724,-0.765170312566026,0.444715567678879,0.507871382512903,-7.17460744339774
"LSM7",-0.061098892054832,0.24418280584532,-0.763918063052586,0.445460476086578,0.508631105116738,-7.17556296827009
"RAB35",-0.0531759629221158,-0.0825927576965256,-0.763644716257385,0.445623173058857,0.508725900229001,-7.17577133727849
"LAMB3",-0.136384012557065,-0.151130649941493,-0.761132421324424,0.447120091806647,0.510343544187601,-7.17768294975744
"CRKL",-0.0447546080868768,-0.0541931409838002,-0.759988739563528,0.447802490407385,0.51103108154623,-7.17855110127189
"LTBP1",-0.110569912203686,0.350793531907341,-0.759674492400983,0.447990095783656,0.511153817294254,-7.17878941370583
"CHCHD2",-0.0849462491123925,0.42476206030672,-0.758688154316454,0.448579230320722,0.511734569518994,-7.17953677498462
"POF1B",-0.17714570607913,-0.0500143324807937,-0.75826211699457,0.448833836745397,0.511876561390495,-7.17985928980664
"SMAP2",0.0655373733223205,0.0523316037670556,0.758211593893694,0.448864035587373,0.511876561390495,-7.17989752436228
"UBE2Z",-0.0505635135951583,0.18201160072931,-0.75756472882489,0.44925078435049,0.512226117513907,-7.18038683051516
"ARL14EP",-0.0462289485710992,0.158918988622519,-0.757120584687111,0.449516439896473,0.512437505577393,-7.18072255212262
"SORT1",0.0962833746570756,-0.128482560934444,0.756870013771442,0.449666353134197,0.51251689838662,-7.18091186819024
"NEDD4L",0.0779369734992631,-0.346500581214421,0.756490689310153,0.449893352072859,0.512684107261325,-7.1811983437427
"CLPX",-0.0545084973048518,0.224523070702379,-0.755604712254808,0.450423800946146,0.513196996616907,-7.18186689881578
"GLT8D1",0.089009449090347,-0.0930632700008587,0.75449052153674,0.451091389945455,0.513865927707713,-7.1827065547864
"SH3BP4",-0.0712435334390961,0.0128636305476134,-0.753810798359776,0.451498935397556,0.514238441404458,-7.18321818888019
"ECD",0.0528018218818989,0.0588335718426606,0.752795793101268,0.45210789712352,0.514840186041319,-7.1839813374973
"RUFY3",0.0633892885189073,-0.321608689331472,0.751606281466473,0.4528221487101,0.515561594064549,-7.18487438747801
"FAM107B",0.0840320831466937,-0.0507816420162613,0.750920100810006,0.453234462235213,0.515939033940423,-7.18538891140868
"BAK1",-0.0676722745022694,-0.0946699551296593,-0.750236068898275,0.453645696406104,0.516306456081018,-7.18590135798098
"ITGAV",-0.0782133968859691,0.0822661091363974,-0.750114250791554,0.453718954592106,0.516306456081018,-7.1859925699161
"PDF",0.0806721830075923,-0.0141073420301351,0.749859943439862,0.453871909907327,0.516388479108746,-7.1861829362834
"SLC25A17",-0.0720689049817726,0.0323975923234412,-0.749028885022906,0.454371960717469,0.516865307176383,-7.18680459147431
"CYP1B1",0.150165419118226,0.0622239781023035,0.748739694779843,0.454546040648537,0.516971227207145,-7.18702075282466
"NDUFC2",-0.0778345542356457,-0.0561002663050227,-0.747689492783112,0.455178533909084,0.517598386288424,-7.18780504886161
"NRBP1",-0.0552754950501754,0.102481280969405,-0.745137260585419,0.456717710942125,0.519256158184734,-7.18970649549325
"DCUN1D3",-0.0754143839962395,-0.0571506268262206,-0.743922459359278,0.457451353078105,0.519997665907727,-7.19060926229172
"DOCK5",0.0665114116708665,-0.0879115668014169,0.743726229836597,0.457569922233949,0.520039863557096,-7.19075495048354
"NDUFB1",-0.078645520593157,-0.0988349626525091,-0.741933499832131,0.458653958262258,0.521179128582402,-7.19208416722669
"GGA1",-0.0478040264935824,-0.109579396603234,-0.740709933747264,0.459394659341645,0.521927918131032,-7.19298954255678
"PGGT1B",0.0599004909764992,-0.0663078538662388,0.740257808658271,0.459668529129341,0.522146158777948,-7.19332371477873
"CTCF",0.0530364703740964,-0.0415354349204724,0.740051747546533,0.459793378831595,0.52219507716822,-7.19347595007685
"TDP2",0.0687334579415596,-0.311956214272082,0.739539462508962,0.460103848177075,0.522454752020384,-7.193854236621
"EPS8",0.0751192136909679,0.136993789174261,0.738063799862275,0.460998828935283,0.523377937900388,-7.19494245068975
"GEMIN6",0.0658894163899271,0.168276414192996,0.737404669357185,0.461398903318574,0.523739021811394,-7.19542782057608
"HABP4",0.065209564375812,-0.0401724145958602,0.736699551681691,0.46182710629515,0.524067199312348,-7.19594657593609
"ADA",0.0838754316166995,-0.00700010115315493,0.73665828442028,0.461852173928047,0.524067199312348,-7.19597692095519
"PEX19",0.0604330475521786,0.176296929192789,0.735841226157356,0.462348649805303,0.524537336355163,-7.19657737883065
"ARL8A",0.06507467513377,-0.134784816192974,0.734562912960514,0.463126001610803,0.525325905184753,-7.19751548150747
"ZNF579",-0.0691407682458135,0.10164992224484,-0.733210176506715,0.463949407137834,0.52616642354797,-7.19850642990898
"DNAJA2",-0.0441905138545096,0.121216985345119,-0.732849677517249,0.464168979611549,0.526321956103666,-7.19877020654931
"SAMD9L",-0.102782044697572,-0.180248429848161,-0.731962546067723,0.464709560388556,0.526841360632268,-7.19941876886704
"ALKBH5",-0.0727769121652367,0.0222599173351462,-0.728048161000181,0.467099018923721,0.52945628187963,-7.20227113964584
"INTS7",-0.0474717463919861,0.113984373065873,-0.727050179728029,0.467709309910062,0.53005394813201,-7.20299591904429
"USP48",0.0551774949496346,-0.0120591775036346,0.726048835284084,0.468322103413729,0.530654237852114,-7.20372214491359
"PSTPIP1",-0.0750668649897074,-0.0151853861691227,-0.723615347488992,0.469813186454416,0.532222846796676,-7.20548287534735
"UBXN1",-0.0495297666876552,-0.0803483966188952,-0.72351754333046,0.4698731695212,0.532222846796676,-7.20555351758333
"DECR2",0.113938039028048,0.220552298888939,0.722901088137377,0.470251337903881,0.532556720914559,-7.20599855333765
"E2F4",-0.050339919726652,0.115745148860514,-0.722456896334816,0.470523934850936,0.532740694233132,-7.20631899306574
"HAUS3",0.0447969703490552,-0.0255537282102129,0.722364481321524,0.470580660215327,0.532740694233132,-7.20638563653362
"NRF1",0.0475482066238137,0.092494377654798,0.721202370666791,0.471294300291583,0.533454016550568,-7.2072229469104
"CETN3",-0.0753935212083019,-0.113315691978912,-0.720135005997894,0.471950285794134,0.534098066743254,-7.20799080802583
"PAFAH2",0.0730482240630925,-0.0722122916973094,0.720004379456094,0.472030601508564,0.534098066743254,-7.20808470277279
"DIAPH2",0.0678580270929579,-0.145358148893716,0.719357941969133,0.472428174866239,0.534453206329011,-7.20854911402853
"LYZ",0.134233286100075,-0.157694730791216,0.718908128224285,0.472704929541888,0.534534170446645,-7.20887202222427
"AFMID",-0.098651937209712,-0.232660617522074,-0.71874595787814,0.472804729273906,0.534534170446645,-7.2089883902151
"ESYT1",0.0551826656419417,-0.118289373569186,0.718632250698434,0.472874711691288,0.534534170446645,-7.20906996705809
"POLR3D",-0.0506623540606528,0.151425993181356,-0.718573393851989,0.472910938077219,0.534534170446645,-7.20911218762071
"FILIP1L",0.0870903443957321,0.0453771953084104,0.718561386620172,0.472918328716225,0.534534170446645,-7.20912080050426
"RBM45",0.0415621055457421,0.176381867310941,0.718355542751311,0.473045038768272,0.534582756200958,-7.20926843164767
"TEFM",-0.0744857102754138,0.147230146658859,-0.718183693016786,0.473150837631614,0.534607697447859,-7.20939164991578
"UBL7",-0.0615468930844462,-0.00211836690174786,-0.71637729464486,0.474263733237652,0.53577033558429,-7.21068508059449
"TMED8",0.0556949052284415,0.0318774323830515,0.714906471511784,0.475170951881976,0.536700252567914,-7.21173583179065
"THAP11",-0.0532561499940757,0.0950058074253238,-0.714481531336433,0.47543323731135,0.536889324752924,-7.21203900680336
"PARP12",-0.0586535683384761,-0.012981857417554,-0.714249868098571,0.475576260192761,0.536889324752924,-7.21220421203914
"SMAD4",0.050457315187026,-0.185904758876357,0.714226633024013,0.475590606233757,0.536889324752924,-7.21222077864373
"SUMF1",-0.0753895050410503,0.16017434187485,-0.711267793907838,0.477419430506991,0.538858593563221,-7.21432603993374
"RAB3IP",-0.0847183105878092,-0.184963666345747,-0.711083040918937,0.477533752266484,0.538892366246289,-7.21445720563344
"MAZ",0.0691457803836072,-0.040283352660133,0.710228632903839,0.478062639875923,0.539393878001019,-7.21506335224714
"DDX55",-0.058790408399988,0.030141180461713,-0.70919124996603,0.478705223056759,0.540023471593181,-7.21579833102267
"NBN",-0.0507168321537168,0.245858367360931,-0.707148911206972,0.479971686978331,0.541356513223219,-7.21724218419618
"MAU2",-0.0492524736210492,-0.01099619386186,-0.705975346889092,0.480700249254124,0.54208249584733,-7.21806996990109
"AKAP9",0.0482058156588341,0.0724418106836208,0.705830509485168,0.480790207922715,0.542088200174207,-7.21817203743222
"SCFD2",-0.0454751372728358,0.131516108396724,-0.704699300758591,0.481493119714781,0.542784881599378,-7.21896848666469
"CA12",0.150891900084524,-1.12389098646052,0.704239305380126,0.481779112765083,0.543011409533108,-7.21929199099255
"SSBP3",-0.07814051343064,-0.0162462924449062,-0.703234507056679,0.482404149014022,0.543619924365431,-7.21999791042618
"PPP1R7",0.0455497289773533,0.015426544945098,0.701416128156648,0.48353639897178,0.544799701329595,-7.22127285476625
"RREB1",-0.0592365824988436,0.129988429439726,-0.701138275261418,0.483709537144055,0.544898622911925,-7.22146737962104
"IGFBP7",-0.0863773940088389,0.297538175757726,-0.700438525181639,0.484145721315219,0.545293778549599,-7.22195693431082
"LENG8",0.0493010305806588,0.090630024176422,0.696545764194757,0.486576152564839,0.547934521009964,-7.22467146552216
"NOL3",0.0732594330472153,-0.0804997171579854,0.695930223369,0.486961068911295,0.548271279315573,-7.22509931823951
"TRIAP1",0.0610679721834277,0.25227946236999,0.694664699994999,0.487752957879596,0.549043652378071,-7.22597777875932
"RASA1",-0.0546319673953666,0.12060025729668,-0.694515352930077,0.487846456385938,0.549043652378071,-7.22608134255555
"RBMXL1",-0.0628403537193716,0.12005383374207,-0.694421783239449,0.487905040500106,0.549043652378071,-7.22614621656448
"ARHGAP32",-0.0587982768618096,-0.00381133176996785,-0.693757255141214,0.488321212146798,0.549415143534327,-7.22660669837077
"PTPN6",-0.0569539953254126,-0.0455885714857631,-0.692831547814794,0.488901271927996,0.549970863506035,-7.22724743047452
"ENO1",0.0835940059724777,0.166926311584326,0.691585955360824,0.489682363865221,0.550752491329828,-7.22810822624134
"ME2",-0.0658769797513307,-0.0451883858409676,-0.69108856361155,0.489994459010146,0.550933070328957,-7.22845152892217
"NOS1AP",0.0942121455654125,-0.132376113477414,0.691055051611105,0.490015490430407,0.550933070328957,-7.22847465024437
"CNN3",0.0874991124772066,0.125351094775637,0.690371917758833,0.490444317049513,0.55131812752837,-7.22894572901113
"MTFR1",-0.0853376582381321,0.188459523984401,-0.689760495715381,0.490828299524485,0.55164329408285,-7.22936696242624
"SH3YL1",0.0929197416614965,-0.293306131831641,0.689636208204153,0.490906373841622,0.55164329408285,-7.22945254361409
"RAB24",-0.0629500225204635,-0.0255167184791921,-0.688549347071499,0.491589398442904,0.552313621160996,-7.23020027306083
"HLA-DRB1",0.135519742527483,-0.727826604947549,0.687470228708487,0.492268063886114,0.552955717331903,-7.23094151227759
"TMX4",0.0715841186388153,-0.276249845757607,0.687365264072349,0.49233410384211,0.552955717331903,-7.23101354992218
"SAR1A",-0.0461253829955188,0.0546629016962612,-0.687178667422253,0.492451515494298,0.552990314180635,-7.23114158486016
"RTN4IP1",0.0686667830932821,-0.00517056386462156,0.685740653437419,0.493356858489081,0.553909537797218,-7.23212712795849
"TFF3",-0.19756999871182,-1.20834546417025,-0.681576378677665,0.495983640236589,0.556760819780348,-7.23496950139892
"ERCC3",-0.0630073296380715,0.101051863036049,-0.681434188675422,0.496073464399133,0.556763766951742,-7.23506624999929
"ACTN4",0.0561802711758394,-0.0246320847647398,0.681118323040541,0.49627303399514,0.556889863279256,-7.23528109855813
"AAMP",-0.0593900906833973,0.161613123812205,-0.680380058204326,0.496739650735645,0.557315528017412,-7.23578287131014
"LGALS8",-0.0656010988495234,0.0965769116797263,-0.679702654606719,0.497168007007658,0.557698124515794,-7.23624280142551
"GLB1",0.0632234905032422,0.226363823204582,0.677881957728084,0.498320303934753,0.558882448028075,-7.23747671804362
"EPPK1",-0.124652009380166,-0.288367511210379,-0.677757931848956,0.498398850285334,0.558882448028075,-7.23756065237745
"WWC3",0.112099001107559,-0.0707884466764567,0.677073841670683,0.498832207619406,0.559270174828781,-7.23802333420543
"SRBD1",-0.0470350987278718,0.0386024373744051,-0.676430983928358,0.499239628319783,0.559628691506639,-7.23845770396559
"EXOC6",-0.0548630465675546,-0.0271254956460925,-0.675077706875178,0.500097867865174,0.560492344447803,-7.23937074906748
"NUDT15",0.0747445907824028,-0.063140975700395,0.674361213686327,0.500552581380972,0.560903515640138,-7.23985342295793
"XIAP",-0.0435754139917795,0.140387250287107,-0.673901536224895,0.500844425901292,0.561132068675162,-7.2401628208126
"PBXIP1",-0.0914421495907688,-0.0942164383705923,-0.673496950397703,0.501101368245715,0.561321444955946,-7.24043496373131
"TTC9C",0.0573836441755863,0.0644686067942011,0.673181934754452,0.501301475372398,0.561447100553019,-7.24064674479575
"CRISP3",-0.153236491806922,-0.434704499326752,-0.672412354127336,0.501790514195563,0.561896252742664,-7.24116370864775
"MCMBP",-0.0512582128975541,-0.19824495523972,-0.671158272969352,0.502587977594749,0.562690555311674,-7.24200487103972
"MLF2",-0.0791918748468114,-0.135982084674856,-0.670856983938318,0.502779665887036,0.562806480836031,-7.24220672433851
"IFRD1",0.132510445979142,-0.284029737802504,0.670000015793042,0.503325104543524,0.563318280895776,-7.24278036937635
"OTUB1",-0.0406788264638805,0.142474474264137,-0.669578111291694,0.503593751423338,0.563520172246409,-7.24306251897218
"ALDH3A2",0.0993271621496534,-0.447535092815489,0.669153031504743,0.503864497049875,0.563724340925785,-7.24334661279607
"MRPL54",-0.0702599682486327,0.0824783911619325,-0.666374225787716,0.505636298329262,0.565607527125497,-7.2451993410556
"NOP10",-0.0696749447418625,0.214755993749086,-0.665052514501556,0.506480192826841,0.566422958151169,-7.24607787441435
"TRPV2",0.0685286112378518,-0.300066134318223,0.664954673675769,0.506542692410834,0.566422958151169,-7.24614283945633
"MCU",-0.0750241450193068,0.161091481578099,-0.663930671782708,0.507197057270208,0.567055368704303,-7.24682219148694
"AFAP1",0.0612183755613279,0.142111949150931,0.663763551957587,0.507303893674327,0.567075518401712,-7.2469329644276
"NENF",-0.0819515407579351,0.24709593043392,-0.658029583547962,0.510976686714117,0.571081068557612,-7.25071679397494
"VWA8",0.0714734330598942,-0.0572459840737153,0.656594754732047,0.51189791938729,0.572010538202284,-7.25165851172943
"TRIM65",0.0463234272901836,-0.0135328233506174,0.656323795354966,0.512071986682414,0.572079200492507,-7.25183611969675
"SIAE",0.103581880550268,-0.261316657277743,0.656220176632109,0.512138560691491,0.572079200492507,-7.25190402018458
"GREM1",0.163008468831583,0.417017630625038,0.655751822157934,0.512439530394618,0.572315270521189,-7.25221079558414
"EIF4EBP1",0.0608540737886058,-0.0552455371752683,0.655228404159077,0.512775994098775,0.572590892326107,-7.2525533794771
"CAB39",0.0468955621511674,-0.0173140663180058,0.651479737873737,0.515189088673873,0.575184880430613,-7.25499895565784
"PDCD5",-0.0617884892075982,0.0853981886879041,-0.650980562034118,0.515510864923092,0.575416680433752,-7.25532355491267
"RAD50",-0.0511064835589085,0.361043012670133,-0.650878062744364,0.515576950471651,0.575416680433752,-7.25539017645194
"FHOD1",0.0525789497277823,-0.302000528039149,0.650512950431199,0.515812389426024,0.575578837204678,-7.25562740375148
"RUFY1",0.0460436414369218,0.231897692334533,0.650114374340398,0.516069471116339,0.575719146536525,-7.25588622215428
"PPP2R5C",0.0791387032655042,-0.124601926955417,0.650038427633429,0.516118464334388,0.575719146536525,-7.25593552077691
"CEACAM1",-0.0782329802341196,-0.177363116121128,-0.649437030306926,0.516506511276368,0.576051366724822,-7.25632569771393
"LSM1",-0.0555261595055479,0.0913482040996367,-0.648853191969128,0.516883373686196,0.576370999124408,-7.25670413805784
"SRGAP2",0.0620060839924385,-0.0855100991485699,0.648359669936883,0.517202049295591,0.576625647765383,-7.25702377115542
"ACSF3",0.0622306943756956,-0.0224752278605994,0.646391110976442,0.518474197510666,0.577943043139944,-7.25829630885512
"PODXL",0.0882072419880369,-1.06429934919311,0.645068724647083,0.519329678789628,0.578795601164561,-7.2591489732003
"TKTL2",-0.137524339696961,-0.202446648220817,-0.643746571734865,0.520185740222004,0.579648508083332,-7.2599997457311
"GTF2H1",-0.0365235562195603,0.12598053190469,-0.642309172973255,0.521117248941982,0.580585174401423,-7.26092270064755
"MFN2",-0.0407934863566652,-0.0769583346771674,-0.641474778033451,0.521658375476778,0.581086658656529,-7.26145752226273
"C6orf132",0.0700133619306875,-0.0408926682516705,0.641046625048805,0.521936156361269,0.581294672661207,-7.26173168599919
"MBD2",-0.0426456112625942,0.0600280030547379,-0.637325897327902,0.524353336077316,0.583865566551937,-7.26410653072262
"STXBP2",-0.0404641939755696,0.0413630771279579,-0.637212013473514,0.524427411773745,0.583865566551937,-7.2641790023545
"PHB",0.0546375682709523,0.192792913792208,0.636197278008801,0.525087683658185,0.584498755257586,-7.26482417348201
"PPIB",-0.0601751442861506,0.366482808873064,-0.634978450186677,0.5258813197558,0.585280151061667,-7.26559775108968
"HIGD2A",-0.0994776973353512,0.314339119738687,-0.634355742389087,0.526287031710186,0.585629609179076,-7.26599240622695
"PPP1R9A",0.0760348952156987,-0.262842290401679,0.633688809213822,0.526721735858389,0.586011201159751,-7.26641466179665
"CD276",-0.0646894647368048,0.135712830373246,-0.633217671762026,0.527028932166697,0.586250824370098,-7.26671268610484
"PMPCA",-0.0569642864160927,0.243381700979672,-0.632393747880401,0.527566376910587,0.586746440789775,-7.26723333872249
"ARSD",0.0798431407011198,-0.122190559369276,0.630565974671718,0.528759633002088,0.587971134921339,-7.2683859280443
"CCDC25",0.0579249092955175,0.0824168436817967,0.630131487213306,0.529043489687913,0.588184342966625,-7.26865942518203
"ISOC1",-0.0765501611272477,-0.273551445957092,-0.629408913948908,0.529515729241731,0.588606882174173,-7.26911384745733
"CPE",0.122633193099974,-0.657941505689446,0.627669781558361,0.530653225606906,0.589768641514377,-7.2702054455471
"RIN1",-0.067921539484478,-0.0964697439123818,-0.627246589807331,0.53093020662672,0.589973785122103,-7.27047061373625
"CASP9",0.0445100574598465,0.0800163009764881,0.626706628768577,0.53128372066073,0.59026388662237,-7.27080868946837
"EDIL3",-0.10809701126868,-0.571622643713026,-0.625460721693689,0.532099876862353,0.591067799889722,-7.27158765768381
"GID8",0.0399024463993588,0.100812421397781,0.622551751434069,0.534007935879287,0.59308413125574,-7.27340038855194
"TAGLN2",-0.0626617726529371,0.29421633470816,-0.620239806020861,0.535526864612677,0.594667657487295,-7.27483506929926
"CRYM",-0.162557243753733,-0.910780425990609,-0.620028737825523,0.535665643500964,0.594718333116615,-7.27496578266211
"STK3",-0.0616067154046461,0.134126585699764,-0.619808177807895,0.535810682774618,0.594775940458264,-7.27510232683305
"SCO2",-0.0635452619876437,-0.00956978445811125,-0.619485107355046,0.536023168308401,0.594908383391125,-7.27530224561359
"CALB2",0.145347804097741,-1.68387897377345,0.618377669577388,0.536751860604335,0.59561359575229,-7.2759867484623
"SUMO3",0.0699760230887435,-0.0416868551921837,0.614551824027085,0.539273105725699,0.598307346665262,-7.27834208571301
"CTSS",-0.0803171055851411,-0.182024957488217,-0.613297299578188,0.540101137231998,0.599121918211659,-7.2791112439134
"CUL2",-0.0348077929524396,-0.00511584187417294,-0.613002939911744,0.540295517776474,0.599233434254436,-7.27929149085573
"ADO",0.0400966197871842,-0.0148040593805909,0.612013935018004,0.54094886496607,0.599853855993115,-7.27989646154962
"TXN2",-0.0806557007607806,-0.00652244883235184,-0.611354958001896,0.541384412255658,0.600232587645837,-7.28029901435071
"DGUOK",0.0621920110804031,-0.0851666909284433,0.611094991786198,0.541556283890636,0.600318901500298,-7.28045770227907
"PMF1",-0.0432431164454682,0.139478501934543,-0.610323551895918,0.542066467471258,0.60078014143447,-7.28092820628041
"OSBP2",-0.0714464694387228,-0.243702853140362,-0.609232475394498,0.542788450278831,0.601475920692527,-7.28159264536935
"BRF1",0.0490783724083813,-0.0818786889078171,0.60880410701245,0.543072040023294,0.601685749704794,-7.28185318702767
"HSPBP1",-0.0492777322164716,0.0101206380915304,-0.608601276150222,0.543206344584609,0.601730137087566,-7.28197648876421
"IRF6",-0.0806611422810827,-0.124579895163394,-0.608062435059274,0.543563219168295,0.602021015505562,-7.28230385342378
"LSM8",-0.0372964039706278,0.190909932904644,-0.607179303107047,0.544148371030403,0.602514171803351,-7.28283976105866
"AMACR",0.11624656531464,0.0299731224031649,0.607105604912148,0.544197216725125,0.602514171803351,-7.28288444792305
"MCRIP1",0.0535319261865443,0.293634576823695,0.60652209763281,0.544584031008059,0.602837905337458,-7.2832380662115
"TMEM11",-0.0536232117491048,0.0265899593809202,-0.60606443441874,0.544887517682678,0.603069301508736,-7.28351518280745
"DHRS7B",0.0652683602635933,-0.116380508996306,0.604608279491365,0.545853687416934,0.604033933129484,-7.28439550094921
"ZNF346",-0.0394613684578102,0.214420655414476,-0.603647305459753,0.546491767994775,0.604635234560152,-7.28497530026649
"NCOA2",-0.0504853671857491,-0.0190722149518926,-0.603266406550896,0.54674478510085,0.604810369519911,-7.28520485922856
"MAP3K2",0.0296370966417259,0.0962567476896466,0.601899064856133,0.547653539558893,0.605710696359524,-7.28602773339093
"OGFOD3",-0.0693995787177157,0.101479807630065,-0.600408176629508,0.548645259055167,0.606702455674964,-7.28692283533275
"SASH3",-0.0618246486060857,-0.0984940247503197,-0.600171374209127,0.548802858880397,0.606771645705859,-7.28706480331042
"KIAA1217",0.0570106179544239,0.138288360676418,0.599302638586885,0.549381223258606,0.607305940184591,-7.28758514984022
"TKFC",-0.0624615239512386,-0.0120627830784188,-0.598169646048691,0.550135971177486,0.60802869990346,-7.28826264826087
"MAP3K3",-0.10193206108056,-0.350584969895526,-0.598035298115754,0.550225501651087,0.60802869990346,-7.28834289979567
"CNNM4",-0.0621949502533249,-0.209426728407438,-0.597781121876342,0.550394906326452,0.608102050507618,-7.28849468048925
"UBE2K",0.0447596252157767,0.0883049519782296,0.597542209366484,0.550554161468497,0.608102050507618,-7.28863728778535
"STIM2",0.0590643259174018,-0.173861259981427,0.597507055241034,0.550577596552003,0.608102050507618,-7.28865826654373
"GIMAP2",-0.0771199213797762,-0.297160744241007,-0.594706837880566,0.552445911245254,0.610060038620018,-7.29032538254243
"PCYT1A",0.0409881662141776,0.200689994435707,0.593705381872973,0.553114844080846,0.610693114206503,-7.29091970461579
"SPPL2A",0.0731942429515084,-0.0706168557436402,0.591761171172219,0.554414637357775,0.612022382352938,-7.29207065819671
"SLC12A4",-0.0498247275491823,-0.144934261350016,-0.589221551445046,0.556114746379905,0.613727731148419,-7.29356841361235
"ATG3",-0.0376807144329853,0.0442507794580499,-0.589166381311595,0.556151707505834,0.613727731148419,-7.29360087917984
"IRF2",0.0411952533775269,0.0748659429092147,0.588818379194783,0.556384878603788,0.613878944165403,-7.2938055955385
"RBM7",0.0433501330490047,0.185568590280659,0.588149534465096,0.55683315759976,0.614267400012866,-7.29419871243483
"GUF1",0.0585050904139462,-0.0623125931430778,0.587868219486632,0.557021755803237,0.614286907453884,-7.29436392354435
"CCDC9",0.0378744990025902,0.0660038852914699,0.587836151462875,0.557043256720123,0.614286907453884,-7.29438275149648
"YTHDC2",0.0473262598387703,0.126907389452269,0.586472134312201,0.557958176569901,0.615189597202351,-7.29518265166817
"NPEPPS",0.0468248131203191,0.0629740903719455,0.585836929923035,0.558384492844776,0.615553347170907,-7.29555452153679
"PNPLA8",0.0428729319069311,0.000772291446002818,0.585018259142073,0.558934176740092,0.616052946398324,-7.29603320560425
"MIER1",0.0409352095098405,-0.125518636099197,0.584274558555147,0.559433751772186,0.616497153100691,-7.29646747488158
"APMAP",-0.0570199170756895,0.212792134684186,-0.583237320433955,0.560130871606519,0.617158863711411,-7.29707222901583
"RASSF2",-0.0558307354191991,-0.138679670339266,-0.581538764943656,0.561273370434551,0.618310985200933,-7.2980602435895
"CHCHD7",0.0604363172977957,-0.0254718970097541,0.579737819409489,0.562485975497047,0.619539926435853,-7.2991046753995
"RBP1",-0.122079238101245,-0.616609525554447,-0.5793704394211,0.562733494196669,0.619705650301092,-7.29931733500049
"PURB",0.0446203715636716,0.131557521678489,0.578550362722068,0.5632862033379,0.620207347527589,-7.2997915548535
"ELOA",-0.0519133614023877,0.0278318652629159,-0.574843358097653,0.565787898093931,0.622854436091336,-7.30192681380095
"MORC3",0.0367783129423929,0.0882981223275741,0.574332807179909,0.566132865981555,0.623039900952393,-7.30221982128211
"LSM5",0.0465888293980297,0.169888672055889,0.574305191975769,0.566151527850554,0.623039900952393,-7.30223566236558
"CDKN2AIPNL",0.0765831142966688,-0.108921474448985,0.573615739113351,0.566617544069216,0.62342958680822,-7.30263091114732
"PPP4R1",0.0384324892462792,0.0560277288942088,0.573492428616246,0.566700911798733,0.62342958680822,-7.30270155250222
"PADI2",-0.101510945187718,-0.731889582156995,-0.573086432093798,0.566975439566274,0.623624148429054,-7.30293403017165
"RBM4",-0.0415708229912356,0.19431860382575,-0.572843311960199,0.567139863805103,0.623697559489422,-7.30307316453537
"CCNY",-0.0505663776456452,-0.197862677099993,-0.571684265774093,0.567924052076253,0.624452397538639,-7.30373566097414
"KRAS",-0.0478056479944843,-0.204002888540588,-0.570992055849849,0.568392636405503,0.624811261906361,-7.30413068088492
"GPT2",-0.104748148678353,-0.22071970949593,-0.570913032003649,0.568446142586383,0.624811261906361,-7.30417574664377
"HMG20A",0.0377502279516196,0.123111575685427,0.568239241341307,0.570257961062649,0.62669485049656,-7.30569688866181
"CYP2S1",-0.0947808582825127,-0.0562846078723495,-0.567397732252621,0.570828757384926,0.627214182740105,-7.30617415581489
"GIMAP4",-0.0710247156677857,-0.441178592719306,-0.56590537917773,0.571841693323832,0.628219066048291,-7.30701881715734
"CACUL1",-0.0402253757213073,0.0464198323447435,-0.565379097477459,0.572199112099595,0.628487012355425,-7.30731615935947
"PKN2",0.037703995347795,-0.0586554302738174,0.565256398307932,0.572282457295918,0.628487012355425,-7.30738544307637
"POMP",0.069144154856874,0.204014745902637,0.564928269593096,0.572505371956563,0.628623697324618,-7.30757065158026
"TBC1D10A",-0.0411509617714695,-0.00784583132139271,-0.562910024846173,0.573877379150843,0.629949177710572,-7.30870746628608
"RAB12",0.0518283340011161,-0.37314778870281,0.562741299846629,0.573992149614783,0.629949177710572,-7.30880231991707
"SFRP4",0.12601315673354,0.50066248820576,0.562565247590693,0.574111915881946,0.629949177710572,-7.30890126252047
"QSOX1",-0.0787070898747347,-0.22712972040413,-0.562473701108511,0.574174198568644,0.629949177710572,-7.30895270007458
"NDUFAF7",0.0524190483104562,0.0356322224260949,0.5624059300621,0.574220307957793,0.629949177710572,-7.30899077345635
"YWHAG",0.0367041974248706,0.201203231234812,0.562282208143171,0.574304489186099,0.629949177710572,-7.30906026790487
"FIS1",-0.0676256206598199,0.124837497753305,-0.559382438813833,0.576279190558528,0.632006635471694,-7.31068469440458
"PELO",-0.036938323585228,0.115581733450388,-0.557963984643993,0.577246308246756,0.632958557127862,-7.3114762472515
"ARG1",0.111021573262384,-0.66057495190226,0.55750422377773,0.577559942999323,0.633193721849361,-7.31173238131711
"FNDC1",0.102534025774278,0.198631875274318,0.557115266856477,0.577825340387497,0.633375931051359,-7.3119489057466
"TRIP11",-0.0359736384213636,0.213635251655059,-0.555096261489499,0.579203895916109,0.634778042468994,-7.31307042154079
"FSCN1",-0.0767944265938814,-0.0219424870983749,-0.553610727354851,0.580219192354062,0.635781627455069,-7.31389300980554
"LARP1B",-0.049528346997198,0.121249615774659,-0.552791426117061,0.580779506512528,0.636286401695691,-7.31434574201353
"LTF",-0.154096013167756,-0.679262198673122,-0.551817265170529,0.581446059095362,0.63681516318793,-7.31488317614427
"RUNX3",0.0489784069526444,0.0201873988881195,0.551794538994045,0.581461613372847,0.63681516318793,-7.3148957026375
"HAUS4",0.0393494084654539,0.0617245500509516,0.550888666274411,0.582081771004823,0.637385029645995,-7.31539459334134
"BCAR1",0.0419981664447563,0.00118394971454049,0.550409084339104,0.582410216908044,0.637635328353543,-7.31565838195354
"GORASP1",0.0453338048754422,0.0114343458066507,0.549706983849253,0.582891213305307,0.638052528193792,-7.31604415076634
"SLC25A10",-0.0702007950487136,0.18518769765465,-0.546706665008702,0.584948772157726,0.640195048033439,-7.31768713669854
"BAG5",0.0367744964444919,0.0761314990647934,0.545176587339663,0.585999373008399,0.641234960866946,-7.31852155716303
"RSRC1",-0.0301804627001547,0.233768338798184,-0.544624770279781,0.586378484121953,0.641539859684488,-7.31882191517934
"OARD1",-0.0484860398624631,0.10484919941283,-0.544101452996072,0.58673812073006,0.641823351184073,-7.31910648005427
"PHYH",-0.0774563788784209,-0.0893659608887837,-0.542502894990161,0.587837324714932,0.642869934632263,-7.31997403878768
"DNTTIP1",0.0406522536889674,0.0613919631136529,0.542278686783938,0.587991571723879,0.642869934632263,-7.32009551581542
"ZNF207",-0.0340056450661354,0.31533741380575,-0.542270894068178,0.587996933164043,0.642869934632263,-7.32009973704293
"CCAR2",-0.0401198114904695,0.16648291247726,-0.541868160149369,0.588274047675416,0.643062796508736,-7.32031781110138
"COL10A1",-0.102978126576773,-0.0724520454322268,-0.541604137964633,0.588455749843163,0.643147950622104,-7.32046068717806
"PEX11B",-0.0735295595201226,-0.21975290956394,-0.54146225936374,0.588553402581825,0.643147950622104,-7.32053743632415
"RAB27B",-0.111175089768672,-0.308225815812814,-0.540235755857428,0.58939789831311,0.64396057165113,-7.32120007590547
"ARPC2",0.0335255410016473,0.174102447024095,0.538343930253713,0.59070159397303,0.645274538497485,-7.32221922587877
"TMEM102",0.0526205623857441,-0.252646635782436,0.535521120621758,0.592649323907189,0.647291469919159,-7.32373327301966
"LYRM9",0.0727090781308357,-0.223603444710279,0.53507980382015,0.592954098335391,0.647513582669997,-7.32396926023705
"ACP2",-0.0522809931812867,0.0727574361501628,-0.53462182410486,0.59327045648039,0.647748266865132,-7.32421395233005
"MOXD1",0.0800660167201912,-0.0197946006436286,0.534350996394364,0.593457572373136,0.647841784852535,-7.32435855333476
"SELENOW",-0.0830596733670074,-0.388857425916712,-0.533704774089617,0.593904159433945,0.648218471450553,-7.32470329046988
"NQO1",0.183214530294135,-0.889505421438958,0.533210481592099,0.594245856055578,0.648480565871623,-7.32496669724311
"SYNJ2BP-COX16",0.0489388163730527,-0.118640602432628,0.529756168863277,0.596636284295716,0.650977900756689,-7.3268006876048
"PPDPF",0.0738657829968582,-0.0211293268011053,0.529498325691683,0.596814891283718,0.651061520732366,-7.32693710642901
"RNASEH2C",0.0440070592611137,0.191743822622466,0.529136613786655,0.597065488937958,0.651223632878179,-7.32712836804018
"GALK1",0.0373525233618317,0.0330169162500845,0.528930089508406,0.597208592600836,0.651229413414481,-7.32723751291315
"NAPRT",0.0726226535974423,-0.212061180261467,0.52883458258295,0.597274776030572,0.651229413414481,-7.32728797245607
"TBCB",-0.0488927108491404,-0.0737575109578586,-0.528658109874212,0.597397075129094,0.651251549376688,-7.32738118503106
"FLOT1",-0.0456222028289366,-0.176162461752498,-0.527793768045277,0.597996246326681,0.651793450460201,-7.32783728028418
"PAPSS2",0.0748236963287126,-0.627357568589992,0.527604723955252,0.598127330283102,0.651825056128624,-7.32793693563172
"PTX3",0.0938339555449353,-0.5768846435644,0.527294533325774,0.598342446141105,0.651948211367057,-7.32810037664319
"WWP2",0.0513345241062304,-0.266248580856295,0.524244255669697,0.60045967653656,0.654143496789956,-7.32970247205548
"UNC119B",-0.0407594185197123,-0.039320838709392,-0.523362312827177,0.601072476003075,0.654699378928631,-7.33016396501143
"MSR1",0.0670530592017034,-0.189828859620017,0.522306326732532,0.60180657872988,0.655387174687069,-7.33071550885422
"SPR",-0.0647299683503047,0.0886874141714446,-0.520587279905981,0.603002497407734,0.656577582869779,-7.33161099191649
"KHNYN",0.0408542384498725,0.00817848408955114,0.520370341096528,0.603153495243972,0.656630019971485,-7.3317237898889
"ARHGAP12",0.0420075314135577,0.171032998177226,0.520120687909033,0.603327284700653,0.65670724732589,-7.33185353970971
"RABGGTA",0.0282206814694773,-0.00603424415746487,0.519418378421063,0.603816300139769,0.657127505776789,-7.332218210781
"UHRF2",0.0458719590442722,-0.0522997079761975,0.517213001083494,0.605353057597577,0.658607046726768,-7.33336014531014
"MINPP1",0.0475019860002462,0.162898490716893,0.517171336120961,0.605382107633423,0.658607046726768,-7.33338167255298
"NFYB",0.0448296404837185,0.120625357294268,0.515362375813189,0.606643972308905,0.659799944919666,-7.33431464756868
"TADA3",0.0296326143219975,0.0717686480595891,0.515303195418815,0.60668527433412,0.659799944919666,-7.33434511484484
"OSTC",0.113428833371019,-0.484374859064862,0.515094229071437,0.606831122144246,0.659846170792066,-7.33445266704588
"C1QTNF5",0.0972241606960423,-0.187104608360338,0.512114812482496,0.608912311572739,0.661996442940906,-7.33598139570267
"UBE4B",-0.0329940764629985,0.0316147106464324,-0.511524921021345,0.60932474216609,0.662332052899299,-7.33628301699552
"UCHL3",-0.0534213256149997,0.176620742290413,-0.51133832464828,0.609455229519923,0.66236113029527,-7.33637835455857
"DOK3",0.0528918398094707,0.0183394529222368,0.510774002252838,0.609849937636896,0.662623462215027,-7.33666647209459
"TSNAX",-0.0343060694830498,0.152308335787688,-0.510696486367584,0.609904164046627,0.662623462215027,-7.33670602339318
"COQ8B",-0.0481017710576403,0.0953626487164144,-0.510236297419628,0.610226134539974,0.662860474487536,-7.33694070438081
"MPP6",-0.0541303269266909,-0.0307406606174557,-0.508715185994899,0.611290916748671,0.663904150950887,-7.33771491733894
"IDH1",-0.0550712919838483,0.0391766054293393,-0.508242296786762,0.611622108921811,0.664150878480572,-7.33795513749071
"STARD10",-0.0861775837799491,-0.152729106891636,-0.508012695627573,0.611782940918118,0.664212562108856,-7.33807169076438
"BRMS1L",-0.0343730408161098,0.0766225131385486,-0.507551158999358,0.612106296938358,0.664450647050563,-7.33830582319723
"WASL",-0.0335883820819049,0.120078837068444,-0.506241189025232,0.61302448512088,0.665334240607992,-7.33896919911553
"CYBRD1",0.0976538381269819,-1.41199611949329,0.505282089649071,0.613697127175434,0.665951080390066,-7.33945380686409
"CSNK1G3",-0.0334488371868665,-0.0839506445864129,-0.503676624995878,0.614823813602019,0.667060331325215,-7.34026295252892
"WDR77",0.0355756435033209,0.1111663785034,0.503123168669266,0.61521243121685,0.667368564954058,-7.34054129563795
"CCDC88B",-0.0516027587824097,-0.153433048601918,-0.502877757193262,0.61538478526346,0.66744213587688,-7.34066461968744
"BROX",0.0542203494006116,0.18103866996656,0.501370115225722,0.616444079349824,0.668477487542226,-7.34142092095072
"ITPK1",-0.0451812629017691,-0.180986634785402,-0.497971987988605,0.618834600773942,0.670955837313911,-7.34311726030974
"AKR1A1",0.042727101212636,0.0678472753402363,0.497066085453816,0.619472572853997,0.671533510640538,-7.34356754058015
"ATPAF2",0.0493570203331237,-0.0632387476223631,0.49671167437832,0.619722241423957,0.671690122473598,-7.34374347836839
"GZMA",0.0762045661644814,-0.726828178416009,0.495798522148363,0.620365723944321,0.672273446602934,-7.34419621075028
"GTPBP2",0.043629746407296,-0.00314235294875141,0.495046558503728,0.620895838964207,0.672733740333694,-7.34456840279452
"CTPS2",-0.0460383299794703,0.118620196772868,-0.492403917185861,0.622760400817604,0.674639490875535,-7.34587193040716
"SIPA1L3",-0.0399642024144744,0.0106296209819966,-0.488005398745834,0.625869243467706,0.677892301872994,-7.34802612579275
"TGM2",0.0608023965408108,-0.39294771670564,0.487316382181642,0.626356843396235,0.67830536721251,-7.34836182638684
"ERBIN",0.0339017691764293,0.00858505656531243,0.481484158698811,0.63049071995473,0.682666312855851,-7.35118441258558
"DNAJC17",0.0356611154317029,0.131274800724417,0.480233865276535,0.631378447553197,0.683511595053775,-7.35178509220136
"AGR2",0.135116496128472,-0.354802852358774,0.479459479312052,0.631928541595263,0.683893791459517,-7.35215634901115
"COL11A1",0.124016882263217,-0.313718307222754,0.479435312925789,0.631945711763689,0.683893791459517,-7.35216792525456
"QPCTL",0.0402793091214401,-0.0421013325923111,0.478387171619552,0.632690605803852,0.684583887147533,-7.35266944786428
"UBE2L3",0.0289695646355743,0.00924389091178496,0.476923823445268,0.633731205666427,0.685593654384977,-7.35336780838343
"SEMA3B",0.0574311508835351,-0.566922063253639,0.476064773162227,0.634342423265052,0.68613863671817,-7.35377678170666
"TMSB10",-0.0735064399343537,0.111990966392147,-0.475626994691871,0.634654000756258,0.686359382592938,-7.35398491435777
"MAT2B",-0.0337593776756373,0.0609460637070636,-0.471141289257271,0.637850324464575,0.689699292414278,-7.35610653154264
"ADSL",-0.0347445510588371,-0.108718769487455,-0.469528776502073,0.639000991624015,0.690555911034785,-7.3568643005651
"FERMT3",-0.0501283728292141,-0.127325511454201,-0.46951925792553,0.639007786546563,0.690555911034785,-7.35686876593238
"MED22",-0.0294365471409434,0.172888791802624,-0.469435873257623,0.639067312752354,0.690555911034785,-7.35690787959348
"SURF1",-0.050443439059029,-0.00454104995758546,-0.469277179532132,0.639180606641965,0.690555911034785,-7.35698229968303
"WDR55",0.0397418454211463,0.0716261946123469,0.469273393041765,0.639183309978947,0.690555911034785,-7.35698407506665
"PTPRJ",0.0430810724218114,-0.027512525296805,0.468774391428021,0.639539610631622,0.690823957686162,-7.357217918349
"SFXN5",0.0641774112329181,-0.348226516518212,0.468317765779849,0.63986572691014,0.691059314330387,-7.35743168560406
"TCEAL1",-0.0612944328376027,-0.204905917534372,-0.467296878930113,0.640595084214794,0.691730020752826,-7.3579088566751
"CTH",0.0655995280085608,-0.113446678911352,0.467031573467113,0.640784684858515,0.691817756648904,-7.35803269242672
"MYO5C",0.0598394633784644,-0.351879739567684,0.465325088712171,0.642004787236134,0.693017847253207,-7.35882754389073
"KLF3",0.0360360616600436,0.102837012718661,0.464428757144557,0.642646035671592,0.693592788668546,-7.3592438758572
"CLINT1",-0.0349025519158583,0.151229533504356,-0.463184316084799,0.643536770255298,0.694436754787913,-7.35982057005642
"FMO5",0.108133231081142,-0.862166233972084,0.462186912669756,0.644251054201393,0.695090061013162,-7.36028166737903
"METTL14",0.0370587181660633,0.0895918399066789,0.460936572965834,0.645146943082811,0.695939049093386,-7.36085829434222
"GCHFR",0.0622335828691928,-0.371950567462381,0.459845500869507,0.645929137138278,0.696665125106065,-7.36136019625293
"CETN2",0.039911829914145,0.021515656614324,0.459008267760631,0.646529619835728,0.697195004670009,-7.36174452467853
"PTGR2",0.0619190667305063,-0.215876037774919,0.457818187238063,0.647383570834319,0.697997990506101,-7.36228962246612
"SSNA1",-0.0569862799001003,-0.023324310307024,-0.456071569078959,0.648637713977275,0.699232112737617,-7.36308707434254
"ADAM10",0.0390879179359391,-0.330705483801084,0.455399511387318,0.649120545901185,0.699634484398897,-7.36339310406389
"ELP6",-0.0307650038480909,-0.154483142746047,-0.454836460645343,0.649525177128454,0.699952448264166,-7.36364914913917
"NFATC2",0.0425338960718269,-0.00610758980734236,0.453625263791717,0.650395944549757,0.700772545722275,-7.36419886380899
"SRF",-0.0492285255399534,-0.251463277385679,-0.450674475666404,0.652519364634302,0.702941815959173,-7.36553198266494
"FAM98B",-0.0302767838786612,0.126558907504694,-0.449808388728175,0.653143148817569,0.703495108839436,-7.36592161738459
"ARIH1",0.0289906539550038,0.0871659175513279,0.449551745591173,0.653328038424138,0.70355897288193,-7.36603693208107
"IMMT",0.0309598304278365,0.0907514805896347,0.449420191125127,0.653422820546569,0.70355897288193,-7.36609601654954
"PIK3CD",-0.0380941280250955,-0.103306258160557,-0.448484448544816,0.654097164667205,0.704166311987878,-7.36651578407835
"ANXA3",0.0839120420825936,-0.647773866891594,0.447415073318242,0.654868158719142,0.704877476976015,-7.36699442832142
"TTC5",0.0310101559981441,-0.00182443249769475,0.446521895455611,0.655512402174501,0.705451995261114,-7.36739333326657
"PABPN1",-0.0374036565678605,0.107182295382227,-0.445209049552671,0.656459816985475,0.706352533106211,-7.36797822227314
"PFKFB2",0.0575807829906229,-0.141700177435265,0.444383053218097,0.657056181623562,0.706875100196536,-7.36834533222709
"AP3M2",-0.0331073133229066,0.0112937847899081,-0.443353011351686,0.657800173425479,0.70755628492616,-7.36880217519813
"SPG21",0.03160422483943,0.0790053427226912,0.441030954010696,0.659478627311453,0.709235928450669,-7.3698281671624
"MRPL23",-0.0476796810089269,0.0746044467893322,-0.440885449981735,0.659583859536425,0.709235928450669,-7.36989227838146
"USP8",0.0249182758346177,0.0943706309283434,0.438947786907311,0.660985871311901,0.710623806756439,-7.37074402698171
"KRT10",-0.0893630854454447,-1.18808573874133,-0.437218850845129,0.662237866681591,0.711849962754538,-7.37150086086172
"CEACAM6",0.0729137468546081,0.328105345004123,0.436286274321885,0.662913578815864,0.712456354273572,-7.37190785334521
"SRPX2",-0.0794651987796788,-0.0995587764970648,-0.4354001970214,0.663555854638548,0.713026612565992,-7.37229374857827
"GSTZ1",0.0590547361271055,-0.268553456979603,0.433486634536734,0.664943753294355,0.714397756147478,-7.37312445001721
"OSGEP",0.0290582611045197,0.0344211881372311,0.433318498580098,0.665065756822234,0.714408623369779,-7.37319726527024
"MARK3",0.0257184120523853,-0.0420929695442537,0.431633651768714,0.666288814105477,0.71560203163389,-7.37392536999164
"CD2BP2",0.0275171783347586,0.284356935047699,0.431211869998373,0.666595131953632,0.715810615123434,-7.37410719909515
"DOK2",-0.0527086022354926,-0.263028270482482,-0.430278623467809,0.66727309812665,0.716418148905105,-7.37450888832229
"GCA",0.0535654359551685,0.130149639975169,0.428902099003252,0.668273586040962,0.717371695842559,-7.37509978708004
"EIF1B",-0.0459318792206098,0.117211643022125,-0.427972262653978,0.668949746601633,0.717976825021252,-7.3754978663748
"SYTL2",0.0656770370794762,-0.131241696189051,0.427580124792162,0.66923498323351,0.71810745803085,-7.37566548877308
"HSD17B10",0.0429645138087193,0.2349865996642,0.427495705552085,0.6692963951044,0.71810745803085,-7.37570155435989
"DLG1",0.033960705534228,-0.0717220495556699,0.426734527334148,0.669850224358742,0.718580927844518,-7.37602642368
"ARFIP2",-0.0420121567282856,0.147802885534485,-0.424799597080061,0.671258880803852,0.7198940662097,-7.37684964440127
"UBL4A",0.0288806257801705,0.234868259041663,0.424743404184529,0.671299807394292,0.7198940662097,-7.37687349596267
"EHMT1",0.0355151241808822,0.0305395407177383,0.424244666847322,0.671663092279015,0.720162694240388,-7.37708505121775
"CAMK4",0.0396499480808145,-0.170432861995514,0.422796216195521,0.672718593762325,0.721173307785837,-7.37769804985536
"CRACR2A",-0.0641954311825779,-0.235894690960718,-0.422640239028025,0.672832294683635,0.721174114748197,-7.37776393603524
"MTMR1",-0.0234180682157551,-0.0183200190108307,-0.421292053699802,0.673815379104967,0.722106612216384,-7.37833240971913
"PRKRA",0.0261306263949807,0.167530074640662,0.420992938057827,0.674033567443509,0.722186891899808,-7.37845828842356
"PGLYRP1",0.0808208490323802,-0.447231362045528,0.420879250260524,0.674116503637096,0.722186891899808,-7.37850610894648
"LIMK1",0.0348449728361341,0.0992139176936008,0.420718483874292,0.674233790843267,0.72219136965849,-7.37857371012472
"RIOX1",-0.0330085626688108,0.0709570576018173,-0.418649441879574,0.675743970512712,0.723687563187465,-7.37944142564486
"ALDH1B1",0.0676867626139626,0.0867539605002595,0.41823272157395,0.676048290727251,0.723892057067499,-7.37961567293679
"ATG12",-0.037821435940673,0.179860270484046,-0.415843852455853,0.677793845755436,0.725639454250244,-7.38061120873883
"FAM118B",0.0391408622287348,0.00467856700746503,0.412895108495145,0.679950900822457,0.727826739606268,-7.38183221064891
"PKP4",-0.0446109549321791,-0.0352150512562669,-0.412454723011454,0.680273276583222,0.728049760473327,-7.38201381842138
"MZT2B",0.0501151565899406,-0.211902543919515,0.411910338219718,0.680671864181981,0.728354257215007,-7.38223804622616
"MTHFS",-0.039039015005713,0.157247555388922,-0.410254304987069,0.681884928943053,0.729530038756935,-7.38291833442859
"TXNRD1",0.0485440677717442,-0.102240767842411,0.409321257596927,0.682568761857715,0.730139310514577,-7.38330041873291
"MAP2K4",-0.0348137428293982,-0.176559003964013,-0.407253226679262,0.684085359947067,0.731639032372198,-7.38414418263555
"GSTK1",-0.0459377820505278,0.152753348110947,-0.405775196154703,0.685170064362589,0.732676412821157,-7.38474460815571
"SGSM3",-0.0515439965174948,-0.0594069146694944,-0.405202059031331,0.685590856739832,0.733003620275256,-7.38497684885023
"DOCK2",-0.0452087347756784,-0.173221388806004,-0.40449914840273,0.686107061475024,0.73343271178939,-7.38526122730198
"HIRIP3",-0.0405178058243316,0.0881627119442662,-0.401811039081534,0.688082515552235,0.735421302611486,-7.38634421285454
"TBCA",0.0453631486300565,0.106469151375658,0.401614179581913,0.688227269109603,0.735452905985743,-7.38642324012028
"PPFIBP2",0.0407050997954267,0.0251272738513299,0.40008307319855,0.689353504452468,0.736533153602578,-7.38703656671111
"RASAL3",-0.0383857948500716,-0.329065565002557,-0.399436453592387,0.689829346112369,0.736918249109499,-7.38729488498098
"NCF4",0.0448735205776322,-0.00591396800205892,0.39875088309372,0.690333985974766,0.737083337987514,-7.38756830784869
"GLYR1",0.0266194203264564,0.13555815331635,0.398661655068053,0.690399675784884,0.737083337987514,-7.38760385973353
"RB1CC1",0.0307402312341156,-0.120669528514226,0.398603193118312,0.690442716832777,0.737083337987514,-7.38762714891774
"BCL7C",-0.0244468369895969,0.117406452293611,-0.398462848584506,0.690546045848785,0.737083337987514,-7.38768304331502
"ALDOC",-0.0405948578860069,0.0137698493334148,-0.398442422594584,0.690561085018216,0.737083337987514,-7.38769117664447
"MTG1",-0.0370104680212579,0.107157215670668,-0.397907887503649,0.690954694070136,0.737380197499218,-7.38790387259334
"MTFMT",-0.0447532142116308,0.0515300651812449,-0.39674625406865,0.691810361134186,0.738137891233049,-7.38836511261746
"CYB5R1",0.0473251026650321,-0.131011267533151,0.396630167078429,0.691895893348441,0.738137891233049,-7.38841113225991
"UGDH",0.0735864222821167,-0.523555161031998,0.395732494796709,0.692557426264407,0.738694432614565,-7.38876653661524
"IPO13",0.0282663936046833,-0.0662861099003261,0.395608321392084,0.692648953494659,0.738694432614565,-7.38881563572486
"HAUS5",-0.0245483611668867,-0.0422020411789879,-0.395165433266285,0.692975439517157,0.738919201956755,-7.38899063169166
"GFM2",0.036457300953357,-0.067396750498816,0.39464242726079,0.693361060201043,0.739187263163121,-7.38919703202088
"CLC",0.110194861054326,-1.0470398737605,0.394510462992128,0.693458372176523,0.739187263163121,-7.38924906756565
"CHDH",-0.0666193754628001,-0.150248927991814,-0.393324752331236,0.694332956584897,0.739995981938669,-7.3897158316119
"PTGES2",0.0323755750063774,0.213595913443248,0.392720301986704,0.694778958778732,0.740347738952304,-7.38995323793309
"TPD52L2",-0.0327390375856432,0.277542781769461,-0.392049929639297,0.695273726596821,0.74075133394305,-7.39021610941928
"PDXK",-0.0366098609325839,0.0587728899308812,-0.39150634537017,0.695675014302337,0.741055216269673,-7.39042893438291
"GSPT1",-0.02683867026054,0.175289989143739,-0.390253035419928,0.696600565667321,0.741917366436337,-7.3909185080033
"POSTN",0.0802680331138016,0.183176403933549,0.386737054777221,0.699199485938634,0.744561160393292,-7.39228356510166
"CCNH",-0.0303640297175889,0.165477182297015,-0.386013543087668,0.699734727466579,0.744920260867401,-7.39256293263314
"NXT1",0.0363825991663289,-0.0432255829848556,0.385965812485076,0.699770043019996,0.744920260867401,-7.39258134433883
"TSPAN9",-0.0574984159905518,-0.5716566755616,-0.382732149175801,0.702164124314288,0.747344212993287,-7.39382340729376
"GIPC1",-0.0294023666680567,-0.0660273930083363,-0.382499156852117,0.702336738024443,0.747403345381012,-7.39391249733816
"PPP1R2",0.0325103014050356,0.0528077939791627,0.380899493244888,0.703522274102155,0.748330043293774,-7.39452270240151
"MYO5B",0.041635857076004,-0.18964324630461,0.380881177252052,0.703535852574893,0.748330043293774,-7.39452967439511
"HARS2",0.0439475740748755,0.248668201553129,0.380849735372363,0.703559162081836,0.748330043293774,-7.39454164198435
"NAA38",-0.0256934300761279,-0.0168303145956009,-0.378408247697164,0.705370017371433,0.750131172704297,-7.3954679207995
"ARFRP1",-0.0319137390964078,0.232483643554147,-0.377197724149381,0.70626848747277,0.750961580768299,-7.39592497559898
"CINP",0.0226255059107461,0.144383927290819,0.376773506068688,0.706583446381182,0.75117137947783,-7.39608480048817
"SMYD3",0.0462196595806767,0.0192675980206317,0.376200193742624,0.707009179871599,0.751498853584178,-7.39630051136466
"NFATC2IP",-0.0378387065017643,0.0943599618221949,-0.375551521873004,0.707490985288392,0.751778216308866,-7.39654418079885
"ATL1",-0.046519703970347,-0.485063915367043,-0.375483281426462,0.707541678186289,0.751778216308866,-7.39656979046044
"FTO",-0.0286383607939011,0.0868033608709981,-0.375370814498168,0.707625227880389,0.751778216308866,-7.39661198753997
"OXR1",0.0360086486588791,-0.0788995711501167,0.374403112134324,0.708344262898228,0.752416922077056,-7.39697454318782
"UBA7",0.0334427635722847,-0.0703498808020391,0.373189301697263,0.709246533668995,0.753250019540341,-7.39742798270612
"CLK3",-0.0267066744813577,0.0370177643881606,-0.371972359687338,0.710151543709098,0.754085748641708,-7.39788111518704
"DERL2",0.0453781384598002,-0.0483517938217149,0.370598924086751,0.711173427622172,0.75494453763335,-7.39839074230214
"RAB34",-0.0363898874886665,-0.130126756593271,-0.370567555922969,0.711196772727424,0.75494453763335,-7.39840235977403
"CD300A",0.038622651392924,0.14192408159755,0.369927397310332,0.711673256901616,0.755324758197609,-7.39863923344222
"WDR89",-0.0547508801986242,-0.0931950937370051,-0.369692266152667,0.71184829862842,0.755384973698265,-7.3987261347169
"FIBP",0.023209399339968,-0.0111462893719243,0.367085445072388,0.713789948415233,0.757319511570498,-7.39968588135214
"MTIF2",-0.028207125447146,0.125853162139516,-0.365506902448108,0.714966607856754,0.758441899180158,-7.40026375063651
"WARS2",-0.0368976006313631,0.121670175519866,-0.364467288443948,0.715741917229876,0.759060943091146,-7.40064297113665
"TJAP1",-0.0210774964029075,0.0756983872738766,-0.364405601132902,0.715787930830351,0.759060943091146,-7.40066543892616
"NEK6",-0.0271638275432503,0.261705762133027,-0.362860743049474,0.716940604197082,0.760157050448085,-7.40122686885205
"CHCHD10",0.0487357900475072,0.0580717338315127,0.362087120117754,0.71751807534571,0.76064302026936,-7.40150712212657
"HAUS2",-0.0380999250646124,-0.0355725846070711,-0.359063062717562,0.719776937703594,0.762910980617107,-7.40259688532985
"TBC1D8B",-0.0344284922461389,0.0915496529271113,-0.356830999551286,0.72144578810091,0.764552922327686,-7.40339538385677
"PPP2R2A",0.0378023053167368,-0.00848782224994515,0.354497468353638,0.723191928665963,0.766276213828771,-7.40422486176461
"TOMM6",0.042255667404837,0.0938258854419104,0.353628758537996,0.723842339552668,0.766838118142324,-7.40453226464179
"MMP9",-0.0739128615220741,-0.729989806582799,-0.352890016306016,0.724395600195366,0.76729693219101,-7.4047930840483
"WBP2",0.0351653125851138,-0.283218998355693,0.352257277075246,0.724869587811965,0.767671640102736,-7.40501604484655
"FYTTD1",-0.0343126396907314,0.0154398168341488,-0.35136460681904,0.725538470968064,0.768252593222403,-7.40532991861008
"OTUD7B",0.0268682808779925,-0.213834520964335,0.349620196107724,0.726846175168207,0.769465993158143,-7.40594097765627
"FHIT",0.0405214800029554,-0.0686113332378553,0.349514508495573,0.726925430028178,0.769465993158143,-7.40597790190182
"GPALPP1",0.0340633782100952,0.0663269610465982,0.34777248232245,0.728232193200767,0.77072145758112,-7.40658490900103
"TPP2",0.0252990176551947,0.0845367586720228,0.346760924458701,0.728991367644307,0.771397063707143,-7.40693599431594
"PTK2B",0.0289546581037179,-0.127524724704048,0.344544123049348,0.730656010610471,0.773030427133034,-7.40770181445238
"SELENOM",-0.0357948991510224,-0.126101299241047,-0.344224711677008,0.73089596863669,0.773156189487287,-7.40781175433798
"LZTFL1",0.0348853187775802,-0.0403145079317626,0.343292786342234,0.731596229337398,0.773768746781396,-7.40813193629807
"PPP1R37",-0.0241595708197583,0.0251684735126993,-0.342358848084626,0.73229822796506,0.774382938979282,-7.40845193963678
"NEK3",0.0514619876102808,-0.196182852955977,0.342104271570734,0.732489620538301,0.774457066921187,-7.40853901629457
"GGT7",-0.0421359573249192,-0.172094824681615,-0.339332552859314,0.734574499168365,0.776532810793048,-7.40948288040835
"RWDD4",0.0267843213870788,0.0875381513817039,0.336325515957877,0.736838607654257,0.778797303405468,-7.41049820060981
"CHCHD5",0.0333129813911957,0.110188818956492,0.335598194577051,0.737386580310943,0.779247486806583,-7.41074242289016
"WASHC4",-0.0170837835940517,-0.00356423512192858,-0.335184814389487,0.737698085702167,0.779349005252703,-7.41088099351537
"MCUB",-0.0364390638803758,0.077304473258319,-0.335012413450521,0.737828012368761,0.779349005252703,-7.41093873420647
"CAND1",-0.0211427415096476,0.114234921812424,-0.334984800157928,0.737848823297195,0.779349005252703,-7.41094797971922
"CDA",0.0593999175168148,-0.286688567543881,0.334738429675537,0.738034510474293,0.779416200691096,-7.41103043604322
"NIPSNAP3A",-0.0514133035302109,-0.619761443325273,-0.334343711256673,0.738332038136628,0.779482589228328,-7.41116241571544
"CWC25",0.0480422504631308,-0.517007633332067,0.334331113271257,0.738341534792941,0.779482589228328,-7.41116662546701
"SCP2",0.0344437283403523,-0.0134848547254941,0.333732829858293,0.738792580990006,0.779829828008131,-7.41136636574873
"TRADD",-0.0252494002447906,-0.0332436868340241,-0.33347905494223,0.73898392932617,0.779902874173157,-7.41145098194601
"AGPAT2",-0.0356702970393059,-0.0193264008860765,-0.333201612080537,0.739193142064007,0.779994746666449,-7.41154341614618
"ATP6V1G1",0.0267763466192928,0.188042938037877,0.332151738568469,0.73998500090204,0.780701293912678,-7.41189250113928
"FAS",0.0416250569023021,-0.376437658638075,0.330044369256541,0.741575302650175,0.782249844279096,-7.4125898827732
"ARHGAP9",0.0313576940246522,-0.0467853079624235,0.328791259929485,0.742521473443058,0.783118534511715,-7.41300246520589
"TSPAN14",0.0336534226022564,-0.275871158975499,0.32747166682405,0.743518265978108,0.784040318459161,-7.41343524174991
"FKBP15",0.017992226183107,0.0914781005674238,0.326314325749842,0.744392852424742,0.784832952894976,-7.41381337411569
"MICAL3",0.0241713380423066,-0.27060161335412,0.325289845072369,0.745167314553957,0.785519779334161,-7.4141469813335
"AAR2",0.0216213034842053,0.134403270639056,0.324943174559099,0.745429440793562,0.785666388158945,-7.41425963214434
"MYEF2",-0.0573834717307646,-0.24201990995002,-0.323598568525711,0.746446410906913,0.786608406278369,-7.41469542701206
"OSGEPL1",-0.0335603103240556,-0.0705593048823895,-0.323153730386024,0.746782954514433,0.786833195474365,-7.41483920416564
"TOR1A",-0.02337011674075,0.143144307214887,-0.322459868017325,0.747307994966615,0.787256483725761,-7.41506307440949
"TBC1D23",0.0180216906211542,0.088923008605161,0.322064257984408,0.747607402858666,0.787441977441865,-7.41519050019138
"SEMA4B",-0.0390937146192647,0.0931579290228023,-0.321453670327451,0.748069586437866,0.7877988305139,-7.41538686331386
"PFDN4",-0.02973194062059,0.227267221326434,-0.320007136205563,0.74916490143367,0.788822212343995,-7.415850578091
"LAMC2",-0.0677907477660245,-0.315587585197311,-0.319690959137919,0.749404378362424,0.788944263123508,-7.41595165647636
"DCAF11",0.0249276493050352,-0.145644889280358,0.318840695684314,0.750048500128206,0.789492198041312,-7.41622298116045
"COL8A1",0.0527206040214113,0.134689105553499,0.317170629798125,0.751314177136071,0.790565528187789,-7.4167538079984
"CHMP5",-0.019990023994352,0.0964178928238483,-0.317103792287594,0.751364844662025,0.790565528187789,-7.41677499417604
"COMTD1",0.0377417224288697,-0.153548030556131,0.317005111012629,0.751439653965809,0.790565528187789,-7.41680626604348
"ACOX3",-0.042005224479113,-0.0568433367394271,-0.316170081031044,0.752072775856411,0.791003407097987,-7.41707049570176
"RICTOR",0.0226835730709122,0.0188455412890939,0.316009751275029,0.75219435748673,0.791003407097987,-7.41712114935656
"AFG1L",0.0321349213896268,-0.0612233909363638,0.315966026904659,0.752227515724194,0.791003407097987,-7.41713495892484
"PIP4K2B",-0.0233704004992434,-0.182928100855276,-0.314523188741356,0.753321944791485,0.792023813188478,-7.41758958255268
"GSTM3",0.0638283342801764,-1.308806767144,0.313148413485817,0.754365209891237,0.792990099630482,-7.41802082556757
"MRPL32",-0.0363274710061628,0.122266260498091,-0.311423157555193,0.75567507869517,0.79412567315474,-7.418559336972
"POLD4",-0.0247669320321267,0.108381059280519,-0.311397953990297,0.755694219277714,0.79412567315474,-7.41856718183169
"CROT",-0.0433189352454681,-0.251701597651343,-0.309879809296688,0.756847435718928,0.795206660698594,-7.41903854917407
"DCPS",-0.0250719137911337,0.0542498521588534,-0.30873860048477,0.757714681672792,0.795986877670414,-7.4193913662178
"TRIP4",-0.0176563764620999,0.194367697764374,-0.308427421522959,0.757951211064837,0.796104372865436,-7.41948734482131
"COPE",-0.0167332742459572,0.283197639369106,-0.306841009936063,0.759157407461813,0.797240139250604,-7.41997514669686
"EFNA1",-0.0487578187534176,0.000856675038637286,-0.304906774848578,0.760628860973108,0.798654049878851,-7.42056649866127
"ABAT",0.0723434363927477,-0.295470682060155,0.302366433832481,0.762562726129911,0.800552944153154,-7.42133747725043
"C2CD5",-0.0202495801750707,0.00673282752206781,-0.30176482278789,0.763020928426113,0.800800504690621,-7.4215191185233
"AGFG1",0.0168220414354807,0.120261594254766,0.301690161390933,0.763077798269671,0.800800504690621,-7.42154163542794
"TEAD3",-0.022105081947138,0.00968493073724851,-0.301556732495758,0.763179434718117,0.800800504690621,-7.42158186197601
"MED10",0.0227469369889529,0.145737247616607,0.301398178721379,0.763300214807693,0.800800504690621,-7.42162964012485
"CD180",0.0271885888572728,-0.0498318834361889,0.300734611598869,0.763805757162352,0.801199237634569,-7.42182932508769
"GPN1",0.0201365159559164,0.080619707315052,0.300156565238629,0.764246227502837,0.801529593069253,-7.42200291609096
"PRKACA",0.0265181566271935,-0.202616484150667,0.297726972822202,0.76609840924527,0.803340177866817,-7.42272888817169
"UBE2O",0.0205380764392405,-0.0406810902313493,0.297148917351805,0.766539283834063,0.803670497090392,-7.42290074506847
"HSCB",0.0269700915737926,-0.0764836275415069,0.296645298159404,0.7669234488538,0.803941261029636,-7.42305019982467
"RABIF",-0.0284254238698698,0.152011899240196,-0.295845645083598,0.767533549257674,0.804448738018754,-7.4232869854546
"LIMK2",-0.0249843086960505,-0.053475488317601,-0.294597077905386,0.768486440847833,0.805315267489482,-7.42365542182902
"ECE1",-0.0314778095932159,-0.369720526582658,-0.29352367508689,0.769305930149871,0.806041740073339,-7.42397092443298
"UQCC2",-0.0377175694287189,0.30837967369666,-0.291273677775085,0.771024529685477,0.807709864157797,-7.42462852532101
"PLEKHA7",-0.0295107601488503,-0.155771775785277,-0.29105911475192,0.771188476974375,0.807749085544847,-7.42469097095352
"AIF1L",0.0492697581780052,-0.758321946877012,0.289210129115875,0.772601708900667,0.809073473106117,-7.42522718701694
"PCYT2",0.0258920971402994,-0.128937177645096,0.288972623827924,0.772783295929141,0.809073473106117,-7.4252958173242
"HMGCS2",-0.096522503104965,-2.30397536745778,-0.288903318402036,0.772836286437298,0.809073473106117,-7.42531583342571
"UEVLD",0.0198895202458922,6.59333506912193e-05,0.28874181049008,0.772959778535209,0.809073473106117,-7.42536245990776
"EXT2",-0.0284869722720831,0.0125823822465756,-0.287918979572332,0.773589020690981,0.809599393068663,-7.42559960226358
"SDF4",-0.026883832404575,0.300314087346353,-0.287007025345446,0.774286592624684,0.810196639447494,-7.42586163995006
"QSOX2",-0.0272032776189541,0.0804711934626902,-0.284913222925843,0.77588887571562,0.811611464280123,-7.42646012191289
"RCHY1",0.020068959438503,0.0866597254841351,0.284907922459117,0.775892933119165,0.811611464280123,-7.42646163141375
"SNUPN",-0.0246628950057781,0.0875557173840088,-0.281151947105312,0.778769597312251,0.814487121840905,-7.42752422499612
"HMGN2",0.0447631446850921,-0.23202287631341,0.280316206629579,0.779410098491376,0.814948107319477,-7.42775874525259
"HNRNPH2",-0.0195226867469868,0.215789151724556,-0.280243748153502,0.779465636867666,0.814948107319477,-7.42777904522263
"DARS2",-0.031470698691199,0.123931761962337,-0.279840968491598,0.779774382274509,0.815137431372419,-7.42789179236988
"QPCT",0.0467040220313591,-0.249815789693941,0.278132022019924,0.781084740127989,0.816373557982846,-7.42836836239142
"PDIA3",-0.0230001738459518,0.209995214845173,-0.276521104466613,0.782320505032708,0.817531329727306,-7.428814923686
"MRM2",0.0235061020942855,0.207514153703548,0.276274876232463,0.782509440024576,0.817594955744873,-7.42888295199946
"TMEM65",0.0428202619256221,0.0625316295617512,0.276072597918833,0.782664661160209,0.817623341215304,-7.42893879244012
"HLA-DQA1",-0.0693199905391479,-0.675162467737582,-0.275653536360937,0.782986261647482,0.817825499855909,-7.4290543474409
"CLPB",0.016846691309744,0.0926394202607106,0.274110416579642,0.784170819116564,0.818928799486304,-7.42947834560414
"POLR2K",-0.0299047648879554,0.284877731464556,-0.273400301333013,0.784716099608355,0.819364234832273,-7.42967266240557
"P2RX4",-0.0306435981666353,-0.200653399629304,-0.272894233789046,0.78510476156291,0.819636020696399,-7.42981083587735
"COPS7B",-0.0181182055700949,0.0770590771722886,-0.272454452132836,0.785442559401331,0.81985462510667,-7.42993070326755
"UFL1",-0.0165028195028572,0.126772108544862,-0.269757258525682,0.787515168900255,0.821883679867297,-7.43066162656316
"RPS6KA1",0.0249230196183781,-0.0944329396122306,0.269494203385109,0.787717390041633,0.821960375129242,-7.43073252390768
"RAPH1",-0.0234356403203794,-0.0797676253570564,-0.268901209055522,0.788173301514179,0.822301720615692,-7.43089209126027
"ARHGAP35",-0.0244715725323061,-0.0807251808489411,-0.267186614578675,0.789491941791348,0.823542893046521,-7.43135149055813
"RAP2C",0.028285553358074,0.0592030541665378,0.265986268125027,0.79041545100573,0.824371554176999,-7.43167135698329
"PRUNE1",-0.0251341176082962,-0.15755388513013,-0.263827727624759,0.792076908134446,0.825969468959406,-7.43224293931035
"LZTS2",-0.0195791494284523,-0.0351865401627635,-0.263101747566757,0.792635918216603,0.826280213896893,-7.43243413291117
"MTIF3",-0.0298368305994735,0.164254476664641,-0.263019589549717,0.79269918725525,0.826280213896893,-7.43245573681883
"MICAL1",-0.0197342114186247,-0.0876804051320493,-0.262936557426133,0.792763130827308,0.826280213896893,-7.43247756372528
"RP2",-0.0207626000685819,0.0351072762941521,-0.261264530044132,0.794051067244476,0.82748752478472,-7.43291562858301
"IFITM3",-0.0245703903778589,-0.0720142505740178,-0.260498077847018,0.794641642165181,0.827967833750764,-7.43311550243281
"GABARAPL2",-0.0291841139438816,-0.25812254955527,-0.260292735956228,0.7947998844876,0.827997595440256,-7.43316895138031
"TIMM17B",0.0269167141712467,0.206678540409039,0.260015295043841,0.795013701844953,0.82808523430343,-7.43324110024213
"KIF3A",-0.0169420071310797,0.0995522382289663,-0.259314000148698,0.79555424269258,0.828504724392723,-7.43342312995544
"PTPN18",0.0267584957664811,-0.0413252265070648,0.259156109431638,0.795675954577319,0.828504724392723,-7.43346404465821
"PCM1",-0.0294047352504837,0.0507904945334605,-0.258764462105309,0.79597788200008,0.828683968134765,-7.43356542589714
"CASP6",-0.0301958683058113,0.129430841301786,-0.258485714573075,0.796192791793227,0.828772575089624,-7.43363748870408
"PFN2",0.0394949397834298,-0.331718896404483,0.257930426912656,0.796620955771605,0.82908309740859,-7.43378081227164
"ANAPC2",0.0163462722788936,0.00791727161752734,0.256452047818166,0.797761184575596,0.830134479060492,-7.43416089001991
"LRIF1",-0.021104602329649,0.095314007880921,-0.255969385283232,0.798133541503404,0.830386616017473,-7.43428450525748
"TCEA3",0.0424135419009527,-0.237786968039494,0.254911446994618,0.798949864430292,0.83110050250691,-7.43455464071599
"CCDC91",0.0257162200851071,-0.227081590604174,0.254320831592645,0.79940568927507,0.831397008872046,-7.43470496283757
"ALDH4A1",-0.0390849285649008,-0.0824194633339569,-0.254204703613052,0.799495322548843,0.831397008872046,-7.43473447846887
"C12orf57",-0.0222542721613643,0.146508973009228,-0.253987371189218,0.799663077508486,0.831436044600502,-7.43478968048809
"ARPC3",0.0187958580470507,0.191994779154246,0.252596014494091,0.800737260241235,0.832417356991255,-7.43514196415926
"SAMD4B",-0.0177211451513594,0.111733421168391,-0.250264577404158,0.802538070312649,0.834153602302826,-7.43572793449165
"DFFA",0.0171164709816197,0.11696856864632,0.249612946878052,0.803041580845879,0.83454109597997,-7.43589074046768
"CD74",-0.0351153467967098,-0.0344917493076761,-0.247712071018868,0.804510843404861,0.835931934115547,-7.43636323872376
"NCF1",-0.0370179368237696,-0.200544827182836,-0.24720212280867,0.804905120922726,0.83620553158015,-7.4364893816546
"IGFBP4",-0.0292030588524356,-0.0946316874788191,-0.24689931229583,0.805139269031766,0.836312710715443,-7.43656416317057
"SEC13",-0.0143455889266069,0.368216943546793,-0.244310535039751,0.807141754560048,0.838256360257955,-7.43719974267692
"CTDP1",0.0152197719312058,0.082707857458953,0.243184545861476,0.808013133260465,0.83892353257863,-7.43747409825167
"IDNK",0.0253871913483741,-0.30232726133046,0.243046509082881,0.80811997342968,0.83892353257863,-7.43750764475419
"COX7C",0.0283890414679983,0.0950152970546816,0.242971112352603,0.808178331854526,0.83892353257863,-7.43752596006685
"MTMR14",0.0179569072914609,-0.0209698745338048,0.242707858789304,0.808382103250656,0.838998655600689,-7.4375898648661
"PHB2",0.0204487964359095,0.179726289075154,0.241943914815214,0.808973507888768,0.839348616084013,-7.43777492018016
"SEPHS1",0.0167470130249231,0.0364636299282174,0.241932680521542,0.808982205697888,0.839348616084013,-7.43777763718794
"KIAA2013",0.0194502706348995,-0.0929543479075084,0.239649854179628,0.810750104754662,0.841046209400247,-7.43832712089925
"HCK",-0.0262261752409012,-0.0623137362775118,-0.239401437729908,0.810942545666946,0.841109186823173,-7.43838660136877
"TATDN1",0.0244028470802399,-0.00629439134374995,0.238952885087738,0.811290055262492,0.841332954823942,-7.43849384595133
"CDK5RAP1",0.0198882646545471,0.177930876507738,0.237532758885142,0.812390523293648,0.842337364603758,-7.43883205839989
"RPL36",-0.0279599512441638,0.0926549576105133,-0.236824056813005,0.812939842037371,0.842770074916157,-7.43900008666452
"GALK2",-0.0223778130372109,0.0852955007753495,-0.236350571243777,0.813306894760944,0.843013721274128,-7.4391120670762
"MNDA",0.0409218026370624,-0.014234571016226,0.234662964644684,0.814615485856608,0.844233059112878,-7.43950936759932
"ZNF397",-0.0222479961767147,-0.0327155584806067,-0.233652315517265,0.815399404815648,0.844908341406672,-7.43974593456655
"SNAP29",0.0152875225043693,0.0228236934890453,0.233325758115726,0.815652741684963,0.845033710150655,-7.439822155068
"C1orf50",0.0201956244086577,-0.00933133360501243,0.232977404821508,0.815923008722465,0.845116522032441,-7.43990334539136
"TRMT112",0.0163140030388607,0.121955331763568,0.232881533409319,0.815997393630384,0.845116522032441,-7.43992566875747
"CHMP7",0.0182401182701198,0.0402399071062044,0.230380039665192,0.817938844487701,0.84685569725977,-7.44050488751182
"TRIM4",0.0128462462307913,0.122780204410835,0.230376093091179,0.817941908379171,0.84685569725977,-7.44050579639706
"NDUFB10",-0.017810257879509,0.00156784987885151,-0.230177268661114,0.818096267764952,0.846878188988201,-7.44055156497781
"MRPL52",0.0272444500695672,0.104978639413165,0.229540898992898,0.818590367482008,0.84725230934878,-7.44069778913718
"UGGT2",-0.0205169007592298,0.166414058726751,-0.228520894718082,0.819382485472685,0.847915334158476,-7.44093132014657
"SCFD1",0.0142608216809968,0.16220350529736,0.228374023202208,0.819496558667494,0.847915334158476,-7.44096486089515
"NR2C2AP",0.0213858984989262,-0.0178483013196286,0.226925759239037,0.820621611542602,0.848941832420531,-7.44129444365977
"EIF4H",-0.0138976914453057,0.166269134014906,-0.225206981586011,0.821957288254706,0.85018585541978,-7.44168286754372
"HIKESHI",0.0243737588787338,-0.274593491527866,0.223190381828404,0.823525065951367,0.851669508600499,-7.44213483185069
"WASHC5",0.0102916190627924,0.0124854758130483,0.222905051711155,0.823746949220203,0.851691212063118,-7.4421984524051
"COPS2",-0.0265470316377353,-0.0343487366038424,-0.222820334788107,0.82381283096348,0.851691212063118,-7.44221732622074
"RAB2B",-0.0184006882487051,-0.236750067741572,-0.222428626546867,0.824117466613323,0.851868224757337,-7.44230450041238
"PPP5C",0.013904171833373,-0.0637380671316613,0.221162759036853,0.825102126976771,0.852747989761522,-7.44258516921799
"METTL16",0.0171631149266438,0.0967732090941917,0.22016585953021,0.825877764139357,0.853411478237545,-7.4428050751378
"UQCRQ",-0.0230960617404828,-0.0147864385707937,-0.219937309423546,0.826055611522347,0.853457132616535,-7.44285535102333
"SUPT4H1",-0.0291547000359724,0.0569167231793629,-0.218067432011006,0.827511001720788,0.85482247953199,-7.44326472134794
"MRE11",-0.0177970094598401,0.32552564784667,-0.217310160294163,0.828100582093552,0.855293144074301,-7.44342951594778
"PGP",-0.0197061882271008,0.134082556186563,-0.216755445295787,0.828532521967094,0.855600865722124,-7.44354986725861
"GRAP2",-0.0263493094001026,-0.252663727940264,-0.216161651332746,0.82899494917257,0.855863108056606,-7.44367835638743
"NOA1",0.0225165715402201,-0.0715256995544061,0.216023071645,0.829102879048248,0.855863108056606,-7.44370829247688
"CHMP4A",0.0186286522667962,-0.0203373335244855,0.215913015651441,0.829188596153197,0.855863108056606,-7.44373205318273
"LGMN",0.0223013550984468,0.146202125553231,0.214044792326117,0.83064397264275,0.857226727868751,-7.44413354929017
"TBC1D24",0.0237447846496332,-0.135215090710402,0.213556515347071,0.83102444480912,0.857480782176185,-7.44423790894854
"RTCA",0.0132538269917561,0.09135863943917,0.212917301156541,0.831522589463224,0.857856153453334,-7.44437416834861
"TUBB2B",0.0672615708178621,-1.72414532749744,0.212715789835358,0.831679642929376,0.85787956706043,-7.44441703926463
"VSIR",0.0241321740170415,-0.395967348055859,0.209641034430613,0.834076873143559,0.860213347604849,-7.44506615020454
"PDCD6",-0.0170999001622514,0.169879256190191,-0.209172690444024,0.834442153685697,0.86045109032351,-7.44516419299813
"PHGDH",-0.0416573163662565,-0.447818290790236,-0.208625490978335,0.834868982283554,0.860724176502167,-7.44527846565178
"SFXN4",0.0252965740824519,-0.170993082806542,0.208487542030245,0.83497659346193,0.860724176502167,-7.44530722654995
"MMAA",0.0203450059622223,0.120494566539141,0.208041881821658,0.83532426515944,0.860943572726881,-7.44540001202515
"SETD3",0.0125026136601007,0.0824097943335161,0.206736383044145,0.836342906221317,0.861797613195703,-7.44567067159677
"LYPLA1",-0.0258220026227128,0.190302894347613,-0.206633959136782,0.836422836174435,0.861797613195703,-7.4456918343403
"PDZD8",0.0168722029675941,-0.0145208574465489,0.206346887441627,0.836646871299727,0.861889363221807,-7.44575109298362
"PPP1R11",0.0155982532197468,0.0196860086387914,0.203430315433672,0.838923760001566,0.864095532764962,-7.44634847587725
"HK1",0.0152223761192342,0.133551858203945,0.203166448505054,0.839129820889709,0.864168371996902,-7.44640210269447
"SLC44A4",-0.0417169902775351,-0.317625050398847,-0.201667213106273,0.840300824637492,0.865234762991515,-7.44670547788168
"TMEM263",-0.0164979662513309,0.308224314229801,-0.200515968451486,0.841200265377764,0.866021234188492,-7.44693691118239
"FAHD2A",-0.0204717102970223,-0.043763609869699,-0.19872466849369,0.842600180171583,0.867114486556974,-7.44729437998719
"WNK2",-0.0311002653710173,-0.44118058635308,-0.19867414948946,0.842639668432647,0.867114486556974,-7.44730441497683
"ERI3",-0.0160301462467493,0.0118134454027522,-0.198591243971489,0.84270447252572,0.867114486556974,-7.44732087762827
"RAB6B",0.0297501980720822,-0.148840241440183,0.198462122699492,0.842805403848485,0.867114486556974,-7.44734650371819
"LUC7L",0.0210456660221702,0.296683009947636,0.196736105291855,0.844154843005524,0.868157389286524,-7.44768745812658
"NDUFAF6",0.0217547071900052,0.0219191355692219,0.19658385978974,0.84427389407295,0.868157389286524,-7.44771738953142
"GPC6",-0.029415610113937,-0.118222119994311,-0.196474857186904,0.844359132784529,0.868157389286524,-7.4477388051689
"WAS",-0.0195969772363081,-0.113621867020733,-0.196469985485741,0.844362942438421,0.868157389286524,-7.44773976203012
"SMYD5",0.0144445708530934,0.163978402219295,0.19602839972393,0.844708276194042,0.868372620109315,-7.44782639631345
"FTH1",0.0261290589848952,-0.275191034337923,0.195184496915253,0.845368317695378,0.868911253780584,-7.44799141866742
"ABHD11",-0.0293339183914805,0.0412942353972547,-0.194830984668281,0.845644842577479,0.868982865255573,-7.44806033526071
"ALPL",0.0390934362415553,-0.402488439882204,0.19474745511989,0.845710183977781,0.868982865255573,-7.44807660095667
"CYCS",-0.0259923260078618,0.140396154702606,-0.194555770078318,0.845860134574254,0.868997097225521,-7.44811390139176
"PADI4",0.0433010911871993,-0.634329113219984,0.193923818055488,0.846354535134353,0.869365139451873,-7.44823661428536
"MSH3",-0.0158547482908916,0.106726800961988,-0.192654389661139,0.847347841610422,0.87024545097033,-7.44848190660212
"WIPI1",-0.0169385014175578,-0.02904338987039,-0.192058141998815,0.847814479624091,0.870584665873242,-7.44859656394297
"SLC7A6OS",0.0143056625753587,-0.0450674161013414,0.189205855799019,0.850047487248589,0.872737289931217,-7.44914013785799
"NAA20",0.0156495257933572,0.0144782703059578,0.186666962324754,0.852036162416566,0.8746384078826,-7.44961714672611
"XYLB",-0.0177873560676572,-0.0253236234782758,-0.185986186835956,0.852569564367684,0.875045277043508,-7.44974395586557
"GSS",-0.0226364524306889,-0.0389984015617775,-0.185428392867408,0.853006658203111,0.875313312198225,-7.44984751178143
"NUDT14",-0.0219141082458712,-0.154891387791288,-0.185303039247884,0.853104893000714,0.875313312198225,-7.44987074121427
"TIMM10B",0.0175498905662617,0.233753891978889,0.183883755567989,0.85421729017202,0.876287712873022,-7.45013265482184
"ZNF830",-0.0144209974729363,0.0796388309973619,-0.183741178512298,0.854329054445506,0.876287712873022,-7.45015885460373
"BID",-0.0133024958765675,0.0711654437366613,-0.180530019832526,0.856847013041523,0.878729228761665,-7.45074355108493
"GAPVD1",-0.0112623967275019,-0.0570804577957968,-0.179341830106633,0.857779078077223,0.879543827448703,-7.4509572875388
"NDRG1",-0.0254233825265868,-0.184569170820539,-0.17894172742315,0.858092980026754,0.879663900459018,-7.45102894206825
"PRRC2B",-0.0129407613145824,0.168223922477132,-0.178841368394909,0.858171720588758,0.879663900459018,-7.45104689030086
"TPRKB",-0.0131197306340708,0.153779217679721,-0.178598379237803,0.858362373010683,0.879718098181896,-7.45109030484494
"C11orf52",-0.0263700561204725,-0.354786287052934,-0.178183904707071,0.858687594208449,0.879910173169788,-7.45116422226318
"TAF10",-0.0100339703103565,0.184357520918012,-0.17749377518904,0.859229164013403,0.880323846634399,-7.45128691903443
"TUFM",0.0157657769298029,0.210485133438706,0.176782720563104,0.859787224104998,0.880754279786686,-7.45141283811747
"CHMP2A",0.0165091800374221,0.0017122575460141,0.175846611888392,0.8605220215866,0.881365593171389,-7.45157784092511
"LAMTOR1",0.0115599210681714,0.0120461682257348,0.174758676621315,0.861376147574841,0.882098909745847,-7.4517685048881
"FAT1",-0.0168735443267529,0.195045964384746,-0.174279136029344,0.861752681387701,0.882342987597894,-7.45185217017649
"RAB22A",-0.013380532240221,0.0409133686660107,-0.172707897388139,0.86298663386563,0.883464751840957,-7.45212469327942
"TIMMDC1",0.0166785488475395,0.0590503334309204,0.172379659246864,0.863244454066897,0.883587021355745,-7.45218131286754
"ARFIP1",0.0142472105058433,0.144485444189377,0.171598002099109,0.863858478754635,0.884073791769249,-7.45231571159491
"EIF1",0.0115674082339967,0.14410094147364,0.171041393798104,0.864295768449287,0.884379564350752,-7.45241104297722
"ITM2B",0.0196045301366947,-0.288442561708089,0.170519932919626,0.864705483064897,0.88465702761887,-7.45250007363506
"BLNK",-0.0164680073543828,0.155045948721729,-0.170278703073406,0.864895031020147,0.884709191455245,-7.45254116761624
"RPA3",0.015857104527795,0.249234253008421,0.168405756384378,0.866366976192204,0.88607290453103,-7.45285824881186
"MACF1",-0.0135104498158272,-0.19954597114158,-0.167658042340503,0.866954733562509,0.88653202655295,-7.45298385402207
"HSPA1L",-0.0168462324697361,-0.16373157921643,-0.167194248586096,0.867319346188039,0.88676285434918,-7.45306148388566
"ANGEL2",-0.0132907578162069,0.141237093173572,-0.166685581184039,0.867719268947421,0.887029704167352,-7.45314637748682
"NUDT19",0.0193577777684248,-0.112061308415673,0.166253355996471,0.86805911829937,0.887235068087318,-7.45321831008269
"EPS8L2",-0.0169381878035942,-0.134981067919323,-0.165904237147463,0.868333640813133,0.88737360700894,-7.45327627546784
"ERBB3",0.0169644769669778,-0.196065326533893,0.16546962909212,0.868675408307083,0.887580810056125,-7.45334826468347
"ITGA6",-0.0237247627016586,-0.394090313412667,-0.165133260497943,0.868939939086472,0.88770904177074,-7.45340385173886
"MRPL42",0.0162293402471744,0.102372097996869,0.1643245690573,0.869575979570479,0.888216706056233,-7.4535370303591
"SNAP23",0.012636956210528,-0.0125719776601782,0.162818409866915,0.870760808134018,0.889104942123285,-7.45378332831742
"SUMF2",-0.0174948438952743,0.225989991463604,-0.162802251974994,0.870773520414966,0.889104942123285,-7.4537859582785
"NGLY1",0.0125013468899164,-0.0876670984247979,0.162688111840577,0.87086332154096,0.889104942123285,-7.4538045290182
"CMPK2",0.0218170496121688,-0.483644693005369,0.161813318653859,0.871551631065707,0.889665413965554,-7.45394642657122
"DPP9",-0.0110425535708644,0.110226765310025,-0.160738665388231,0.87239732929635,0.890386340722058,-7.45411969578082
"ZNHIT2",-0.0122199492316582,0.0283858687108301,-0.16021128468807,0.872812405118553,0.89066760535112,-7.45420430451511
"HDAC6",0.0111760650853808,-0.00156105191773621,0.159538060341958,0.87334231851193,0.89106594817812,-7.45431190726823
"NDRG3",0.0124481634647879,0.0667083586316372,0.158182914997741,0.874409163538576,0.892011904328775,-7.45452712898748
"C3orf38",0.011994035825604,0.00311284749745683,0.15579274931779,0.876291391465372,0.893789222764601,-7.45490225666081
"LYPLAL1",-0.0158259005860841,0.120714118109079,-0.154978798877697,0.876932529066713,0.894300303160991,-7.45502869971678
"EPS8L1",-0.0239892360390104,-0.0282949653271884,-0.154461696693289,0.877339885531461,0.894572847192331,-7.45510868490331
"CBLL1",-0.0077933990515141,0.0877231563902156,-0.153920156211507,0.877766528682578,0.89480518049646,-7.45519216366494
"ARPC5",-0.0103384992398826,0.263208625151258,-0.153776792562025,0.877879481190522,0.89480518049646,-7.45521421417465
"CBLB",0.0120880339737426,-0.0444727551449883,0.153490018876821,0.878105430245253,0.89480518049646,-7.45525826067768
"RASA2",-0.0091931328763164,-0.0280899087543429,-0.153460980358806,0.87812831025698,0.89480518049646,-7.45526271621458
"BCR",-0.0106622748174074,-0.00521836974012634,-0.153086412327457,0.878423448836089,0.894963095710616,-7.45532011265555
"KEAP1",0.014088429067469,-0.12634432187776,0.152528498809005,0.87886308482343,0.89526815516873,-7.45540534378447
"RNF169",0.0118951616658406,0.0507442460271939,0.150692920602204,0.880309784991662,0.896598815947003,-7.455683564885
"MICU1",0.0136209491082321,0.202212721399785,0.150286065924335,0.880630499627117,0.896782414692048,-7.45574477641447
"COASY",0.0150664192219047,-0.0238848441235205,0.149087294515361,0.881575579040144,0.897601669936425,-7.45592417027985
"TAF5L",-0.00812425889779355,-0.0027590735723541,-0.14827944374307,0.882212562685313,0.898107017338285,-7.45604425340639
"EARS2",-0.0150024413422009,0.0591417393611033,-0.147099366715587,0.883143181090196,0.898911081023577,-7.45621849367593
"KRT7",-0.0329722359509581,-0.399833166844944,-0.143997945188002,0.885589756742096,0.901249966874076,-7.456669786738
"FGGY",0.0142171385141565,-0.183620134788011,0.143738932024218,0.885794130799141,0.901249966874076,-7.45670704114637
"LARS2",-0.0125046725101133,0.0419162788499961,-0.143649759977449,0.885864493672936,0.901249966874076,-7.45671985143119
"MRFAP1",-0.0139389658155146,0.00528717824204026,-0.142339037711644,0.886898847637971,0.902158537863381,-7.45690723018091
"RHOB",0.0190674016093189,-0.404439409004104,0.139524038847921,0.889120950607324,0.904274811982759,-7.45730385311126
"MROH1",-0.0124154742383115,0.0138864510832008,-0.138424246995454,0.88998934277489,0.905013848322611,-7.45745665778171
"CMBL",-0.0271678602670099,-0.632836121996671,-0.135657732979026,0.892174357502806,0.907091285454684,-7.45783569005393
"C19orf33",0.0350364632440058,-0.597383151967062,0.131294782419767,0.895621915678549,0.910408112909137,-7.45841789837218
"WDR6",-0.00806641874143498,-0.0298852660585264,-0.131168400341459,0.895721811322662,0.910408112909137,-7.45843447967954
"CLMN",-0.0159361446276931,-0.215176729301828,-0.129610244570407,0.896953553689954,0.911514951505707,-7.45863759752064
"ATG13",0.00822455067075328,0.0901271510167714,0.128535543716557,0.897803264246411,0.912233265788245,-7.45877627893529
"TTC37",-0.0088729735473296,0.0481650389747484,-0.128339645182246,0.897958163832234,0.912245485452477,-7.45880143363784
"QRSL1",-0.0114401882177467,0.0348245617072498,-0.128122064844467,0.898130212087642,0.912275119977664,-7.45882932746406
"ARHGAP27",-0.00865432494649649,-0.0783785572718396,-0.125342432352951,0.900328583588433,0.914362654081779,-7.45918151252278
"MVK",-0.013887273044861,-0.159687910352372,-0.123938225895525,0.901439443517346,0.915345236459646,-7.45935649181453
"HDDC3",0.0141311009847552,-0.13273763984639,0.123607321647827,0.901701248343243,0.915465490645827,-7.45939743907507
"BAIAP2",0.0168983778980125,-0.0629669605640748,0.121878218909787,0.903069453909808,0.9167088176811,-7.45960962395762
"PHIP",0.0094928424790578,0.00992655685701897,0.120584372346238,0.904093439083349,0.917602385717245,-7.45976644189182
"GOLGA3",-0.00763072858595054,0.166882211062195,-0.118828822295291,0.905483084792028,0.918866734964574,-7.45997654379685
"KPNA3",-0.00776622688114263,0.0538577805547783,-0.117971959530365,0.906161459933953,0.91940901345595,-7.46007797311502
"SLPI",-0.0270240033124038,-1.19038912234724,-0.117225841510212,0.90675221490243,0.919846553264712,-7.46016569544093
"RABL3",-0.00781350429854522,0.239605918974824,-0.117063419777325,0.906880822678365,0.919846553264712,-7.46018471787183
"ABR",-0.0100555046873887,0.0155216182999838,-0.11612428043764,0.907624494189286,0.920454637134465,-7.46029419044702
"DDX19B",0.0106360389143694,0.111029960115304,0.113877480337154,0.909403985292388,0.922112822946148,-7.46055251503293
"TOM1",-0.00785594999977143,0.0813817418636186,-0.113462380452905,0.909732799346443,0.922299765612423,-7.46059968860363
"IST1",0.00693000126952679,0.0495423726888769,0.112465355323266,0.910522638576149,0.922953968456693,-7.46071229068386
"POLR2L",0.0076219227608897,0.323208932367307,0.108278056241826,0.913840760710713,0.926170358275857,-7.46117434523056
"CHCHD1",0.00942669637369732,0.232403796157055,0.107784731100911,0.914231784577929,0.926419607130627,-7.46122762783171
"MB21D2",-0.0100988274769001,0.0333288973260433,-0.106766084786098,0.915039259182489,0.92709071245322,-7.46133687897674
"NUCB1",0.00830844234900646,0.259905135990203,0.105470306025107,0.916066542138611,0.927960917652108,-7.46147435388628
"ARVCF",-0.0117761892571261,-0.217469291679565,-0.105316079069179,0.916188821437571,0.927960917652108,-7.46149060472499
"MT1G",0.0272425534968066,-1.13518850497978,0.103171699389236,0.917889204340929,0.929535697020909,-7.46171409340831
"TACO1",-0.0102896880075185,0.152924910455182,-0.100952422357182,0.919649374259373,0.931170512947368,-7.4619405472498
"ASRGL1",0.019490643316934,-0.371156911072993,0.100666177640965,0.919876431834093,0.931252737793037,-7.46196939701308
"TEP1",-0.00847613192602467,0.0129987393543883,-0.0997632812750983,0.920592678213201,0.93183009676463,-7.46205986059862
"SERPINB10",0.0194710680879628,-0.549179589428516,0.0977335587122163,0.922203044592708,0.933312163532167,-7.46226024852519
"MACROD1",-0.0119016556292706,-0.0817619573295719,-0.0968624564385148,0.922894269141132,0.933863693893206,-7.46234498652074
"UBLCP1",-0.00730974874647741,0.291420278730238,-0.0958890763246096,0.923666720913126,0.934497229128555,-7.46243877632759
"PLS3",0.0129358001467271,0.310897015234816,0.0941305037168147,0.925062466001815,0.935761065497717,-7.46260582165543
"ATG5",0.00581969729537439,0.0556870304814802,0.0921880954374271,0.926604387099346,0.937039397650074,-7.46278673594217
"VPS52",-0.00460895746633613,-0.0597025079164848,-0.0921688125107299,0.926619695655845,0.937039397650074,-7.46278851302938
"KRT19",0.0168503795121455,-0.0631963302433453,0.0918446489857177,0.926877050486289,0.937151222067293,-7.46281833182902
"ZNF143",-0.00568563003505596,0.138728886340826,-0.0905701485696337,0.927888956154014,0.937893066999258,-7.46293455070081
"TRIO",-0.00679741540127188,0.0680279213523436,-0.0905505185722121,0.927904542558232,0.937893066999258,-7.46293632801833
"LAP3",0.0132573490810833,-0.0321237782188941,0.0901742601692307,0.928203300664343,0.937913748615648,-7.46297032033154
"FMNL2",-0.0077802101908063,0.0602827084836023,-0.0901547524615667,0.928218790525024,0.937913748615648,-7.46297207885718
"PAK4",0.00776119835734147,-0.120581785191813,0.0897863013812879,0.928511359799707,0.938060922835622,-7.46300522148939
"VPS35",-0.00388410844421974,0.0955066044727548,-0.0882779154841411,0.929709197261195,0.939122484498138,-7.46313948754833
"SPN",-0.00953656460322094,-0.407351717616457,-0.0878293602752497,0.93006543432964,0.93933372321967,-7.46317897604099
"CTSK",0.0129893429430745,0.230330541901831,0.086620015381319,0.931025951210578,0.940155100186547,-7.4632844383167
"RANBP9",0.00497881935146915,0.0531408131086228,0.0858336974620349,0.931650535002886,0.94063704395848,-7.46335222564133
"CHUK",-0.00530201635688687,0.0400871653873079,-0.0841393866759236,0.932996493981284,0.941847053607984,-7.46349618877162
"PREP",-0.00832431551019761,-0.114735300359051,-0.0783894109599273,0.937565681592158,0.946309971066381,-7.46396335903265
"DOCK8",0.00757316129610775,-0.0627916597511821,0.0775460030163747,0.938236068588748,0.946836936611215,-7.46402910392255
"FBXO4",0.00704508122202668,0.0585587469668288,0.0740945260690002,0.940979945328519,0.949455902484607,-7.46429074158297
"TBC1D9B",0.00437420853004029,0.100046044426681,0.0722274081579205,0.942464573876457,0.950708932534086,-7.46442731359005
"CSK",-0.00520201786680661,0.0960382813305583,-0.0721582306785265,0.942519583859164,0.950708932534086,-7.46443230668044
"TRIM26",0.00489247025656323,0.00714821439713401,0.0701849515586805,0.944088851836675,0.952141418255752,-7.46457271928086
"ANK3",-0.00981741059571162,-0.552188797714172,-0.0697811216206881,0.944410028300494,0.952314913249945,-7.46460097474229
"POTEF",0.0167015043032314,-0.102835281738144,0.0632530437710304,0.949603201411782,0.957400353862976,-7.46503511517687
"LAIR1",0.00694224661425376,-0.0749067240333873,0.0614749527335954,0.951018078648168,0.958573642659311,-7.46514598168761
"PWP1",0.00465927477730123,0.222237252658145,0.0614132339551096,0.951067192834258,0.958573642659311,-7.46514977317879
"RAB11B",-0.00456272078335072,0.0137233352302043,-0.061148715846656,0.951277691523885,0.958634479226642,-7.46516597984499
"PTK6",0.00772189746465045,-0.0272242059158701,0.060470247307752,0.951817619999686,0.959027221666087,-7.46520722887153
"FAM83H",-0.00655306035622683,0.11246545449867,-0.0594143876328286,0.9526579222316,0.959722441377211,-7.46527050684466
"ATL3",-0.00540484912408996,-0.274721308512168,-0.0582115188008215,0.953615285565107,0.960535352316329,-7.46534123694306
"PNP",0.00537226246981563,-0.0260641848031563,0.0578387618548612,0.953911976539392,0.960682645142589,-7.46536286189093
"C17orf97",-0.00719816396798116,-0.192570649939877,-0.0563271486201672,0.955115190487973,0.96174270482033,-7.46544913201076
"PLEKHF1",-0.00553044707761996,-0.0123835091447783,-0.0541990199643732,0.956809311940728,0.963270412952655,-7.46556671555173
"CHCHD6",-0.00540112611912295,0.0717220988706354,-0.0540422728561734,0.956934100134485,0.963270412952655,-7.465575197121
"IFIT5",0.00519574199210328,-0.118005905159081,0.0537577543315581,0.957160611343958,0.963346548460146,-7.46559052962746
"CCDC127",0.00508815085100782,0.0123945719953177,0.0513479675436854,0.959079231050635,0.965125435816912,-7.46571714571864
"SLC27A1",-0.00432673344715157,-0.226141831563358,-0.0470720572108909,0.962484196714151,0.968399242990837,-7.46592752183185
"HMGN5",-0.00818502970235907,-0.421516338438152,-0.0466276988298103,0.96283808584937,0.968602674987904,-7.46594833587775
"FAM120A",-0.0031479060500533,0.106498110902912,-0.0452150302008512,0.963963190405491,0.969581753424553,-7.46601319482066
"PHACTR2",0.00449350490669623,-0.273105353769318,0.0440508472351677,0.964890445538154,0.970361552175321,-7.46606514555101
"EFHD2",0.00528908695060851,0.0619289028738078,0.0432501519143584,0.965528215704177,0.970850024767114,-7.46610008946583
"FHL3",0.00528018270098005,0.368277381313434,0.0428306914451193,0.965862333398,0.971033065461539,-7.46611813969313
"PCBP2",0.00363852027703627,0.173095710544249,0.0424910860599232,0.966132847612476,0.971038116803405,-7.46613262473079
"NT5DC3",-0.00521624464903657,-0.202079256762802,-0.042442536716499,0.966171520133443,0.971038116803405,-7.46613468606397
"C18orf25",0.00386383692652686,-0.192394315547222,0.041014059285705,0.967309425148927,0.972028750326707,-7.46619428236691
"FPGT",0.00327506674510255,-0.071845162163304,0.0360616985531223,0.971254908979101,0.975839904615509,-7.46638509875626
"TMEM43",-0.00382233877982591,-0.275758255831181,-0.0352330977958667,0.97191511648574,0.976349593889466,-7.46641463049701
"ESPN",0.00639929036096534,-0.158003571602896,0.0341404275901203,0.972785757135051,0.977070482823234,-7.46645252435682
"GALNS",-0.00352437993863598,0.121197357881513,-0.033706479165321,0.97313153674485,0.977126177343759,-7.4664672425404
"LRRFIP1",-0.00218744816456851,0.101842791494261,-0.033686725900771,0.973147276699916,0.977126177343759,-7.4664679080297
"DHODH",-0.0038798802472448,0.0761798212778018,-0.0322130596342973,0.974321564502953,0.978151444866565,-7.46651645579852
"PTPMT1",0.00314873087904442,0.120086750214111,0.0283240104197227,0.977420806810539,0.981108607370742,-7.46663414894887
"SUN1",-0.00246751134469275,-0.113375653046157,-0.0277222622926192,0.977900380794829,0.981435701253534,-7.46665100857777
"CDK4",0.0026474727830338,0.0282652654995341,0.0268135875172368,0.978624580638925,0.982008163976039,-7.46667578149437
"HEBP1",0.00325257534110462,-0.420635438506825,0.0224757046600911,0.982082040197212,0.985319172958445,-7.46678266659192
"FARS2",-0.00180060668871297,0.0565933951962855,-0.0222865437405067,0.982232816895929,0.985319172958445,-7.4667868994159
"MICU2",-0.00177981851352096,0.139235264789648,-0.0215075402126363,0.982853752976562,0.985740736335389,-7.46680395402632
"OPA3",0.00240619744045265,-0.143051817970471,0.0213319964959095,0.982993678607605,0.985740736335389,-7.46680771341312
"ACSM3",0.00358964729133542,-0.266813055770818,0.0211782736668382,0.983116211273885,0.985740736335389,-7.46681098018794
"ACTR8",0.000961286946179481,0.0403978745805827,0.0206319951807233,0.983551653780569,0.986022501081635,-7.46682239803035
"UBA5",-0.00129456303802508,0.0682371235551299,-0.0193361916053365,0.98458456757089,0.9869030555636,-7.46684828854341
"RNF214",-0.00102546433429129,0.0859619253194968,-0.017496381142846,0.986051165501167,0.988217970762039,-7.46688216455357
"ZMIZ2",-0.00169587587830332,-0.025190808149569,-0.0149700855125721,0.988065068622586,0.990080895033775,-7.46692316668284
"MRPS10",-0.00137333393337026,0.184092265640027,-0.014478349532392,0.988457078199392,0.990318287196472,-7.46693040573134
"SH3KBP1",0.00138741344033313,0.0387401635413601,0.0130474336446302,0.989597813097461,0.991305622313663,-7.46695009552214
"CORO2A",-0.00133101333627433,-0.247818342764662,-0.0100898607603411,0.991955673357284,0.993401352729548,-7.46698430413091
"NCF2",0.0012820857241603,0.00556525841496829,0.0100328806840938,0.992001100235489,0.993401352729548,-7.46698487731959
"AKAP5",0.00151135599538516,-0.6662530021913,0.00921687380179007,0.992651657525287,0.993896947357528,-7.46699272979269
"CCDC97",-0.00064921677803581,0.00106191440947431,-0.00866544590356689,0.993091283386243,0.994181223647093,-7.46699765926062
"GALNT1",-0.000903101237753945,0.138040054768138,-0.00835973099994565,0.993335015492501,0.994269332798184,-7.46700026119123
"CELF2",-0.000689714208234105,-0.0891544163919025,-0.00683766332664517,0.99454849727048,0.995327923992478,-7.46701182472518
"MPG",-0.000446184379383693,0.169334706086008,-0.00582172721264041,0.995358468454981,0.995982419853479,-7.46701825406981
"ARMC9",-0.00040964468200666,0.114725699410551,-0.00442829628725537,0.996469411012754,0.996937823459172,-7.46702539406364
"CGGBP1",0.000227589753391422,0.035439358942419,0.00355304067052239,0.99716723089465,0.997479675585515,-7.46702888625549
"FAR1",0.00028352605281752,-0.11095950682093,0.00236769158865555,0.99811228407602,0.998255388808356,-7.4670323946566
"VCAN",-0.0004225882777249,0.575832336486556,-0.00218820036785242,0.998255388808356,0.998255388808356,-7.46703280345027
