"","logFC","AveExpr","t","P.Value","adj.P.Val","B"
"MYL6",-2.03053969506541,-0.600468254967851,-23.3101000988671,8.62883113673511e-72,5.50950868080537e-68,152.634779776198
"MYL9",-3.05803328602342,-1.00941705199565,-22.0083534678737,9.23080560202915e-67,2.94693468844781e-63,141.186761520576
"SMTN",-2.91988748895158,-1.33323344228978,-20.9151322727247,1.71280642132441e-62,3.64542300005212e-59,131.465097846579
"SLMAP",-2.32206537898119,-0.897557040930954,-20.3859871686635,2.05027575091775e-60,3.27275266740246e-57,126.730509305513
"TPM1",-3.35610011740147,-1.40029675503603,-20.1617806095494,1.56433074280328e-59,1.99765035855979e-56,124.719566618902
"CFL2",-2.46897827701727,-1.02922104462398,-19.812957676406,3.71037452211776e-58,3.94845688728699e-55,121.585905136866
"COL21A1",-2.4178012448051,-0.788012042980198,-18.5066604694205,5.43389548873825e-53,4.95648895651339e-50,109.810864602675
"MYH11",-3.73694207692916,-1.50671781981477,-18.077177754071,2.73184286697357e-51,2.18035208820328e-48,105.931819470071
"CSRP1",-2.8740662930381,-1.17809189441948,-18.019579887015,4.62000640042125e-51,3.27763787407663e-48,105.411528816787
"TAGLN",-3.59889448922963,-1.31969274545245,-17.1629672734591,1.13948521806577e-47,7.27561311734997e-45,97.676625765758
"MYLK",-2.4130742212524,-1.10887091635437,-16.757430830025,4.57143230720955e-46,2.65350866195754e-43,94.0202171770147
"PTGS1",-1.61454726675993,-0.524861556252405,-16.408570066698,1.08900830298659e-44,5.79443167880779e-42,90.8799308025989
"CNN1",-3.19403786093375,-1.55657000033481,-16.2237531038458,5.82675993293376e-44,2.86183555167554e-41,89.2187554907859
"FLNA",-2.15019127173136,-0.938333361424461,-16.1044469429729,1.71858418995686e-43,7.83797146633896e-41,88.1474564017289
"MDH1",-1.07043075182114,-0.226266980256255,-15.9591039715194,6.41050452260907e-43,2.72873809179059e-40,86.8435847594382
"TPM2",-3.22153822739948,-1.35684461765221,-15.6495981189823,1.0523909431599e-41,4.19969760754746e-39,84.0720054748278
"PDLIM7",-2.18272567717851,-0.641498749500001,-15.435793296363,7.23998543488569e-41,2.71925335304383e-38,82.1618840496894
"SYNPO2",-2.401681588491,-1.265598264448,-15.2076018394441,5.6451562881098e-40,2.00246238331006e-37,80.1277821949783
"FLNC",-2.43677754632208,-1.05417564995194,-15.1066701868563,1.39792420099389e-39,4.69776106491893e-37,79.2297017922032
"EML1",-1.31802492241235,-1.04757649057791,-14.8191908408387,1.83890938163061e-38,5.87071820085572e-36,76.6777030197393
"PPP1R12B",-2.04634387387006,-0.854442178240628,-14.7301506246876,4.07700135423949e-38,1.23960255461043e-35,75.8891895617455
"FHL1",-2.66479901375226,-1.68021019180142,-14.6151941054482,1.13801679680498e-37,3.30283511254535e-35,74.8725929387634
"DSTN",-1.62194207029666,-0.501002123771279,-14.5212373930905,2.63016296951826e-37,7.30156111320614e-35,74.0429412924425
"PPP1R14A",-2.27748380085675,-1.31620629400888,-14.4779409035421,3.86789837231393e-37,1.02902212946769e-34,73.6610131583322
"POTEI",-2.13088791566138,-0.610285232779133,-14.2576390337467,2.74163267816111e-36,7.00212986002348e-34,71.7216201943458
"LILRB5",-1.4146335463534,-0.567256547032223,-14.0694774923546,1.45239017649506e-35,3.56673510650806e-33,70.070664702556
"PPP1R12A",-0.976459742476478,-0.264978472063571,-14.0389208708277,1.90306274031593e-35,4.50039096182119e-33,69.8030586108309
"VCL",-1.36499877623569,-0.589182862973559,-13.9929695613976,2.85652171826644e-35,6.51388970397542e-33,69.4009020794792
"DCN",-2.51740890364719,-1.28046941646798,-13.8717907843862,8.32325181017336e-35,1.83255044165369e-32,68.3419696062781
"HSPB6",-2.50536098160186,-1.23624779139158,-13.644498192403,6.14681729551663e-34,1.30824761439579e-31,66.3622741827721
"SVIL",-1.20472152913049,-0.398759343019293,-13.6116186000418,8.20255128414928e-34,1.68946096610623e-31,66.0766290207632
"LMOD1",-2.10745076185761,-1.14079996058677,-13.561329104668,1.27477808697763e-33,2.54358065167256e-31,65.6401030306171
"ACTN1",-1.40304538726227,-0.42451383523079,-13.4686632243787,2.86920889460583e-33,5.55148448244188e-31,64.8369304288274
"SYNM",-2.58254459074233,-1.85035653802916,-13.4009570945553,5.18513665637756e-33,9.73738163263845e-31,64.2510911615185
"NPTN",-1.16220258761724,-0.330020217133874,-13.2485145345803,1.95899003606703e-32,3.57375753722514e-30,62.935231648811
"ADH5",-1.08238796971798,-0.307851629679892,-13.214137809874,2.64205921125276e-32,4.68598557329135e-30,62.6391201634615
"OGN",-2.81326674765007,-1.77025173408218,-13.1127383349818,6.37592191991742e-32,1.10027733672088e-29,61.767065284621
"LPP",-1.42379649762347,-0.532785587034323,-13.0841333914202,8.17171698749538e-32,1.3730634990831e-29,61.5214335302912
"GSN",-1.34002457716152,-0.33657286047879,-13.0631117375003,9.80544383378098e-32,1.60532715073568e-29,61.3410267960409
"PIP5K1C",-1.05792468786957,-0.36067547818595,-12.9638237829997,2.31625985302379e-31,3.69732979038922e-29,60.4901849254897
"ALDH1A1",-1.98018346300548,-1.03597069396773,-12.9099278287815,3.69028278763483e-31,5.7469403900118e-29,60.0291990906454
"KRT9",-3.14772941331778,-2.25319828597148,-12.6833235333713,2.5973112092217e-30,3.94853144544775e-28,58.0979407318474
"CAP2",-1.53555419204104,-0.75023758474222,-12.6102944785497,4.85938802859095e-30,7.21562617733795e-28,57.4780093565921
"EPB41L3",-1.38325689247795,-0.44580327729237,-12.219663099,1.35680668440175e-28,1.96891151816027e-26,54.1836556586181
"LAMB2",-1.5792756014176,-0.735329829969381,-12.1958314278491,1.6603674849443e-28,2.35587697585985e-26,53.9839026962126
"COL6A2",-1.44346179034264,-0.572851998274329,-12.1213795484203,3.11699484516861e-28,4.32652436660903e-26,53.3608071003406
"PRPH",-2.06411693286647,-1.12724693564901,-12.112628779862,3.35617904445874e-28,4.55940493592958e-26,53.287666056802
"CAPZA2",-0.715156367005397,-0.122405593669909,-12.0598304076449,5.24074814774777e-28,6.97128685903531e-26,52.8467933371808
"TLN1",-0.900120690865665,-0.388981988794695,-12.0449546410113,5.94110900363146e-28,7.74162877309937e-26,52.7227125662192
"LAMA5",-1.27487281391495,-0.700655877026954,-12.0172395956608,7.50396433979269e-28,9.4614967211345e-26,52.4916955425172
"TPM3",-1.23555586378578,-0.351834322042776,-12.0163980220893,7.55734272165794e-28,9.4614967211345e-26,52.4846838844301
"ATP2B4",-1.5115764160594,-0.918040997252622,-11.9942092011319,9.10968022959576e-28,1.10561700129773e-25,52.2998842675387
"TES",-1.19843229122271,-0.368824722910737,-11.9933292078055,9.1774003240062e-28,1.10561700129773e-25,52.2925579829376
"MSRB3",-1.70235765233456,-0.708351031840312,-11.9240953722883,1.64247795674896e-27,1.94207810256336e-25,51.7168196133315
"HSPB1",-1.84658367065109,-0.604175317977547,-11.904262262158,1.9400305695622e-27,2.2521991248463e-25,51.5521322745287
"CHGB",4.2029331307811,-4.01901127596455,11.8979816994399,2.04501743790824e-27,2.33168506090073e-25,51.5000032606207
"FABP6",-3.71968088162721,-1.63668798446732,-11.8570943666067,2.88130552590141e-27,3.22756768120711e-25,51.1609035597365
"SORBS1",-1.75548975580094,-0.919312732780146,-11.8113658202871,4.22545932693889e-27,4.65164789698359e-25,50.7822062716668
"SLC26A2",-1.77110167426279,-0.65305230887865,-11.773982787968,5.77595332443559e-27,6.25075626720699e-25,50.4730596613485
"FUCA1",-2.02982104635557,-0.543357126186708,-11.7631524689612,6.32295739353877e-27,6.7286804929575e-25,50.38357026235
"RRAS",-1.09448896937103,-0.944905849292754,-11.7226568274038,8.86598050411575e-27,9.28021074078346e-25,50.0492575539304
"NCAM1",-1.74906971645641,-1.2808954437823,-11.6867697965655,1.19579563180525e-26,1.23147663049622e-24,49.753385697358
"ILK",-1.07594840941253,-0.539071957146095,-11.682947304491,1.23448838676858e-26,1.25114418246307e-24,49.7218929993093
"LHPP",-1.31657829971878,-0.293481900994927,-11.6666288166425,1.41419071405219e-26,1.41087620456613e-24,49.5874962225714
"COX6B1",-1.1201032852202,-0.0834077441117824,-11.6388677214734,1.78171520152727e-26,1.74473411849936e-24,49.3590382255114
"RSU1",-1.06223741331,-0.610636726496869,-11.6374076805363,1.80348397526951e-26,1.74473411849936e-24,49.347029164503
"GNAO1",-2.04400603093631,-1.15075719447091,-11.6100930323928,2.26323455258332e-26,2.15682874899172e-24,49.122477501251
"ABCA8",-1.29892238184504,-1.25813966539964,-11.5389902152151,4.08316134627641e-26,3.83396841117278e-24,48.5389826888601
"DPT",-1.5369817705471,-0.846967639825768,-11.523035474687,4.66027318060678e-26,4.31244119683685e-24,48.4082598477472
"HSPB7",-1.86772611906535,-0.790363714736428,-11.5177196289332,4.87005350009727e-26,4.44218451401729e-24,48.3647222377555
"AOC3",-1.87413416337125,-1.24022544922534,-11.4803582002964,6.63481076926078e-26,5.96665729038451e-24,48.0589670000396
"PGM5",-1.98522812308969,-1.48048770865207,-11.4598156079302,7.86305215652691e-26,6.97299833603116e-24,47.8910327117531
"GLIPR2",-1.17307336283689,-0.571091354486887,-11.4449227355835,8.89268218453692e-26,7.77805147236551e-24,47.7693649626689
"ITGA7",-1.79497887661735,-0.51439927524752,-11.4100069048023,1.18634410859507e-25,1.02362258559182e-23,47.4843855964857
"DHRS11",-1.4109604781305,-0.681344352634754,-11.3747318282314,1.58676657268886e-25,1.35086727554911e-23,47.1968558846346
"TGFB1I1",-1.46892897305966,-0.694677025016566,-11.3508632997605,1.93143653253829e-25,1.62266082371803e-23,47.0025209217442
"LGALS1",-1.57109737117439,-0.362497136327463,-11.3479549623177,1.97823147261771e-25,1.64039064320313e-23,46.97885369788
"GPATCH1",-1.37808490175468,-0.243098638489452,-11.3385925065709,2.13667334730849e-25,1.7490588875083e-23,46.9026826532487
"ETFDH",-1.03322787495303,-0.0695521684629196,-11.3287514320211,2.31684538782103e-25,1.87253896218193e-23,46.8226472541543
"DAG1",-0.854321742200429,-0.498677357423567,-11.3161306359904,2.57020612762923e-25,2.05134576561408e-23,46.7200494517179
"DES",-3.23403601630409,-2.28916167448853,-11.2908842421443,3.16273245791309e-25,2.49309219058952e-23,46.5149653556904
"NDUFV2",-0.834138883894388,-0.030046101179539,-11.2729363952101,3.66487214846136e-25,2.85368398389339e-23,46.3692921279786
"GSTM2",-1.69813406531777,-0.771921511432955,-11.2589982509973,4.10891978606228e-25,3.16089793180815e-23,46.2562340951708
"PDLIM3",-1.4863156372089,-0.601538336729173,-11.1398318120491,1.08965794067291e-24,8.28269756094822e-23,45.2921708284144
"NDUFS1",-0.862681957750133,-0.0382332161985675,-11.0713305086332,1.90490984708901e-24,1.41824117286167e-22,44.7400832657181
"PTGFRN",-1.13667850417946,-0.249569661891467,-11.0709874495115,1.91023869798127e-24,1.41824117286167e-22,44.7373222677864
"TNS1",-1.29871689258351,-0.814871572799363,-11.0593886015068,2.09940670394308e-24,1.5407714718019e-22,44.6439957363064
"COL1A1",-2.48392856020633,-0.506714747073192,-11.0479372838967,2.30443869022706e-24,1.67202739057952e-22,44.5519000909204
"ALB",-1.67538165039684,-0.7603835484582,-11.046358710325,2.33422287782468e-24,1.67460821066411e-22,44.5392080514216
"FERMT2",-1.31025800649003,-0.734819222376569,-11.0420695910835,2.41709743058427e-24,1.71479634380895e-22,44.5047268868998
"ITGA5",-1.41124939735796,-0.710480882082255,-11.0204876945693,2.88067971643721e-24,2.02122417466501e-22,44.3313184709616
"DUSP3",-0.887046050975868,-0.0627636086158728,-10.9529929693573,4.9816333162705e-24,3.45736181786817e-22,43.7900145137779
"CALD1",-1.52902141643038,-0.64114132296075,-10.945741481046,5.28310858120747e-24,3.62716648290427e-22,43.7319495918177
"DIP2C",-0.885791367208695,-0.27193641984146,-10.8982063872007,7.76201200550688e-24,5.27238794203845e-22,43.3517651639185
"CRYAB",-1.84057137816068,-1.36904969565597,-10.8550713678955,1.09978026316839e-23,7.39168103192648e-22,43.0074434142306
"ATP11B",-1.33493244347814,-0.517610003380965,-10.8497463012011,1.14807146124921e-23,7.63587112507936e-22,42.964981066628
"CORO1C",-0.968210593141333,-0.310576614069691,-10.8347331823925,1.29587593925473e-23,8.53006997127981e-22,42.8453186585304
"COL1A2",-2.11307101078743,-0.412833010315148,-10.800039947965,1.71385338777261e-23,1.11662794703348e-21,42.5690955927525
"PALLD",-1.45758000216155,-0.415154365222999,-10.7927428044104,1.81755429739144e-23,1.17223072614589e-21,42.5110502114863
"PPP1R12C",-1.18959422106608,-0.478845045138838,-10.7823159240135,1.9766513508906e-23,1.26209188754365e-21,42.4281416326762
"UGP2",-0.935967571092246,0.00463047124256164,-10.6737186541339,4.72615514137989e-23,2.98777233442679e-21,41.5669237845184
"MATN2",-1.60216895371417,-0.479333644143538,-10.6718370193335,4.79790503223288e-23,3.00339447360853e-21,41.5520387524618
"CAMK2G",-1.29278709159961,-0.543952206115148,-10.5697168082708,1.08485026953012e-22,6.72501841839786e-21,40.7461168456416
"BCHE",-1.33387456031676,-0.929678011588992,-10.526835140189,1.52639824607631e-22,9.37120461653583e-21,40.4088338860709
"WDR1",-0.667297652581932,-0.0370093344434392,-10.4735424953628,2.33112432011112e-22,1.41754559846757e-20,39.9906114172405
"NEGR1",-1.62923544408184,-1.07631281531307,-10.4156949401833,3.68695520708654e-22,2.22086877332524e-20,39.5378437306979
"ARHGAP10",-1.07769847930897,-0.430489269068138,-10.4141839592671,3.73130904571108e-22,2.22658021092198e-20,39.5260342807224
"CSRP3",-2.44247459627903,-1.20109453895296,-10.3260573518243,7.48374087016815e-22,4.42441532000219e-20,38.838757978523
"MFAP5",-1.38995393605712,-0.655923544462066,-10.30412931047,8.89468778029472e-22,5.19279372551904e-20,38.6682082094702
"FILIP1",-1.67340107745763,-1.12024016200616,-10.3033974662403,8.94608159447289e-22,5.19279372551904e-20,38.662519335171
"HBG2",-3.63577269347329,-4.58187487344543,-10.2957999441122,9.49736814683793e-22,5.46312573131173e-20,38.6034734133255
"LAMC1",-1.14211064544668,-0.44256731874136,-10.2062364951079,1.91882158406539e-21,1.09389962627299e-19,37.9090985748863
"S100A2",4.23399806861358,-2.89834981565175,10.1968200627747,2.06570822977758e-21,1.16721655284335e-19,37.8362761383869
"LDB3",-1.6461198499083,-1.40722618841344,-10.1524657852518,2.92253708590237e-21,1.6368771310076e-19,37.4937301872133
"EHD2",-1.38112599046517,-1.43149233692178,-10.114978753208,3.91615971650374e-21,2.17431998172838e-19,37.2048276736369
"AMBP",-1.10797062877088,-0.484155383195587,-10.0648387213015,5.78743542210435e-21,3.18558406639106e-19,36.8192897313298
"PFN1",-0.845346351572937,-0.16900536606603,-10.0444416883314,6.78213785520717e-21,3.70119232525622e-19,36.6627417442063
"LMO7",1.16660693156642,-0.169976549058553,10.0358134922003,7.25240899689851e-21,3.92429080044042e-19,36.5965706308068
"COL3A1",-1.9843847680185,-0.371744660368588,-10.0174757346114,8.36218748176584e-21,4.48677034210713e-19,36.4560354540433
"COLEC12",-1.73664421279661,-0.893465825203663,-9.96236945173468,1.28172393409075e-20,6.81983943264121e-19,36.034541523235
"CHL1",-1.416005547933,-0.554920193670286,-9.89285920512954,2.19275351190014e-20,1.15708522094896e-18,35.5046550815577
"MCAM",-1.21450753483169,-0.815038423509153,-9.8390351068895,3.31873380636339e-20,1.73689470111723e-18,35.095724986999
"HSPG2",-1.03934505944474,-0.341032002603935,-9.71858629330915,8.35323311107224e-20,4.33621084668262e-18,34.1850347683795
"NDUFV1",-0.788661170461456,-0.0408783464452375,-9.69348310456186,1.01174637012587e-19,5.20967788165622e-18,33.9960134116447
"COL6A1",-1.31719290846668,-0.50625928698744,-9.68805910352243,1.05447678736819e-19,5.38626742987671e-18,33.9552075210755
"DCTN2",-0.491198231800105,-0.0456417485858461,-9.6667074682922,1.24080997059067e-19,6.28775528747733e-18,33.7946980619698
"ADH1B",-2.46012055453745,-1.96946475300166,-9.65521373653413,1.35428997744239e-19,6.80877283934619e-18,33.7083763487682
"PACSIN3",-1.10418251071792,-0.55777559725177,-9.60016974849525,2.05772095754269e-19,1.02644908702423e-17,33.2957738541818
"PRKCA",-1.0961316277708,-0.43324904455004,-9.56648718065908,2.65630855028519e-19,1.31476977469542e-17,33.0439470527733
"NID1",-1.02220249258696,-0.6490304126386,-9.51507476237908,3.9185997335355e-19,1.9246353306634e-17,32.6605276230738
"HSD11B2",-1.8245313170835,-0.82548390490104,-9.49242099824791,4.64914850462441e-19,2.26601627496388e-17,32.4919542373273
"COL6A3",-1.27491160615491,-0.482518485983215,-9.47571920092286,5.2728725129227e-19,2.55055234810693e-17,32.3678177109683
"KANK2",-1.22368590457962,-0.665269729976084,-9.39050545723942,1.00038261578227e-18,4.8025887231352e-17,31.7364138926902
"MAP1A",-1.00023229067585,-0.168041450330817,-9.3888594355738,1.01280218243457e-18,4.82592681704832e-17,31.7242497343249
"JCHAIN",-2.0407026145617,-0.814365404026736,-9.3759302111804,1.11582593656672e-18,5.2774434110952e-17,31.6287450981864
"NDUFS6",-0.904169556283738,0.0259541999773531,-9.320707762158,1.68626271592009e-18,7.91675547143366e-17,31.2216899246838
"TUBB2A",-1.54026776865891,-0.183632496734702,-9.29720876936731,2.00934724815219e-18,9.364731517848e-17,31.048898241967
"ALDOB",-1.77503628309589,-0.624297077517632,-9.23730026702198,3.13797265258404e-18,1.45188082512674e-16,30.6095356753601
"INPP4A",-0.934614646553081,-0.276668695765163,-9.18267924159989,4.70475205726005e-18,2.16113970400039e-16,30.2104064823422
"DMD",-1.10008000956492,-0.786810549039654,-9.17512305857222,4.97532963769122e-18,2.2691056954756e-16,30.1553016611034
"GPRC5A",1.99353708026367,-0.740195417393049,9.15803259288466,5.64556458521565e-18,2.55651984940439e-16,30.0307654741024
"KANK1",-0.980871355120126,-0.389469872177595,-9.12778407118238,7.05839049808092e-18,3.17379037536948e-16,29.8106860099738
"LUM",-1.49118044892681,-0.778566712751122,-9.09206998429872,9.1831703336125e-18,4.10031766294516e-16,29.5513991294495
"TF",-1.2138304105779,-0.5265106459013,-9.07402391443993,1.04867913324489e-17,4.64987240678377e-16,29.4206143771428
"NEBL",1.1931980466354,-0.264712698508079,9.06153816718762,1.14945190904621e-17,5.06155202707592e-16,29.3302178963396
"GNPDA2",-0.755377721800183,-0.180156110212604,-9.01576241319366,1.60809349101142e-17,7.03265543843008e-16,28.9994426785563
"ACTG2",-1.79587682675631,-0.967658512124057,-8.97577093812477,2.15453427559703e-17,9.35830023788234e-16,28.7112921257533
"HELLS",1.21265545636134,0.14680731023246,8.9708914021973,2.23270721997238e-17,9.6323213510295e-16,28.6761866899532
"ANXA3",1.78013380069313,-0.647773866891594,8.96294384372018,2.36609220657736e-17,1.01392608986553e-15,28.6190333933467
"COL5A3",-1.20227438251099,-0.442262822089944,-8.94136170726264,2.76947594677044e-17,1.17887359467528e-15,28.463984954738
"ACO2",-0.82289159393611,-0.0423285727679302,-8.91871436002,3.26613147554424e-17,1.38106987695428e-15,28.301528586394
"IGFBP6",-1.24008825650862,-0.39930456522049,-8.91780800506067,3.28774661389272e-17,1.38106987695428e-15,28.2950322510899
"ABI3BP",-1.5372552869001,-1.17355591574507,-8.90347415967866,3.64905056968779e-17,1.52282273774226e-15,28.1923474359307
"THBS4",-1.92687565641823,-0.487541565144101,-8.90012253499273,3.73905354990556e-17,1.55025044910045e-15,28.1683516202873
"DCTN5",-0.444947967597732,0.00169923644680993,-8.87707043850498,4.42057107883522e-17,1.82099008634599e-15,28.0034609025031
"MPI",-0.846994090822754,-0.0311635784830038,-8.84461945561355,5.59312018934813e-17,2.28923541083255e-15,27.7717849809592
"DHCR7",1.65650264338041,-0.608942392434145,8.82749808172296,6.33101466469743e-17,2.57474704675752e-15,27.649761423237
"SRPX",-1.31764830883782,-0.821960422680095,-8.81640407947706,6.85982421822407e-17,2.7721504831241e-15,27.5707725982408
"PECAM1",0.787226280767789,-0.531288851940914,8.80564166263303,7.41457745302608e-17,2.97748912185984e-15,27.4942032483409
"SERPINA1",-1.18639938060653,-0.628663287495849,-8.7967282323592,7.90749489768613e-17,3.15558468260787e-15,27.4308322985656
"HPX",-1.10830787869678,-0.521052563573965,-8.78807778556008,8.4168689074019e-17,3.33799428408454e-15,27.3693690252227
"CMA1",-1.81565160573117,-0.998413881752984,-8.77560625376824,9.20894624130691e-17,3.62957541671263e-15,27.2808220589133
"SLC25A4",-1.16942189620565,-0.556322314410533,-8.75156061809591,1.09502572141836e-16,4.28941057132283e-15,27.110320093819
"CACNA2D1",-1.0957436719912,-0.529021659183486,-8.73374547213398,1.24471522450643e-16,4.84604067589851e-15,26.9841846988272
"KRT20",2.91553959452666,-3.686134952815,8.70883941084307,1.48850365582502e-16,5.76005808632895e-15,26.8081125995434
"NDUFA2",-0.872421239318794,0.00131296189923595,-8.65924004435974,2.12347607960839e-16,8.16770769174674e-15,26.4584099312014
"AHCYL2",-1.1795415176971,-0.400669567336213,-8.65153371741479,2.24374214345294e-16,8.57861891374073e-15,26.4041886173501
"NDUFS4",-0.90796934668689,-0.036989852805879,-8.64489527563265,2.35273351024415e-16,8.94178777554101e-15,26.3575052279631
"DTNA",-1.06330644336416,-0.783392971230174,-8.63574967337352,2.51152095534767e-16,9.48879366857686e-15,26.2932277230693
"NUP93",0.435531137868304,0.274208572950626,8.6115504605919,2.98469508511748e-16,1.1210163599103e-14,26.1233567262973
"EPM2A",-0.886801481162282,-0.67852275673304,-8.57528612541753,3.86365131566154e-16,1.44265576903502e-14,25.8693565906757
"PDLIM4",-1.27544071927124,0.0908199432436797,-8.57423002500754,3.89276464879301e-16,1.44507571410136e-14,25.8619697009195
"PLCD1",-0.878007048346019,-0.31226465190637,-8.57074680011334,3.99033406683465e-16,1.47273312235487e-14,25.8376103899078
"LAMA2",-1.06857429964251,-0.251592309678936,-8.56318273733062,4.2106275755706e-16,1.54510672816197e-14,25.7847340992717
"POTEJ",-1.70801123667965,-0.899968133103549,-8.50532492071277,6.34510479399915e-16,2.31505680626769e-14,25.3812645272804
"CD81",-0.975339754539462,-0.708337349929878,-8.46391901677148,8.50029148270394e-16,3.08377051801504e-14,25.0935953045923
"PRKAR1A",-0.716967964138386,-0.207016939340659,-8.41151749475201,1.2291455439905e-15,4.43395158100527e-14,24.7308272981859
"BYSL",0.731786576506616,0.107210187525917,8.40627024933908,1.27528701001696e-15,4.57455480840352e-14,24.6945814013943
"EHBP1L1",-0.549189915994807,-0.103303960107488,-8.38947009517729,1.43485594468749e-15,5.11818726638528e-14,24.5786309125104
"PYGM",-1.11898670340897,-1.05098198151279,-8.38018258660541,1.53138945930974e-15,5.4321787209404e-14,24.5145952602292
"GYG1",-0.630081418881108,-0.230874004563571,-8.35852945506321,1.78211737483697e-15,6.28664057366521e-14,24.3654794906193
"GNB4",-0.64528516556007,-0.280989087092099,-8.33203997112121,2.14461943662476e-15,7.5238434631039e-14,24.1833987172534
"FECH",-0.863609964568265,-0.120586175954105,-8.32439557148029,2.26217693278399e-15,7.89289601957693e-14,24.130923343017
"ITGB1",-0.79310159129202,-0.342258641930419,-8.30452811052907,2.59835468412122e-15,9.0165731837576e-14,23.9946890302553
"ACADS",-1.1963539088644,-0.365264876426423,-8.30025354064944,2.67690443974325e-15,9.23893775554629e-14,23.9654054077621
"BAG2",-1.18002528960273,-0.539520656458681,-8.28359794380968,3.00601502680486e-15,1.03190354549188e-13,23.8513976079341
"PRDX6",-0.686712074967091,-0.269279665248694,-8.26458890931482,3.43073541798638e-15,1.17140351036594e-13,23.7214637025829
"RNASE1",-1.68966401355784,-0.358673725949098,-8.26147945694148,3.50564575726722e-15,1.19061426383783e-13,23.7002280468104
"NDUFS7",-0.710501658565867,0.0642810276159854,-8.24106710946264,4.03918756127506e-15,1.36456151210271e-13,23.5609544822958
"UQCRFS1",-0.719432508677449,-0.0231933737210527,-8.2217913025395,4.61642677249004e-15,1.55136236538678e-13,23.4296435410565
"TJP2",0.844664174940054,-0.233298300063182,8.21895109314427,4.70810887080763e-15,1.57388875079093e-13,23.4103125379364
"NDUFA7",-0.786266327250104,-0.0572633199156629,-8.19999414419194,5.36787474873773e-15,1.78509793076512e-13,23.2814007583633
"HSPB8",-1.63897396667136,-1.10855871890112,-8.18071340008406,6.13261127886569e-15,2.02884575210142e-13,23.1504887668776
"LYAR",0.900942845124228,0.130928123715389,8.15179730801183,7.4857019923127e-15,2.46372202169673e-13,22.954537369338
"BAG3",-0.964594031732246,-0.291515301248301,-8.13631671359162,8.32736660969255e-15,2.72667875912241e-13,22.8498215200634
"STRN3",-0.567557156892298,0.0118537906478394,-8.092373527499,1.12605010316832e-14,3.66828056567844e-13,22.5532972305778
"PODXL",1.17006030958281,-1.06429934919311,8.08019233515146,1.22406556702768e-14,3.96733941394505e-13,22.4712894051893
"FER",-0.514112549119825,-0.235158582653309,-8.05410912796328,1.46319151735874e-14,4.71842315067454e-13,22.2959665799634
"SELENBP1",-1.71844040626342,-1.10095076626365,-8.04881428390295,1.51709626591258e-14,4.86766816977479e-13,22.2604227316727
"PIN1",-0.529499047503473,-0.167521622817646,-8.02791735231137,1.7496769332587e-14,5.58584360942841e-13,22.1202965038362
"STAB1",-0.773404082286143,-0.130766780210691,-8.02636380414878,1.76831201605108e-14,5.6172498619334e-13,22.1098888203325
"NDUFA6",-0.809071093191197,-0.00459914427176508,-8.01408619878831,1.92265061442289e-14,6.07728919459908e-13,22.0276851261429
"RPS27A",0.70314432509104,0.0774338986722882,8.00262823134435,2.07865924202665e-14,6.53804889671928e-13,21.9510456610651
"PGAM1",-0.887849688820065,-0.0512428845250475,-7.9974364761719,2.15340530182493e-14,6.73994747654518e-13,21.9163436354521
"NDUFS5",-0.750362148092117,0.0191190545137212,-7.99219950405463,2.23149208448843e-14,6.95028144363837e-13,21.8813547586776
"ANXA6",-0.742912591323992,-0.165377139661012,-7.98774266974945,2.30014542340042e-14,7.12933423709306e-13,21.8515902583583
"VWA1",-0.935486738152695,-0.271282960979588,-7.98618241229284,2.3246695685153e-14,7.17053874153148e-13,21.841172890009
"RAB23",-0.948099652261966,-0.357008896680915,-7.9610775489029,2.75671239244092e-14,8.4623118392958e-13,21.6737443396104
"HPGD",2.59650825546316,-3.346313851825,7.94794714164319,3.01335745032741e-14,9.20587910064138e-13,21.5863174951681
"NDUFS8",-0.625381410947073,0.02326809711983,-7.93998576251102,3.18031935717574e-14,9.66968528360337e-13,21.5333554623273
"SDHB",-0.665870887716406,0.121992593077668,-7.92949215386174,3.41441705697496e-14,1.03322525634053e-12,21.4636030985297
"CP",-1.15637453737821,-0.422870450821113,-7.91341469253211,3.80648841354657e-14,1.14643530757051e-12,21.3568556592371
"PPM1A",-0.628685708435022,-0.0832558716310847,-7.90851513673826,3.93458165931887e-14,1.17945088707751e-12,21.3243539897998
"MYO1B",0.7955631824316,-0.0667658484161185,7.90670566085058,3.98295717294091e-14,1.18837296959008e-12,21.3123541211847
"SF3B1",0.380000929671443,0.243832417163189,7.90137293569588,4.12896838239811e-14,1.22620758705172e-12,21.2770000511354
"SH3BGRL",-1.12631969292161,-0.542399097210645,-7.88483856235339,4.61612620222825e-14,1.36453545376053e-12,21.1674863151761
"ADAMTSL4",-0.893914860433676,-0.316101090909308,-7.85931413559696,5.4817478342144e-14,1.61294746181838e-12,20.9987351982301
"PGM1",-0.821589455209165,-0.189403936937497,-7.82887624385988,6.72545062281369e-14,1.96981661590208e-12,20.7979886866234
"MCMBP",0.632719527186388,-0.19824495523972,7.82319999905656,6.98645306152417e-14,2.03691793597406e-12,20.7606112968265
"LANCL1",-0.631559810151901,-0.352835038190914,-7.81442640397037,7.40967929151918e-14,2.14358995131724e-12,20.7028748239163
"LYVE1",-1.05171371358055,-1.18905150345876,-7.81422927968375,7.41947344152092e-14,2.14358995131724e-12,20.70157811723
"PPP1R3D",0.970838382332325,-0.48638494000494,7.78587169918421,8.97016202828725e-14,2.57993173651415e-12,20.5152729334665
"MAP1LC3A",-0.972121091111922,-0.416118090881055,-7.77683640863854,9.52843786611775e-14,2.72820967601623e-12,20.4560103194747
"RAN",0.930274338605452,-0.138235416920432,7.72730522147295,1.32558851946534e-13,3.77851906106527e-12,20.1319787078318
"LDHD",-1.14826210799777,-0.442899689280012,-7.7195173252524,1.396042167145e-13,3.96165743876481e-12,20.0811608225583
"CKB",-1.7523461445211,-1.71043203750539,-7.70844573003672,1.50260574647706e-13,4.24519366869736e-12,20.0089771603495
"ITIH5",-0.96360384685727,-0.756671785687828,-7.68968943553024,1.70175007724506e-13,4.7866406357752e-12,19.8868555458314
"CFD",-0.948103657947332,-0.381359611908594,-7.68628602248715,1.74058057396288e-13,4.8743890196285e-12,19.8647181921944
"NOL7",0.663069913500808,0.276558753407116,7.68307485331645,1.77801889177415e-13,4.95748935544888e-12,19.8438375277752
"ACTN2",1.19164989942796,-0.715276916027367,7.66964755831604,1.94336471100266e-13,5.37894322337244e-12,19.7565921565006
"DNAJB4",-0.77897950623592,-0.580071072589754,-7.66944099992932,1.94602331182307e-13,5.37894322337244e-12,19.7552508496507
"COX5B",-0.803599390973651,0.088505028584711,-7.65616183425042,2.1246869353501e-13,5.8474681388838e-12,19.6690741271154
"SCRN1",-0.914825610038905,-0.0312301074057675,-7.6321920533318,2.48909140863963e-13,6.82096508333221e-12,19.5137832007242
"RAP1A",-0.686543920207294,-0.38540823126328,-7.63096813926863,2.50926883071366e-13,6.84687242910544e-12,19.5058630623485
"NCEH1",1.06880529173469,-0.123978126023858,7.60359200644037,3.00522929236324e-13,8.16527192839971e-12,19.3289401442657
"FCGBP",-2.01651861898781,-1.19688986489242,-7.59259245001707,3.23070355884767e-13,8.74069585730609e-12,19.2579791009406
"CHD4",0.477924892923543,0.227290423802205,7.5822500172201,3.45789431181147e-13,9.31588826198997e-12,19.1913230850328
"NSDHL",0.958381769028888,-0.0481049550737052,7.57598819685659,3.60303247844349e-13,9.66611864489985e-12,19.1509972454585
"F13A1",-1.21620834088923,-0.287069249359644,-7.56421866729925,3.89227747403991e-13,1.03984065572154e-11,19.0752653823336
"XPO5",0.950965971098459,0.0653524456223349,7.54109718235727,4.52879792247323e-13,1.20484894729132e-11,18.9267299208853
"AHSG",-0.934956606885379,-0.499334943235254,-7.53032777345141,4.85931291171173e-13,1.28741547474188e-11,18.8576552388193
"DDX5",0.560920911503919,0.393261078533589,7.49920933875593,5.95394541906666e-13,1.57090667358432e-11,18.6584543870448
"NOC4L",0.585471496996259,0.167080062902565,7.49132347226249,6.26793314993501e-13,1.64694457458169e-11,18.6080666597244
"NDUFA12",-0.649441109667966,-0.000835207236228799,-7.48025618003895,6.73630085776697e-13,1.76275741708369e-11,18.5374141623871
"PARVA",-0.837081855808549,-0.594138867371526,-7.46062038888505,7.65371252464287e-13,1.9946512028508e-11,18.4122435943374
"XRN2",0.525434815440662,0.296894510655775,7.45459692541925,7.9590700174664e-13,2.06579927079362e-11,18.3738931776902
"RCL1",0.66669336737236,0.254527937939651,7.44810906775778,8.30141210849734e-13,2.14593183452451e-11,18.3326106685835
"SUCLG2",-0.880284965157074,-0.01176157368522,-7.44170524067906,8.65354622688979e-13,2.22131203494818e-11,18.2918879207746
"MOSPD2",0.702120697103262,-0.0172595281296737,7.44154408741755,8.66259509322001e-13,2.22131203494818e-11,18.2908634482409
"ITGA2B",1.29955391904877,-0.887984618537422,7.41900524254527,1.00245295125204e-12,2.5602648374977e-11,18.1477367038477
"A1BG",-0.893125724111189,-0.485723338461086,-7.41060726331947,1.05842305368189e-12,2.69244270827047e-11,18.094486797833
"MSMO1",1.35208324860016,-0.342788816259465,7.40876585425922,1.07110130855474e-12,2.70474579119796e-11,18.0828165441575
"GOT1",-0.867774129681085,-0.328551552848291,-7.40867485806892,1.07173169173545e-12,2.70474579119796e-11,18.0822398934772
"HADHA",-0.6026370904237,0.0706072018665335,-7.38916443754996,1.21569087671869e-12,3.04995462051761e-11,17.9587175265025
"IGLL5",-1.18919111055856,-0.472921342411089,-7.38886136602027,1.21807114836647e-12,3.04995462051761e-11,17.9568005875052
"TNS2",-0.598640344730416,-0.523742950807701,-7.38140727954647,1.27808196487487e-12,3.18771615067424e-11,17.9096709090675
"SLC3A2",1.10194241980018,-0.0217713793586662,7.37157963881872,1.36167457205703e-12,3.38299305158915e-11,17.8475860847258
"GC",-1.12122759340138,-0.477233885186099,-7.36526803857826,1.41817818181467e-12,3.50971615925841e-11,17.8077446257884
"NCS1",-0.936767792675933,-0.0679293563881662,-7.35020833213544,1.56250105151478e-12,3.85195722545247e-11,17.7127803128878
"GALT",-0.644252399445106,-0.314042904863236,-7.33712070101676,1.69961371386072e-12,4.17385906269258e-11,17.6303649311785
"GTPBP4",0.783238972106204,0.183272437567698,7.32920446606035,1.78823324185491e-12,4.37466254760291e-11,17.5805660702617
"DDX21",1.06481192078661,0.174351447846831,7.27212898049925,2.5768570243164e-12,6.279859580252e-11,17.2226665214654
"TBC1D1",-0.712268642354433,-0.353488601373722,-7.2560431318273,2.85531113371525e-12,6.93200060409577e-11,17.1221631014334
"NOLC1",0.963957870983935,0.219038102123359,7.22421934487559,3.49634923173513e-12,8.45613251690485e-11,16.9238050852159
"HINT1",-0.722570941642289,-0.153146004714737,-7.21859057920591,3.62363903390186e-12,8.7309189552692e-11,16.8887867683694
"RRP1",0.814350075160805,0.154417413505431,7.20778335586857,3.88096054794117e-12,9.31576432278359e-11,16.8216072341987
"GPNMB",-1.25882790972221,-0.492734261775506,-7.18433115888507,4.50285261807794e-12,1.07680576653287e-10,16.6760762856219
"SLC7A5",1.62512833490738,-0.249813622415007,7.18239529625026,4.55836779189668e-12,1.08601411758434e-10,16.6640788588611
"HYI",-0.776070761070107,-0.498364626173326,-7.15728593545237,5.342492083684e-12,1.26809709867369e-10,16.508678341619
"CADM1",-1.12214187063456,-0.709294997299041,-7.15195178588983,5.52543489608277e-12,1.30666303005513e-10,16.4757167381155
"ENO2",-1.22866273452899,-0.616407876751083,-7.14868903314719,5.64036166615882e-12,1.32891916008945e-10,16.455563881726
"NDUFS3",-0.554347590558309,-0.0226385600134087,-7.12957113288232,6.36262041267148e-12,1.49357835790101e-10,16.3376146228403
"FNBP1",-0.691207644537766,-0.301285820543923,-7.12400105128148,6.58967376544874e-12,1.5412112451425e-10,16.3032930985506
"PTBP2",0.77309237375874,0.0780496725125161,7.12077150373598,6.72495347464753e-12,1.56711050859943e-10,16.2834023902314
"IGF2BP2",1.38205899138776,-0.390813655642931,7.11019854579698,7.18724415691024e-12,1.66874741606807e-10,16.218330037184
"MPHOSPH10",0.613652266249618,0.298923122190819,7.09553237011419,7.88068175889538e-12,1.82312148661402e-10,16.1281830087557
"COL16A1",-0.994479941903805,-0.176756983252796,-7.08481815821343,8.42849089615945e-12,1.94281279321221e-10,16.0624135119373
"PRKAB2",-0.723350594508758,-0.363522794698457,-7.0765959715211,8.87414470880154e-12,2.03818035847834e-10,16.011990931191
"VSNL1",1.50532322685177,-0.739403885418837,7.07009404205572,9.24290767268179e-12,2.11526758028936e-10,15.9721483305231
"TMPO",0.764305156439932,-0.209120840112488,7.06100682611881,9.78368259340196e-12,2.23102904853113e-10,15.9165087548213
"LMCD1",0.94033111591318,-0.0774527481419267,7.05755370946184,9.9972387517456e-12,2.27161457045892e-10,15.8953796914068
"ELN",-1.30513460310019,-0.743053797456046,-7.0540672483311,1.02175097534268e-11,2.31108506707457e-10,15.8740543251931
"UBE2V2",-0.583237824019709,-0.117305173866499,-7.05366330618331,1.02433371023039e-11,2.31108506707457e-10,15.8715840656272
"GDI1",-0.550662796015717,-0.216837807399206,-7.04104735136536,1.10831257204775e-11,2.49175203257919e-10,15.7944852220277
"CAV1",-1.23439285158357,-2.04182290330876,-7.03769859768044,1.13171879545418e-11,2.53544719613156e-10,15.7740373619704
"CRADD",-0.636487934271898,-0.20653214443147,-7.02864098116557,1.19749182920791e-11,2.6734214438785e-10,15.7187665390003
"PRELP",-1.39463817129545,-1.08286148475576,-7.01921627408088,1.26992277776593e-11,2.82524631917612e-10,15.6613115097304
"CWC25",-1.06746374963456,-0.517007633332067,-7.01484848075631,1.30493561925095e-11,2.89306039198517e-10,15.6347038350009
"ACLY",0.693122176153957,-0.0540727828090196,7.0016650231958,1.41647705695982e-11,3.12948304798908e-10,15.5544673118389
"GNG7",-0.792300282066119,-0.48122949508327,-6.998451266935,1.44505923877117e-11,3.18162180674274e-10,15.5349248433182
"IMP3",0.641499796978437,0.131043290463217,6.9967419980736,1.46049132589358e-11,3.20454883705516e-10,15.5245336902582
"RPL7L1",0.770542901108763,0.252539381231013,6.98141592932781,1.60630733556939e-11,3.51242203342828e-10,15.4314460276683
"PDCD4",-0.904042951038638,-0.231285601745579,-6.96863766435618,1.73875638940979e-11,3.78906469159779e-10,15.3539490162102
"TNXB",-0.978898007471712,-1.05733367119174,-6.95537772134635,1.88755150755542e-11,4.09932529787121e-10,15.2736422388472
"DDX18",0.7456356126847,0.237607026905539,6.94010257900808,2.07452559619525e-11,4.49011726498532e-10,15.1812717131789
"UCHL1",-1.52512203728167,-1.10208664142754,-6.92928494712994,2.21783845413937e-11,4.78408734110807e-10,15.1159477115304
"ARHGEF11",-0.396331572400074,-0.0685187280431503,-6.9245353169765,2.28379702362125e-11,4.90977912317229e-10,15.0872902954787
"ESD",-0.646610906069733,-0.285266704052794,-6.91892357370922,2.36421694582612e-11,5.06561248291938e-10,15.0534501039911
"GAB1",-0.659869816310275,-0.505066480313239,-6.91135282659641,2.4771380526756e-11,5.28562621585103e-10,15.0078290654371
"GATM",-1.17461758473923,-0.168122217227642,-6.91093920591463,2.48345789311716e-11,5.28562621585103e-10,15.0053376763553
"SUCLG1",-0.666187213951299,-0.0121332514798216,-6.91037250908995,2.49214238082338e-11,5.28648807360708e-10,15.0019244341888
"MYBBP1A",0.76114306392216,0.0882939869442902,6.89047463450607,2.81675088829479e-11,5.95528292111332e-10,14.8822111230212
"SDHA",-0.520341126153477,0.0179514638166263,-6.87851916650192,3.03141996018353e-11,6.38799222632734e-10,14.8104065223495
"ARPP19",-0.623423816497349,-0.124027990433673,-6.87518830319455,3.0940402716884e-11,6.49850234695079e-10,14.7904179595858
"CXCL12",-1.21396957628881,-0.656267401123328,-6.8716363622821,3.162218122324e-11,6.61992220034057e-10,14.7691106922556
"ERBB2",1.39020540400254,-1.04149988274368,6.86700116654326,3.25341377683434e-11,6.788577439571e-10,14.7413176328566
"NIFK",0.717215598754689,0.226309760276498,6.86088560703394,3.37770074700251e-11,7.0249574168114e-10,14.7046696747886
"CA1",-1.47092273974808,-1.92896377151415,-6.85114551160215,3.58534984923248e-11,7.43261648939915e-10,14.6463519487301
"LRG1",-1.08086179472872,-0.521841555851186,-6.83912079152669,3.85907481675097e-11,7.97197668911095e-10,14.5744410358598
"ARHGEF37",-0.821843735942501,-0.596183771213869,-6.83863739980988,3.87049768774377e-11,7.97197668911095e-10,14.5715522120548
"KCTD10",-0.41881130278546,-0.0377443707558454,-6.82873925321455,4.11184207120311e-11,8.4418365352514e-10,14.5124330819215
"PES1",0.609768298352433,0.2323249950609,6.79157193506761,5.15745338839949e-11,1.0554596116965e-09,14.2910173434656
"CEBPB",0.855816239619353,0.0564524996613738,6.79033030825084,5.19655861838479e-11,1.0600647533031e-09,14.2836363512491
"ZBTB7B",-0.700677253589479,0.0639673758740293,-6.78739246987642,5.29025031797076e-11,1.07574039109055e-09,14.2661760884867
"CD209",-1.02029921501096,-0.323608797722695,-6.78015813018943,5.52809752321389e-11,1.12053659319748e-09,14.2232050092741
"NDUFA13",-0.617141751002118,-0.0172087421820424,-6.77136194308283,5.8314821593293e-11,1.17829156921891e-09,14.1710033462586
"WDR3",0.56004170703665,0.201252235063219,6.76485711272902,6.06630151942085e-11,1.22187177291805e-09,14.1324328393791
"SF3B6",0.432795833954413,0.339617277678753,6.76271009437711,6.14582768206852e-11,1.23399716194992e-09,14.1197082041846
"SNRNP200",0.331883101866476,0.244464365610134,6.75949935677151,6.26666909080638e-11,1.25431605469589e-09,14.100684969216
"RSL1D1",0.923810819312471,0.284356785883783,6.75762025983432,6.33847172121218e-11,1.26472318562312e-09,14.0895547134
"SGCD",-0.974258120940831,-0.275204684862205,-6.74327204236491,6.91403928589073e-11,1.37288099961694e-09,14.0046446189841
"NDUFS2",-0.466169035901634,-0.0700958006769591,-6.7430453111388,6.92353456345585e-11,1.37288099961694e-09,14.003303961732
"NCBP1",0.54109135344972,0.164317793445008,6.73939238245761,7.07829318886923e-11,1.39922297247461e-09,13.9817089711931
"PRKACB",-0.716570060117517,-0.507567675189028,-6.73414208035269,7.30669399693209e-11,1.43807904372094e-09,13.9506863229863
"CNRIP1",-0.851570097238498,-0.578413622310642,-6.73334187989125,7.34213458574668e-11,1.43807904372094e-09,13.9459597582288
"CDKN2C",-0.657175462081149,-0.406007557001706,-6.73333536240417,7.34242393505132e-11,1.43807904372094e-09,13.9459212629663
"PWP2",0.588806577005301,0.20965107165328,6.73109960966079,7.44234592621544e-11,1.45319201036347e-09,13.9327175497115
"NDUFB10",-0.551218913636857,0.00156784987885151,-6.72710247119652,7.62432865206743e-11,1.48418714766617e-09,13.9091198799411
"ABHD12",0.78058208521864,-0.249640141850754,6.72363975366222,7.78550848159113e-11,1.51095658525712e-09,13.8886858291455
"FAM114A1",-0.652792910850248,0.167972640332322,-6.70286972628653,8.8249455461737e-11,1.70749325188846e-09,13.7662861273992
"NIT1",-0.586058283307804,-0.118111586633588,-6.69949689456023,9.0061387020644e-11,1.73728687651605e-09,13.7464368548028
"HEATR1",0.582829001645544,0.104629476482648,6.69333320647374,9.34674805614313e-11,1.7975598294721e-09,13.710182875224
"ANTXR2",-0.674198053908969,-0.191964916192123,-6.68442113602869,9.86171053021111e-11,1.89090155361555e-09,13.6578081462278
"UQCRC2",-0.624056739158331,0.0946568337278615,-6.67574341602687,1.03898663616676e-10,1.98620648860024e-09,13.6068616719655
"IGF2BP3",2.60368722464196,-1.20245075503507,6.67151364285441,1.06572777023658e-10,2.03124531730167e-09,13.5820471417162
"U2AF2",0.385246862587511,0.255043466321375,6.66885202674898,1.08290006239291e-10,2.05783241023177e-09,13.5664385543422
"PCCB",-0.843243308954917,-0.0847284533741199,-6.66582283293245,1.10277462656793e-10,2.08938159959531e-09,13.5486801435096
"TFRC",1.2010407227054,-0.26187088574537,6.65406614784414,1.18335983882472e-10,2.23542975470292e-09,13.4798157499264
"MAPRE3",-0.707013341828655,-0.194432703710132,-6.6507155001133,1.20736675184394e-10,2.2740521269981e-09,13.4602064158867
"NDUFA5",-0.546063152870711,0.0433947144437707,-6.64528050786024,1.24732834262782e-10,2.3424092551996e-09,13.4284146867814
"CD99L2",-0.663108318919525,-0.362338441464464,-6.64408920551913,1.25625956636745e-10,2.35226314699595e-09,13.4214488705436
"PRPF8",0.336932364511943,0.218597787920175,6.64282867401908,1.26577816873095e-10,2.36315602554010e-09,13.4140792935776
"FBXO30",-0.542303568170732,-0.23269514689831,-6.63946495269771,1.29152645389388e-10,2.40419720353133e-09,13.3944188433093
"COA5",-0.973033380937027,0.207008676501154,-6.62257894417969,1.42875768919786e-10,2.65192379230475e-09,13.2958375960238
"EIF4E3",-0.573793011319796,-0.351758752223124,-6.61516501485495,1.49344072985227e-10,2.76394755365413e-09,13.2526153907189
"COX5A",-0.75937729282371,0.0777456817730828,-6.61315250796271,1.51148940754887e-10,2.78926585757213e-09,13.240889139148
"DCLK1",-1.19176252643345,-0.38370065644811,-6.60968440890209,1.54309591755475e-10,2.8393854275467e-09,13.2206880118256
"BLOC1S3",-0.420994727556628,0.0233404826628756,-6.6011290385954,1.62386571320036e-10,2.97600686419863e-09,13.1708890287419
"RBM28",0.77587540851485,0.169838371445066,6.60083994710388,1.62666624213833e-10,2.97600686419863e-09,13.169207151677
"WDR43",0.583551606740812,0.244053316436761,6.58409840256794,1.7971940682192e-10,3.27859546445131e-09,13.0719044634664
"CMSS1",0.849897120080824,0.215437308893254,6.58133558015483,1.82697426364359e-10,3.32342754226904e-09,13.0558650176967
"PHF1",-0.634961070953668,-0.112114963383136,-6.57689578195446,1.87584783011727e-10,3.40263874866443e-09,13.0301007812698
"MECP2",-0.577152155295172,-0.293739700383276,-6.57529589406273,1.89377212229446e-10,3.42542068012752e-09,13.0208198707826
"ASPN",-1.2376061769811,-0.692208195439109,-6.57424992185653,1.90558139256963e-10,3.43704440439465e-09,13.0147531485673
"MTHFD2L",1.06445016611988,-0.0944645070485962,6.5683890882727,1.9731007516948e-10,3.5488023379074e-09,12.9807735553848
"POLR1E",0.709285193661728,0.115223022418552,6.56697223924657,1.98977263924279e-10,3.56873547796776e-09,12.9725625254046
"COL4A2",-0.661087521650017,-0.503706355002101,-6.56431736777377,2.02138521061135e-10,3.61527859096736e-09,12.9571804782114
"GNG2",-0.722063311306516,-0.41563102840958,-6.55336669350326,2.1570701553566e-10,3.84717679942789e-09,12.8937839416473
"SLC1A5",0.963566834208157,-0.11066060338796,6.53190955913768,2.44934819293015e-10,4.35629198101921e-09,12.769798676088
"CPA3",-1.63298722970971,-1.10627652013286,-6.51454286027544,2.71406192921315e-10,4.8136903938961e-09,12.6696784712254
"RRP1B",0.696382306938281,0.174870808253869,6.50814614326426,2.81847508260472e-10,4.98503141341583e-09,12.6328527676519
"CASP7",-0.663497913344743,-0.0472232784684676,-6.50100093785767,2.9397680377456e-10,5.18519859696289e-09,12.5917510560721
"COL14A1",-1.36298840907709,-0.606461623256744,-6.49846140995436,2.98409917319543e-10,5.2426945604344e-09,12.5771512040311
"PRKDC",0.556726646286204,0.242344294028842,6.49800855273144,2.99207305316331e-10,5.2426945604344e-09,12.5745481717993
"PEBP1",-0.654353681005245,-0.347119962131336,-6.49772941743796,2.99699845663047e-10,5.2426945604344e-09,12.5729437664374
"NDUFA10",-0.601510221342638,0.0140998098822836,-6.49670399985964,3.01516054020011e-10,5.26005465824527e-09,12.5670503594333
"PARK7",-0.589707602424444,-0.075820123297084,-6.4946998803086,3.050969525209e-10,5.30802191238678e-09,12.5555341096613
"CES2",-1.10260100926201,-0.549009122179935,-6.48544717203767,3.22177645386496e-10,5.58995724400211e-09,12.5024009802593
"NAT10",0.628047814833113,0.182215646829687,6.46428061155946,3.64856137165896e-10,6.31329657399525e-09,12.3810736351793
"KRT6A",2.52224231382779,-2.01938321758104,6.46370444512004,3.66092197970187e-10,6.31756401091796e-09,12.3777753250767
"SMARCA5",0.482224944412652,0.245276743683499,6.46305859092796,3.67482643270126e-10,6.32446543741173e-09,12.3740783526384
"DYNLRB1",-0.613763488351041,0.030699143626761,-6.46215820075172,3.69429719768416e-10,6.34088376537994e-09,12.3689248531432
"A2M",-0.860981366029154,-0.861446269583205,-6.46083263931866,3.72314644756712e-10,6.37326811466919e-09,12.3613388431975
"DPYD",-0.830299082690254,0.0612428062132773,-6.44814231371227,4.01075930345364e-10,6.84724549533462e-09,12.2887748639828
"PNO1",0.57556419861043,0.243892164240753,6.42831391068029,4.5042981434737e-10,7.66931830562121e-09,12.1756165645268
"PAK1IP1",0.628070428405463,0.157252061056685,6.41908532890599,4.75385320521722e-10,8.07270019024255e-09,12.1230424684081
"CLIC5",0.922698083489772,-1.18625379164881,6.41486389774875,4.87247827796625e-10,8.25219464318687e-09,12.0990130630434
"SGCE",-0.812366880401006,-0.4033355002049,-6.40900211952605,5.0420232199135e-10,8.51675086220838e-09,12.0656667923058
"NDC1",0.556553480048934,-0.0139883257295972,6.40813733522977,5.06752072764941e-10,8.53723478787375e-09,12.0607492460496
"ACP5",0.776147456629302,-0.773295774897722,6.39962117303275,5.32546163042261e-10,8.94817697638114e-09,12.0123501608821
"RBM26",0.504363549495581,0.147212945442413,6.3953125297352,5.46082297158486e-10,9.15153665972949e-09,11.987882350847
"FGF1",-0.905017822938134,-0.294057297031997,-6.39421504155355,5.49583735336704e-10,9.18610510503889e-09,11.9816520144777
"LAMA4",-0.687317774650035,-0.424415953507584,-6.39144035788781,5.58534563081886e-10,9.31133990934163e-09,11.9659041128111
"TBC1D22A",-0.413745282657751,-0.0420319243197829,-6.38499874280691,5.79869066710842e-10,9.64183330976231e-09,11.9293648309375
"FEZ2",-0.488382086777076,0.0252662085184299,-6.37056996567811,6.30596950814725e-10,1.04580818985767e-08,11.8476235822989
"RPIA",0.96317645003697,-0.730952614617164,6.35781921966293,6.79027579831745e-10,1.12272108911251e-08,11.7755087592821
"RRS1",0.806654515499103,0.215658204529981,6.35744813453002,6.80490307731466e-10,1.12272108911251e-08,11.7734116901208
"NRP2",-0.74065577336195,-0.232714899912598,-6.34903303919267,7.14502008688929e-10,1.17579776429866e-08,11.7258821398582
"TMEM33",0.770241901277144,-0.110494979477853,6.34407344307601,7.35321852703555e-10,1.20694859370493e-08,11.6978927436815
"BCAP31",0.847828027400397,-0.0696942750950357,6.34333266134686,7.38482172142298e-10,1.20902786387912e-08,11.6937136225041
"NRDE2",-0.510995943176212,-0.00453500207837348,-6.31850030577899,8.52477200111804e-10,1.39208872703679e-08,11.5538428569866
"ARPC1A",-0.537981585988409,-0.212046688327436,-6.31777752578897,8.56041136384856e-10,1.39434251423911e-08,11.5497781597008
"VPS4B",-0.405015715444658,-0.0597985577760289,-6.31673656586687,8.61199640973041e-10,1.39917549812032e-08,11.5439247543885
"MXRA7",-1.01404804724043,-0.539140139444792,-6.30498783846164,9.21574381798842e-10,1.49346508319432e-08,11.4779130946476
"HSPA1A",-0.639242752790243,-0.251581818076751,-6.30199787885876,9.37589521154116e-10,1.51557192216938e-08,11.4611290251225
"TPPP",-1.17193641506905,-1.61250194403686,-6.29110725073729,9.98261264726367e-10,1.60957024628229e-08,11.4000475560875
"GIMAP1",0.767736914715197,-0.564211077664961,6.28602086123167,1.0278991817617e-09,1.6531829409442e-08,11.3715483115401
"UTP3",0.564717576893944,0.208090745650084,6.28397110671127,1.04008504957372e-09,1.6685786536503e-08,11.3600685728824
"APOA4",-0.929786935813603,-0.513856102327068,-6.28151641272737,1.05486458187992e-09,1.68763356361188e-08,11.3463248235863
"MYH9",0.481036846925347,0.195556708354826,6.28112356522375,1.05724890437706e-09,1.68763356361188e-08,11.3441256752211
"RETN",1.55874279416119,-0.83414598992507,6.27820907970612,1.07510349193562e-09,1.71185431321919e-08,11.3278138493696
"GNB1",-0.400734324705781,-0.192604777883641,-6.26771098020566,1.14189786452322e-09,1.81368603606486e-08,11.2691072976794
"DYNC1I1",-1.02733419659315,-0.488696529546389,-6.26638105113672,1.15064436456824e-09,1.82304324262238e-08,11.2616756991081
"DNMT1",0.738779307917814,0.00591908765348042,6.25382149947915,1.23654704701043e-09,1.9542952710796e-08,11.1915545559838
"MICALL1",-0.535406891641354,-0.482798301919593,-6.23747501170002,1.35780891175877e-09,2.14064442014314e-08,11.100456568442
"TAB1",-0.291833944994715,-0.0600293693065745,-6.23644743260705,1.36580904918241e-09,2.14795339384968e-08,11.0947362102866
"FEN1",0.752232548114337,0.194499009576734,6.22912803997629,1.42414409940974e-09,2.23419166455311e-08,11.0540118987715
"TAP1",1.09425440895589,-0.296403438341911,6.21424937203475,1.55034433820894e-09,2.42621289202551e-08,10.9713449402206
"CRYZL1",-0.412125110272742,0.0361304305225839,-6.21177073965098,1.57240584821271e-09,2.45472159922693e-08,10.957588648031
"NPC1",0.713869374545022,-0.0666076694149053,6.20706838782625,1.61510774745946e-09,2.51523487012894e-08,10.9315027340951
"PPP1R21",-0.350510647220728,-0.0298334886764783,-6.1991288578718,1.68979663932589e-09,2.62514636060725e-08,10.8874942759823
"HLA-A",1.26072188315485,-0.727099394305924,6.18967661810913,1.78313237227409e-09,2.76342237790535e-08,10.835159024287
"RNH1",-0.422827740346994,-0.0445135694412243,-6.18382284893871,1.84344578299875e-09,2.84997610761429e-08,10.8027795062376
"STK10",0.474709369044224,-0.0216671540742736,6.18151893052001,1.86772751396603e-09,2.8805411054766e-08,10.7900422712746
"PHF6",0.686564093876635,0.262402913377508,6.17397562532703,1.94943947806251e-09,2.999318329501e-08,10.7483653387513
"SERPINA7",-0.75083470393901,-0.457471424412145,-6.16753291371173,2.02199143670418e-09,3.10346522196062e-08,10.7128011363263
"CYBB",1.04899206636642,-0.316349788391439,6.16313271547014,2.07305428244637e-09,3.17420901520865e-08,10.6885286609765
"C11orf54",-0.779642934270246,-0.16300381033772,-6.1624056596624,2.08161213550747e-09,3.17968743665436e-08,10.6845193811309
"CERS2",0.870914338530685,-0.268260724080448,6.14730167518269,2.26741989496248e-09,3.45326333854422e-08,10.6013147744979
"KIAA1522",-0.578099061832041,-0.11716205401923,-6.14698160495494,2.2715279595749e-09,3.45326333854422e-08,10.5995533297231
"IFNGR1",0.724694584655455,-0.190077187198608,6.14510452684518,2.29576704140982e-09,3.48182246066549e-08,10.5892246580291
"HPGDS",-0.821301949059666,-0.448180693924893,-6.1436003671109,2.31537304542522e-09,3.50323623105214e-08,10.5809497872323
"SCRN3",-0.515100298004166,-0.219753697337592,-6.1413978049477,2.3443783003449e-09,3.53873651245915e-08,10.5688356805193
"FAM107B",-0.727638253066969,-0.0507816420162613,-6.14010545756333,2.36156223721861e-09,3.55626766147189e-08,10.5617293672097
"RRP12",0.591549661157427,0.217107664173793,6.13853398308221,2.38262373579253e-09,3.57848401289304e-08,10.5530898003885
"DIMT1",0.53037762872855,0.202876011093081,6.13817029255398,2.38752418088087e-09,3.57848401289304e-08,10.5510905727375
"C15orf48",-1.5452817250808,-0.532807744177589,-6.12951193407952,2.50714455752042e-09,3.74897377043745e-08,10.5035228757591
"CBR1",-0.847687253917466,-0.257886213857672,-6.1290657932274,2.51346459279697e-09,3.74964285631044e-08,10.501073291957
"MAP2K6",-0.785289542613365,-0.171934513567597,-6.12594464949649,2.55811676457269e-09,3.80399134459427e-08,10.4839402851352
"ITGA1",-0.648717752167417,-0.482587591238813,-6.12550588029687,2.5644558434821e-09,3.80399134459427e-08,10.4815322898479
"TRAPPC2L",-0.334860539352472,-0.0049942089821533,-6.12527700267901,2.56776862884907e-09,3.80399134459427e-08,10.4802762483047
"PSME3",0.569501247449861,0.412179717442691,6.12448570461203,2.57925420468347e-09,3.81216159650554e-08,10.4759340263
"HAGH",-0.549062271737726,-0.250411694355956,-6.12369656807069,2.59075845585263e-09,3.8203216491037e-08,10.4716041098939
"ITPKB",-0.615679358156264,-0.425172227164222,-6.11910243346063,2.65873658602941e-09,3.91152836446953e-08,10.4464053469303
"SFPQ",0.309061790513426,0.269262912302995,6.11788734549101,2.67700574883239e-09,3.92935211638961e-08,10.4397431224885
"MT1F",-1.73091565221255,-1.25194574495874,-6.11470166380608,2.72548832613848e-09,3.9913401289895e-08,10.4222812978521
"UQCRC1",-0.569996658955194,0.126063050086914,-6.11402860368561,2.73584093161237e-09,3.99733280282494e-08,10.4185929483486
"COL2A1",-1.23309393604952,-0.122741869423208,-6.10751409381853,2.83805206287294e-09,4.13720603229308e-08,10.3829103305006
"IMPA1",-0.723027047744372,-0.225686967356708,-6.09994998956833,2.96142267039188e-09,4.30721725522828e-08,10.3415166663011
"AFM",-0.895899415627698,-0.529681121567639,-6.09780914894883,2.99728205859779e-09,4.34946498730611e-08,10.329808589574
"RBM6",-0.537612268157068,-0.0486983178500341,-6.09231421524528,3.0912782757652e-09,4.47569428361923e-08,10.2997722532545
"COL5A2",-1.11501193897229,-0.196039048438305,-6.07910060846234,3.32926976442192e-09,4.80571003984072e-08,10.2276326038566
"FAM162A",-0.757806602920915,0.0592683406503144,-6.07883316690303,3.33426710673366e-09,4.80571003984072e-08,10.2261737975469
"AIMP2",0.378532568880481,0.220135775371997,6.07800121881202,3.34985961881889e-09,4.81730938426996e-08,10.2216361200382
"S100B",-1.85735485035671,-1.50657381869628,-6.06992782893819,3.50492412316705e-09,5.02897539919586e-08,10.1776273431216
"HDAC2",0.463980131798545,0.129840154519616,6.06621144213876,3.57864272101354e-09,5.12323627212364e-08,10.1573846823606
"TIPRL",-0.43157695225348,0.0492358900952957,-6.06352334356527,3.63290687837464e-09,5.1892864470743e-08,10.1427491414385
"EEF1G",0.463391148352409,0.273982168363895,6.06221391375498,3.6596307134053e-09,5.21579064845823e-08,10.1356217361654
"COL5A1",-1.11202709518522,0.063116781943031,-6.05355297206877,3.84129353904089e-09,5.46250762734435e-08,10.0885100270345
"ZFYVE19",-0.564642245051827,0.0104598448693232,-6.04727076311729,3.97855027691163e-09,5.64512078179572e-08,10.0543712744014
"MACF1",0.515835321311824,-0.19954597114158,6.04473639806075,4.03526960333408e-09,5.7129038619264e-08,10.0406070646194
"BLVRB",-0.642258823411985,-0.604013146231802,-6.04382754313398,4.05580183345725e-09,5.72926874040366e-08,10.0356721717023
"LIX1L",-0.500642519989331,-0.0868026533252976,-6.03020196196393,4.37614600386574e-09,6.16814398116618e-08,9.96175930622285
"BMS1",0.466668615568393,0.210881201026392,6.02785809907451,4.43369050535502e-09,6.23548763803783e-08,9.94905833257641
"TUBB6",-0.502328917552371,-0.180967846449632,-6.0264569857659,4.4684419928294e-09,6.27054991741005e-08,9.94146783906469
"TMCO1",0.951137632422162,0.00748866058725446,6.02503470386932,4.50399081709177e-09,6.30657486121293e-08,9.93376411109779
"NAA15",0.469443280809768,0.193420825512123,6.02451309064553,4.51709729575177e-09,6.31108670314553e-08,9.930939180892
"MAGOHB",0.457665231450916,0.202296239299671,6.0224524832417,4.56923932873970e-09,6.3699984965072e-08,9.91978134921099
"PPAN-P2RY11",0.689958964496286,0.0636901823375694,6.01792157421628,4.68596810220165e-09,6.51849811166831e-08,9.89525802106956
"RRP7A",0.565320294115017,0.167866276099025,6.01723233699006,4.70397831141051e-09,6.52932641703393e-08,9.89152885398703
"PMVK",-0.710177107569315,-0.0553780108198804,-6.0085744333224,4.93605981221764e-09,6.83660344924287e-08,9.8447138237091
"CARHSP1",0.643094233772191,0.0660477524938758,6.00592983077785,5.00915548471654e-09,6.92282635712448e-08,9.83042470482028
"EXOC6B",-0.406137675125773,-0.102222210188019,-6.0007713177079,5.15479162650956e-09,7.10871372251913e-08,9.80256713807691
"COPS6",-0.364346073372157,-0.0431577826027999,-5.98521311213417,5.6195490474847e-09,7.73293548883401e-08,9.71866442268523
"RGS10",-0.678586057120517,-0.184500145698111,-5.98325587915961,5.6808401844752e-09,7.8004655006181e-08,9.70812179467798
"SQLE",0.933708107827465,-0.228413306609916,5.98011381988935,5.78060304043724e-09,7.92041854360338e-08,9.69120289991824
"CPQ",-0.958346438545576,-0.185732335516221,-5.97329203634323,6.00312959585159e-09,8.20770502559152e-08,9.65449456866582
"PTDSS1",0.90875070490531,-0.241444361034312,5.97123564699553,6.0718356920169e-09,8.28390403707861e-08,9.64343565249187
"MAP2K7",-0.41526434504111,-0.17349121539019,-5.96932108049677,6.1364936768367e-09,8.35426697795359e-08,9.63314218919182
"RECQL",0.496662834000992,0.178978594515964,5.9679516517457,6.18315368782294e-09,8.39988006313819e-08,9.62578123010235
"HSP90AB1",0.503660650959115,0.256219272764997,5.9664345348452,6.23525060868987e-09,8.45266988035772e-08,9.61762800364525
"RUFY3",-0.532827084997232,-0.321608689331472,-5.96585267757222,6.25534483184878e-09,8.46194422698188e-08,9.61450145305366
"ATE1",-0.451990884931646,-0.179851029843831,-5.9641832556617,6.31334953297091e-09,8.50754323466091e-08,9.6055323470148
"RAB34",-0.620222739163264,-0.130126756593271,-5.96411587689488,6.31570163387513e-09,8.50754323466091e-08,9.60517039147946
"DVL3",-0.386657096308685,0.129156574740148,-5.96022702995305,6.45291651557184e-09,8.67407830566868e-08,9.58428526740512
"MKI67",1.18265589073387,-0.178113270544592,5.95709989921035,6.56536371537302e-09,8.80669061400351e-08,9.56749890923528
"FCER1G",1.16543314256267,-0.0324926309295251,5.95577295965972,6.61365505008127e-09,8.85286949575867e-08,9.56037807513155
"COX6C",-0.824254844441874,0.223770186998819,-5.95310228485252,6.71190337993833e-09,8.9595225705915e-08,9.54605014831352
"SCARB1",0.789987652430174,-0.0725764370667035,5.95284627588997,6.72139594567475e-09,8.9595225705915e-08,9.54467695543119
"EMG1",0.640382148429129,0.15195411452867,5.95132541977617,6.77805881493713e-09,9.00300606727075e-08,9.53652029673419
"BIN3",-0.567673055911094,-0.107103601691847,-5.9512142867559,6.78221756986253e-09,9.00300606727075e-08,9.53592433370859
"UTP11",0.704860677121061,0.0926879347416264,5.94600471084781,6.97998976436632e-09,9.24631424180062e-08,9.507997472811
"NUDCD1",0.650341605648548,0.125268144147608,5.94332226605827,7.08401008155452e-09,9.36467999393905e-08,9.49362543600755
"ARF6",-0.457294921613342,0.0205402494340231,-5.93343727558675,7.48056678758337e-09,9.8684749873388e-08,9.44070864520307
"UBL5",-0.414301776872989,0.155838100553676,-5.93086445117119,7.58728719619106e-09,9.98862448405772e-08,9.42694733363884
"TBCEL",-0.403658350056526,-0.161536722722885,-5.92834311356834,7.69331415538678e-09,1.01073684942684e-07,9.41346608218143
"FOXK1",0.462554884671825,0.260579183031347,5.92688499495889,7.75528980795537e-09,1.01678696968778e-07,9.40567182999955
"TPI1",-0.916564407589701,-0.071544800819767,-5.92451853633506,7.85691282263220e-09,1.02799976173169e-07,9.39302541498395
"CDYL",0.452410110153737,0.100905972637612,5.92382060284061,7.88713180144439e-09,1.02984328327653e-07,9.3892964190397
"CHP1",-0.504765440752619,-0.0581752828885746,-5.9158341442028,8.24111290527728e-09,1.07284807496651e-07,9.34665074033083
"BAZ1B",0.543225263359995,0.0858267203564134,5.91563593551607,8.25009247938225e-09,1.07284807496651e-07,9.34559294666991
"TRAPPC12",-0.470302412766187,-0.147443357092794,-5.91269672439204,8.38437627335081e-09,1.08809435986473e-07,9.32991042031015
"NAMPT",1.09525099914715,-0.0999147714877464,5.91059822997823,8.48155389496792e-09,1.09847305515964e-07,9.31871749486512
"POR",0.704922088843281,-0.154304821033622,5.91020343887157,8.49995852179542e-09,1.09862824213894e-07,9.316612121353
"COMMD1",-0.326759892899815,-0.0090528020937954,-5.90708723743717,8.64660702454483e-09,1.11532496670139e-07,9.29999778224958
"CSE1L",0.553151429308849,0.197582008917252,5.90633752881296,8.68225539346798e-09,1.11766533643736e-07,9.29600169259738
"CEACAM5",1.90791828756835,-1.14157175005661,5.90541323304893,8.72640291598499e-09,1.12108818146004e-07,9.29107558450151
"ACTR1A",-0.33925633777656,-0.0864384706424045,-5.90475304846368,8.75806971928325e-09,1.12289709151855e-07,9.28755745951717
"CNTN1",-0.715489636962974,-0.408699810049368,-5.90409881463495,8.78956178341272e-09,1.12467639252686e-07,9.28407135976668
"CDC42EP4",-0.583294236769049,-0.399301618942749,-5.90157237866897,8.91221515491006e-09,1.13808987528201e-07,9.2706121198267
"TAGLN3",-1.12544409586625,-0.582603370395418,-5.89781687487419,9.09763177872127e-09,1.1587681028298e-07,9.25061379794613
"TDP2",-0.58045361022953,-0.311956214272082,-5.89756022094877,9.11043990008704e-09,1.1587681028298e-07,9.24924747353769
"HLA-B",1.2643710816639,-0.714160174418436,5.89489214437562,9.24463559384327e-09,1.17349897150476e-07,9.23504653324937
"PDCD11",0.507948698994584,0.221593772558513,5.89115179942225,9.43601758785499e-09,1.19541611703282e-07,9.2151471549632
"SETD7",-0.556517209163439,-0.0650443412843897,-5.89034205323035,9.477956403954e-09,1.19835151760884e-07,9.21084048992427
"NDUFB4",-0.613793478905492,0.0361848840401775,-5.88562758405747,9.72576971188487e-09,1.22725374724081e-07,9.18577592593584
"RRP15",0.674551666308566,0.285401821665807,5.88092251428351,9.97939260485656e-09,1.25677360516783e-07,9.16077753097628
"BOP1",0.501875758555286,0.180241009489028,5.88025701736787,1.00157829733857e-08,1.25887350954858e-07,9.1572430016923
"TAP2",1.07868670288555,-0.322357206293964,5.87835331118574,1.01205973718108e-08,1.26954841294719e-07,9.14713399168598
"NDUFB7",-0.600836496994803,-0.129104914654406,-5.87027400790725,1.05774711952145e-08,1.32425791336166e-07,9.10426099513813
"MARCKS",-0.645325507563662,-0.266590765019309,-5.86902332669466,1.06499720879611e-08,1.3307254751787e-07,9.09762849871034
"TOP2A",1.35795446726334,-0.17770588269323,5.86093655154138,1.11306033954006e-08,1.38650196496693e-07,9.05477111423076
"RTKN",0.591856181426824,0.0853686617459036,5.86078534880079,1.11397886926866e-08,1.38650196496693e-07,9.05397024316295
"PEX11B",0.842640892788551,-0.21975290956394,5.85949874922444,1.121824727337e-08,1.39355075565112e-07,9.0471562272168
"FN3KRP",-0.563661479123597,-0.232126630884841,-5.85762607168344,1.13334104866138e-08,1.40512283411708e-07,9.03724042641007
"STT3B",0.712593867555314,-0.117996222899796,5.85687283309053,1.1380056806045e-08,1.40817175787979e-07,9.03325276377621
"G6PD",0.836823735782566,-0.240361642385715,5.85631322351677,1.1414833416507e-08,1.40974296642934e-07,9.03029044697684
"DCTN6",-0.345383991010497,-0.0612425580089203,-5.85157331517492,1.17135828047998e-08,1.443846065804e-07,9.00520875250358
"RBP4",-0.87874428368547,-0.532900338234325,-5.85110382674729,1.17435860653616e-08,1.44475524137445e-07,9.00272530486114
"CAMP",1.89628347860594,-1.31149152054215,5.84833450227707,1.1922095551557e-08,1.46389577109022e-07,8.98807973046146
"PUS7",0.66544213204713,0.128170249303295,5.8468749530833,1.2017240486495e-08,1.47274626691498e-07,8.98036316793378
"C1orf116",1.27698086328803,-0.538867401667656,5.84623248449544,1.20593562063168e-08,1.47507642485312e-07,8.97696696464251
"TDRD3",-0.4697226453186,-0.00266133472336762,-5.84500404590893,1.2140285456376e-08,1.48213618812544e-07,8.97047406306995
"HADH",-0.686295491943152,-0.010012547597374,-5.83859134538948,1.2571435415255e-08,1.5318438001222e-07,8.93659777667104
"PANK4",-0.362288300129469,-0.187548683321114,-5.83810343486301,1.2604844494374e-08,1.53273029431135e-07,8.93402153458373
"GRB7",1.17588490442477,-0.751183698950293,5.83778463113731,1.26267209836769e-08,1.53273029431135e-07,8.93233829668531
"TNS3",0.479183805717138,0.0903865830908279,5.82819516340157,1.33023564182018e-08,1.61168018463412e-07,8.88174219304189
"MAGT1",0.633679478493829,-0.122765767136529,5.82698243630193,1.33902739342248e-08,1.61925945208381e-07,8.87534839777055
"PRTN3",1.55082048790686,-0.966847836149537,5.82556993714883,1.34933890772978e-08,1.62509948502065e-07,8.8679027186368
"RPF2",0.837747780678718,0.237384231683283,5.82540194315377,1.35057044039738e-08,1.62509948502065e-07,8.86701727281915
"FBXL20",0.780926160029329,-0.450296959804972,5.82520721809413,1.35199930616901e-08,1.62509948502065e-07,8.86599096157559
"PRKAR2B",-0.783467650673859,-0.607023905510259,-5.82492980518983,1.354037472249e-08,1.62509948502065e-07,8.86452888677368
"NANS",-0.707385589841167,0.0164186994468704,-5.823473131379,1.36478903386061e-08,1.63493020285179e-07,8.85685257355871
"EHD3",0.489250317999925,-0.758607072996624,5.81920602709762,1.3967658152038e-08,1.66943786323038e-07,8.83437496688644
"DNAJB6",0.656948464008257,-0.344366621601629,5.81893462277214,1.39882420803172e-08,1.66943786323038e-07,8.8329457574484
"PBLD",-1.05268922808336,-0.551499951023489,-5.81778804164112,1.40755285929577e-08,1.67672108332154e-07,8.82690848380064
"DPYSL3",-0.827495845754348,-0.105688806948537,-5.81552146141845,1.42496446198858e-08,1.69430132026016e-07,8.81497675052686
"DRG1",0.409814256545569,0.260012202368899,5.81429669802194,1.43446023603928e-08,1.70242167418416e-07,8.80853092428459
"C11orf68",-0.40077477761938,0.00104819023875363,-5.80985279084228,1.4694357895644e-08,1.73778278192892e-07,8.78515229238885
"NEK7",-0.428037668065633,-0.258604953707339,-5.80981976230892,1.46969882888272e-08,1.73778278192892e-07,8.78497858941056
"PRKCB",-0.715256512867311,-0.491014017414702,-5.80649078482655,1.49644783803948e-08,1.76554843236786e-07,8.76747502313798
"CRTC3",-0.493485360414606,-0.21939369900818,-5.80621174514846,1.498711433584e-08,1.76554843236786e-07,8.76600821999333
"MAP1B",-0.996794742688475,-0.526259393443375,-5.80477139011033,1.51044896144339e-08,1.776098824828e-07,8.75843774594771
"SNX17",-0.358440258021699,-0.114228536503846,-5.80069125813665,1.54418719354673e-08,1.81243294683748e-07,8.7370009650996
"CEBPZ",0.592636519483366,0.169856510729887,5.79968834912113,1.55259207815141e-08,1.81895420532051e-07,8.73173361768208
"NCLN",0.422495372163967,-0.0337273165786197,5.7978763172246,1.56789113886202e-08,1.82761844059074e-07,8.72221858192919
"RRP9",0.543328571308711,0.22627219054643,5.79787617072742,1.56789238167016e-08,1.82761844059074e-07,8.72221781276581
"STARD5",-0.833322235702312,-0.191131512217293,-5.79779576638489,1.56857463656026e-08,1.82761844059074e-07,8.7217956631904
"KCNMA1",-0.725370813755488,-0.328180276862753,-5.79664550031387,1.57836675815904e-08,1.8356779145438e-07,8.71575690535457
"EIF4A3",0.335703630918133,0.295736571409135,5.79480303283935,1.59417593755113e-08,1.85069333841163e-07,8.70608620775757
"NDUFA9",-0.495334290144277,-0.125981558970267,-5.7924632103405,1.61447544835093e-08,1.87085766564804e-07,8.69380861576862
"AKR7A2",-0.582647929326612,-0.241692971215812,-5.79192554144721,1.61917559371804e-08,1.87290510251624e-07,8.69098791311738
"SIKE1",-0.335842609941479,0.0477312557613919,-5.78392278232854,1.6907317060964e-08,1.95146666980172e-07,8.64902930395771
"PALD1",0.526638732802954,-0.178919606717183,5.78365192171022,1.69320678945991e-08,1.95146666980172e-07,8.64761000436901
"HDHD2",-0.585074141330393,-0.331232438300374,-5.77658640447097,1.75903368168302e-08,2.02368109144974e-07,8.61060610623137
"NOC2L",0.532750215466204,0.182028975664256,5.767595470058,1.84641706267469e-08,2.12039081747804e-07,8.56357167519545
"MMP9",1.27830889625226,-0.729989806582799,5.76324224709331,1.89023368150479e-08,2.16681185931923e-07,8.54082007227918
"CFHR3",-1.2130158400323,-0.586163628361162,-5.75323784147515,1.99481006349391e-08,2.28259180204456e-07,8.48858640979329
"ISCA2",-0.579999519178891,0.0865247137353491,-5.75185631238696,2.00968751806139e-08,2.29550175363541e-07,8.48137918158148
"PDE3A",-0.732290450821085,-0.347327427241925,-5.74291257254759,2.10865254739056e-08,2.40424044912298e-07,8.43475527311898
"FABP4",-1.62461093735804,-1.53707078488966,-5.73302695057663,2.22357151223814e-08,2.53074939494484e-07,8.3832903547204
"RASAL2",0.439491134116025,-0.220238936404875,5.73011728046988,2.2585439138263e-08,2.56597916188273e-07,8.36815632251505
"PRNP",-0.879294548365063,-0.698879982473585,-5.72472256806862,2.3248094360895e-08,2.6329377000579e-07,8.34011350913197
"CDKAL1",0.52280828548923,0.0148616273921085,5.72440898402956,2.32871907399735e-08,2.6329377000579e-07,8.33848410050025
"KCTD14",1.28000290534429,-0.830534003812205,5.72431829828373,2.32985090138248e-08,2.6329377000579e-07,8.33801290347963
"AGO1",-0.428043603321138,-0.0785798176889389,-5.72249264036368,2.35275092812297e-08,2.65411920071823e-07,8.32852820820473
"NDUFB9",-0.499618214016937,-0.0586426845982991,-5.72092936778858,2.37253403028274e-08,2.67171601117377e-07,8.32040863168742
"NOL10",0.520105553729707,0.199131889416791,5.71574287201446,2.43933732054293e-08,2.74210718163145e-07,8.29348319101446
"GBA2",-0.518797293042098,-0.342484650301886,-5.71369591958984,2.46620420761189e-08,2.76743653174024e-07,8.28286204345656
"CYB5B",0.908752261916534,-0.303689604586429,5.713232396075,2.47232803934612e-08,2.76944114582894e-07,8.28045736344529
"S100P",2.17147568170099,-0.874197732073989,5.709852021658,2.51743825379752e-08,2.81503384422017e-07,8.26292539881278
"TOMM5",0.674181301777688,0.138411501389811,5.70769191805418,2.54668341012503e-08,2.84275761777068e-07,8.25172669716861
"IDO1",1.3775557986205,-0.773581819307749,5.70077134105397,2.6426273123017e-08,2.94470774677947e-07,8.21587150115187
"KPNA2",0.984370876325853,-0.00304993300919337,5.69576096915317,2.71427862749747e-08,3.01928031996017e-07,8.18993525727901
"ANXA7",-0.418449956792625,-0.0113426578974893,-5.69478464230771,2.72845948752344e-08,3.02977631788473e-07,8.18488346895682
"SRI",-0.771858634940217,-0.0995989310579189,-5.69350054819911,2.74722057110367e-08,3.04531308098905e-07,8.17824028857124
"ITPR2",0.810959626013673,-0.362350707131536,5.69041975158962,2.7927463379069e-08,3.08562271449496e-07,8.16230699354901
"LTV1",0.588427027024997,0.0795974562903101,5.69038596314037,2.79324969299622e-08,3.08562271449496e-07,8.16213228534388
"NOL6",0.458146691341069,0.181946785458635,5.68090584538828,2.93802658467186e-08,3.23994814216404e-07,8.11314756874471
"DYNLT3",-0.536172569287471,-0.160244728302373,-5.68007843782827,2.95100395144355e-08,3.24739421337799e-07,8.10887545348036
"MTA2",0.372732411435069,0.156926388409163,5.67982750362472,2.95495072509414e-08,3.24739421337799e-07,8.10757991749504
"CDC123",0.615203617968562,0.129836883761436,5.67744144291116,2.99273739885257e-08,3.28326946592331e-07,8.09526338971284
"HSPA2",-1.06629984967213,-1.10632689306311,-5.67674582913388,3.00384180930013e-08,3.28979930572579e-07,8.09167352434866
"OSTC",1.3230971358018,-0.484374859064862,5.67370375552899,3.05287746897436e-08,3.33417452292549e-07,8.07597849159853
"NDUFA11",-0.513683111500003,0.00444099333555737,-5.67358523675209,3.05480359578921e-08,3.33417452292549e-07,8.07536715514595
"MCAT",0.650926907704059,-0.3967654761752,5.67125194373626,3.09296553959277e-08,3.37006569459042e-07,8.06333383997575
"ENG",0.498819605454438,0.0395054793037293,5.6685644425342,3.1374965928507e-08,3.41276247791341e-07,8.0494788351908
"BPNT1",-0.596967850256637,0.0151266318301375,-5.66659289337208,3.17056121062884e-08,3.44286281120156e-07,8.03931824526525
"NOP2",0.759007201882032,0.183262246258398,5.66117131308582,3.26324637258459e-08,3.53749203547583e-07,8.01139253439914
"MMP8",1.33718179485995,-0.790468452043394,5.65149815971807,3.43521470426538e-08,3.7176009977516e-07,7.96162225299372
"PCCA",-0.721516729295134,-0.0833471633064551,-5.64588108379306,3.53909379043652e-08,3.82353872283201e-07,7.93275343801206
"MRPS36",-0.469299661174643,0.0721444407816057,-5.64314997719811,3.59070092606709e-08,3.87274077921256e-07,7.91872552638521
"SNRPB2",0.344957228500594,0.317018783665201,5.64025568049993,3.64619181376689e-08,3.92134657709132e-07,7.90386551410043
"CNP",-0.398766204032689,-0.02264607952688,-5.64015951009813,3.64804990883672e-08,3.92134657709132e-07,7.90337186000596
"TBC1D4",0.639739604947488,-0.118502721341885,5.63564122061108,3.7363946453671e-08,4.0095596320452e-07,7.88018675875746
"RUVBL2",0.37600431773638,0.221336862309086,5.63527707531638,3.74360473700005e-08,4.01055641707136e-07,7.8783188541299
"DIAPH2",0.562861150634856,-0.145358148893716,5.63451832771553,3.75867154055796e-08,4.01995272805068e-07,7.87442713332862
"ALDH9A1",-0.545939898619675,-0.137964166540766,-5.62988323758462,3.85200358134531e-08,4.11181392256441e-07,7.85066249516565
"AAMDC",-0.791714111365363,-0.260943982100538,-5.62961655058328,3.85744172218651e-08,4.11181392256441e-07,7.84929565072893
"FASN",0.937420402981651,-0.173672040157982,5.61942941739456,4.07086518985095e-08,4.33207903953305e-07,7.79712375201084
"DLST",-0.455445176767277,0.00747308625223133,-5.61545662490422,4.1571768550404e-08,4.4165680897559e-07,7.7767988048891
"FOLR2",-0.884884921964769,-0.62824731849573,-5.61244835431242,4.22371688936368e-08,4.47513161871748e-07,7.76141627618329
"PHACTR4",-0.439448451708362,-0.149079667967769,-5.6123316752065,4.22631850600883e-08,4.47513161871748e-07,7.76081978479622
"NUP205",0.324107130597665,0.138760891181539,5.60851896005508,4.31219542101183e-08,4.55850459654975e-07,7.74133390796796
"NOP58",0.44812833805957,0.299127321708511,5.60307155874032,4.43784687984801e-08,4.67960721158113e-07,7.71351250730687
"SYMPK",0.329675622609983,0.169809184849409,5.60291917282413,4.44141263933934e-08,4.67960721158113e-07,7.71273455080579
"NUDT21",0.381826203556619,0.246582120816505,5.60192383135186,4.46477189303548e-08,4.6964692812243e-07,7.70765358992553
"RANBP2",0.283205651822166,0.289912520202143,5.60065101988641,4.49481735486071e-08,4.71574012991987e-07,7.70115730262423
"PALM",-0.831591720219203,-0.691274116532026,-5.60052244639488,4.49786333456727e-08,4.71574012991987e-07,7.7005011457052
"SSR1",0.687916707320288,-0.0297247840572202,5.59844898595765,4.54726329605731e-08,4.7597174008731e-07,7.68992124709998
"ENOPH1",0.545632684055614,-0.197529374175457,5.59793043649788,4.55970003311641e-08,4.76492384802754e-07,7.68727583762771
"FAM234A",-0.673851810741454,-0.0526596578425446,-5.59359222960209,4.6650522341819e-08,4.86705204497573e-07,7.66515216032882
"ARL6",-0.527610252056122,-0.465053124057252,-5.58879643920434,4.78427573898604e-08,4.98329536597486e-07,7.64071142598471
"AGL",-0.696896150205649,-0.120474215985058,-5.58723813445905,4.82365003895577e-08,5.01612467406068e-07,7.63277358424946
"SH3PXD2A",-0.426869739600064,0.16789882626048,-5.57809360538674,5.06114664243029e-08,5.25454005071828e-07,7.58622919326592
"BUD23",0.58107793540381,0.188284888136832,5.5745224720851,5.15695273283478e-08,5.34384434987673e-07,7.56806973937469
"GRWD1",0.464376103896989,0.145037975287998,5.57426592833913,5.16390284083625e-08,5.34384434987673e-07,7.56676556752367
"AFDN",0.528348782212719,-0.257283622965042,5.57113605291975,5.24943308373897e-08,5.41881375327874e-07,7.55085845792614
"THTPA",-0.490147964809359,-0.139536192662765,-5.57099494732284,5.25332139902825e-08,5.41881375327874e-07,7.55014148463623
"TP53",1.32626328532064,-0.816369948188197,5.56844394739002,5.32410241768437e-08,5.4829667640185e-07,7.53718216116024
"ACAT1",-0.639336289909462,-0.285666874574668,-5.56738027887601,5.35388886771839e-08,5.5047633527185e-07,7.53178007473646
"POLD1",0.508167931919319,0.0644597676473547,5.56255237991375,5.49113875766562e-08,5.6351525274437e-07,7.50727121349154
"SLC1A4",0.907997421013323,-0.337373958708195,5.56230178400094,5.49835555927553e-08,5.6351525274437e-07,7.50599954228652
"AHNAK2",-1.07671165408826,-0.438494124237949,-5.56065160418453,5.54610947771616e-08,5.67498541910539e-07,7.49762674312879
"GPT",-1.15970696819621,-0.718729618607842,-5.55667358712434,5.66289357888643e-08,5.78521208019038e-07,7.4774512573388
"IRGQ",-0.429038156244666,0.0429958928180162,-5.55579149760397,5.68911181341435e-08,5.80271228892183e-07,7.47297914477051
"ABT1",0.510942172755035,0.0983772434458974,5.54768756027038,5.93557929656878e-08,6.04444558350744e-07,7.43192045986271
"SACM1L",0.517950706158417,-0.331290251209252,5.54043410394572,6.16497238241606e-08,6.26804914995646e-07,7.39521288123854
"UACA",0.503377510363438,-0.219330321000223,5.5400940675563,6.17593525427873e-08,6.26921249579805e-07,7.39349303568971
"HLA-DRB5",2.19292107450964,-1.73948244395764,5.53895012839508,6.2129556449984e-08,6.29678123703409e-07,7.38770783087721
"ROR2",-0.652151720503524,-0.174643217618135,-5.53700546052758,6.27638560633645e-08,6.35098606916929e-07,7.37787540186724
"RCC2",0.496560102963503,0.228808206556783,5.53583213872251,6.31496065760975e-08,6.3799088289301e-07,7.37194435849518
"WDR36",0.445292774108658,0.162848898065666,5.52736331059088,6.60031329782467e-08,6.64941086858456e-07,7.32916607397592
"MAN2B1",-0.500387432228781,0.0348156021870276,-5.52729842302545,6.60254736207144e-08,6.64941086858456e-07,7.32883851958877
"PPP2R2D",-0.480028005308435,-0.23397796401505,-5.52276117371481,6.76060201870552e-08,6.79786517943855e-07,7.30594226386263
"NDUFC2",-0.608736708662135,-0.0561002663050227,-5.52191903686834,6.79034015495004e-08,6.81703174360944e-07,7.30169431846283
"AKAP10",-0.510839368578181,-0.123539316822649,-5.51805768078768,6.92833290958765e-08,6.94464766526172e-07,7.28222357674579
"TXNIP",-0.629454465316952,-0.327443432568904,-5.51718034891032,6.96006435122407e-08,6.96551894711061e-07,7.27780124104523
"SNTA1",-0.639658007755988,-0.342337535474283,-5.51550679945526,7.02098609537481e-08,7.00949520334977e-07,7.26936705934913
"SELENOW",-0.908975406728633,-0.388857425916712,-5.5153707255159,7.02596230249625e-08,7.00949520334977e-07,7.26868138139974
"TCIRG1",0.584036050197248,-0.116449921187543,5.51315225539958,7.10757718697859e-08,7.07985652712298e-07,7.25750447046671
"PABPC1",0.347225171310823,0.338900903892098,5.5087819394094,7.27106315219709e-08,7.23142339980973e-07,7.2354972393788
"SLC25A12",-0.494898592287853,-0.190178509115405,-5.50569022709631,7.3889224394903e-08,7.33721147373959e-07,7.21993732472448
"KNG1",-0.762155081564861,-0.418945689543106,-5.50454197934727,7.43316646634689e-08,7.36968445460014e-07,7.21416029301813
"GMPPA",-0.404795992424677,0.055218338827776,-5.50063607594364,7.58560590165063e-08,7.50916181116888e-07,7.19451652174281
"SURF6",0.59866432047003,0.195640028000941,5.49617538267419,7.76341906385931e-08,7.6732864895885e-07,7.17209675558775
"TMOD2",-0.579853676308772,-0.711572305246953,-5.48901936484106,8.05717621936077e-08,7.95132459978647e-07,7.1361617013473
"ZFYVE1",-0.357571786298216,0.00970115408995841,-5.48403896993969,8.26797521079076e-08,8.14676261124985e-07,7.11117486997841
"MT1G",-1.5333781390551,-1.13518850497978,-5.48370074796518,8.28248362769339e-08,8.14848350736861e-07,7.10947868203964
"EXOC5",-0.287354012177066,0.0420727477482762,-5.48233528305112,8.34130901061374e-08,8.19373200504134e-07,7.10263174192563
"APOD",1.30197509970683,-1.49506462848338,5.47791668638116,8.53446454376857e-08,8.37059233670696e-07,7.08048501415153
"PTPN1",0.593009305669859,0.0706611196584605,5.47749917814745,8.55293893922111e-08,8.37584587836301e-07,7.07839316364951
"CAAP1",0.338611570375273,0.145412962234381,5.47583975607181,8.62675228740491e-08,8.43519346938444e-07,7.0700802382298
"PRPF40A",0.350491782098091,0.308220524744588,5.47456200524948,8.68401022713408e-08,8.47819652909038e-07,7.06368073623886
"DCAF13",0.475359626048432,0.121248176558721,5.47298360429149,8.75525122261075e-08,8.53469909257552e-07,7.05577717222638
"ORM1",-1.04041615879653,-0.557702187448399,-5.47260089123454,8.77261037955563e-08,8.53858495022297e-07,7.05386109017564
"NPM1",0.527057766230875,0.279187500966156,5.47052911716523,8.86716488006242e-08,8.61748063305914e-07,7.04349053348375
"ESF1",0.562531997754795,0.280562242629176,5.46631478555371,9.06257298509121e-08,8.79400129328379e-07,7.02240520132315
"APPL2",-0.453020077535187,-0.0792780191716149,-5.46258109866498,9.23918864013701e-08,8.95177837136188e-07,7.00373596737855
"SND1",0.365922234839313,0.272217065202266,5.45689733147087,9.51449271090849e-08,9.20455090290163e-07,6.97533633278044
"NCL",0.554990858302776,0.310915553055283,5.45295035666701,9.71034800812933e-08,9.37981422570435e-07,6.95562929935506
"NAGA",-0.567547270576697,-0.0288364674736328,-5.44858520184449,9.93151995981981e-08,9.57896600354222e-07,6.93384816875187
"PRSS1",-0.707890965310967,-0.157729793583869,-5.44406600254369,1.01656556278882e-07,9.79000168688778e-07,6.91131372702045
"GEMIN2",0.462555207794063,0.0334853078726033,5.44266722121135,1.023920666743e-07,9.84598412221999e-07,6.90434203569016
"CHCHD10",-0.775653214902399,0.0580717338315127,-5.44182248342029,1.02838751719945e-07,9.87406661250904e-07,6.90013248707934
"CHMP3",-0.519522905455595,0.064867340628055,-5.44034637497126,1.03623848403884e-07,9.93450858947142e-07,6.89277796331208
"HNRNPC",0.393285634197579,0.288262513286752,5.43833879332935,1.04700977628134e-07,1.00227247699496e-06,6.88277811507013
"HADHB",-0.557408859684568,-0.00960771384685435,-5.43676554164471,1.05552675601972e-07,1.00891292472843e-06,6.874943836438
"OGFOD1",0.528645781675721,0.157302759930274,5.43540675859667,1.06293686344911e-07,1.01447711107961e-06,6.86817906490727
"ILF3",0.422971233201895,0.291303591526531,5.43389818524175,1.07122309861624e-07,1.02085962457682e-06,6.86067020893804
"ARMT1",0.874488328906068,-0.508461027321563,5.43284328215634,1.07705470608427e-07,1.02488737680299e-06,6.85542051067575
"UTP6",0.505737071694392,0.205462530171045,5.43161233005627,1.08389855386093e-07,1.02986492059554e-06,6.84929578538793
"FERMT1",1.00247585198031,-0.114196879874291,5.42803004944584,1.10405673244379e-07,1.04745947052803e-06,6.83147838717141
"ZC2HC1A",-0.52227131737545,-0.122364724086968,-5.42111273694792,1.14401816359038e-07,1.08376201402442e-06,6.79710114586927
"SERBP1",0.502434664403918,0.0448835307552607,5.41775445902167,1.16392255077075e-07,1.10098451654389e-06,6.78042459376087
"RBKS",-0.904865182657702,-0.357405086423507,-5.41697622833805,1.1685829131038e-07,1.10375767753961e-06,6.7765612853884
"STX3",0.590368810412885,-0.178876680990617,5.41407091014477,1.18614192538393e-07,1.11868776862281e-06,6.76214274704223
"HMGB3",1.15159048995139,-0.0273160360471498,5.40756937752573,1.22636963507907e-07,1.1549218466047e-06,6.72990032578255
"SEPHS2",-0.551044747631029,0.119579702287527,-5.40482106625592,1.24377052677111e-07,1.1695839195042e-06,6.71628063923667
"DLD",-0.569389303934988,-0.0868034898980017,-5.40046886454394,1.27181837895083e-07,1.19420005141192e-06,6.69472447703194
"SMC4",0.769719287575997,0.00673099263617195,5.39446563480336,1.31151705611927e-07,1.22966760694883e-06,6.66501474116543
"CD34",-0.859089887674342,-1.27811545988079,-5.39217481703337,1.32698122927778e-07,1.24234239720508e-06,6.65368487323259
"NAPG",-0.431621034011039,0.0647960580948321,-5.39146186278083,1.33183007917723e-07,1.2450563770932e-06,6.65015958474759
"PPHLN1",0.391692845290323,0.297241695369982,5.38951851863209,1.34513448256631e-07,1.25565550748332e-06,6.64055246740831
"NOL11",0.462322610828753,0.191243333346516,5.38893583280758,1.3491487350647e-07,1.25756418589607e-06,6.63767246680089
"TMEM214",0.59739720038561,0.0467133118749038,5.38772100442618,1.35755542763164e-07,1.26355559845889e-06,6.63166885815979
"S100A13",-0.928455703913796,-0.123269710319732,-5.38536713180691,1.37398948357733e-07,1.2769902260031e-06,6.62003938917084
"MEN1",0.388175341931404,-0.0410800496358948,5.38352738508243,1.38696849145485e-07,1.28717933400279e-06,6.61095295931271
"SERPINA3",-0.787141098434032,-0.504983585696532,-5.38153315919847,1.40117186460081e-07,1.29847349136084e-06,6.60110650236772
"ILKAP",0.361381057517565,0.110414873160147,5.378429365774,1.42355942123929e-07,1.31730824704534e-06,6.58578765758931
"UAP1",-0.66495976723468,-0.106703305796585,-5.37635718022693,1.43869908778239e-07,1.32939126996969e-06,6.57556446200445
"SMC2",0.801620424108986,0.0315719525749393,5.37538881176611,1.44582764106164e-07,1.33404761389864e-06,6.57078811680599
"MTR",-0.471084719362464,-0.0629992358252448,-5.37253202467431,1.46705813841154e-07,1.35168343632867e-06,6.55670160837796
"HNRNPK",0.480227470890096,0.108869121390201,5.37096588302184,1.47882529036059e-07,1.35941890175214e-06,6.54898179834127
"XRCC1",0.605651307892829,0.257232812706693,5.3708483528475,1.4797120387122e-07,1.35941890175214e-06,6.54840254590952
"HNRNPA1",0.657587709549187,0.113505122399621,5.36923724968513,1.49191978068625e-07,1.36761951600007e-06,6.54046322770608
"PRPF38B",0.370009062950696,0.0804484143523922,5.36910553060167,1.49292216546914e-07,1.36761951600007e-06,6.53981422061942
"HNRNPF",0.342195381144558,0.255753385018858,5.36841771334648,1.49816710608252e-07,1.37045801895944e-06,6.53642542013471
"EHHADH",-0.709304110364384,-0.031800421372784,-5.36762832712781,1.50420862233572e-07,1.37401603055988e-06,6.53253664932076
"MORC2",0.521281203183763,-0.000205295713791232,5.36116448585343,1.55457763647435e-07,1.4179968869841e-06,6.50071173634126
"CCDC86",0.504689505112431,0.258715746113071,5.3581192002857,1.57887193455824e-07,1.43810232555697e-06,6.48572933637802
"EBNA1BP2",0.543901960934002,0.259058578479117,5.35451419989585,1.60810837029636e-07,1.46264557611713e-06,6.46800245156422
"CAPRIN1",0.41549115188971,0.387497346135893,5.35400064055678,1.61231587877282e-07,1.46373728943925e-06,6.4654779390641
"SURF4",0.576408877505217,-0.0444308670388888,5.35380840511306,1.61389358146473e-07,1.46373728943925e-06,6.46453301627616
"LAMB1",-0.540073285152651,-0.14999999616969,-5.34906897903505,1.65326837916781e-07,1.49732178737397e-06,6.44124563803867
"ANLN",1.12419436339314,-0.286553098841747,5.34807657247364,1.66163057364614e-07,1.50276362786552e-06,6.43637159818468
"RASIP1",0.410562819809841,-0.633374988623301,5.3470281363433,1.67050950596045e-07,1.50865674618917e-06,6.43122320364967
"NAA16",-0.607347510745409,-0.23500461952636,-5.34491209984524,1.68857024196288e-07,1.52281369984929e-06,6.42083489059348
"CCS",-0.388549381189422,-0.135975051382866,-5.33956701838681,1.73504009661807e-07,1.56251495301924e-06,6.39460953021776
"OGDH",-0.446392006244531,-0.0477688563288496,-5.33779506083533,1.75071774205569e-07,1.57441306803177e-06,6.38592038112196
"UTP15",0.445784704384446,0.220769925282105,5.33442552238805,1.78091062740269e-07,1.59931284894039e-06,6.36940386237296
"BTD",-0.552125049300318,-0.274629701780318,-5.32459129932459,1.87195075598546e-07,1.67870864845045e-06,6.32124945426127
"TOMM34",0.602031410033752,0.231786992564945,5.32286965944046,1.88834695131135e-07,1.6889026873962e-06,6.31282693416778
"FBN1",-0.889502140630114,-0.135450679610342,-5.32284231536736,1.88860848676725e-07,1.6889026873962e-06,6.31269318135608
"TGS1",0.350896412581092,0.0663654470459512,5.32174403832091,1.89914220683759e-07,1.6959472714207e-06,6.30732146613288
"TAF8",-0.635412203018916,-0.141442993795988,-5.31925702172418,1.92320679743603e-07,1.71503846391467e-06,6.29516082017575
"ATP2C1",0.547058881948051,-0.105493128672259,5.31824850041353,1.9330494835215e-07,1.72141156935631e-06,6.29023086512965
"HMGB2",0.692153143580256,-0.0836501803842986,5.31785140524191,1.93693834779106e-07,1.72247233295904e-06,6.28828996055428
"RASA3",-0.397957351276951,-0.165730210684269,-5.31240584924763,1.99104068147895e-07,1.76812166220349e-06,6.26168571613606
"KYNU",1.08037832249997,-0.561844970679161,5.30999353739379,2.01547361571072e-07,1.78733319948791e-06,6.24990771008327
"PTBP3",0.475642758551106,0.0145393670856538,5.30480380283338,2.06902823687755e-07,1.83228090048032e-06,6.22458433293445
"SIRT2",-0.452831466396307,-0.127364169428483,-5.30178466088313,2.10081671295279e-07,1.85785522329689e-06,6.20986198790618
"PCSK1N",-1.15447548081144,-1.16321058195562,-5.30086590643161,2.11058399465101e-07,1.86391131477825e-06,6.20538323561755
"RNASE4",-0.79736604870162,-0.492641412915441,-5.3003898953394,2.11566179202873e-07,1.86581499200324e-06,6.2030630297636
"UBXN4",0.455036715836901,0.11377313895929,5.29314223267344,2.19445607513872e-07,1.93263476410492e-06,6.16775766863624
"MCEE",-0.610892351423986,0.0430450383131185,-5.28885690368519,2.24237708828145e-07,1.97211814169105e-06,6.14690180996644
"SAE1",0.420805939810594,0.248531464469383,5.28831201147664,2.24854269718426e-07,1.97482051190117e-06,6.14425094676932
"ETHE1",-0.680508132900484,-0.165760238181128,-5.28349575933814,2.30376022741519e-07,2.02053695769862e-06,6.12083022713528
"MLKL",0.638279693484998,0.0465350534422533,5.28308378131356,2.30854412091011e-07,2.02195531028958e-06,6.11882767483065
"CEP44",-0.634910300978147,-0.10715755982486,-5.27931741451215,2.35272854632527e-07,2.05641641103336e-06,6.1005261397072
"SAR1B",-0.476966666795219,-0.0422318997667132,-5.27918210482852,2.35433108295284e-07,2.05641641103336e-06,6.0998688476148
"CSPG4",-0.557993000455211,-0.685921469826753,-5.27225846994954,2.43776010995267e-07,2.12637954946008e-06,6.06625497352114
"CNN2",0.660727154351395,0.370002258999125,5.27049025413796,2.45952261935111e-07,2.1424354603761e-06,6.0576763503901
"NDRG2",-0.617531530986166,-0.722644178849058,-5.26404181229255,2.54049640820713e-07,2.20995498179871e-06,6.0264118710237
"RDH14",-0.369892858282679,0.0107845674822776,-5.2615163018017,2.57290942703918e-07,2.23510567233267e-06,6.01417605289673
"SEC63",0.61362153901021,-0.100477833381702,5.26043729890324,2.58687963059522e-07,2.24281711933839e-06,6.00894991585895
"SAFB",0.321763512784388,0.261522180081482,5.26028852524333,2.58881161621362e-07,2.24281711933839e-06,6.00822940353215
"TRPV2",0.573752900933541,-0.300066134318223,5.25722681330392,2.62888352762692e-07,2.2744473338615e-06,5.99340532496467
"TRIOBP",-0.366100594143971,-0.239482917535692,-5.24453297511865,2.80153684868842e-07,2.42054300120102e-06,5.93202261459867
"RBM8A",0.371705415218774,0.260272574905851,5.23616715464833,2.92128430442277e-07,2.52059463293776e-06,5.89163720717673
"LIPE",-1.01675518914928,-0.326473439868074,-5.23214976444287,2.98053912088805e-07,2.56825132076521e-06,5.87226292788567
"ECHS1",-0.610802719478581,0.102180260486469,-5.23156073150367,2.98932452327855e-07,2.57235001093444e-06,5.86942331357029
"CCDC61",-0.548230390546937,-0.00977480406590595,-5.22798028754555,3.0432695607028e-07,2.61524577995792e-06,5.85216850496089
"VRK1",0.634075365493099,0.146723633004877,5.22673034916438,3.06232327373042e-07,2.62808254069472e-06,5.84614718026565
"URB1",0.44253104711742,0.0403527446879917,5.22534392567823,3.08359287693205e-07,2.64278396231022e-06,5.83946979220284
"XPO4",0.353078608816174,-0.0356316284898976,5.22268590888438,3.12477181731186e-07,2.67448633425419e-06,5.82667226367798
"CUL4A",0.395708864023577,0.116687995685893,5.22229593955991,3.13085804842065e-07,2.67610825156169e-06,5.82479514588014
"TBP",0.425670585066064,0.135662862070982,5.2174338739309,3.2077120276326e-07,2.73813386315965e-06,5.80140155489668
"TPX2",0.999787388586585,-0.187364123341767,5.21541626764529,3.24013840057529e-07,2.76212065255985e-06,5.79169936023887
"HLA-C",1.54176941359218,-0.920256976111157,5.20748678100468,3.37068616062377e-07,2.86957748474437e-06,5.75359913098644
"NEK6",-0.412423888185311,0.261705762133027,-5.20240958416942,3.45693823935054e-07,2.93682180978606e-06,5.72922961778339
"ISOC2",-0.495390517299829,-0.0442191999593882,-5.20210896884993,3.46211168828757e-07,2.93682180978606e-06,5.7277873573608
"C7orf25",-0.342456426586929,-0.0658208635604087,-5.202030001561,3.4634719228957e-07,2.93682180978606e-06,5.72740850816467
"NUP210",0.666659442614495,-0.0185203998206848,5.20166847434203,3.46970595441345e-07,2.93820590436736e-06,5.7256741269955
"RBM39",0.293446804585239,0.259400373197963,5.20127994126554,3.47641779346548e-07,2.93999041208968e-06,5.7238103025927
"DGKQ",-0.421294669532784,-0.0358918198382722,-5.19758793999112,3.54082782956051e-07,2.99050075287617e-06,5.70610536756257
"SERPINA6",-0.645615686260496,-0.616359334128993,-5.19241752318486,3.63297826841856e-07,3.0642755936397e-06,5.68132863948177
"CAB39",-0.395222301427594,-0.0173140663180058,-5.18468430395722,3.77515799006316e-07,3.17999785838434e-06,5.64430997392142
"HNRNPU",0.496345436690873,0.119633467097342,5.18277715390569,3.81104276214124e-07,3.20599578870512e-06,5.6351877089533
"MRTO4",0.506242608073916,0.364093861673782,5.18034957546213,3.85719844245695e-07,3.24055421777469e-06,5.62358025714196
"FYCO1",-0.528035381563154,-0.160651017829286,-5.17852357700542,3.89227287169327e-07,3.26572434766906e-06,5.61485229957491
"MED27",0.326303729013302,0.101810221762397,5.17726996953191,3.91653138667741e-07,3.28176547295739e-06,5.60886178500169
"TGM2",0.683321131389723,-0.39294771670564,5.17162317580173,4.02763122953327e-07,3.36758988337453e-06,5.58189317313543
"TMEM263",-0.450597445383186,0.308224314229801,-5.17152926078658,4.02950457462512e-07,3.36758988337453e-06,5.5814448542968
"GBP5",1.20132197450822,-0.407815481272127,5.17049321729235,4.05022691003784e-07,3.38048350595968e-06,5.5764995886062
"PKIB",-1.1541253373124,-0.614805411946007,-5.16841191984287,4.09216843181635e-07,3.41089339612137e-06,5.56656763815163
"NOSTRIN",0.932447171367041,-0.882878167720294,5.16815643868898,4.09734570841831e-07,3.41089339612137e-06,5.5653487163613
"NAP1L1",0.458283766529118,0.305634174664784,5.16781434821706,4.10428804880449e-07,3.41222385307508e-06,5.56371665451155
"SRSF6",0.403159481476252,0.294666935731921,5.16670195047184,4.12694180805866e-07,3.42659602658707e-06,5.55841020796933
"GNL3",0.483277681158487,0.373119180919917,5.16603920768953,4.1404959920303e-07,3.43338531287188e-06,5.55524920214888
"NOP56",0.459418884669257,0.277044051854281,5.16575851765533,4.14624956378989e-07,3.43369694744467e-06,5.55391053200132
"SEC61A1",0.669938343822019,-0.0517433131205318,5.1644395118048,4.17339040986836e-07,3.45169660194423e-06,5.54762074195334
"ACADVL",-0.540587891264452,-0.0335359610689433,-5.16225706814786,4.21867657303813e-07,3.48463776440472e-06,5.53721657487347
"PML",0.534227533724337,0.220251253934306,5.15924956317253,4.28186401475125e-07,3.53226120596728e-06,5.52288529334058
"SLC7A1",0.940083234203657,-0.156911014784184,5.15849222046892,4.29791972042885e-07,3.54093127934686e-06,5.51927754359099
"RBSN",-0.430263794154015,-0.18637440298756,-5.1472282499718,4.54371557742079e-07,3.73861133528759e-06,5.46567260056879
"BLVRA",-0.598453630937298,-0.0642922196822584,-5.14452754915176,4.60464285135611e-07,3.7838667446472e-06,5.45283485370782
"SRPRA",0.447841618839047,0.227499391939575,5.14062096118473,4.69417743366198e-07,3.85248366502978e-06,5.4342750849103
"S100A12",1.68028205076209,-1.30492064569887,5.13879957764091,4.73649584209934e-07,3.8779724585745e-06,5.42562599489347
"CSTF1",0.303665625737103,0.251928017242193,5.13876159876946,4.73738217335648e-07,3.8779724585745e-06,5.42544567477698
"SLC9A3R2",0.464329012279397,-0.375314923300287,5.13754536408611,4.76585115484715e-07,3.89628164195891e-06,5.41967170666136
"DDX27",0.576144760526748,0.33207772635434,5.13617883734416,4.79803584634088e-07,3.91757786175019e-06,5.41318562843284
"RPL37",1.04072955990205,-0.145142860930548,5.13541105519601,4.81621108275914e-07,3.92739562751177e-06,5.40954207432023
"USP39",0.339023627334446,0.143419882003185,5.13398365367209,4.85017852184581e-07,3.95004972729407e-06,5.4027694915397
"TBL3",0.382102388612269,0.17958760630198,5.13192542041739,4.89956659346701e-07,3.98059362148015e-06,5.39300662855579
"FH",-0.473538547361554,0.0491053111327938,-5.13183851384206,4.90166263346625e-07,3.98059362148015e-06,5.39259447605509
"HSPA12A",-0.612289673703013,-0.505040023382628,-5.13164282247144,4.90638556007029e-07,3.98059362148015e-06,5.39166643584698
"PI16",-0.677461612688931,-0.842061207308119,-5.12820610423492,4.99005140784827e-07,4.04333480191767e-06,5.37537317194436
"PRRC2C",0.268158062665821,0.171570245684339,5.12491496179788,5.0714678151983e-07,4.10100599588585e-06,5.35977879101676
"ZFYVE21",-0.458715200291375,-0.282442307997955,-5.12481055291155,5.07407163155806e-07,4.10100599588585e-06,5.35928421124065
"CTSL",-0.556054565056443,-0.14754697714026,-5.12120621815551,5.16475713273763e-07,4.16902329867633e-06,5.34221591914931
"RIF1",0.533944922309783,-0.010715153037303,5.11497065184242,5.32536515708306e-07,4.29005315596024e-06,5.3127116292521
"BRIX1",0.561606682971584,0.183413096177264,5.11486484150888,5.32813179745728e-07,4.29005315596024e-06,5.31221124008111
"OSBPL8",0.496710327547631,0.0711768277504798,5.10965072884809,5.46620420250033e-07,4.39568184294265e-06,5.28756404051985
"HPR",-0.957709657826558,-0.975130831533326,-5.09931009665351,5.75035328549739e-07,4.61836550036488e-06,5.23874713749212
"DNAJA1",0.35958162683374,0.220531386287119,5.09863306038158,5.76944825467943e-07,4.62788028971459e-06,5.23555387285558
"LAMP1",0.546260676228521,0.100725447033106,5.09479992198903,5.87872058188001e-07,4.70961492036435e-06,5.21748157041323
"AGO3",-0.332802447794472,-0.0103486981777179,-5.09350961981914,5.9159524052096e-07,4.73350327158688e-06,5.21140072420785
"NXN",-0.625128021634961,-0.248633260774935,-5.09106832634601,5.98702188472143e-07,4.7843723071272e-06,5.1998991643997
"WDR74",0.453285056650799,0.137326899097312,5.08862593570337,6.05895024549866e-07,4.83579966468862e-06,5.1883971474547
"SOD1",-0.734628410158634,-0.412225303049439,-5.08619676338886,6.13131893470095e-07,4.88744961274226e-06,5.17696205575796
"EXOSC6",0.297224511615202,0.17423915633659,5.0768271969879,6.41837253193198e-07,5.10988885491094e-06,5.13289943512983
"PLK1",0.773646420108913,-0.228616654127897,5.0747408769147,6.48403956481775e-07,5.15574005247339e-06,5.12309746911195
"IGF2BP1",1.48023502520023,-0.388603599469382,5.07086825562875,6.60765876563768e-07,5.24750015156674e-06,5.10491221825572
"ANKRD13A",-0.335099434046318,-0.129307474413602,-5.06987744683355,6.63965139979612e-07,5.26635704195009e-06,5.10026143510602
"PLBD1",0.917020961295654,-0.190317646954452,5.06961165346176,6.64825918737213e-07,5.2666420485572e-06,5.0990139528828
"AP2A2",-0.325979360317766,-0.0177150532787558,-5.06514771841685,6.79444935054716e-07,5.37578179718013e-06,5.07807115006287
"SULT1A1",-0.867829098082078,-0.694820017683243,-5.06394367717969,6.83441052632806e-07,5.40070683299563e-06,5.07242502473335
"ICAM1",0.858805525949737,-0.145660828037483,5.06123005779374,6.92530930058065e-07,5.46577254440142e-06,5.05970422625769
"CTSZ",-0.65674981613785,-0.16416252594797,-5.0604948075507,6.95013895092424e-07,5.47859718538905e-06,5.05625855339602
"UBR5",0.33852695916246,0.204827477420349,5.05943536776256,6.98606818009252e-07,5.50012889394461e-06,5.05129435355819
"KIF2C",0.968936641124951,-0.247195551636128,5.05905324348757,6.99907138448173e-07,5.50358014654136e-06,5.04950405826667
"COX19",-0.400788338356271,0.0785699351805328,-5.05758700361026,7.0491834055228e-07,5.5333107149334e-06,5.04263563295392
"AKR1B1",-0.641781568010671,-0.208246335611368,-5.0574404025738,7.05421287698636e-07,5.5333107149334e-06,5.04194899161907
"GALM",-0.697625355366048,-0.0111242629720803,-5.0519592097841,7.24476992837422e-07,5.67581055124778e-06,5.01628872718195
"ACSL4",0.555500442550625,0.131668496417264,5.05163369192652,7.25624211644793e-07,5.67783160704902e-06,5.01476556096997
"ABCE1",0.352730649461049,0.282925040049275,5.04525751238895,7.48453454210318e-07,5.84929657911001e-06,4.98494702572179
"FANCI",0.784888494765696,-0.12867897101108,5.04372465170451,7.54044470089652e-07,5.88578721457509e-06,4.97778333140345
"ACADM",-0.629212516227416,-0.08247350923101,-5.03660505686339,7.80546934109348e-07,6.07487205561707e-06,4.94453495273205
"UBA2",0.381858843799174,0.198494050728474,5.03652410286062,7.80853404463672e-07,6.07487205561707e-06,4.94415713036859
"ACE",0.538922755454305,-0.866331008856285,5.03645293116686,7.81122937770026e-07,6.07487205561707e-06,4.94382496755187
"FRG1",0.32901455866292,0.113502838228085,5.03463781185936,7.88027454357668e-07,6.12013469813215e-06,4.9353550497293
"RBM22",0.283537283108409,0.249441576667496,5.03441999546962,7.88859961873573e-07,6.12013469813215e-06,4.93433882572929
"CPPED1",-0.626557833914556,-0.171645296427587,-5.03191037631031,7.98513475959059e-07,6.18751036893033e-06,4.92263289674606
"ENO3",0.928141466789853,-0.539529541988411,5.03102488023841,8.01946831719913e-07,6.20658244912927e-06,4.91850376114467
"ACO1",-0.522413540907395,0.141192707560789,-5.02622893675163,8.20791866239166e-07,6.34474099992382e-06,4.89615073527239
"APOH",-0.732260782672396,-0.179354255801031,-5.02578559563995,8.22555392303086e-07,6.35068461893011e-06,4.89408532532956
"MIPEP",0.512277781870549,0.194415713837011,5.02462441061585,8.27191755934821e-07,6.37876734498047e-06,4.88867640928563
"LZIC",-0.42165260400753,0.000227295831388309,-5.02276152756958,8.34682711653e-07,6.42876853305718e-06,4.88000115251355
"TBXAS1",0.579293744983491,-0.0360367240486631,5.02242483372586,8.36043596832575e-07,6.43149200695903e-06,4.87843349790173
"AKAP12",-0.732672030787487,-0.603388233501023,-5.01858695192867,8.51708435988252e-07,6.54411355449457e-06,4.86057059732733
"ACSL3",0.640146096963868,-0.161884475752906,5.01325329976277,8.73950731482651e-07,6.70694161119799e-06,4.83576528841037
"EMILIN1",-0.618705621294848,0.00192091739408155,-5.01113286165602,8.82948544822244e-07,6.76785889398563e-06,4.82591001734794
"SNCG",-1.25077864042936,-1.52683435735037,-5.0049373077349,9.09754981190096e-07,6.96497068932705e-06,4.79713512043173
"PLEKHO1",-0.501945411168232,-0.232833654677881,-5.00225064063636,9.21622592291827e-07,7.04737754704589e-06,4.78466654779735
"CWF19L1",0.364571946045913,0.178576656082004,4.99690177587509,9.45697102987958e-07,7.22281818490205e-06,4.75986007986257
"BPI",1.4824168456181,-0.92032558652102,4.99385957953435,9.59659762019765e-07,7.32070200776129e-06,4.74576143383346
"CDK1",0.967802372416295,-0.0515468276163302,4.98891136139595,9.82797275014407e-07,7.48825847370762e-06,4.72284534587695
"BUD31",0.350783647192248,0.302513614047166,4.98763747847504,9.88840623799966e-07,7.51851162688024e-06,4.71694892475735
"NCAPG",0.73419228792409,-0.0546612949348184,4.9875781597633,9.89122907843289e-07,7.51851162688024e-06,4.71667438780378
"GBP1",1.04504046933848,-0.379496788923278,4.98649607478382,9.94285996642176e-07,7.54877061659964e-06,4.71166680940085
"FUS",0.516771033176275,0.231639619452185,4.9855985169709,9.98588391789084e-07,7.57243097574026e-06,4.70751387826585
"HMGB1",0.467281926762136,0.034688230744614,4.98442351980828,1.00424789309387e-06,7.60631411317243e-06,4.70207822774554
"APP",0.617960883095085,-0.174086015083387,4.98333245253091,1.00953089888761e-06,7.63726870781678e-06,4.69703183111277
"HACD3",0.653812680336842,-0.0638210186526378,4.98308475746291,1.01073398902756e-06,7.63732132537396e-06,4.69588632591051
"AKT1S1",-0.551133901293645,-0.0072044607474277,-4.98064632365531,1.02265204897985e-06,7.71824271009024e-06,4.68461201419977
"GAMT",-0.70513605271313,-0.153563039615321,-4.97889086550282,1.03131600730322e-06,7.77444239271674e-06,4.67649843741775
"SLC27A2",1.05391907915241,-0.87702310341404,4.97384381580201,1.05662259006202e-06,7.95581985559671e-06,4.65318510883329
"HSPH1",0.783620426036605,0.235637782459332,4.97217932866362,1.06509942562674e-06,8.01020003842958e-06,4.64550097035299
"TMEM179B",0.733696758306368,-0.328918714996051,4.96618437186247,1.09617853106972e-06,8.22750209221662e-06,4.61784346789314
"CREB1",-0.317995373560941,0.0496922527406505,-4.96610976899897,1.09657075653506e-06,8.22750209221662e-06,4.61749947131645
"GRHPR",-0.38931628014348,-0.140382283542924,-4.96128422750655,1.12223134128265e-06,8.41014919494099e-06,4.59525816793822
"MIER1",-0.367949461843626,-0.125518636099197,-4.95929380763494,1.13298395522517e-06,8.48077673401258e-06,4.58608958663682
"ZNF703",0.895185549501107,-0.598127698568715,4.95844244271096,1.13761353119776e-06,8.50545948091063e-06,4.5821688643294
"GTF2F1",0.382249641643318,0.209252969186043,4.95047894040472,1.18181243471826e-06,8.82558174932878e-06,4.54552325730501
"HK3",0.834454309766533,-0.233578845435706,4.94900885079897,1.19015118921526e-06,8.87747119525634e-06,4.53876390059574
"DNAJC5",0.690391211250883,-0.114384028255749,4.9468807721707,1.2023230510906e-06,8.95779776104256e-06,4.52898222570482
"GSKIP",-0.500200334949673,0.152955975191422,-4.94566259592966,1.20934464305826e-06,8.99961019338813e-06,4.52338453188842
"LBH",-0.453644458430781,-0.197586696825247,-4.94043246008292,1.2399441743952e-06,9.21658155240203e-06,4.49936481002542
"SEC62",0.61890563753069,0.0174036093751718,4.93942949436561,1.24589703306895e-06,9.25006111179682e-06,4.49476113090943
"DENND3",0.447742816040213,-0.398329555038996,4.93770831533022,1.25617709208419e-06,9.31555253537466e-06,4.48686268268199
"CYBA",0.72842496340714,-0.15576492945443,4.93451973923372,1.27543843276177e-06,9.44741808954046e-06,4.47223665569224
"COL4A1",-0.523778701433404,-0.504556337740563,-4.93192036023317,1.29135144671168e-06,9.54968180661984e-06,4.46031930826585
"NOM1",0.606017199485076,0.13584460387268,4.93177682388367,1.29223572136563e-06,9.54968180661984e-06,4.45966139632251
"U2AF1",0.455045351271277,0.189107667872748,4.92950982937852,1.30627967542036e-06,9.64230719949019e-06,4.44927261024755
"MMS19",0.315270442828808,0.013198285059223,4.92881575313002,1.3106088617676e-06,9.66309189651974e-06,4.44609274264247
"KIF21A",-0.463713064892012,-0.114973761146086,-4.92697932577592,1.3221302419764e-06,9.73679538064509e-06,4.43768112647718
"PAPSS1",0.419302755446696,0.00453610852020093,4.91874789956117,1.37498598857488e-06,1.01140289235986e-05,4.40001093189878
"SSB",0.345387447463721,0.283281430264742,4.91851333292394,1.37652171254615e-06,1.01140289235986e-05,4.39893826059704
"HSPA14",0.463160669084745,0.23908355868593,4.91461186748203,1.40230916925576e-06,1.02916598226414e-05,4.38110336567052
"ATP6V0A2",0.387361042516807,-0.0289242067175264,4.91093830312623,1.42701643288841e-06,1.04577916144837e-05,4.36432144998068
"ECI2",-0.649580180270849,-0.179796867610378,-4.91076070443935,1.42822150161782e-06,1.04577916144837e-05,4.36351040181939
"RPL13A",0.43020479162433,0.113672000041128,4.90915647155731,1.43915141309434e-06,1.05207089929674e-05,4.35618542470752
"PRPF3",0.344142638756738,0.201572219294666,4.90901639878684,1.44010957867714e-06,1.05207089929674e-05,4.35554594618927
"RDH10",0.970512810908022,-0.541176587826241,4.90638668107924,1.45821291479707e-06,1.06407879554049e-05,4.34354334001037
"SFSWAP",0.434636313231833,0.198201412462949,4.90514861150096,1.46681187038966e-06,1.06913171146552e-05,4.33789444302748
"TOM1L2",-0.422566231844706,-0.403390643207307,-4.89844884006724,1.51420115597761e-06,1.10171234957468e-05,4.30734699318284
"SQOR",-0.61270328037435,-0.135910796827097,-4.89834288935145,1.51496232251616e-06,1.10171234957468e-05,4.30686420312944
"STAT1",0.827367392348139,0.014094031268604,4.89715028202828,1.52355573079749e-06,1.10670117646666e-05,4.30143042193477
"POLA2",0.482133646644334,0.171538078415518,4.89494695003481,1.53955596658461e-06,1.11705282348213e-05,4.29139456444156
"RBMX2",0.347391276413314,0.132175512883047,4.89167392713148,1.5636240576999e-06,1.13322810538182e-05,4.27649362611769
"SGCB",-0.660073007340735,-0.438567891775274,-4.88832330357726,1.5886389967116e-06,1.15005215351515e-05,4.26124832357385
"TMEM165",0.592546181970493,0.234728272553905,4.88507248297623,1.61327791861932e-06,1.16656619596652e-05,4.24646575570017
"STX11",0.547647550607768,-0.585211998683462,4.88303562861883,1.62890342696654e-06,1.17653262230558e-05,4.23720783149092
"UBE2F",-0.303748715821806,0.0995380517135752,-4.88273589073389,1.63121513263976e-06,1.17687103072371e-05,4.23584574266453
"TOE1",0.485851328563267,0.108744141342091,4.88237009804853,1.63404057294398e-06,1.17757890047938e-05,4.23418358119593
"KRT16",1.42681392413077,-1.12429642914674,4.8820146692865,1.63679048680008e-06,1.17823080701449e-05,4.23256861654802
"WDR46",0.436097945484814,0.174677033407906,4.87818724186204,1.66668744235988e-06,1.1984008242644e-05,4.21518434647758
"PPP1R10",0.355584956958593,0.23746013423092,4.87750257951364,1.67209080730354e-06,1.20093361131981e-05,4.21207583678533
"MYADM",-0.541076711096607,-0.582350223349306,-4.87722547812088,1.67428249980292e-06,1.2011566023867e-05,4.21081784603752
"SUPT16H",0.470539379390138,0.19363075004736,4.87623810052492,1.68211458858418e-06,1.20542106039394e-05,4.20633583111227
"STAMBPL1",0.512872380999155,0.105375822125643,4.87198224262778,1.71627964818721e-06,1.22852528628647e-05,4.18702615077343
"NDUFA3",-0.523745522026433,0.0967803168576365,-4.86962208758461,1.73551420400238e-06,1.24090237318647e-05,4.17632394392117
"RPS24",0.403537204764636,0.255473491572063,4.86661641230707,1.76031098424693e-06,1.25722434389448e-05,4.16270110080521
"BID",0.37969457659904,0.0711654437366613,4.86589125128045,1.76634456861551e-06,1.26012403023576e-05,4.1594154904088
"CFH",-0.592784070453378,-0.218917754161127,-4.86541765562965,1.77029581539638e-06,1.26153334612789e-05,4.15726991885879
"NCAPD2",0.773046425545024,-0.0835485745328349,4.864572037743,1.77737210179364e-06,1.26516397658332e-05,4.15343939226223
"TECR",0.616135347294197,-0.120901749810577,4.86180238880513,1.80074071524812e-06,1.28037076468365e-05,4.14089731987117
"MUSTN1",-1.15759371977885,-1.61390027282713,-4.85854484180245,1.82860555783414e-06,1.29873709530267e-05,4.12615376701633
"PGAM5",0.556288579443889,0.11814137417637,4.85820058700697,1.83157448967766e-06,1.29940034628798e-05,4.12459618091329
"CDKN2A",0.826161736010058,-0.305149424473821,4.85457329728288,1.86314119061247e-06,1.32032813563381e-05,4.10819026347705
"XPOT",0.445407343310522,0.137821197765438,4.85320641758471,1.87517222929833e-06,1.3273807853736e-05,4.10201073875362
"POLD3",0.526608571784435,0.152284058809633,4.85266257029065,1.87997990105557e-06,1.32931026226354e-05,4.0995524794653
"STT3A",0.634939880446107,-0.0651887326739998,4.85222828210202,1.88382759880553e-06,1.33055743566077e-05,4.09758961274194
"ARG1",1.02304479077127,-0.66057495190226,4.85117722627532,1.89317120406428e-06,1.33567935225972e-05,4.09283975085017
"ATF2",0.321974884076334,0.260542280409623,4.84845868810676,1.91754620209722e-06,1.35138327818882e-05,4.08055844890066
"CYP51A1",0.690558884064017,-0.324300673170143,4.84788331753166,1.92274379484567e-06,1.3535522745413e-05,4.07795991256539
"IMP4",0.412229954329559,0.149911831155443,4.84474603424816,1.95132440371694e-06,1.37215928609391e-05,4.06379575560322
"COX8A",-0.442469443434154,0.0342687471467745,-4.84005798933707,1.99479780762152e-06,1.40118635881886e-05,4.04264505802691
"PQBP1",0.3225403163273,0.179386789839764,4.83907809184792,2.004002004685e-06,1.40610470328722e-05,4.03822637191004
"HEXA",-0.508740563608448,0.0667601443152939,-4.83874112249702,2.00717662359979e-06,1.40678625045935e-05,4.03670704345591
"PSMD9",-0.312933451433473,-0.00269481581725271,-4.83413303390256,2.05107978314408e-06,1.43598074729989e-05,4.01593928623758
"CPSF4",-0.521096373510064,0.11850342298159,-4.83098880006789,2.08156646278324e-06,1.45572857227502e-05,4.00177868790499
"MED16",0.315483788495394,0.0620869311927958,4.82749326998002,2.1159725377336e-06,1.47817118746488e-05,3.98604534917751
"TK1",0.888725946625239,-0.0545095908854354,4.82479855560662,2.14287014857486e-06,1.49532523482519e-05,3.97392321762559
"RPN2",0.496196527162493,-0.0339837045109389,4.82426328800185,2.14825211395528e-06,1.49744429559001e-05,3.97151602371778
"GIMAP8",0.505585120393514,-0.61493719934442,4.82183396657255,2.17284259192801e-06,1.51287764944378e-05,3.96059384517561
"APOBR",-0.541311981491957,-0.224443938453355,-4.82160916000451,2.17513184367954e-06,1.51287764944378e-05,3.95958336091178
"RMND1",0.852067421137535,-0.429277640250245,4.82124680059858,2.17882672303528e-06,1.51379854478567e-05,3.95795467573221
"TNPO3",0.397742205931693,-0.00864569363560501,4.82052674890609,2.18618687079498e-06,1.51726121413325e-05,3.95471859786973
"SUOX",-0.619388529190218,-0.134098440869095,-4.82027914430637,2.18872334659027e-06,1.51737226579575e-05,3.95360590281389
"DYNC1LI2",-0.324637681439125,-0.0388167378202907,-4.8185340372469,2.20668101032579e-06,1.52816250010089e-05,3.94576508088768
"PNN",0.280722153509695,0.275049851156228,4.81695556642332,2.22304629256269e-06,1.53782779826791e-05,3.93867508399533
"GLTP",-0.474922733103392,-0.150739999546222,-4.81606096852251,2.2323732260616e-06,1.542608555022e-05,3.93465772567776
"SELENOM",-0.529842224078276,-0.126101299241047,-4.81148542437186,2.2806704348323e-06,1.572922668112e-05,3.91412052565621
"SLC2A1",1.02631055698215,-0.813327355731862,4.81143868312077,2.2811689752102e-06,1.572922668112e-05,3.91391081635433
"IPO5",0.398120074806527,0.148264252891595,4.81104893461819,2.28533011221161e-06,1.57409199206808e-05,3.91216223957279
"MCM5",0.855472260071944,-0.109140850473583,4.80917186432427,2.30547334406702e-06,1.58625509718405e-05,3.90374263073462
"IPO8",0.440901886043968,-0.176945464487003,4.80632896399601,2.33630753802501e-06,1.6051420503173e-05,3.89099622100705
"IGFBP7",0.62762645073244,0.297538175757726,4.80599011966049,2.34000907530504e-06,1.6051420503173e-05,3.88947741744737
"SMPD4",0.405465471367816,0.0350744694567578,4.80594836977847,2.34046554243603e-06,1.6051420503173e-05,3.88929028819209
"ABCC1",0.467215680462639,-0.00935821241491946,4.80498896058605,2.35097881684119e-06,1.61062229029302e-05,3.88499046093494
"ILF2",0.266575938339997,0.249245308059081,4.80371603601293,2.36499794019779e-06,1.61849001588026e-05,3.87928668904941
"EEF2K",-0.440388540965665,-0.082324251775561,-4.8024606299705,2.3789030759111e-06,1.62626296998848e-05,3.87366270107867
"ATAD2",0.716806900745188,-0.0732678523193933,4.80031700769266,2.40282873367946e-06,1.6398128828915e-05,3.86406262073984
"COMMD9",-0.346815947315571,0.0389020915860021,-4.80022504001215,2.40386038901557e-06,1.6398128828915e-05,3.86365083247903
"TRIM28",0.451787783691505,0.365636294608916,4.7928505458997,2.48798950314547e-06,1.69539092610286e-05,3.83065361970366
"SNRPG",0.291782227421484,0.274730652632837,4.78902558194823,2.53273623611239e-06,1.72349658178557e-05,3.81355617105633
"GLS",0.868765025156553,-0.309676493773979,4.78886487343363,2.534633187622e-06,1.72349658178557e-05,3.81283806973868
"SLC5A6",0.746736568949702,-0.0251782740383819,4.78737268449539,2.55231204150212e-06,1.7336715303182e-05,3.80617145336405
"SSRP1",0.496867724603776,0.243300124482104,4.78283533794588,2.60680214118679e-06,1.76880251556617e-05,3.78591116244649
"CBFB",0.422512738225457,0.218027347328882,4.77729415437104,2.67486987858898e-06,1.81181452421645e-05,3.76119118053614
"GPC1",-0.63377870523786,-0.0375232037325806,-4.77721399423317,2.67586702636822e-06,1.81181452421645e-05,3.76083375811543
"ORC2",0.378723005030472,0.0673946958021768,4.77569479223296,2.69483295205138e-06,1.8227233473356e-05,3.75406084373226
"SERPINB9",0.570242447089346,-0.112831175914764,4.77445711287395,2.71038004224127e-06,1.83091794911644e-05,3.74854440102848
"CFI",-0.587217505682602,-0.20249323119622,-4.77427432494553,2.71268344536281e-06,1.83091794911644e-05,3.74772980507833
"TRAF6",-0.33685992597527,-0.0433563400530044,-4.7733675850421,2.72413766057948e-06,1.83670738783527e-05,3.74368931236025
"TAF7",-0.328668830423104,0.133933208139145,-4.77080148703098,2.75680663790474e-06,1.85522955409332e-05,3.7322582313296
"ARPC5L",-0.338504870454623,0.225043285356575,-4.77075356763976,2.7574202769531e-06,1.85522955409332e-05,3.73204481787707
"COPS4",-0.223467090595353,0.0109879375912276,-4.77010246780531,2.7657710946316e-06,1.85888930939187e-05,3.72914526933513
"SBNO1",0.339982416830701,0.15389258437188,4.76835134883715,2.78835156861097e-06,1.8720951383366e-05,3.72134870556498
"PUS1",0.467811359760619,0.19250671514703,4.76377613195609,2.84819029274436e-06,1.91026208184588e-05,3.70099008421642
"NAA10",0.32384421310454,0.214378464306518,4.76101138326438,2.88494806325465e-06,1.93288493010293e-05,3.68869586427784
"ITGB2",0.686569434582726,-0.0141635080229738,4.75968491712329,2.90274553569788e-06,1.94277046597809e-05,3.6827995726022
"PLOD3",0.529050435856415,0.130775316578552,4.75886069881119,2.91385749855373e-06,1.94816545845713e-05,3.67913655019518
"FASTKD5",0.579642538542419,0.15092206215909,4.756462834659,2.94641869538598e-06,1.96787482950204e-05,3.66848301392577
"PDS5B",0.371191704187609,0.0193707213613888,4.75001530604602,3.03571982786114e-06,2.02539927909022e-05,3.63986031852624
"FMR1",0.556289915026788,0.0652251321989685,4.74687192689148,3.08019728362045e-06,2.0529289828723e-05,3.62591809826419
"TRPM4",-0.575731312522204,-0.313510807331088,-4.74218657196141,3.14766052773659e-06,2.09570515845653e-05,3.60515149760296
"TACC1",-0.516076804229392,-0.000153175223176363,-4.73683666620376,3.22643368543888e-06,2.14532682126285e-05,3.58146132059703
"CAPN15",-0.397101214005941,-0.0119392936028985,-4.73667053018015,3.22891006301268e-06,2.14532682126285e-05,3.58072601903246
"RMDN3",0.423800416444419,0.00712059486314196,4.73637465389476,3.23332484842958e-06,2.14602693942025e-05,3.57941655564597
"RABGAP1L",-0.342044343877194,-0.0644572053806633,-4.73192668476015,3.30039821428129e-06,2.18742671014502e-05,3.55973972337289
"TAPBP",0.785232109516998,-0.14929725106564,4.73178531475132,3.3025518380263e-06,2.18742671014502e-05,3.55911459818595
"LIMCH1",0.577410172161695,-0.620710493309065,4.73040194131475,3.32369764901453e-06,2.19915124237905e-05,3.55299830798861
"PPP1R2",-0.427424859794983,0.0528077939791627,-4.72890821446095,3.34667673199168e-06,2.21206324366117e-05,3.54639586610457
"OXCT1",-0.759510255434649,-0.242881896859137,-4.7256145649329,3.39788736626767e-06,2.24358953811987e-05,3.53184399274296
"PPM1G",0.394061738774985,0.201460348971454,4.72391437388789,3.42461700483014e-06,2.25890284874385e-05,3.52433573854416
"NPEPPS",-0.399761002053952,0.0629740903719455,-4.72294431666684,3.43995843775244e-06,2.26668055986061e-05,3.52005290249527
"FBL",0.377719293460319,0.319543078070502,4.7214611021798,3.46354350573943e-06,2.27986858599446e-05,3.51350594411139
"YME1L1",0.415181465268844,0.171260941148363,4.71946773405705,3.49548613678735e-06,2.29852512702237e-05,3.50470997848136
"RRM2",0.819462567083394,-0.0480969392066774,4.71467836982449,3.5733971763813e-06,2.34733960608998e-05,3.48358961836469
"SHOC2",-0.288153770635409,-0.0364928622289686,-4.71440192417827,3.57794494739781e-06,2.34791145828726e-05,3.48237110727364
"ARHGAP6",-0.482946825982407,-0.71082312169025,-4.71326720549139,3.59667052380425e-06,2.35777631360268e-05,3.47737017281991
"C3",-0.576887941704215,-0.454957011073363,-4.71023640975317,3.64714980038954e-06,2.38841553594741e-05,3.46401799940542
"SLC4A2",0.564355846594436,-0.144865522994959,4.70982172471155,3.65410940832732e-06,2.39052137009938e-05,3.46219168762186
"ITGAX",0.57249530702645,0.0302195201496279,4.70676795583126,3.705755767843e-06,2.41897106483015e-05,3.44874693004181
"NASP",0.685768858075221,-0.0269449525221305,4.70663111679413,3.7080864143442e-06,2.41897106483015e-05,3.44814465034729
"GTF2I",0.450806492147293,0.178500351144032,4.70657968999275,3.70896268201835e-06,2.41897106483015e-05,3.44791830574883
"WDR92",0.318066080009751,0.132051721970599,4.70623289613623,3.7148769542602e-06,2.42035605642361e-05,3.44639201960362
"EPB41L2",0.510338147241055,-0.333905093855421,4.70155765296172,3.79550113325638e-06,2.47036439712966e-05,3.42582524364435
"NCBP2",0.466724993530798,0.263497722977927,4.69945955379385,3.83222797809044e-06,2.49073160718693e-05,3.41660134271876
"NOC3L",0.477814145575854,0.220042250802385,4.69932497424783,3.834595410908e-06,2.49073160718693e-05,3.41600981172672
"WDR75",0.432534025647855,0.171507711600408,4.69881811686639,3.84352435085346e-06,2.49399420530481e-05,3.41378210350182
"PUM3",0.578881631996048,0.154546359878571,4.69787404712755,3.86020874369578e-06,2.50227744451752e-05,3.40963334658923
"LMF2",0.583719336917517,-0.157806307984158,4.69643721262394,3.88573559549507e-06,2.51626995712333e-05,3.40332051153956
"CREBBP",-0.354900434281455,0.0412355822015128,-4.6950937929048,3.90974980747285e-06,2.528378648108e-05,3.39741962837906
"RPN1",0.409185487981977,0.109941706244767,4.69494857857915,3.91235411798075e-06,2.528378648108e-05,3.39678187236623
"TRNT1",0.382128264329269,0.14355804292168,4.69468260666327,3.91712845754773e-06,2.5289044693066e-05,3.39561381478845
"PLS3",0.68223351968548,0.310897015234816,4.68793786396077,4.0400922054728e-06,2.60565542746907e-05,3.36601255712644
"HMGCL",-0.596025613843147,0.0579330422414912,-4.68352203601494,4.12260132657527e-06,2.65618662665823e-05,3.34665258300532
"DYNLL2",-0.513034748627814,-0.212570064846936,-4.68313881193681,4.1298378177795e-06,2.65816678089941e-05,3.34497319601082
"COPS5",-0.260507202767166,-0.0391124324064153,-4.68041657106333,4.18159547286001e-06,2.68877010012197e-05,3.33304709374813
"PSMB9",0.556191020593987,0.0083804180901671,4.67680699587193,4.25118752952943e-06,2.73076784467257e-05,3.31724295016934
"CAD",0.363481525419971,0.17571076430362,4.67524074551799,4.28173019901431e-06,2.74762284630215e-05,3.31038860879412
"DCUN1D5",0.506341067146572,0.143130880027985,4.67226514702249,4.34033865676876e-06,2.78243597625186e-05,3.29737210978365
"ARHGEF17",-0.37469005399424,-0.214438313398024,-4.67091273568444,4.36723074087028e-06,2.79686743033668e-05,3.29145850132013
"FAM76A",0.312508250053764,0.131265038122453,4.67028278741343,4.37981165245491e-06,2.80211396802852e-05,3.2887044758027
"APCS",-1.04736052241303,-1.17204135619127,-4.66890863054006,4.40737655593682e-06,2.81692685782348e-05,3.2826980269122
"TSEN34",0.344648392100827,0.0905741683936919,4.66672720470688,4.45147808466545e-06,2.84226875705889e-05,3.27316617914018
"ALKBH4",-0.281152795920279,-0.0247593991009894,-4.66599950570224,4.46628409539772e-06,2.84887352139005e-05,3.26998733025812
"DCTN3",-0.281144595811394,-0.0130142799445028,-4.66525571189844,4.4814665486101e-06,2.8557049813249e-05,3.26673862226107
"DDX51",0.33137352998822,0.127916761576863,4.66210468332606,4.54633861743819e-06,2.89415474300527e-05,3.25298073827605
"COMMD6",-0.295366380249591,0.0672673463063892,-4.66122575609911,4.56459419355315e-06,2.90288186512319e-05,3.24914465694237
"ABRACL",0.881017983888949,0.0582553753679901,4.66075916977259,4.57431397067359e-06,2.90616862713939e-05,3.24710849656778
"ZC3H8",0.573029485385926,0.11588035426018,4.65866483188545,4.61818842809442e-06,2.93112655202613e-05,3.23797110629628
"GTF2F2",0.369070038776428,0.32056848299456,4.6570537666005,4.65221404186151e-06,2.94979013478508e-05,3.2309446357288
"ALDH1A2",-0.849254894606747,-0.542308872363571,-4.65648138951756,4.66436059026488e-06,2.95455777468664e-05,3.22844879355616
"ARRB1",-0.504672471142736,-0.362592242869032,-4.65309245750451,4.73690553879838e-06,2.99753635928916e-05,3.21367691198869
"UTP20",0.431754456142861,0.0130955554643606,4.64917178457806,4.82218786722845e-06,3.0484821319063e-05,3.19659900808357
"PDE4D",-0.700921957548197,-0.526181981994306,-4.64815417020283,4.84456330035325e-06,3.0595980883042e-05,3.19216848488738
"DNAJC9",0.463477804380784,0.138188869917194,4.64699856751626,4.87009396478717e-06,3.07268280288202e-05,3.18713821474162
"TXNL1",-0.458264617640561,-0.000719081423164303,-4.64478293370964,4.91940631102391e-06,3.10073142111428e-05,3.17749675903691
"ALOX5",0.533927685260284,-0.122142384321475,4.64158077927112,4.99152484494051e-06,3.14308541764745e-05,3.16356952830527
"HINT2",-0.583582110580708,-0.0345899940515513,-4.6403183402542,5.02023596350583e-06,3.15804991398864e-05,3.15808107799991
"NDUFA8",-0.489380880807438,-0.0887143376947001,-4.6394433902042,5.04022771963254e-06,3.1646201101174e-05,3.15427800328794
"RPL18",0.38929014970944,0.102291944598805,4.63921166004416,5.04553534209821e-06,3.1646201101174e-05,3.15327086588757
"ADAR",0.401582062982764,0.256377608697497,4.63921104794253,5.04554936898905e-06,3.1646201101174e-05,3.15326820565157
"MCM3",0.86145175085211,-0.0706159997075764,4.63292587749518,5.19157519579538e-06,3.25301350590319e-05,3.12596865678204
"APOL3",0.760189641809133,-0.490461153632915,4.62914591339846,5.28134510097246e-06,3.30601847742247e-05,3.10956607595457
"RPL24",0.628761862506168,0.199315680742168,4.62689905146688,5.33541103978323e-06,3.336591526838e-05,3.09982172787676
"AHCYL1",-0.426842337870601,0.0391260301237394,-4.62619620162198,5.35243264689268e-06,3.3418425362287e-05,3.09677441217134
"VPS37A",-0.322728856926991,0.0629233529461118,-4.62612023572471,5.35427551223486e-06,3.3418425362287e-05,3.09644507444826
"PHLDA3",-0.636163096843936,-0.0583298321439314,-4.62244982796331,5.44404702217808e-06,3.39455471060616e-05,3.08053827863896
"ENSA",-0.509500946305391,-0.0326407465174463,-4.62074797740908,5.48616070784409e-06,3.41445650042257e-05,3.07316656844827
"DDT",-0.567152746091729,-0.34936204174877,-4.62072787859086,5.48665993646603e-06,3.41445650042257e-05,3.07307952295208
"RNF14",-0.404534185102112,-0.0970180534480205,-4.61966329559205,5.51316533037974e-06,3.42761057784563e-05,3.06846942084748
"COQ10B",-0.52320543147709,-0.280057290137922,-4.61864166887201,5.53871697537823e-06,3.44014668169163e-05,3.0640462150598
"SPN",0.530710582119571,-0.407351717616457,4.61548367779126,5.61842277102821e-06,3.48626135986541e-05,3.05037890031613
"GPAT4",0.51291026292848,0.0183371238768938,4.61342137029206,5.67106826089571e-06,3.51551173260379e-05,3.04145797297643
"TP53BP2",0.386412115166984,-0.0996757544427732,4.61271347568669,5.68924812416279e-06,3.52336074420751e-05,3.03839663943468
"MELTF",0.6853933749602,-0.206715160946242,4.61243985052433,5.69629026066972e-06,3.52430361573412e-05,3.03721344126843
"FTL",1.03257426825214,-0.537978916572007,4.61100668220889,5.73331203484538e-06,3.54377515416145e-05,3.03101720379028
"RFC4",0.424767947015763,0.174639570299989,4.61075715814648,5.73978137194014e-06,3.54434275240211e-05,3.02993857087044
"SUMO2",0.574623037043474,0.0506460386945669,4.60918196982776,5.78078311593524e-06,3.56621257925087e-05,3.02313059185996
"HNRNPDL",0.4072699357932,0.353686973661622,4.60752536081547,5.82420799132793e-06,3.58951237975446e-05,3.01597291714876
"ORM2",-0.781469061756927,-0.568502840057263,-4.60731307197885,5.82979536069754e-06,3.58951237975446e-05,3.01505584880714
"VWA5A",-0.638370626927221,-0.190420491592825,-4.60649479125211,5.85138048432976e-06,3.59933182971537e-05,3.01152129839588
"PURA",-0.430139831820969,-0.222719401896948,-4.6040733949639,5.91570463441342e-06,3.6353969288479e-05,3.00106534828591
"ARHGAP18",0.374918720441691,-0.0731857801667735,4.59948479382559,6.03946996974467e-06,3.70788613046344e-05,2.98126434060902
"GLO1",-0.624548402971503,-0.131240832877081,-4.59925419930851,6.04575488551885e-06,3.70817914928317e-05,2.98026972333949
"LPGAT1",0.611788976576636,-0.113283376022512,4.59846162451133,6.06740470395877e-06,3.71788666360621e-05,2.97685146561442
"TTR",-0.568798351074857,-0.44474395698817,-4.59659944277904,6.11856535184557e-06,3.745641397079e-05,2.96882218979386
"DAXX",0.340043059572926,0.0867903564664565,4.59592396555697,6.13722536438503e-06,3.75137921067094e-05,2.9659104026829
"ERMP1",0.612022694609097,-0.259194972272781,4.59583494009451,6.13968876296183e-06,3.75137921067094e-05,2.96552666770519
"PTER",-0.605414995115634,-0.0752721707999102,-4.59326609542678,6.21118134567331e-06,3.79143335488758e-05,2.95445674618277
"ANKRD22",0.919295059768355,-0.114091473599244,4.59143768713073,6.26255386412974e-06,3.81914101456241e-05,2.94658090294169
"CHTF18",0.512107139046746,-0.100441119074795,4.59022471602185,6.2968596128666e-06,3.83639776986195e-05,2.94135756859485
"PPIA",0.486381334084775,-0.214147258460893,4.58641932105717,6.40566155164345e-06,3.89896558696315e-05,2.92497853620934
"ANK2",-0.880355233278276,-0.945970672344809,-4.58514888807477,6.44238575808292e-06,3.91758410146281e-05,2.91951304921094
"ECH1",-0.669601193823008,-0.0789471053446863,-4.58491867681382,6.44906205879484e-06,3.91791258281685e-05,2.9185228076689
"LLGL2",0.594387822081402,-0.615089418955076,4.5834224650565,6.4926156561649e-06,3.94062271526738e-05,2.91208799824463
"CSNK1G3",0.322303515700289,-0.0839506445864129,4.58297536004919,6.505685310441e-06,3.94478171063792e-05,2.9101654769924
"RPL5",0.288569795803783,0.215789343940561,4.5827656410483,6.51182446830441e-06,3.94478171063792e-05,2.90926375635409
"PFN2",-0.742878072589866,-0.331718896404483,-4.58131726221774,6.55437549043413e-06,3.96514300904159e-05,2.90303720960248
"TCEAL3",-0.887278095416999,-0.556511343515418,-4.58119919257218,6.55785593977747e-06,3.96514300904159e-05,2.90252970731062
"FGR",0.698414169099884,-0.168691313126133,4.57907744578497,6.62070422643502e-06,3.99935633734982e-05,2.89341170175251
"RETSAT",-0.575723048792051,-0.252290453700795,-4.57813905667948,6.64868449954029e-06,4.01246224287001e-05,2.88938024933128
"TSR1",0.429491209225725,0.0348643955161909,4.57702038169037,6.68218891148713e-06,4.0288740509769e-05,2.88457521355604
"DIAPH1",0.349506025450499,0.151885690848777,4.57570457825875,6.72180500224238e-06,4.04893631502996e-05,2.87892477653747
"OLFML1",-0.697114646175695,-1.23134874241512,-4.5740726490942,6.77125258381564e-06,4.07487726179669e-05,2.87191879201845
"OASL",0.685830807823764,-0.386798504031462,4.57333076941293,6.79384698834229e-06,4.08462457820768e-05,2.86873457884605
"TOP1",0.517271839897398,0.434095325036522,4.56924125607809,6.91970181795179e-06,4.15637780880736e-05,2.85119018951336
"PODN",-0.602967028023871,-0.311400689736738,-4.56824375511437,6.95073807388768e-06,4.17109610918917e-05,2.84691291526746
"MCM2",0.78495192071132,-0.0515518661798756,4.56512785126241,7.0485501280311e-06,4.22582089835479e-05,2.83355724803379
"PRPF6",0.280864190189823,0.274048708248744,4.56433435474769,7.07366943434778e-06,4.23690237695221e-05,2.83015737428248
"MBNL2",0.478470379735922,0.178844550764368,4.56059203544207,7.19330194556058e-06,4.30452042384295e-05,2.81412977509891
"TBC1D23",-0.270128407798037,0.088923008605161,-4.5585735582697,7.25863204568724e-06,4.3395473419207e-05,2.80548985295548
"RPL34",0.551973411975888,0.280101599212628,4.55736072194964,7.29816048365744e-06,4.35909772573926e-05,2.80030002987376
"GBP4",0.754950341988739,-0.493940787325681,4.55500989461492,7.37536766477883e-06,4.4010955644498e-05,2.79024411838716
"ALG5",0.530378500755977,0.000410081035764541,4.55248356691095,7.45921320719318e-06,4.44697257963851e-05,2.77944258355646
"URM1",0.53971636933982,0.0354698156558245,4.5508392423109,7.51427729784204e-06,4.4747612834438e-05,2.77241496804019
"SIAE",-0.760673353002245,-0.261316657277743,-4.55067372563655,7.51984159300736e-06,4.4747612834438e-05,2.77170769668656
"DDX49",0.531891418689621,0.190699325952611,4.5494463738454,7.56122603481672e-06,4.49519815943248e-05,2.76646379212248
"FAM50A",0.417371399038147,0.193085473742816,4.54896744571609,7.57743402737571e-06,4.5006433734692e-05,2.76441789276419
"LPCAT1",0.770561883211005,-0.150321217306567,4.54822283238809,7.6026996895506e-06,4.51145330090898e-05,2.76123740865275
"ELOVL1",0.720081966531889,-0.184253172056193,4.54700887089213,7.6440645037712e-06,4.53178754471486e-05,2.75605317117323
"RNASET2",-0.629247575578454,-0.0410260352876608,-4.5417032210131,7.82740103858605e-06,4.63617399177847e-05,2.7334096510921
"FBXO22",-0.472467366825405,0.0204670527946675,-4.53599251490276,8.02945124874879e-06,4.74729842474858e-05,2.70906348496162
"WDR12",0.45015556226286,0.343199680758008,4.53598037278229,8.02988613739776e-06,4.74729842474858e-05,2.70901174886079
"ATRN",-0.545484520388772,-0.284756667528998,-4.53525035668279,8.05607438320791e-06,4.75837510978561e-05,2.70590146342809
"PDLIM2",0.465318441690897,-0.477961774627211,4.53490481875383,8.0684986231275e-06,4.76130903037607e-05,2.70442942855854
"CSTF3",0.282353227274567,0.284371687616241,4.5339160336095,8.10415334730565e-06,4.77381613622722e-05,2.70021762674973
"LTBP2",0.800414986554791,0.218604274846568,4.53390239096559,8.10464634560737e-06,4.77381613622722e-05,2.70015952058959
"MAPK1",-0.244417461067281,-0.0408234706573659,-4.53338301721475,8.12343616105869e-06,4.78047372242947e-05,2.69794754106574
"PRMT3",0.488712959044774,0.23063618737431,4.53193708387116,8.17596748165341e-06,4.80695694018021e-05,2.69179058146937
"ZNHIT6",0.385076903824177,0.101612680212174,4.53087206947514,8.21486831386572e-06,4.82538492953382e-05,2.68725672948516
"CYCS",-0.64092427089388,0.140396154702606,-4.53020020941501,8.23950010180417e-06,4.83540516084739e-05,2.68439705091151
"MAD2L1",0.517280163235481,0.00434569964097287,4.5285882234381,8.29888838877795e-06,4.86578534089506e-05,2.67753738394234
"CAPN5",-0.666931462569463,-0.128804402282227,-4.52608279919502,8.3920090294147e-06,4.91586950943238e-05,2.66688004516082
"HP",-1.01945564650824,-0.923118819022076,-4.52579244181784,8.40286556477978e-06,4.91771738140412e-05,2.6656452868131
"COQ9",-0.512335863510983,-0.166415037770124,-4.52386004666886,8.47546255598468e-06,4.95566194321998e-05,2.6574294673913
"NTAN1",-0.302078051653878,-0.100030893518451,-4.51641018446374,8.76101825947734e-06,5.11794159073768e-05,2.62578444487654
"ANAPC4",-0.334488516537287,0.0109317636382357,-4.5159836929826,8.77764227837797e-06,5.12296580872426e-05,2.62397421708718
"PCNA",0.628230695542702,0.293455360964949,4.51517508008434,8.80924400171316e-06,5.13671442474324e-05,2.62054250319278
"RB1",0.516738510512022,0.119494907096933,4.5148423129245,8.82228070334761e-06,5.13962247179512e-05,2.61913041317335
"TFF3",-1.38551757511408,-1.20834546417025,-4.51353984396874,8.8734853961141e-06,5.164740588349e-05,2.6136042993458
"HDAC4",-0.293405245646284,-0.0480207394079197,-4.51188425852039,8.93898422908803e-06,5.19812516418279e-05,2.60658201638856
"HSD17B12",0.547944042411139,-0.0126668804167963,4.51157709455792,8.95118728274708e-06,5.20048505917563e-05,2.60527940899432
"EIF2AK2",0.415825380682388,0.256852868436824,4.51003828258904,9.01256252626982e-06,5.23138288456662e-05,2.5987548625184
"FADD",-0.462396721068676,-0.0159196135494104,-4.50767837950241,9.10747222949053e-06,5.28158391523914e-05,2.58875271916129
"SNX6",-0.26493559241447,0.142432745762786,-4.50747241420789,9.11580102883534e-06,5.28158391523914e-05,2.58787998144515
"DDX52",0.439035866327886,0.235665159812919,4.50727319872627,9.12386383478273e-06,5.28158391523914e-05,2.5870358782696
"TMEM201",0.542416792553527,-0.131569339654032,4.50329822359148,9.28618027362192e-06,5.37067581948152e-05,2.57020025875858
"STXBP2",0.302605303354102,0.0413630771279579,4.4998838495536,9.42781417691237e-06,5.44765552213443e-05,2.55574949322914
"TRMT61A",0.400272773644166,0.0825636143796581,4.4954590304774,9.61444947550212e-06,5.55047557875959e-05,2.53703660507238
"DACH1",0.908131464472078,-0.590577757427099,4.4940883971164,9.67297734162578e-06,5.57921954166943e-05,2.53124339715434
"ADRM1",0.375607538589942,0.30267495027679,4.49276007578657,9.73002454220693e-06,5.60705836660571e-05,2.5256305186914
"PUF60",0.278423756472385,0.300866697234356,4.48969794044248,9.86276606746522e-06,5.67842753298155e-05,2.51269692608374
"UHRF1",0.725859603427119,-0.046336903411456,4.48687958195985,9.9864742511726e-06,5.74323915828798e-05,2.50079987151548
"CCDC22",-0.197969126450056,-0.0109147355845053,-4.48672446206703,9.99332608435074e-06,5.74323915828798e-05,2.5001452603144
"RPS7",0.316347857646385,0.301367433069554,4.48584664619374,1.00321853357732e-05,5.76038699360721e-05,2.49644122484996
"SF1",0.242373865833131,0.259534738199515,4.4837909048086,1.01237572420702e-05,5.80774393446704e-05,2.48776931934618
"GAS7",-0.500726530931969,-0.104047732645564,-4.48299321161904,1.01595055680767e-05,5.8186912546116e-05,2.4844052907562
"NOP9",0.404312648787349,0.0109214788899259,4.48295844952576,1.01610661689772e-05,5.8186912546116e-05,2.48425870423566
"UTP4",0.412921493825688,0.16342945734442,4.48265865443067,1.01745346443627e-05,5.82118312762149e-05,2.48299455513901
"ATP6V1C1",0.320603730290382,0.174902367479695,4.48053378179522,1.02704879069793e-05,5.8708205269528e-05,2.47403672691901
"GIT1",0.278196063997214,-0.021879297532703,4.47981931590189,1.03029457478317e-05,5.88410631483949e-05,2.47102559654852
"NPEPL1",-0.603908744549345,-0.188552744250026,-4.47891227262902,1.0344294068646e-05,5.90244125364652e-05,2.4672034573327
"NBEAL2",0.390499985055494,-0.0475570439889329,4.4749429578761,1.05271185776024e-05,6.00139751053495e-05,2.45048544124818
"MTMR12",-0.358155272137197,-0.23148948653172,-4.47190859913951,1.06689657543987e-05,6.07168930437565e-05,2.43771413601308
"OTUD6B",0.476706114614723,-0.204571734662591,4.47189683663412,1.06695191669396e-05,6.07168930437565e-05,2.43766464375581
"ELOVL5",0.682977967892481,-0.284962581887884,4.47169656161347,1.06789461062081e-05,6.07168930437565e-05,2.43682197848567
"LGALS3",-0.598638083938194,-0.144074905706155,-4.47115415371243,1.07045173652315e-05,6.08039714803188e-05,2.43453994305206
"FAM126A",-0.496497250147979,-0.272138378213618,-4.47096798925782,1.07133074260546e-05,6.08039714803188e-05,2.43375676265442
"PRPF4",0.280605994184895,0.231511731101163,4.47001855103914,1.07582445107086e-05,6.10047879226239e-05,2.42976299388288
"TSN",0.339435800610067,0.0188550736977032,4.46806035928725,1.08514977188629e-05,6.14694452920848e-05,2.42152832125684
"SSC5D",-0.723706541432524,-0.319532313919792,-4.46789429632852,1.08594415488601e-05,6.14694452920848e-05,2.42083013310048
"KCTD21",-0.424316329287292,-0.059101475383763,-4.46754843736805,1.08760040546781e-05,6.15086677494416e-05,2.41937609193055
"MDN1",0.380506121082026,-0.0881908407170397,4.46654402100226,1.09242410402544e-05,6.17267956124112e-05,2.4151539451716
"HS2ST1",0.499455754407572,0.145947361519487,4.46582526743158,1.09588849809503e-05,6.18677989419698e-05,2.41213312157533
"DIS3",0.34185928678847,0.208626970843654,4.46469225960119,1.1013710044762e-05,6.21223839538918e-05,2.40737211798177
"PCMT1",-0.375017334176242,-0.220819310562419,-4.4637660264399,1.1058724823793e-05,6.23212338922491e-05,2.40348079559785
"TMEM209",0.395830207673642,0.117573424204344,4.46284525041937,1.11036492464804e-05,6.25192243728195e-05,2.39961310881005
"TUBGCP3",0.248576912127822,-0.0854330088424366,4.46091904754992,1.11981948819317e-05,6.29960126177391e-05,2.39152444843938
"DBT",-0.446071616464231,-0.0520337792235499,-4.45928217903254,1.12791451850123e-05,6.33955475407601e-05,2.3846532148221
"ATAD3B",0.747468988281158,-0.0137478231943561,4.45874617200945,1.13057748248889e-05,6.34893335592925e-05,2.38240365442725
"NCOA5",0.313129683315878,0.207643227770254,4.45674874689269,1.14055418750531e-05,6.39933083235627e-05,2.3740227989876
"CDK19",0.301577873836251,0.115594016600821,4.45636009678097,1.14250519709305e-05,6.40464941478413e-05,2.37239247607621
"LMNA",-0.388932270039695,0.0179758787479109,-4.45611229380655,1.1437508294129e-05,6.40600793491349e-05,2.37135304937753
"RNF213",0.532321800575658,0.105288492181509,4.45445113285535,1.15213468196911e-05,6.44730932898579e-05,2.36438651760707
"ERC1",-0.3121865590835,0.0139693690381156,-4.45412550490242,1.15378501435436e-05,6.45083672028262e-05,2.36302117777613
"HNRNPA0",0.352311815762212,0.239133020067556,4.45392828649756,1.15478564937871e-05,6.45083672028262e-05,2.36219429502567
"MSH6",0.534710026339116,0.126167801001051,4.45324281944182,1.15827000761398e-05,6.46464510368467e-05,2.35932057181742
"PPP3CB",-0.353472990448515,-0.10436076584307,-4.44934278479366,1.17828726790298e-05,6.57062376031485e-05,2.3429776919332
"ITGAL",0.63756513924781,-0.367333302005106,4.44608713642514,1.19525076640563e-05,6.65940326657934e-05,2.32934479850762
"U2SURP",0.362814844550613,0.231710492907568,4.44455890525953,1.20329410311805e-05,6.69837214333808e-05,2.32294844491039
"MTERF3",0.569924967521208,0.0734157188268253,4.44345951355929,1.20911245114947e-05,6.72489808413709e-05,2.31834818856136
"CHKB",-0.382814573199672,-0.149972678857683,-4.44211500389393,1.2162647119484e-05,6.758790414091e-05,2.31272364095933
"SAA2-SAA4",-0.701596715389496,-0.65505837995842,-4.44001688443084,1.22750697153202e-05,6.81533218541908e-05,2.30394949963017
"GEMIN4",0.327087667269997,0.0542825624658006,4.43671059528663,1.24542533620891e-05,6.90292215685246e-05,2.29013036681989
"PGD",0.452920221606544,0.0668407636185119,4.43670699205129,1.24544499995208e-05,6.90292215685246e-05,2.29011531153719
"MCM6",0.827872364867643,-0.0805789495063352,4.43631796126492,1.2475697883385e-05,6.90351512289965e-05,2.28848990047879
"MBD3",0.489052999290866,0.158660340945322,4.43629150695717,1.24771440122571e-05,6.90351512289965e-05,2.28837937622295
"SSR3",1.0306135063572,-0.393079004771387,4.43598052438818,1.24941559743856e-05,6.90694250185734e-05,2.28708015653803
"DEPTOR",-0.567503008594585,0.132059364821881,-4.43415393566505,1.25945272162555e-05,6.95640625223108e-05,2.27945068462522
"SORD",0.65546798890076,0.140296735683763,4.43252797834037,1.26845235545828e-05,7.00005902299144e-05,2.27266157468153
"ALDH1L1",-0.83201901994356,-0.100680260809551,-4.43181180753878,1.27243586767562e-05,7.01597842410087e-05,2.26967193735401
"ALDH6A1",-0.656838946112932,-0.216398913714016,-4.43066191309372,1.27885694706906e-05,7.04529905697666e-05,2.26487262807337
"TXLNA",0.311925112878618,0.244417037113629,4.43025250253131,1.28115060834288e-05,7.05185054678386e-05,2.2631641398396
"KIF11",0.774847208882296,-0.223119380532005,4.43001009672379,1.28251050831517e-05,7.05325546562647e-05,2.26215263580742
"TRADD",-0.355129564944646,-0.0332436868340241,-4.42910557469914,1.28759711269989e-05,7.07513559775286e-05,2.25837870571683
"DMPK",-0.522681365648329,-0.467063794010306,-4.42851168609351,1.29094737077508e-05,7.08744536749691e-05,2.25590120092726
"EMC7",0.326492234922782,0.0647660112762652,4.42701224541712,1.29944326651144e-05,7.12795984250474e-05,2.24964734755273
"CLIP1",-0.287321492413669,-0.00597632042298073,-4.42588243482308,1.30588019498232e-05,7.15712021026789e-05,2.24493638572012
"NEK9",-0.311595641552463,-0.0222540992615978,-4.42455623160226,1.31347503171977e-05,7.19257125002636e-05,2.23940788894048
"PLSCR1",0.716833105688446,-0.221771110264221,4.4243153155143,1.31485923404281e-05,7.19398132764641e-05,2.23840374836198
"FBXO28",0.295389961405788,0.142932460198464,4.42232343763053,1.32635740851966e-05,7.25067812790929e-05,2.23010344182178
"CAMKK2",-0.287004594817914,-0.140947519995293,-4.41941150042269,1.343340200253e-05,7.33723454115948e-05,2.2179751499441
"ZMPSTE24",0.629936745760639,-0.0279765748110098,4.4157470324324,1.36500809096896e-05,7.44921082122804e-05,2.20272262899864
"POLR1B",0.417426443617112,0.192034309627754,4.41369871771763,1.3772652157376e-05,7.50968266651116e-05,2.19420187717946
"LITAF",0.700779169315163,-0.264499106828792,4.40509429934552,1.42991571464709e-05,7.79011248977958e-05,2.15844685879417
"ARHGEF1",0.325069634986181,0.0148704276801906,4.40404471273197,1.43646856161999e-05,7.81914046542511e-05,2.1540896223417
"EHBP1",-0.336560528669314,-0.132576310513842,-4.40140041301374,1.45310540584369e-05,7.90296253518906e-05,2.14311621127285
"DEK",0.413222691686753,0.120415571975914,4.40110349937654,1.45498494888676e-05,7.90645012650378e-05,2.1418844340574
"IFT22",-0.35605162207882,-0.161795773050085,-4.39980563350015,1.46322816189168e-05,7.94448283476055e-05,2.13650096906076
"NIP7",0.574422670392938,0.151549088421834,4.39901796639039,1.46825271261121e-05,7.96499028888917e-05,2.13323446424164
"RP2",0.370191071114718,0.0351072762941521,4.39882172664162,1.46950710083618e-05,7.96502787677338e-05,2.13242072661058
"CAMK2D",-0.49064872457429,-0.175184985824481,-4.3979941017723,1.47480868220465e-05,7.98698340617192e-05,2.12898921065619
"MTHFD2",0.75348641405303,-0.0258472848766305,4.39597883239884,1.48779477970002e-05,8.05048276981748e-05,2.12063585824112
"AIFM2",-0.472624532226474,0.044057323007634,-4.39439274536816,1.49809223822796e-05,8.09933864613507e-05,2.11406387331048
"CYP2S1",0.776621128471314,-0.0562846078723495,4.39023601364626,1.52540415546098e-05,8.24002160119994e-05,2.09685037373146
"TYROBP",0.704500816241184,-0.301477542582708,4.39002320465734,1.5268151781813e-05,8.24067194648147e-05,2.09596949728331
"GLOD4",-0.409970757838392,-0.010623493490227,-4.38960379432272,1.52959972439913e-05,8.24872824348684e-05,2.09423355074606
"TRIP13",0.874796626459282,-0.17264875932547,4.38725934237635,1.54525479428063e-05,8.32611971433064e-05,2.08453254105414
"GREM2",-1.02953562141262,-0.320198315434116,-4.38686615374652,1.54789528985745e-05,8.32658106028717e-05,2.08290603363604
"CD40",0.654285925354094,-0.280799500814787,4.38685822425683,1.54794858552245e-05,8.32658106028717e-05,2.08287323296898
"RERG",0.620377871965226,-0.62059346294982,4.37873343753367,1.60349022241705e-05,8.61808507586942e-05,2.04929242785772
"ROCK1",-0.25454388181305,-0.172323702568579,-4.37800902877847,1.60853394489214e-05,8.63792198329381e-05,2.04630104135323
"BZW1",0.363936767796782,0.269614477019919,4.3763238171057,1.62032613301808e-05,8.69393475573148e-05,2.03934380221812
"NUMB",-0.230887667025696,-0.0378444666729675,-4.37536777031104,1.62705277701059e-05,8.72023526519215e-05,2.03539791207313
"OAS2",0.833376205534177,-0.155669273815714,4.37523921038399,1.62795934786359e-05,8.72023526519215e-05,2.03486736545406
"ECT2",0.722178755117291,-0.00335339717480316,4.37434529370917,1.63427639970685e-05,8.7397748244177e-05,2.03117869545765
"MAP3K2",-0.228093223691579,0.0962567476896466,-4.37433564161844,1.63434473615579e-05,8.7397748244177e-05,2.03113887059936
"EIF1AD",-0.351969747980418,0.0688177741364946,-4.37315629136766,1.64271511372522e-05,8.77718493818874e-05,2.02627341956595
"MMP7",1.13018756850463,-0.968843580130794,4.37019888087814,1.66388607639795e-05,8.88287006505093e-05,2.01407765470382
"SNRPC",0.276026749054492,0.344744832438841,4.36929629143315,1.67039922340625e-05,8.91019134623969e-05,2.01035702064206
"GNE",-0.524916049821517,-0.145317380146501,-4.36894527129983,1.6729387946473e-05,8.91627269703845e-05,2.00891023807633
"TUBB1",0.66851727588016,-0.783008464211518,4.36875289403776,1.67433217913063e-05,8.91627269703845e-05,2.00811736999793
"NSA2",0.515454976072869,0.333053767268442,4.36839414563524,1.67693355460248e-05,8.92268395511402e-05,2.0066388991037
"HLA-E",0.556396468527485,-0.301527376067448,4.36768212359896,1.68210807169864e-05,8.9427643945011e-05,2.00370484008497
"TAMM41",0.480569900664863,0.0196817715046778,4.36626741269971,1.69243467106776e-05,8.99017918033913e-05,1.99787644533065
"NFYA",0.523405844741313,-0.179326764254695,4.36250011712471,1.72023064580483e-05,9.13023497378538e-05,1.98236395856583
"GALNT6",1.05616581684182,-0.0214242475325062,4.35851832252086,1.75008405489706e-05,9.28096901205789e-05,1.96598119978013
"SMAD2",-0.446646979088311,-0.0143319357905449,-4.35501990545437,1.77672202737514e-05,9.40888120558635e-05,1.95159825590342
"KIF22",0.57534482453233,0.00469900768516421,4.35496394673055,1.77715125042085e-05,9.40888120558635e-05,1.9513682779859
"IPO7",0.315619393602651,0.0817696913412012,4.35294944668783,1.79266943564445e-05,9.48317675773802e-05,1.94309088418539
"ENAH",-0.414303673986891,-0.0815287256227517,-4.35258821565053,1.79546576379404e-05,9.49010670680871e-05,1.94160698020264
"MBOAT7",0.685667606486774,-0.499507033900935,4.35217499876881,1.79866963880074e-05,9.49917753824876e-05,1.93990965770284
"ITPR3",0.626012189371959,-0.20913662762072,4.35179267357086,1.80163886784943e-05,9.50699518282529e-05,1.93833935324842
"COX7C",-0.538408316826437,0.0950152970546816,-4.35138369818817,1.80482026120042e-05,9.51591855306747e-05,1.93665972596355
"LIMS1",-0.399065057335609,-0.187763585525751,-4.35070733679143,1.81009343434414e-05,9.53584701178822e-05,1.93388227565786
"TRIM33",0.606662887156582,-0.143936275508402,4.35041205060591,1.81240021959711e-05,9.54012811387265e-05,1.932669815724
"RDH11",0.531130679180822,-0.20405261237441,4.34963327912047,1.81849750956968e-05,9.5643382196066e-05,1.92947249261139
"TSPAN9",0.691817108980621,-0.5716566755616,4.34852598373548,1.8272007423893e-05,9.60220307831745e-05,1.92492726063078
"KCNAB2",0.50736416156137,-0.228130647523898,4.34552076245324,1.8510228390191e-05,9.71266127618895e-05,1.91259661118304
"COLGALT1",0.457158371545229,0.230815394079925,4.34549076197638,1.85126214144431e-05,9.71266127618895e-05,1.91247355527298
"SERPINH1",0.593208208205459,0.582090946062747,4.34511042262621,1.85429853206279e-05,9.72060437374459e-05,1.91091354557189
"IPO4",0.492930049209032,0.0822147919238322,4.34470285584497,1.85755757868069e-05,9.72970068898784e-05,1.90924199424726
"ANAPC16",-0.28547917652943,-0.0388174103803014,-4.34450151304337,1.85916960814929e-05,9.73016225248624e-05,1.90841627974307
"AK1",-0.589274056546537,-0.575024234207291,-4.34373802495551,1.86529456406185e-05,9.75422259748968e-05,1.90528549594591
"COX4I1",-0.443930788985713,-0.0508904889606285,-4.33983740948615,1.89688910157758e-05,9.91132316986319e-05,1.88929816272398
"ADD3",-0.420502276075738,-0.309768008954848,-4.33888367976477,1.90469174966418e-05,9.94395488275205e-05,1.88539108848876
"KHSRP",0.270124375100164,0.250821251321731,4.33613183498432,1.92737762834923e-05,0.000100541716969034,1.87412210152633
"PHLDB1",-0.381639350234013,0.0193842680015452,-4.33142236022741,1.96680297042649e-05,0.000102514587478964,1.85485128545931
"IPO9",0.404007741763703,0.00556754970246396,4.32981353096469,1.98044719902131e-05,0.000103141560895197,1.84827235836565
"ZFP36L2",0.534594416057214,0.0979404545224052,4.32955724964285,1.98262902416705e-05,0.00010317103764716,1.84722455780559
"CD248",-0.496742316456679,-0.0102236018120684,-4.32739443433436,2.00113374040923e-05,0.000104049176974861,1.83838413900978
"CUEDC1",-0.448131980274358,-0.0718845720488681,-4.32362746917239,2.03375843741045e-05,0.000105659459909404,1.82299623514491
"KRR1",0.400069647919499,0.310058329387432,4.32332978120191,2.03635821218066e-05,0.000105708513697346,1.82178070145042
"BCLAF1",0.4682820202347,0.247801341533879,4.32264548055518,2.04234641795588e-05,0.000105933240281465,1.81898681568031
"PPFIBP1",0.408887824417241,-0.105374820263089,4.32165272889275,2.05106377907646e-05,0.000106226071568866,1.81493427741993
"COMT",0.52438677247986,-0.108602068434799,4.32162367463511,2.05131944000646e-05,0.000106226071568866,1.81481568676687
"RPL7",0.34638719153992,0.197044590786636,4.32104240703486,2.05644067328792e-05,0.000106404973249136,1.81244327854857
"MYH14",0.646629008785989,-0.322383433497061,4.32000643572515,2.06559838762857e-05,0.000106792272915048,1.80821573115175
"MAPT",-1.00108609301215,-1.05741479596673,-4.31830366357433,2.08073524350165e-05,0.000107487819820049,1.80126909739633
"PACSIN2",-0.427738514510678,-0.279917774302924,-4.31801561030549,2.08330637219172e-05,0.000107533639340696,1.80009419629682
"CFAP20",0.344534872902736,0.0672728499560542,4.31452200133981,2.1147328048162e-05,0.000109067600636118,1.78585016317964
"CES1",-0.855612141660273,-0.941046579273041,-4.31412190362647,2.1183606440357e-05,0.000109166527136142,1.78421955427448
"DHX33",0.385012317448253,0.0704955936003785,4.30877307208337,2.16743583071636e-05,0.000111605465960677,1.76243321934025
"RPRD1B",0.378440197873255,0.287502409100497,4.30579560283935,2.19522300186058e-05,0.000112945196348749,1.75031614386508
"SPTBN1",0.340059967108683,-0.353552837088188,4.30529978021977,2.1998832150556e-05,0.000113093835170129,1.74829907643356
"TACC3",0.543421459928148,0.0473114179139935,4.30476028814642,2.20496462053623e-05,0.000113263870491745,1.7461045920216
"JUNB",0.451797100050341,0.259269186265666,4.3027947560713,2.22357280076854e-05,0.000114127912643948,1.7381115026964
"LUC7L3",0.277395727391836,0.370739507242473,4.30174875257627,2.23353669212356e-05,0.000114547243206497,1.73385912447058
"MOB2",-0.286347267708717,-0.169712794694608,-4.30081045436145,2.24251092586907e-05,0.000114915186690803,1.73004539272689
"CD46",0.658324622604082,-0.10282159119972,4.30021540366684,2.24822006487657e-05,0.000115115357772549,1.72762718256464
"SULT2B1",0.749649829755108,-0.298884899124921,4.29912634061892,2.2587049512511e-05,0.000115503336328501,1.72320214356854
"RPA2",0.327779170256662,0.180357670779939,4.29891397097889,2.26075496610194e-05,0.000115503336328501,1.72233936813338
"CXCL14",1.48597030409603,-1.0336572663339,4.29886537846654,2.26122428207716e-05,0.000115503336328501,1.72214196096709
"FGFR1OP2",-0.245353979753985,-8.72567431587657e-05,-4.29767201757946,2.2727792691057e-05,0.000116000764454356,1.71729455612042
"UBE2B",-0.29264269519271,-0.0237432813656235,-4.29607504993113,2.2883306099278e-05,0.000116647516786091,1.71080959155731
"SCYL3",-0.427300629031561,-0.0208212974141296,-4.29599582442068,2.28910475384452e-05,0.000116647516786091,1.71048792877123
"PLAC9",-0.755912957115332,-0.758694086343383,-4.29244517568295,2.3240577461893e-05,0.000118334200234599,1.69607741549318
"ZMIZ1",0.244542234635948,0.0665916213761908,4.29003214355488,2.34810245522159e-05,0.00011942315661226,1.68629006434857
"CAND2",-0.544450222415898,-0.433974770489185,-4.28992402498031,2.34918535168361e-05,0.00011942315661226,1.68585164642194
"CKS1B",0.737217636783374,-0.0227918794262694,4.28899932648365,2.3584664880207e-05,0.00011979959050129,1.68210242232246
"COX7A2",-0.598418583603305,0.147665031712331,-4.28375619473631,2.41175779814891e-05,0.000122409169643727,1.66085761873258
"CST3",-0.629008782610867,-0.202066815612295,-4.28255213107401,2.4241574106944e-05,0.000122940786872786,1.65598211825809
"SGPL1",0.493074727195774,0.0231771914466634,4.27999003182518,2.45074532329777e-05,0.000124190546740129,1.64561173316834
"THBS3",-0.531226226475682,-0.11987194131296,-4.27943929314385,2.45649683403316e-05,0.000124383285371148,1.64338328128034
"AKR7A3",1.38378490846376,-1.51010206046763,4.27716310379193,2.48040479960742e-05,0.000125494331580771,1.63417586597307
"RANGAP1",0.277678099722372,0.316915982224612,4.27399104595063,2.51409363884895e-05,0.00012709808300911,1.62135188220297
"TMEM87A",0.504834790398363,0.0709004527043109,4.27320803073045,2.522476688146e-05,0.000127420994096616,1.61818762125306
"AQP1",-0.66191119111877,-0.834536528367659,-4.27204439868602,2.53498402038983e-05,0.000127951564981732,1.61348619922033
"AKT3",-0.495879969119403,-0.334452111102178,-4.27083334799577,2.54806395035679e-05,0.000128510176327236,1.60859440851237
"CLEC16A",-0.302266249670664,0.198404390641232,-4.27029972698022,2.55384775810044e-05,0.000128700220485172,1.60643934989909
"STBD1",-0.522687844205228,-0.289470960588741,-4.26893260248975,2.56872302869742e-05,0.000129347764497106,1.60091924011337
"CARS2",0.572328389159769,0.0316565572969093,4.26644948304323,2.59595308046647e-05,0.000130615921345771,1.59089706579125
"DAD1",0.526121141031338,-0.134251566185051,4.26437739968178,2.61888655299707e-05,0.000131666068038475,1.5825378789433
"GOLPH3L",-0.531650541500614,0.122611061998418,-4.26406391847884,2.62237292224114e-05,0.000131737616904089,1.5812735514663
"TTC38",-0.57222635365452,-0.129826903488719,-4.26118295558152,2.65462173303953e-05,0.000133252828344791,1.56965799375515
"SKAP2",0.45586050933517,0.0219331165983947,4.25824738247074,2.68787133888582e-05,0.000134815856235553,1.55782948772824
"SDR39U1",-0.468322369459293,-0.0929861496736024,-4.25677015461658,2.70475317331603e-05,0.000135556114690917,1.55187995330509
"DDX31",0.373640210334793,0.0824588963984101,4.25601600159482,2.71341067592155e-05,0.000135883350319679,1.54884331525864
"CCDC93",-0.217531656498025,0.0532334731017103,-4.25461993835461,2.72950705951035e-05,0.000136582308581298,1.54322326264326
"MPRIP",0.361930059660479,0.00670495664836851,4.2533315686148,2.74444264389632e-05,0.000137222132194816,1.53803821100042
"EIF4G1",0.328788640228528,0.248600165689142,4.25114632457423,2.7699539960193e-05,0.000138374585971219,1.52924689993824
"ZFAND5",0.409528531302645,0.10241822410272,4.2509867237491,2.77182608390273e-05,0.000138374585971219,1.52860497898949
"SERPING1",-0.510165083282251,-0.503993247655364,-4.24932811536434,2.79135291886353e-05,0.000139240534272997,1.52193526737532
"ANKMY2",-0.366616176786584,0.0729194265054064,-4.24667178922239,2.82289986238847e-05,0.0001406359116365,1.51125832199064
"FABP3",-0.966819847965908,-0.38251698126221,-4.24660217062851,2.82373122502729e-05,0.0001406359116365,1.51097857463196
"AMFR",0.347151884641588,-0.0784293607503862,4.24459843876498,2.84775959834854e-05,0.000141722096924828,1.50292877010346
"CA2",-1.02314540248203,-2.38576057318028,-4.2444044074809,2.85009672624537e-05,0.000141727940787202,1.50214944845446
"SEPSECS",-0.415298705143462,-0.148470230618047,-4.24270104879584,2.87069263514235e-05,0.00014264103093684,1.49530932268948
"MLPH",-0.973390832173899,-0.465967369123037,-4.24194501265199,2.87987960458675e-05,0.000142986246308603,1.49227411980509
"STAM2",-0.277479138749122,0.103306960601439,-4.2409983318549,2.89142278205845e-05,0.000143447820228774,1.48847423343389
"MYH10",0.881294273698822,-0.281041346221782,4.23920592126609,2.91339933175924e-05,0.000144425890786357,1.48128175075224
"TRAP1",0.503212831200467,0.28542183178771,4.23882276993402,2.91811775484609e-05,0.000144533994756316,1.47974461658403
"RBPMS",-0.526212255975447,-0.191959921542817,-4.23866138695221,2.92010733336957e-05,0.000144533994756316,1.47909721439187
"EMC4",0.374510461371406,-0.0198470755417719,4.23573761276658,2.95637759316181e-05,0.000146008107571817,1.46737206083483
"SLC11A2",0.611264349626455,-0.0943750509472384,4.235585731895,2.95827342347314e-05,0.000146008107571817,1.46676317418367
"FAM114A2",-0.316225361878351,0.0555532448198585,-4.23552691616009,2.95900789384497e-05,0.000146008107571817,1.4665273886178
"COX7A2L",-0.581935580850979,0.0598901880367608,-4.23552461230261,2.95903666715632e-05,0.000146008107571817,1.46651815277597
"PLAT",0.972957511799918,-1.58395939646911,4.23429853751454,2.97438730619873e-05,0.000146652223552733,1.46160362980249
"EIF1AX",0.555904862696513,0.378174045818551,4.23223877695866,3.00034711242535e-05,0.000147818027105215,1.45335028400897
"TMX3",0.404671360910062,-0.159311056177168,4.23040357625405,3.02365881801701e-05,0.000148851669645633,1.44599977075326
"CDK6",0.47183773576486,-0.279709716481676,4.22843634667353,3.04883961156273e-05,0.000149975483044063,1.43812361859476
"RFC3",0.323618722930522,0.0244076314670727,4.22825391733618,3.05118484689488e-05,0.000149975483044063,1.43739339690171
"CD82",0.771089508928354,-0.479095162283645,4.22699116260863,3.06746557394661e-05,0.000150659751458839,1.43233966176183
"RCHY1",-0.31521099059001,0.0866597254841351,-4.22564228977059,3.08494821610953e-05,0.000151401955110372,1.42694276464974
"RAB10",0.382726800258065,-0.0636946401425887,4.22538794357257,3.08825541938324e-05,0.000151447856011997,1.42592528793196
"TBCK",-0.259987533433022,-0.0564640888444627,-4.2247279920409,3.09685240338087e-05,0.00015175289789399,1.42328549951122
"CHD3",0.374507965536616,0.124670705825974,4.2237295734543,3.10990192909768e-05,0.000152275489396386,1.41929255508457
"LTBP1",0.650882200634027,0.350793531907341,4.2228405442067,3.12156587737432e-05,0.000152729487563487,1.41573780066911
"SRSF3",0.275462897411371,0.27951541666465,4.2210378224014,3.14534566347225e-05,0.000153775130637598,1.40853173738632
"LRRC40",-0.302675411576967,-0.109042507349838,-4.21955801809524,3.16499495440879e-05,0.000154617389318287,1.4026185433358
"URB2",0.367543560606577,0.0547916071668092,4.21914507293345,3.170499040144e-05,0.000154767862166051,1.40096877551381
"SPTAN1",0.356369764852213,-0.358560539426821,4.21823313711101,3.18268648236449e-05,0.000155244103818925,1.39732599058593
"CHERP",0.248060024787617,0.246664642353814,4.21710605232508,3.19781104138052e-05,0.000155740351702254,1.39282475602271
"UQCRB",-0.505245738680075,0.261321879659665,-4.21696044382907,3.19976998485955e-05,0.000155740351702254,1.39224331862111
"BMP2K",-0.302737488550017,-0.0470460579071534,-4.21693015449483,3.20017762620763e-05,0.000155740351702254,1.39212237085605
"ZZEF1",-0.27289865024316,-0.239270669108626,-4.21378317785729,3.24280157219881e-05,0.000157669415245575,1.37956048715032
"F11R",0.523226638589428,-0.296096773624158,4.21363989620695,3.2447550764712e-05,0.000157669415245575,1.37898874571662
"LBR",0.556817783530086,0.0203436407865868,4.21222251194225,3.26414031741313e-05,0.000158490767503291,1.3733338513353
"RALA",0.368957852926374,-0.101237241302069,4.21127866318584,3.27711037116347e-05,0.00015899961793221,1.36956915429795
"CPS1",-1.69034935808646,-2.60491325090838,-4.2101083171618,3.29326118131455e-05,0.000159661903133587,1.3649020872339
"PSMB6",-0.440221947228185,-0.0902246028080209,-4.20673412179594,3.3402514455422e-05,0.000161786338097115,1.35145310220997
"RPS6",0.417928663900047,0.239874927937284,4.20659885658706,3.34214847220194e-05,0.000161786338097115,1.35091415929184
"CD5L",-0.693791909935023,-0.531496645685323,-4.20327128390671,3.38914102363824e-05,0.000163936859363107,1.33766087048625
"COL15A1",-0.533319040032995,-0.426152804874209,-4.20284683833681,3.39518025687574e-05,0.000164104662680936,1.33597103636523
"LLPH",0.437110633142452,0.236016614500105,4.2023137703836,3.40277957240053e-05,0.000164347561042189,1.33384896388538
"TMOD1",-0.655885974285019,-1.23625397384625,-4.20140211027395,3.41581365016042e-05,0.000164713564035053,1.33022032675853
"ARHGAP5",-0.36111434090797,-0.00794034862781581,-4.20125845715968,3.41787180953812e-05,0.000164713564035053,1.32964861562947
"INTS14",0.335811002377446,0.230314308668099,4.20124276763724,3.41809666948231e-05,0.000164713564035053,1.32958617548086
"CSTA",0.954983999321469,-0.571312521108742,4.20021255359563,3.43289247659564e-05,0.000165213631292589,1.32548665453562
"TMSB4X",-0.856039927633925,-0.250629340102854,-4.20015999161942,3.43364900117878e-05,0.000165213631292589,1.32527751937599
"GSK3A",-0.243505538892036,-0.0465675223292775,-4.19894247746023,3.45121726243489e-05,0.000165933902263906,1.32043389560928
"CENPV",0.823613958409246,-0.473466424111736,4.19764705725606,3.47000382800884e-05,0.000166711621082291,1.31528172413895
"LRRC1",-0.364484418944207,-0.198754577526919,-4.19738290447924,3.47384660610194e-05,0.000166770756240307,1.31423130566428
"PNPLA6",0.273329691442455,-0.180611723448349,4.1953722612381,3.50322990401164e-05,0.000168055018310401,1.3062378153748
"CPNE8",-0.405576036341305,-0.140324847720957,-4.19443096340254,3.51706725652508e-05,0.000168592150397242,1.3024967850283
"UBAP1",-0.276804980940557,0.122226837981394,-4.19392906063491,3.52446666969436e-05,0.000168696156833171,1.30050236497351
"SRPK1",0.478668311592634,0.0786653680607877,4.19392537130814,3.52452111535551e-05,0.000168696156833171,1.3004877054233
"UBXN6",-0.310570376685988,-0.176022406503839,-4.19370793202378,3.52773141793915e-05,0.000168723334108925,1.29962373028775
"PPTC7",-0.465703904265385,0.00601750828747538,-4.19224959510426,3.5493346985238e-05,0.000169629506362833,1.29383020201158
"CHEK2",0.549706279574482,-0.0524818756688239,4.19087962740678,3.5697438212274e-05,0.000170477294678661,1.28838938719094
"VIPAS39",-0.265969305427044,0.040261197935881,-4.18405269027539,3.67312819664796e-05,0.000175283434496242,1.26130009354533
"ZC3H15",0.318806924262002,0.279580438817027,4.18248236891408,3.6973092636699e-05,0.000176305598570069,1.25507467295167
"LCP1",0.503688109409586,-0.111246665053204,4.18035112810403,3.73037076420461e-05,0.000177749383055571,1.24662889035964
"PHPT1",-0.567511003366069,-0.119881922893959,-4.17716468174374,3.78032780942187e-05,0.0001799954739982,1.23400870892819
"IFIT3",0.734269752222736,-0.339072782562351,4.17592794760215,3.79988863442808e-05,0.000180792018858594,1.22911285345521
"EIF2S3",0.262293648078039,0.344484942146204,4.17361422828464,3.83674308339139e-05,0.000182409565059226,1.21995704165428
"DSCC1",0.628800842523879,-0.00771569736298821,4.17148780205181,3.87091455912503e-05,0.000183897243006052,1.2115464078931
"HM13",0.649390535017168,0.0912453010289238,4.1702735089195,3.89055810442167e-05,0.000184693037150427,1.20674525520714
"KIF1B",-0.289855123651286,-0.137987649372672,-4.16769489737544,3.9325878218685e-05,0.000186549578325634,1.19655394051311
"RASA4",-0.474711333081484,-0.245147774381752,-4.16726384574535,3.93965578238189e-05,0.000186746118563537,1.19485087043498
"LSM14B",0.537500488978482,0.122727859999046,4.16701872880016,3.94368036869158e-05,0.000186798213309316,1.19388249255274
"TMOD3",0.214625490124319,0.0717172260638665,4.16383866822025,3.99625051665759e-05,0.000189147958108664,1.1813237463026
"B4GALT1",0.537697289912199,0.0806453652226102,4.15989397226565,4.06238961359688e-05,0.000192135982835674,1.1657572799049
"ITGA2",0.645112561003004,-0.0755057901707825,4.15830370131885,4.08934705070678e-05,0.000193267808429036,1.15948554605924
"RABEP2",-0.34579773274333,0.0811512579733813,-4.1574462282517,4.10395315398195e-05,0.000193814651539754,1.15610472697934
"RSBN1L",0.287060502419178,0.0816175859462074,4.15720257106452,4.10811264829678e-05,0.000193834237211726,1.15514415724492
"ACSF2",-0.68259704306809,-0.223729953756235,-4.15706637447155,4.1104394234092e-05,0.000193834237211726,1.15460725149506
"CDK7",0.266297814067103,0.274996993189338,4.15641155616996,4.12164385217135e-05,0.000194219158642908,1.15202608854295
"SLC4A1AP",0.335247274940324,0.187065395456804,4.15459364948624,4.15290238328118e-05,0.000195547800274708,1.14486218231922
"TRAF4",0.47545048773747,-0.146878935311331,4.15407455065598,4.16186957031036e-05,0.000195825624218362,1.14281706420701
"POLR1A",0.330099895461807,0.174906217607408,4.15385320520446,4.16569881797397e-05,0.000195861465042443,1.14194508907534
"GNPDA1",-0.387714198664997,0.135601182978805,-4.15204391526214,4.19712545024571e-05,0.000197193863133325,1.13481908480853
"CYLD",-0.36192526388556,-0.122301397303445,-4.15159065401924,4.20503373582634e-05,0.000197420150023906,1.1330343242583
"AATF",0.416957061058622,0.219422670304372,4.15038873053998,4.22607313903829e-05,0.000198262138080525,1.1283024823012
"RNGTT",0.353064699448483,0.0395496631130859,4.14764634353034,4.27445424318695e-05,0.000200384657435746,1.11751062243821
"SBF2",-0.296781273587214,-0.235490923211891,-4.14615955509351,4.30090430725582e-05,0.000201476698472696,1.11166248819697
"PEX19",-0.360488878515514,0.176296929192789,-4.14489180774464,4.32358074089235e-05,0.000202390491426669,1.10667742197013
"DNAJC2",0.39081180050955,0.20680431601307,4.14426307358825,4.3348692453546e-05,0.000202770257374279,1.10420560798753
"CILP",-1.05814331517124,-0.0684655343285199,-4.1435048674537,4.3485196904229e-05,0.000203259869863472,1.10122523539175
"NFIC",-0.405651060200541,-0.0785715479757619,-4.14310731785547,4.35569337582296e-05,0.000203446248753691,1.0996627353938
"IDH3A",-0.342416120276737,0.0769425469283264,-4.14267245575717,4.36355326963808e-05,0.000203664383235666,1.09795373972789
"GGPS1",-0.516886772886964,0.131238712492839,-4.14094061466081,4.3949896381105e-05,0.000204981803063079,1.09114925691701
"ASPA",-0.555510629343906,-0.990932218579343,-4.14059511051735,4.40128699377902e-05,0.000205125674856051,1.0897920620536
"EPHX2",-0.735323946413507,-0.779834399362523,-4.13876955495958,4.43470358973969e-05,0.000206532329835798,1.08262268521858
"PROCR",-0.504643488208789,-0.315738513364186,-4.13805162440654,4.44791134184045e-05,0.000206996457125738,1.0798039871508
"NEXN",-0.603729573635299,-0.408921526088059,-4.13782277925468,4.45212927225942e-05,0.000207041845618182,1.07890560095167
"KANK3",0.415764372185747,-0.825603096861915,4.1364780206911,4.47699211626821e-05,0.000207984539404412,1.07362733516466
"TM7SF2",0.758988284708703,-0.701989043734785,4.13637429816949,4.47891529649283e-05,0.000207984539404412,1.07322028167011
"HEBP2",-0.512249298355973,0.00838184675834691,-4.13565212622903,4.49232734508829e-05,0.000208455741994104,1.07038641144553
"MCCC2",0.64253609102937,-0.365747459175186,4.13508214583676,4.50293992785765e-05,0.000208796451992528,1.0681500699473
"MGST3",0.630840323872231,-0.566768605081033,4.13280973149735,4.54548839535787e-05,0.000210616425285631,1.05923692043482
"NCAPG2",0.394766001633206,-0.0106684512220441,4.13186316141182,4.56332464514267e-05,0.000211289542126439,1.05552546696637
"CACYBP",0.40556790171503,0.154483358400924,4.1307363970796,4.5846432242902e-05,0.000212111907228174,1.05110847997797
"NBL1",0.845699027949259,-0.732114623779008,4.13057367730993,4.58772973973544e-05,0.000212111907228174,1.05047069798799
"TYK2",-0.263178028941859,-0.105113675119464,-4.130226535072,4.59432105096788e-05,0.000212262951595006,1.04911014572955
"RHBDD2",0.799333939518678,-0.494222354755083,4.12657216412105,4.6642574169543e-05,0.000215338276263581,1.03479384852978
"CENPB",0.371735507267628,0.155700090158253,4.12476523116877,4.6992115495436e-05,0.000216795272715577,1.02771926224731
"GM2A",-0.555925498371879,0.0422275287785575,-4.12198728767388,4.75343640734528e-05,0.00021913856650469,1.01684838072797
"CRIPT",0.39115129308967,0.106011761020437,4.11616360441788,4.86905392807037e-05,0.000224306705127917,0.994080093486329
"TOMM40",0.432059243557327,0.183728428828285,4.11409600893895,4.91074231265308e-05,0.000226064092763446,0.986003601476637
"ADAM17",0.358042802942725,0.0160990410261322,4.11158464859425,4.96183542108093e-05,0.000228251578988485,0.976198588315852
"GOLGA3",-0.279556114808675,0.166882211062195,-4.11089600326397,4.97593395654136e-05,0.000228735337023158,0.973510879043077
"SENP8",-0.489132388965896,-0.308543269143123,-4.10996199932822,4.99511664410845e-05,0.000229451940810305,0.969866210412806
"RPP40",0.370323029698911,0.259537141817679,4.10842248405412,5.02688916893423e-05,0.000230745415842164,0.963860347518142
"NABP2",0.284310471821677,0.325526269107219,4.10631489023232,5.07069785427534e-05,0.000232398904822347,0.95564162409632
"ATP13A1",0.441222469262516,-0.0106235121544252,4.10618515342346,5.07340642095363e-05,0.000232398904822347,0.955135829834645
"DDX59",0.287536660425663,0.0314966617626235,4.10616484963827,5.07383043574553e-05,0.000232398904822347,0.955056674436922
"SNX18",-0.356862918095268,0.0786498604702573,-4.10587876643923,5.07980845205494e-05,0.000232505928074343,0.953941401264857
"SELENOO",0.321663708999366,-0.145915409453838,4.10561346874103,5.08535812515668e-05,0.00023259320651236,0.952907221430491
"XAF1",0.606791093560628,-0.109240793900243,4.10450755186922,5.10855467406905e-05,0.000233486911910744,0.948596801260575
"RBM34",0.490952871871056,-0.0195297130392535,4.10367617743628,5.126059001356e-05,0.000234119361399557,0.945357127482933
"DDX50",0.330271245777016,0.193886914171787,4.10317643962287,5.13660828568893e-05,0.000234433480372579,0.943410049921682
"GAR1",0.507924538874023,0.405512982898727,4.10278757264569,5.14483142239426e-05,0.000234641061657053,0.941895095191877
"TRIM29",1.24443151243946,-0.788696473698596,4.10179549336287,5.16586713751366e-05,0.000235383902578626,0.938030722601719
"SDAD1",0.339447751416238,0.155820879394264,4.1015309161547,5.17149095847131e-05,0.000235383902578626,0.937000277188669
"AGRN",0.418647356879099,-0.433704772955562,4.10149857567657,5.17217878336433e-05,0.000235383902578626,0.936874325264438
"PI4K2A",0.362041345341217,-0.00139290512874972,4.10062870738654,5.19071205461181e-05,0.000236059091657382,0.933486907605686
"ACOT1",-0.520396234319083,-0.243971640514186,-4.09779079274987,5.25161676144802e-05,0.000238658882717762,0.92244008719097
"THEM6",0.514652841240113,-0.0872646629430962,4.0949709808969,5.31280632263586e-05,0.000241267911593385,0.911470572869809
"UNC13D",0.476841927032188,-0.209075816783992,4.09469378275052,5.3188579868497e-05,0.000241371060739412,0.9103925963093
"RALGAPA2",0.47208253250083,-0.069172784609333,4.0924011701349,5.36916141775516e-05,0.000243480792985559,0.901479541293479
"SENP3",0.364987847548561,0.0420105705632392,4.09211062243639,5.37556871400347e-05,0.000243598340943308,0.900350292645672
"IRS2",0.649489339374124,-0.308127483273439,4.08652931215679,5.5000721970098e-05,0.000249063553034806,0.878671915182358
"LSG1",0.295453866439867,0.277186166769538,4.08598264243055,5.51241335707403e-05,0.00024944549457773,0.876550031476868
"UBE2L6",0.598908940120419,-0.046284640022001,4.0833368142444,5.5725167083234e-05,0.000251986679763774,0.866283945728854
"GBA",-0.388417794976822,0.273561103906197,-4.08111402898642,5.62349160552538e-05,0.000254111775663691,0.85766395441093
"SOAT1",0.611182792967238,-0.000372700574950176,4.08032157403345,5.64177194503351e-05,0.000254757523826301,0.854591828971269
"CLP1",0.263905582316013,0.144440358231658,4.07514817441677,5.76250859965588e-05,0.000259978893143619,0.834549260608763
"ARL3",-0.439636522062853,0.0326346491460223,-4.07501935993504,5.76554600926177e-05,0.000259978893143619,0.834050506192628
"NUFIP2",0.334477407631191,0.261451667289632,4.07478265590191,5.77113139602086e-05,0.00026004709924907,0.833134053366154
"PKIG",-0.503263019856608,-0.520651989941903,-4.07391933691429,5.79154636168218e-05,0.000260782958528496,0.829791927836427
"VEZF1",-0.427195696977487,0.118901337045374,-4.07161883197966,5.84628256931516e-05,0.000263062115610129,0.820889218941329
"GINS3",0.727820902686269,-0.0149430103976228,4.07128116718425,5.85435797144564e-05,0.000263239969349862,0.819582874790524
"RSBN1",0.262549071730347,0.046041527365848,4.06449400316121,6.01894396141661e-05,0.00027045008581031,0.793345739032191
"NIF3L1",-0.274526505314534,0.0266764594825423,-4.06346009305974,6.0443989117564e-05,0.000271402862528584,0.7893524280447
"SMPD2",0.493177900362933,-0.205468114764933,4.06267428954429,6.06381390792367e-05,0.000271926973761258,0.786318003292039
"CBX3",0.395037196899066,0.446251033508526,4.06264296623806,6.06458904676635e-05,0.000271926973761258,0.786197057573005
"ANP32E",0.678168719539119,-0.151343085635069,4.0618779283513,6.08355026142156e-05,0.000272585743292468,0.783243351024914
"POP1",0.349179140456955,0.0541495653965545,4.0609130194748,6.107545626528e-05,0.000273468995970416,0.779518687456041
"OGT",0.275580138115529,0.068740589038259,4.05797296356221,6.18121520105615e-05,0.000276573644420067,0.768174655787836
"SLC25A17",0.413069886394473,0.0323975923234412,4.05401998626022,6.28159859079436e-05,0.000280868396374103,0.752934042794894
"NT5C2",0.415833476557823,0.0649233384724204,4.05253099868895,6.31981092436549e-05,0.000282246630423047,0.747196770272086
"EXOSC9",0.289154641698438,0.154535416799747,4.05247456218859,6.32126361010112e-05,0.000282246630423047,0.746979350240522
"NUMBL",-0.399574349293144,-0.066231766569458,-4.04723264687288,6.4575846014053e-05,0.000288131919496666,0.726796966640298
"COPS7A",-0.304200243087081,-0.0858832058648925,-4.04694482002956,6.46515019246512e-05,0.00028826804454532,0.725689462639727
"CHD1",0.412976358024657,-0.00328768838081267,4.04550319520173,6.50317059794246e-05,0.000289760950927164,0.720143432110296
"ZDHHC20",0.372424585853199,-0.0117557266652988,4.04116765643092,6.61879819862359e-05,0.000294707297756009,0.7034750941135
"LCN2",1.0137748147211,-0.621936725342348,4.0403148722264,6.64177056309333e-05,0.000295524076971086,0.700198399129839
"AKR1B10",1.6357999360255,-3.55957262693919,4.03971924830336,6.65786046029684e-05,0.000296033698043143,0.697910175237308
"SHARPIN",-0.295879959493587,0.0351960210455001,-4.03771719486632,6.71221498852136e-05,0.000298242816295817,0.690221073704513
"THOP1",0.311668071070604,0.275600640085171,4.03583776715403,6.76362394433119e-05,0.000300318072910672,0.683006070627789
"SLC12A9",0.384457397490339,-0.0764983758751374,4.03557527089657,6.77083385713393e-05,0.000300429285460738,0.681998606368011
"LMNB1",0.457247267207112,0.065316930198603,4.03265829107909,6.85144695301435e-05,0.000303795061076366,0.670807191986637
"SRSF9",0.345570992803937,0.281282555921594,4.03173613701847,6.87712063291444e-05,0.000304721826794995,0.667270739655909
"MPP7",-0.587633324338835,-0.149261831534841,-4.0291381346564,6.94994417314239e-05,0.000307735045391915,0.657311364351968
"SLC33A1",0.550171054268276,-0.108299401813329,4.02833164978246,6.97269908345695e-05,0.000308528646208404,0.654220908266994
"OAS3",0.641790943968931,0.109610037367196,4.02532423272308,7.05817900230393e-05,0.000312094687878882,0.642701406100922
"MED6",0.254629338419222,0.220257653188836,4.02508077696799,7.06514215177981e-05,0.000312186385045772,0.64176922300666
"NCOA4",-0.362855599151443,-0.0590326847880214,-4.02466292639872,7.07710843792337e-05,0.000312294464364176,0.64016940770502
"RFC2",0.332413691651667,0.100825712228894,4.02465379198244,7.07737024173786e-05,0.000312294464364176,0.640134436646976
"MAPK9",-0.31333025359477,-0.120329524524158,-4.02381265445631,7.10151778059693e-05,0.000313143584455189,0.636914454919055
"HNRNPLL",0.262854082887823,0.236052851334291,4.02295495635832,7.12622135062132e-05,0.000314016033980105,0.63363170525919
"MGAT5",0.508811422371785,0.210241916817112,4.01933783831609,7.23130340033828e-05,0.000318426704904551,0.619794542228552
"COL12A1",0.855112518340853,0.0817728562262343,4.01894778236674,7.24272257689703e-05,0.000318709742615352,0.618303070229953
"NOP53",0.448275548463834,0.182807009569334,4.0180538080056,7.26895900612411e-05,0.000319643961805113,0.614885240892906
"TFEB",-0.364265377317518,0.022586881453705,-4.01537778101459,7.34803603980629e-05,0.000322898899615713,0.604658414437887
"TXNDC15",0.424220040161679,0.00384010819441269,4.01394603601016,7.39067926963105e-05,0.000324549430100373,0.599189329093166
"TRMT11",0.383567509459245,0.0648713820554701,4.0132524546007,7.41142139861123e-05,0.000325236602268953,0.596540571401685
"PLD3",-0.416841563360024,-0.388040257420959,-4.01247032254126,7.43487805177523e-05,0.000326041870608412,0.593554140448311
"PIGO",0.400915002833569,-0.192808364740627,4.01224504073333,7.44164747276778e-05,0.000326114750265081,0.592694040182689
"PADI2",-0.75249138477118,-0.731889582156995,-4.01162653102859,7.46026299176705e-05,0.000326706304543434,0.590332865768145
"ZNF146",0.403252874908078,0.0783084550465943,4.01001910080597,7.50884952413505e-05,0.000328608664918453,0.584198009144953
"NUB1",0.372808145723019,0.0966998261984794,4.00839229647818,7.55832761725469e-05,0.000330547409836789,0.577991480166954
"MTMR9",-0.310134424695488,-0.153254558916034,-4.00646343934883,7.61739373022945e-05,0.000332902525445004,0.570635529009826
"GPATCH4",0.562554113991371,0.210399807358919,4.00599090404286,7.63193058440157e-05,0.000333309690707278,0.568833942978322
"PLCG1",0.303116549767961,0.00435404289814533,4.00452105422704,7.67731700109625e-05,0.000335062672945998,0.56323123223958
"C1RL",-0.496319827798435,-0.185539384479752,-4.00206836762846,7.75362303000023e-05,0.000338161769443658,0.553886338949231
"APOOL",-0.418487861062809,0.0564996426675822,-3.9990611218323,7.84816525437435e-05,0.000342051434465394,0.542435627987364
"DDOST",0.3693969562991,0.0906740633213824,3.99691697142327,7.91624082290887e-05,0.00034478306721878,0.534276100696732
"RFT1",0.489307092684145,-0.0472887594629028,3.99576978475492,7.95289324985119e-05,0.0003461433087955,0.529912132270563
"EHD4",0.267219283695241,-0.327742814131229,3.99488833236615,7.98116493087509e-05,0.000346985702921832,0.52655980563884
"VPS18",-0.203677590121599,0.0214797233144518,-3.99475132025458,7.98556801486808e-05,0.000346985702921832,0.52603878348258
"LARP1",0.293194190843085,0.266220836183748,3.99465853760358,7.98855103046347e-05,0.000346985702921832,0.525685963906676
"HLA-F",0.603797314447466,-0.490968864081479,3.99275592523189,8.04995493793655e-05,0.000349415107265295,0.518452642501908
"NISCH",-0.293355620951755,-0.117413151225374,-3.9905320246085,8.12229601027375e-05,0.000352315625173899,0.510001816980847
"SLC2A3",0.791063367239472,-0.327353268147769,3.98937648599437,8.16012769425298e-05,0.00035371632944878,0.505612455812266
"GCN1",0.285513022792907,0.176277369318686,3.98851785298186,8.18834713923968e-05,0.000354698754979955,0.502351650123659
"HIF1AN",-0.3119839145146,-0.0911300748120172,-3.98179345675154,8.41257437963038e-05,0.000364164660433491,0.476836643427748
"TRIM47",-0.353414337242852,-0.112076739655188,-3.98111557242261,8.43549929662902e-05,0.000364909640982224,0.474266652501783
"ARHGEF2",0.351116617078911,-0.0310611060984676,3.98015180741847,8.46819433333858e-05,0.000366075970334237,0.470613516571175
"AGTRAP",0.532522560771761,-0.163827373108666,3.97977044877406,8.48116483913353e-05,0.00036638861635905,0.469168204491051
"OGFOD2",-0.570213363995912,-0.164365163918891,-3.97919754335945,8.50068555125638e-05,0.000366983618963976,0.466997185222279
"HNRNPA3",0.295907942871062,0.163518744517397,3.97655403658385,8.59131196316556e-05,0.000370645451924406,0.456983319906427
"PSTPIP2",0.478700657841813,0.0449408884241215,3.96874672703018,8.86435125451873e-05,0.000382166662796098,0.427443751626937
"UBE2R2",-0.248259202746153,0.199997927301066,-3.96663560133486,8.93958463533363e-05,0.000385150120759819,0.419465201846437
"NAGLU",-0.506007776748812,0.00450461104968955,-3.96450209975218,9.01623074860862e-05,0.000388190379837263,0.411406006613991
"SNTB2",-0.308704311710047,-0.269393181477247,-3.96328503123703,9.06023286288194e-05,0.000389822013675884,0.40681035648783
"HBZ",0.881320015376994,-1.79401006590028,3.96277038968159,9.07890053740672e-05,0.000390362154419811,0.404867456028359
"ABLIM1",0.460676819145219,-0.50324496446874,3.96259744064307,9.08518213407458e-05,0.000390369366931805,0.404214581677264
"TRUB1",0.337651538368655,0.229717004473436,3.9614946080559,9.12533466442313e-05,0.000391830947090395,0.400052050524693
"TXNDC5",-0.566169353246749,0.0757934175344084,-3.96031523141542,9.16846033567944e-05,0.00039341814007603,0.395601776868475
"ITGA6",0.602109765845053,-0.394090313412667,3.95749211070589,9.27247876191543e-05,0.000397614351207724,0.384953872938524
"GEMIN7",-0.321432112836838,-0.113300892678969,-3.95652960475381,9.30819769131594e-05,0.000398878135966794,0.381325187812794
"NOP16",0.398496348927174,0.283182796601591,3.95352584966636,9.42050929453284e-05,0.000403420200171644,0.370006073783839
"TAGLN2",0.422795808462931,0.29421633470816,3.9518398788589,9.48411045835501e-05,0.000405871617135367,0.363656219383246
"IFIT2",0.653407467907174,-0.545244679216889,3.95058171183219,9.53183842559098e-05,0.000407640913244464,0.358919202810853
"GSTA1",1.15852791533868,-2.41010496333536,3.95028724202008,9.54304185321363e-05,0.000407846869027905,0.357810717923901
"MAMDC2",-0.704467630069808,-0.618962708839133,-3.94959470094957,9.56943959083654e-05,0.00040870148352837,0.355204053132102
"BCAM",-0.565777436137122,-1.21707645575641,-3.94681439791695,9.67611582696995e-05,0.000412981280449219,0.34474341683585
"OLFM4",-1.40736438656219,-1.12449350965651,-3.94556187487338,9.7245409722126e-05,0.00041477083572196,0.340033102444003
"MB",0.905725357306412,-1.78056483996103,3.94514873642384,9.74056411218155e-05,0.000414931034638581,0.338479727120434
"LGMN",-0.435287494537893,0.146202125553231,-3.94512993284323,9.74129398470216e-05,0.000414931034638581,0.338409030327018
"PGLYRP2",-0.436778996968483,-0.274475033726639,-3.94440176727051,9.76959810812719e-05,0.000415859226135948,0.335671544381003
"SNRPD2",0.230876097834398,0.32331722120786,3.94234925509819,9.84980055783295e-05,0.000418718865098303,0.327957747090507
"ZNF326",0.361641712677381,0.117207625072015,3.94234687162861,9.84989405446596e-05,0.000418718865098303,0.327948791605007
"SPOUT1",0.441327493770225,0.263620300035362,3.94149184767251,9.88348853817307e-05,0.000419867427253726,0.324736500947806
"PRPF4B",0.268471585415351,0.216679188482812,3.94066652888147,9.91601892617369e-05,0.000420969287524063,0.321636412698203
"CNNM4",-0.43414219678868,-0.209426728407438,-3.94031351467416,9.92996415355554e-05,0.000421281203458154,0.320310590058295
"PRIM2",0.62242361635877,0.255543549198723,3.93665515770823,0.000100755805857369,0.000427175179548008,0.306577188198481
"CRNKL1",0.293942429442004,0.228668776197664,3.93631198767818,0.000100893434411436,0.000427474836574001,0.30528953004056
"MCM7",0.696540211194131,-0.0986037289622279,3.9350689871286,0.000101393434232906,0.000429308406881371,0.300626342160284
"DPM3",0.483044221050595,-0.0327258703812404,3.93358490150382,0.000101993488359886,0.000431562904690439,0.295060465392553
"AKR1A1",-0.358032177167624,0.0678472753402363,-3.93318586971153,0.00010215540066337,0.000431961743864648,0.293564272741228
"VAV2",0.435295556768072,0.127262282117716,3.92913195432861,0.000103814202328797,0.000438685428106795,0.278371716098684
"FAM76B",0.342945136745868,0.0882924280291333,3.92864478349825,0.000104015255462863,0.000439244316223794,0.276546942235122
"UBE2C",0.910920374049111,-0.162935326404866,3.92810035199269,0.000104240376563805,0.000439683112034254,0.2745079333725
"KIFC1",0.634105317923778,-0.325776782138283,3.92796496591971,0.000104296430046056,0.000439683112034254,0.274000924403425
"SDC2",0.733177301920614,-0.448670698795798,3.92789417648761,0.000104325750153782,0.000439683112034254,0.273735830523126
"NAGK",-0.312619243601389,0.0297397443628572,-3.92554745537404,0.000105302168061273,0.000443505503345138,0.264950238052731
"NCAPH",0.639066513213907,-0.0557745666177435,3.92505763656951,0.000105507060533064,0.00044407553164378,0.263117070425668
"GK",0.557865855271973,-0.00527413366515429,3.92457906800685,0.000105707611954953,0.000444499206845489,0.261326208477191
"HLA-DRB4",1.44423545558135,-1.27561068953883,3.92448529077906,0.000105746953045935,0.000444499206845489,0.260975305948835
"NSUN2",0.385971102597041,0.223988906340363,3.9225327473622,0.000106569236913934,0.000447660906378598,0.253670869922006
"NMD3",0.278618272433575,0.239414840198446,3.92133691721543,0.000107075831298219,0.000449493216856759,0.249198921594337
"ARIH1",-0.26776899514237,0.0871659175513279,-3.92097138552411,0.000107231137917818,0.000449849418925934,0.247832220387762
"PARD6B",0.482068237384266,-0.0946606888455294,3.92056084158254,0.000107405823847868,0.000450286398731869,0.246297359405458
"KIF23",0.673867769965065,-0.0280241665416517,3.91870877283036,0.000108197235264352,0.000453306658243364,0.239375028516881
"SH3GLB2",-0.334062009194556,-0.0883518901149205,-3.91831326581514,0.000108366954868158,0.00045372000448078,0.237897159259059
"FCHSD1",-0.31763444795794,0.0222715641072153,-3.91468656709206,0.000109935049294816,0.000459915028913965,0.224351809718424
"MCM4",0.735816228650572,-0.0389881350985645,3.91455889376539,0.000109990641997122,0.000459915028913965,0.223875171081445
"RECK",-0.400170393123275,-0.521488532178574,-3.91414519175761,0.000110170963042679,0.000460367538630567,0.2223308082577
"RER1",0.513433947861767,0.085994900757234,3.91252844611297,0.000110878347213766,0.000462967312367869,0.216296871181281
"SOD3",-0.580124010301952,-0.831175838181193,-3.91239224928738,0.000110938134365362,0.000462967312367869,0.21578866793738
"PABPC4",0.449040062724523,0.0722390723088027,3.91114680965295,0.000111486271383408,0.000464950909721138,0.211142196670379
"APOA2",-0.721273860252438,-1.07861225632018,-3.91042547858465,0.000111804912834386,0.000465792227963486,0.20845167979139
"UXT",0.383431638383561,0.0471596324441792,3.91035994297523,0.000111833905319972,0.000465792227963486,0.208207258737284
"SMAP2",-0.357816090254324,0.0523316037670556,-3.9090656440421,0.000112407955712674,0.000467877964292975,0.203380817209024
"METTL5",-0.3253269871328,-0.0542594558532525,-3.90767937815188,0.000113025891736771,0.00047014353012331,0.198213045709144
"CD93",0.487321706570169,-0.366222720473412,3.90730526292199,0.000113193206475798,0.000470532957908834,0.196818691817558
"PELP1",0.2661115926215,0.0544696039781268,3.90462197546373,0.000114400143251141,0.000475240673167557,0.186821455726038
"RGCC",0.476835537686681,-0.338963906554342,3.90360993577725,0.00011485851507186,0.000476834602557755,0.183052482891143
"CIZ1",-0.282504182839708,-0.0131105863801792,-3.90322074603646,0.000115035249226126,0.000477258002799749,0.18160332467507
"UGT8",0.645465608194481,-0.558011664493569,3.90105192307197,0.000116024856779454,0.000481051110738189,0.173530067487489
"RBM25",0.224418315858559,0.285842206571734,3.89921778746221,0.000116868039493244,0.000484232597121587,0.166705847627519
"FCN1",0.950503937228157,-0.912536814942799,3.89774954524881,0.0001175471948083,0.000486730764494807,0.16124510620496
"HK1",-0.309173170929211,0.133551858203945,-3.89657507731323,0.000118093150545373,0.000488674508251591,0.156878330961367
"IGLL1",-0.568455917308307,-0.66067973714923,-3.89624715976859,0.000118246012635767,0.00048899014940374,0.155659318924127
"HPCAL1",0.3625922603096,-0.393466073969901,3.89601599360289,0.000118353885704694,0.000489119456455969,0.154800030029058
"APPL1",-0.232475690606574,-0.16509345165973,-3.89549324357323,0.000118598169443615,0.000489811974060467,0.152857039515389
"NECAP1",-0.319214712124872,-0.101535633560379,-3.89347463791771,0.000119545964327962,0.000493407228334867,0.145356389363915
"NHLRC3",-0.411852094469387,0.147366863522238,-3.89074669276522,0.000120838218493875,0.000498418620854905,0.1352256385477
"SYNCRIP",0.553805351053183,0.254645688894246,3.88942147862975,0.000121470749390472,0.000500704154201526,0.130306537243423
"RPL13",0.387902063518861,0.242747167786942,3.88881388698442,0.000121761802984206,0.000501580072293003,0.128051710994797
"IGF2R",0.387128739890605,0.0291348880698689,3.88719875103164,0.00012253871356343,0.000504340047606626,0.122059361228645
"PRRC2A",0.235034914767291,0.133524052620214,3.88709292509582,0.000122589781344633,0.000504340047606626,0.121666813469418
"PTGES3",0.302447705073435,0.203419810690469,3.88651594183058,0.000122868567360141,0.000504773569464005,0.119526739397252
"SCARB2",0.512316699152308,-0.140547511833491,3.88641493506764,0.000122917433385917,0.000504773569464005,0.119152127568233
"GTF2A1",0.294933884994836,0.062134776163894,3.88638415970685,0.000122932325844405,0.000504773569464005,0.119037990301048
"VSIG4",-0.590834432631291,-0.468394726718759,-3.88622028019499,0.000123011657311829,0.000504774699187678,0.118430220584063
"FNTB",-0.335073042037575,0.0461427213074882,-3.88399571247277,0.000124093342269794,0.000508886313675423,0.11018241793925
"NDUFV3",-0.365894176904779,-0.0916784973575952,-3.87936399185752,0.000126374460300373,0.000517908170101335,0.0930236858086833
"TMED8",-0.32001483836524,0.0318774323830515,-3.87896251707981,0.000126574045071633,0.000518393378949569,0.0915372570382544
"CAMK1D",-0.583839586250959,-0.0788486619200448,-3.87786180690863,0.000127122771946096,0.000520306986458863,0.0874626843334871
"PUS3",0.353910870136338,0.000233669761098878,3.87729625928743,0.000127405584330487,0.000521130465054553,0.0853695691634719
"NAXD",-0.390633364705078,-0.217998585329854,-3.87681565029212,0.000127646389714335,0.000521781176905266,0.0835910343525921
"DHX40",0.309277918565766,0.0753855186228566,3.87475775372616,0.000128682363879807,0.000525679394352251,0.0759778870198327
"FBP1",0.712485288580028,-0.446998571175731,3.87324796811456,0.000129447467928979,0.000528466804812358,0.0703948116436353
"PITPNA",-0.360445243744516,-0.1013582295325,-3.87188321289184,0.000130142779897763,0.00053096591031771,0.0653497570320987
"KIAA0513",-0.364558574808015,-0.029547464212905,-3.86696456266007,0.000132678166616566,0.000540964300029868,0.0471805795398001
"WASHC4",0.208677942621032,-0.00356423512192858,3.86623748564167,0.000133056891399487,0.000542162253724138,0.0444965927745553
"PSME4",0.340050446409357,-0.0347226012438836,3.86504054107223,0.000133682593572029,0.000544035097014778,0.0400791054225795
"CLIC3",0.565320560158204,-0.759061223141761,3.8650322584368,0.000133686933001752,0.000544035097014778,0.0400485415770522
"COA6",-0.418708677140936,0.168442583375888,-3.86108515283573,0.000135770136140224,0.000552160712901483,0.0254900893773256
"MSR1",0.524842612324803,-0.189828859620017,3.86053492776676,0.000136062961997404,0.000552999371326178,0.0234617253960288
"DEFA4",0.752663725749893,-0.610366272846758,3.85526773455136,0.000138896532586846,0.000564156717917947,0.00405797025104881
"ARGLU1",0.389983514832728,0.2499427207481,3.85504871094478,0.000139015560626657,0.000564268245057172,0.00325163568981779
"FAHD1",-0.582074458740551,-0.0749448137817267,-3.8548920832698,0.000139100738875488,0.000564268245057172,0.00267503717554174
"CTNNB1",0.430149711328307,-0.0478380619282922,3.85393066773167,0.000139624664789436,0.000566033958527333,-0.000863783965012743
"SNX21",-0.442777388923737,-0.0397540754358739,-3.85359328368376,0.000139808965289164,0.000566421474220377,-0.00210545103810045
"ZBTB7A",-0.267739597787052,0.0349623715621127,-3.85316624114857,0.000140042572992142,0.000567008134784292,-0.00367694385069406
"NARS2",0.453235731418354,0.0832578329997218,3.85052021171172,0.000141498300929465,0.00057236951857044,-0.0134106375087626
"RBM4",-0.295903932578647,0.19431860382575,-3.85043387355685,0.000141546040692674,0.00057236951857044,-0.0137281384310146
"PARP2",0.383660959925665,-0.0021301237633905,3.8493910784134,0.000142123847984985,0.000574342259103881,-0.0175624114660993
"RPS28",0.298116962756142,0.335250696182971,3.84468238149192,0.000144760810984505,0.000584628575671136,-0.0348640882794413
"SNRPE",-0.356408608305962,0.0228269558915635,-3.84441720787272,0.000144910681600892,0.00058486390772547,-0.0358378688281578
"CUL5",-0.237154267594353,-0.00185074693469511,-3.84129700634527,0.000146685214479382,0.000591651986387147,-0.0472913788776301
"SELENOI",0.497600778436733,-0.125763917775872,3.83935401756329,0.000147800602218371,0.000595774523462311,-0.0544193284596384
"DDX54",0.396569057598178,0.19627324499959,3.83808574781676,0.000148532984133874,0.000598348961321631,-0.0590702596859325
"NCF2",0.519306684468973,0.00556525841496829,3.83746302223404,0.000148893841736798,0.000599424451128282,-0.0613533714843797
"GDPD1",0.5486438165997,-0.315552234556897,3.83599794438289,0.000149746099236797,0.000602040560605746,-0.0667234810330903
"RPS15A",0.255221599655317,0.348942045942799,3.83595629555199,0.000149770394287657,0.000602040560605746,-0.0668761136235707
"MPHOSPH6",0.262158662217314,0.0930221874147033,3.83586007170557,0.000149826538888415,0.000602040560605746,-0.0672287442565249
"SGPP1",0.588817694472437,-0.376049905803568,3.83451789948153,0.00015061174635334,0.000604663547439245,-0.0721465470009726
"MOCS2",-0.47481010576358,-0.0392882720736122,-3.83442079040106,0.000150668708531846,0.000604663547439245,-0.0725022996750626
"SYVN1",0.450137978639339,-0.164473543509094,3.83373630826231,0.000151070789878953,0.000605896352623816,-0.0750096208755107
"ATAD3A",0.440854743976592,0.303943518754984,3.832109891568,0.000152030260230676,0.000609361714735008,-0.0809656932532068
"RAB20",0.446575842480009,0.0294913715088742,3.83185241949154,0.000152182677776154,0.000609589960853666,-0.0819083653645851
"UMAD1",-0.391988793198448,0.0889284043227761,-3.83100803661193,0.000152683547623111,0.000611212822303176,-0.0849994637796376
"GFER",-0.366103246475105,0.0444512188475871,-3.82835910904594,0.000154264969461524,0.000617156535095131,-0.0946925565639338
"NSF",-0.26916541117307,0.241161150086789,-3.82764006429064,0.000154696907636504,0.000618497028966237,-0.0973226640293161
"NCOA7",-0.341376567501793,-0.184620771078593,-3.82495879876072,0.000156317677101684,0.000624585962637206,-0.107126158465336
"IPO13",-0.289343052444263,-0.0662861099003261,-3.82401672061143,0.000156890945444414,0.000626484481965342,-0.110569180872492
"PSPC1",0.341715289104688,0.215760837424549,3.82175079186806,0.000158277946695024,0.000631627931029831,-0.118847315432936
"VKORC1L1",0.582477522077925,-0.0374412777305641,3.82086583346683,0.000158822781146312,0.000633406282085699,-0.122079121519745
"SDF4",-0.378933200524589,0.300314087346353,-3.82010863983781,0.000159290362800854,0.000634687840464891,-0.124843795924162
"GOLPH3",-0.357171105971133,0.329859539377863,-3.82002364479876,0.000159342930033707,0.000634687840464891,-0.125154099523696
"CASP6",-0.472151484672957,0.129430841301786,-3.81664785412756,0.000161444079224915,0.000642656138311147,-0.137473474494711
"NDUFB3",-0.426901891449782,-0.0365177560600001,-3.8148118791962,0.000162597788600669,0.000646845408233814,-0.144169368376315
"IDH2",-0.464078518484426,0.137335465112815,-3.81330043093943,0.000163553412254867,0.000650241928547527,-0.1496794838399
"PSIP1",0.459754591300242,-0.308978558673714,3.81196286867629,0.000164403520359279,0.000653214982883631,-0.154554015766314
"PBXIP1",-0.547873465737114,-0.0942164383705923,-3.81049312216746,0.000165342455057643,0.000656537049467073,-0.15990846684355
"EXOSC1",0.256875428586917,0.2302190207393,3.80676302204786,0.000167748200501502,0.000665675736607887,-0.173489151854692
"MEIS1",-0.422448674227104,-0.471686530750244,-3.80551774987181,0.000168558682504895,0.00066847651415761,-0.178020272835341
"MAD2L1BP",0.30567211648536,0.208330072512083,3.80329397531804,0.00017001523189283,0.000673834423113419,-0.186108453703104
"ZCCHC24",-0.392533413615109,0.169035861324604,-3.80311593145476,0.000170132361544187,0.000673880352642453,-0.186755837082142
"CAPG",0.417743396128413,0.205576254318332,3.80022872365291,0.000172042443769137,0.000681023560735239,-0.197250107749859
"UGDH",-0.748232085132108,-0.523555161031998,-3.79972406801294,0.000172378380704858,0.000681930582899949,-0.199083653990522
"ZNF451",0.275600584186728,0.067092105533268,3.79893698616652,0.000172903559183579,0.000683584659682448,-0.201942883480573
"UBXN2B",-0.359583501536073,0.017295611142326,-3.79558207334461,0.000175159117642056,0.000692073617663694,-0.214124178119857
"CDC42EP1",0.357325769780388,-0.0239479314313221,3.79485418941893,0.000175652140957918,0.000693592405699634,-0.21676573761931
"VPS41",-0.250105634149262,0.0266498983584567,-3.79054469517355,0.000178598086552913,0.000704789111644222,-0.232395789432236
"COX7B",-0.55922272775294,-0.0016585070830262,-3.79037776304477,0.000178713133996483,0.000704807511159692,-0.23300090613577
"ORC3",0.35604226869401,0.0939619242430386,3.78727488747766,0.000180864380471941,0.000712851277353916,-0.244244156311565
"ANKRD54",0.253309424433649,-0.0893712888544223,3.78615796103966,0.000181644722712418,0.000715485227957303,-0.248289266765775
"DUSP11",0.334839825829443,0.0681895449361846,3.78589429916871,0.000181829393787242,0.000715771072337572,-0.249243996784152
"SLC25A19",0.488920644575118,-0.16059558969051,3.78158813268446,0.00018487068036544,0.000727294697555966,-0.264828169424455
"SF3B4",0.354945641021188,0.207534799035249,3.78099628726279,0.000185292414450112,0.000728504966911308,-0.266968808635948
"KTI12",-0.480748637711827,-0.080082712974313,-3.77949045699455,0.00018636953096971,0.000731817619453937,-0.272413844652815
"LYZ",0.74731197574094,-0.157694730791216,3.77943448621677,0.000186409680461699,0.000731817619453937,-0.272616194937564
"GLRX3",0.33590055706392,0.250666049100994,3.77933812801416,0.000186478820180353,0.000731817619453937,-0.272964550816649
"ENDOG",-0.480043017904528,0.0197333629884417,-3.77891952715805,0.000186779459241985,0.000732547203476703,-0.274477789515385
"PVR",0.520888985829865,-0.161789083401193,3.77857912196794,0.000187024275536336,0.000732814227233191,-0.275708238219809
"PTGR1",-0.613528968760749,-0.296297692459792,-3.77850574755946,0.0001870770854174,0.000732814227233191,-0.275973448376551
"TMEM63A",0.539024657921916,0.0724829188399779,3.77829617780013,0.000187227996946841,0.00073295570846449,-0.276730907577205
"CARNMT1",0.449756735646567,0.0719563461824959,3.77735571118643,0.000187906644967987,0.00073516172066213,-0.280129612105942
"RUVBL1",0.263174256202961,0.195680517817602,3.77532391114057,0.000189380745118237,0.000740475234280429,-0.287469582595256
"APLP2",0.487572823247496,-0.305681379938369,3.77460989874807,0.000189901358971555,0.000742056411893134,-0.290048125090379
"SAP30",0.390943073526606,0.0295006437750987,3.76996572241121,0.000193320724867274,0.000754955858273728,-0.306808915158096
"RAB7A",0.26853586476916,0.0663983830504618,3.76885646566483,0.000194145992947595,0.000757686294237275,-0.31080941261208
"MLEC",0.504786716133836,0.0974881687528585,3.76870728007998,0.000194257237849087,0.000757686294237275,-0.311347363067306
"M6PR",0.387498875318644,-0.0214164210613341,3.76804965435097,0.000194748334672209,0.000759133807367165,-0.313718472356276
"THAP4",-0.529654921257313,-0.28758876707041,-3.76789213319337,0.0001948661409984,0.000759133807367165,-0.314286368058571
"RBMX",0.277231288188667,0.284722087701743,3.7670441110771,0.000195501513295426,0.000761144611214203,-0.317343285470558
"PPID",0.336243738962304,0.245243424678373,3.76497514904742,0.00019705987807219,0.000766744254412513,-0.324798751341429
"RPS8",0.324134760916748,0.212295513744737,3.76460342420138,0.000197341104853502,0.000767370861443126,-0.326137856651103
"LAMTOR5",-0.291407820375287,0.130755688960375,-3.7631335843612,0.00019845682020835,0.000771239681698306,-0.331431634286194
"CANX",0.448448043711323,0.0349342227911717,3.76204030192315,0.000199290559314002,0.00077400865037707,-0.33536797205675
"ACIN1",0.272322328262686,0.155642130504215,3.76122632920953,0.000199913441952727,0.000775955821804352,-0.338297980182062
"SIGLEC1",-0.479561953114918,-0.373686885165899,-3.76021156107334,0.000200692554066316,0.000778506657177051,-0.341949964654662
"MDC1",0.401548700764355,-0.0812234661917466,3.75836176224668,0.000202120158689172,0.000783568435476843,-0.348604761365685
"NT5C",-0.381232172492148,-0.230401858318536,-3.75713126276359,0.000203075113448984,0.000786792839424612,-0.35302991563395
"HTATSF1",0.380686680566143,0.168269470602277,3.75669140178223,0.000203417508537791,0.000787641474841597,-0.35461143249171
"CROCC",0.386076808445429,-0.300296652157108,3.75544463756508,0.000204390973283419,0.00079093112994826,-0.359093240371557
"ITGB5",0.462270400285006,0.17222395284925,3.75436630083209,0.000205236474610766,0.000793586439592464,-0.36296849206841
"GNL2",0.395995045906968,0.226809549048282,3.75411060959763,0.000205437440258171,0.000793586439592464,-0.363887227657412
"SSBP3",0.441742915501474,-0.0162462924449062,3.75409461069351,0.000205450021087916,0.000793586439592464,-0.363944712124805
"PSMG1",0.37576653589012,0.183180918789593,3.75383804005293,0.000205651876213556,0.000793885870389091,-0.364866546210712
"TPR",0.206039176365443,0.257877801067472,3.75283479641498,0.000206442968859121,0.000796182063087195,-0.368470550695117
"CMC2",0.470097767314218,0.0349550960722983,3.75276756713084,0.000206496084020735,0.000796182063087195,-0.368712030348346
"ATF7",-0.242783130516827,0.0667309734998366,-3.75187624936758,0.000207201498248095,0.000798419774480437,-0.371913163230467
"AIDA",-0.292019249731175,0.0765332133299008,-3.75153754036042,0.000207470157874928,0.000798972833553326,-0.373129440357404
"MTDH",0.328862368876825,0.0771089361940147,3.74812389438008,0.000210196228262872,0.000808983072609063,-0.385381944054551
"POLA1",0.336951311322291,0.0419016272358474,3.74493563746237,0.000212772796316532,0.000818406207518707,-0.396816215980955
"CLGN",0.809925982379219,-0.158158541211822,3.74376013585194,0.000213730265138311,0.000821594065567799,-0.401029746345028
"NUDT3",-0.384405060221274,-0.297353058336161,-3.74228786124588,0.000214935194634529,0.000825728771204251,-0.406305332095712
"PCYOX1",-0.30332606143845,-0.404292311719657,-3.74190495072205,0.000215249622116496,0.000826439469160451,-0.407677098987928
"IER3IP1",0.501968034471169,-0.0332342394618608,3.74066242804072,0.000216272912051826,0.000829869316977708,-0.412127515990826
"HS1BP3",-0.264884119362627,0.0230013550010649,-3.73815945469936,0.000218348203783811,0.000837329297993773,-0.42108844199036
"RPL3",0.361863484107152,0.139457098523054,3.73713121761867,0.000219206177252562,0.000840114911018973,-0.424768049832748
"SNRPA1",0.186746942849497,0.324096528257307,3.73692644183178,0.000219377423870635,0.000840266857476908,-0.425500741193728
"NUP153",0.265215443246432,0.187235876975184,3.73640785408661,0.000219811664647084,0.00084142534698539,-0.427356092286934
"MEPCE",0.30114578371006,0.185534820438801,3.73464331004416,0.000221295289617701,0.000846597018699234,-0.433667328807779
"TMEM222",0.432494592623723,-0.299068036870246,3.73410057005528,0.000221753519964074,0.000847714807557782,-0.435607993665108
"IAH1",-0.35809062603983,-0.0378572497623616,-3.73398287592088,0.000221853006018646,0.000847714807557782,-0.43602879611216
"BIRC2",-0.232115375490829,0.155045319817496,-3.73290355901082,0.000222767310187996,0.000850699327482271,-0.439887206879531
"RNF114",0.370334213194868,0.105194705693177,3.73193189075169,0.000223593461961429,0.00085331504148639,-0.443359911791241
"GYPC",-0.491693053690824,-0.635687838210787,-3.7316683399268,0.000223818041156152,0.00085331504148639,-0.44430168907833
"DHCR24",0.862527737157275,-0.491201423021979,3.7316271001887,0.000223853201956101,0.00085331504148639,-0.444449050375362
"TMEM199",0.554408324601567,-0.308936054523259,3.73145615969342,0.000223999000537562,0.000853361347513327,-0.445059853359447
"NOB1",0.39313482904273,0.101757867430669,3.73095382675481,0.000224427968762135,0.000854485736759828,-0.446854635948949
"GOT2",0.681057718400163,-0.329644184607966,3.72779869708736,0.000227140060885701,0.000864296358018595,-0.458122504372749
"HSD17B4",0.483179713474297,-0.07216410856281,3.72652533556886,0.000228243347178568,0.000867915588946435,-0.462667560520433
"RPUSD2",0.2845370723076,0.108584292667742,3.72638750855573,0.000228363068039156,0.000867915588946435,-0.4631594259631
"TTC8",-0.327924714514282,-0.282728957474879,-3.72575544687953,0.000228912855331729,0.000869487555796008,-0.465414860322944
"LCP2",0.415807453137682,0.0379268044917396,3.72461223300383,0.000229910430152935,0.000872757489016938,-0.469493385277139
"RRAS2",-0.468418762358735,-0.502844580290569,-3.72321509631245,0.000231135144730897,0.000876885263878061,-0.474476242107845
"PGLYRP1",0.756870454710623,-0.447231362045528,3.72192285248582,0.000232273384111052,0.000880680259827237,-0.479083471183714
"OSBPL1A",-0.334816944975486,-0.39325502801472,-3.72154999187195,0.00023260278970073,0.00088122107242694,-0.480412555577407
"CHI3L1",0.777288012628351,-0.425797088153314,3.72144904408662,0.000232692048255571,0.00088122107242694,-0.480772369058625
"TPM4",-0.659582878981028,-0.12909058993557,-3.7209625585908,0.000233122654181381,0.000882328480704279,-0.482506249001427
"HNRNPD",0.442445821744559,0.277191319236103,3.71912340791466,0.000234757350286726,0.000887989147855893,-0.489059271552573
"DUS3L",0.382569556963665,0.0679262705986211,3.71199989288213,0.000241191494150583,0.000911786672677011,-0.514412740850096
"UCKL1",0.261731540756753,0.131069633488108,3.71085842313349,0.00024223782138016,0.000915200289652261,-0.518471217464922
"EXOC7",-0.204135996395,0.053874048716717,-3.7096697114304,0.000243331998850462,0.000918790545629922,-0.522696441848786
"AGR3",-1.00191038238277,-0.580135335689071,-3.70904282005961,0.000243910909771238,0.000920432127003166,-0.524924198707964
"UBAC1",-0.316635758310044,-0.445209292396202,-3.70859608753777,0.000244324242395302,0.000921447305194331,-0.526511521517124
"CISD3",-0.599078710659104,-0.10595301237168,-3.70611562458758,0.000246631286602869,0.000929599034804794,-0.535321863390037
"NUDT16L1",-0.359521201005491,0.113122742977757,-3.70171050135891,0.000250779107335121,0.00094467528043348,-0.550955028200689
"THG1L",-0.300215763412269,-0.0529024900671575,-3.701055292831,0.000251401631093484,0.000946461918945693,-0.553278810061856
"UPF3B",0.263150846018411,0.150470873122652,3.70014290612172,0.000252270929362871,0.00094917494636531,-0.556514077160349
"RNF185",0.410682666116465,-0.115459831381896,3.69483886609234,0.000257380824057926,0.000967830719440434,-0.575307339757272
"RACGAP1",0.643926266962933,-0.0900554967679963,3.69312374875033,0.000259053915421785,0.000973548705101883,-0.581379031076432
"PRKAG1",-0.287966643694168,0.0299781089634669,-3.69249955711063,0.000259665350755451,0.000975272508572678,-0.58358808952108
"PADI4",0.873022716123677,-0.634329113219984,3.69206692248432,0.00026008994111565,0.000976292930054925,-0.585119012459765
"PREB",0.283548332569527,0.00406172361648745,3.69179939812512,0.000260352818314787,0.000976705490563992,-0.586065592807619
"RFTN1",0.407552861444656,-0.117403478229204,3.69116359356148,0.000260978582783847,0.000977946700003506,-0.588315004165477
"RARRES2",-0.477249323471531,-0.134381550386608,-3.69115200224379,0.000260990004198273,0.000977946700003506,-0.58835600974897
"AGPAT3",0.420298758652106,-0.175444090609474,3.68961812901919,0.000262505554185736,0.000983048658930159,-0.593781212246299
"NDUFAF3",0.330607010320855,-0.0249021458221133,3.68780771394286,0.000264305006790687,0.00098920719130043,-0.600181853003988
"TACSTD2",0.656350365200551,-0.394959592540081,3.68684799772756,0.000265263616608646,0.000992213352106741,-0.60357371342475
"SMAP1",-0.302687122182979,0.0497304517805109,-3.68665214984968,0.00026545964053143,0.000992365225288748,-0.604265785542205
"PBK",0.669946696625655,-0.245392952067138,3.68624586110617,0.000265866729594373,0.000993305481837374,-0.605701389406719
"MTFR1L",-0.306511534511027,-0.0320608169297003,-3.68545457851851,0.000266661258866214,0.000995691308690514,-0.608496934385927
"SYNJ1",0.367837532001053,-0.137417164918034,3.68492568689639,0.00026719356668732,0.000997095805551455,-0.61036516268248
"PYM1",-0.319015833108591,0.268465771730523,-3.68158216193925,0.000270581914264428,0.00100915042206681,-0.622169936372241
"LAD1",0.735653595993106,-0.0734296197306539,3.67845964952159,0.00027378278509517,0.00102049216744463,-0.633185483377423
"MCFD2",0.465200590700552,0.354962183769286,3.67582813636639,0.000276507982415718,0.00103004869762215,-0.642462206781188
"PDXDC1",-0.488164695709162,0.150616585539585,-3.6750352510543,0.000277334088442269,0.0010325237053667,-0.645256121370484
"ADPGK",0.295532995188426,0.127084324748379,3.67445493428074,0.000277940191599402,0.00103417722806654,-0.647300649716414
"SAAL1",0.399634322386431,-0.00438836313623777,3.67379145430941,0.000278634681047348,0.00103615750639914,-0.649637807960453
"FCGR2B",-0.488457602938995,-0.119288435662575,-3.67247746159641,0.000280014910493725,0.00104068405326102,-0.654265298914773
"PRRC1",-0.336662723739839,0.265712630604722,-3.67087253053801,0.000281709475333253,0.00104637289121747,-0.659915319073089
"GATD1",-0.267509391574551,-0.0326463303597813,-3.67000896542875,0.000282625259222726,0.00104916411635878,-0.662954483358486
"FDPS",0.47319311354627,-0.222601988446966,3.66779238117497,0.000284988721168188,0.00105732305906966,-0.670752342725324
"PEA15",-0.358553553587314,-0.111106638553172,-3.66741697352398,0.000285390841887447,0.00105804524370882,-0.672072582745298
"CAPS",0.914462707309116,-0.940060463650668,3.66730135668221,0.000285514793251416,0.00105804524370882,-0.67247916094239
"SERPINB8",0.528044909693784,-0.0861075912964598,3.66478964861631,0.000288220102979607,0.00106745090343665,-0.681308918151547
"HLA-DRB1",0.764843806040803,-0.727826604947549,3.66383400744081,0.000289255725546833,0.00107066539571973,-0.684666952568919
"PECR",-0.45863160395795,-0.226211228223534,-3.66316349991711,0.000289984439856375,0.00107274081603879,-0.687022571970058
"LSM7",0.310042505340483,0.24418280584532,3.66055038988881,0.000292840912647624,0.00108268050217434,-0.696199128342474
"VRK2",0.392673028793962,0.00985824866483265,3.65900887000914,0.000294538391170136,0.00108832617339197,-0.701609710773272
"LRRC41",0.379251525624829,0.108989721905957,3.6584787817878,0.000295124245611345,0.00108986021297191,-0.703469782631641
"TRMT6",0.390958858157933,0.0772733869860828,3.6562794258131,0.000297566709625725,0.00109824476356084,-0.711184636983276
"PNPT1",0.418574935696047,0.150340572585608,3.65534180457066,0.000298613743103059,0.00110147241462336,-0.714472304565446
"SHMT2",0.566914742660782,0.211457631005431,3.6551311625358,0.000298849441559479,0.00110170536048341,-0.715210791160303
"PLCB4",0.572787337167067,-0.591027208710309,3.65480962847032,0.000299209560464269,0.00110239644752704,-0.716337976721525
"DNAJC1",0.512749512122752,-0.214589200010134,3.65454234512159,0.000299509229144908,0.00110286414538076,-0.717274908726026
"CCDC117",0.418114121126102,-0.249801657088962,3.65343150468078,0.000300757692236316,0.00110682297690425,-0.721168159225314
"CA12",-0.828793360710037,-1.12389098646052,-3.65268569904491,0.000301598641276423,0.00110927841275919,-0.723781431010267
"TBCC",-0.248705106422453,0.0244421088721275,-3.65124447486635,0.000303229995566425,0.0011144283015038,-0.728830026394594
"PRR15L",-0.456478081757178,-0.279919776065946,-3.65114058830149,0.000303347907284824,0.0011144283015038,-0.729193869111433
"ELANE",0.907362989129902,-0.761142183804741,3.65083376001659,0.000303696410630729,0.00111506703960736,-0.730268420443924
"UBTF",0.381308120805716,0.0553074257258497,3.64992347429867,0.000304732553719704,0.00111822836523006,-0.733455865761234
"RPL26",0.333593829760634,0.236783786636659,3.64968915307813,0.000304999810177611,0.00111856621940497,-0.734276243449035
"MMP12",1.07987062773373,-0.749408609767842,3.64660953084578,0.000308532844799401,0.00113087383125383,-0.745053737450243
"FBLN5",0.68116144532154,-0.154859598627687,3.64553178192227,0.000309778337268459,0.00113478754071091,-0.748823462251972
"ADNP",0.295689138360172,0.274205482359231,3.64522981749083,0.000310128147356686,0.0011354175578397,-0.749879482002905
"SHMT1",-0.47245353447697,-0.17714051816016,-3.64292807895729,0.00031280682675295,0.00114417947455321,-0.757926392112346
"SLC15A4",0.515107176398519,-0.328535006180542,3.64274036386456,0.000313026239660483,0.00114417947455321,-0.75858243992372
"PDE4DIP",-0.244269844351843,0.147505863880156,-3.64271237007903,0.00031305897291221,0.00114417947455321,-0.758680273080608
"EPN2",-0.324720462067595,-0.178972988795287,-3.64015040241332,0.000316068358506067,0.00115451261771319,-0.76763094474679
"CBR3",-0.489496409808903,-0.169743774877262,-3.63999831640853,0.000316247857224802,0.00115451261771319,-0.768162100505237
"SLC39A7",0.716899146763961,-0.287874269446208,3.63878761638235,0.000317680202452484,0.00115907891009092,-0.772389703357609
"PSMG2",0.422538393303496,0.11201542925716,3.63736720152103,0.000319368431920465,0.00116457306556949,-0.777347948179727
"SPARCL1",-0.450563929187707,-0.56891841877774,-3.63702402812943,0.000319777572941577,0.00116539943106848,-0.778545596276397
"SCD5",0.678835795608482,-0.67208541756108,3.63608774961447,0.000320896338683843,0.001168809539359,-0.781812604216111
"DDX47",0.365921431401085,0.1117140990965,3.63453079523753,0.000322764906599697,0.00117494522727427,-0.787243651911412
"ZADH2",-0.43643761921013,-0.339951423087359,-3.63321372572436,0.000324353560741302,0.00118005554719841,-0.791836245046066
"PLEK",0.481365163201737,-0.0962054807560223,3.63249052561523,0.000325229011115645,0.0011825667630828,-0.794357374970113
"LRRC59",0.452788651364688,0.214213637502836,3.63075253324022,0.000327341983656681,0.00118930666513239,-0.800414252801537
"NUDT19",0.447670958733601,-0.112061308415673,3.63065974985855,0.000327455147580696,0.00118930666513239,-0.800737526295861
"C1orf50",-0.333237366769897,-0.00933133360501243,-3.63012784218792,0.000328104602721428,0.00119098799793992,-0.802590638293066
"SRPRB",0.432497897922053,0.122844004653891,3.62996105912948,0.000328308492785727,0.00119105098093004,-0.803171641825604
"IFIT1",0.673195340602641,-0.449225894180004,3.62965409001506,0.000328684069824105,0.00119173639172454,-0.804240931472911
"MTMR14",0.284327289186236,-0.0209698745338048,3.62896308647321,0.000329530991840981,0.00119412904818653,-0.806647653006667
"MLLT1",0.280301695959826,8.2404757713217e-05,3.62727533415329,0.000331608201991598,0.0012009746850348,-0.812524209121403
"RTN2",-0.535069390369155,-0.476383121559827,-3.62710804727557,0.000331814760290616,0.00120104152180022,-0.813106545
"NOP14",0.360941917598885,0.104402297980055,3.62590189359421,0.000333307648078537,0.00120576166174587,-0.817304506091297
"PKP2",0.859774560568924,-0.722520687042409,3.62313233395342,0.000336759530389354,0.00121755923076785,-0.826938949943405
"NCK1",-0.235232098266348,-0.0299005161076786,-3.62186003972393,0.000338356511223699,0.00122264081729673,-0.831362590740494
"GOLT1B",0.419296974886114,-0.178754576928422,3.61931970504149,0.000341566450023059,0.00123354173269074,-0.840190790483264
"NHLRC2",-0.236842792254312,-0.234633541310838,-3.61902951551771,0.000341934946107478,0.00123417446630653,-0.841198896373379
"RPS19BP1",0.39687619560855,0.184295228029425,3.6187744740863,0.000342259117949435,0.00123464659215093,-0.842084837676438
"PPP4R3B",0.361980854970466,0.111350371614296,3.61848974834158,0.000342621361389074,0.00123525544464666,-0.843073825715658
"GAL3ST4",-0.363617367903794,-0.0640724533909524,-3.61821519691447,0.000342971001697438,0.00123550702838579,-0.844027405450652
"GPCPD1",0.407837244347895,-0.0873699555075098,3.61813111571922,0.000343078145861865,0.00123550702838579,-0.844319425256679
"MPO",0.907826090159519,-0.620010896722556,3.61712555342052,0.000344361967785572,0.00123943132148302,-0.847811327006709
"CRIP2",-0.489860978578538,-0.380235655422648,-3.61611225607618,0.000345660230889792,0.00124340314041201,-0.85132918259624
"DTYMK",0.322741513139303,0.220528599033235,3.61551920288397,0.000346422198338181,0.00124544241913811,-0.853387657919516
"RAB21",0.301629975035968,0.00800638670858401,3.61401105864616,0.000348367010662311,0.00125172952339834,-0.858620990456684
"LRRC20",-0.420319454133977,0.0304291936099367,-3.61326998444632,0.000349326410120271,0.00125447082599434,-0.861191814350259
"RAB31",0.435088298684817,0.0115398741379037,3.61232468679056,0.000350553801801591,0.00125817089629183,-0.864470392958256
"GGACT",-0.403490816321151,-0.246669235700839,-3.61162870583302,0.000351460064726636,0.00126071489510088,-0.866883759249542
"RPL6",0.402772292264198,0.114749389218162,3.60959705356,0.000354118163081833,0.00126953648022319,-0.873926208933132
"RFC5",0.291444314001883,0.181461473738532,3.60724764016447,0.000357215547781296,0.0012799221507203,-0.882065570178607
"RHPN2",0.536388971930864,-0.0910678538162735,3.60692532641453,0.000357642454876685,0.00128073307593249,-0.883181819338014
"GAPDH",-0.312992996148587,0.070808780639637,-3.60585206645345,0.000359067453732738,0.0012851152982531,-0.886898109426894
"NELFE",0.230731804295222,0.185128663395661,3.60538601853804,0.000359687898640295,0.00128661469625674,-0.888511537469762
"SDR16C5",0.920351654993375,-0.58382148135555,3.60522877103501,0.000359897467781243,0.00128664352283496,-0.889055874779716
"LPCAT3",0.600568455339138,-0.550889811203328,3.60319737355131,0.000362615112945351,0.00129563374155348,-0.896085908811436
"TJP1",0.281010302913997,-0.3566553724571,3.60217912923015,0.000363984582306033,0.00129979952909621,-0.899608357629688
"PRDX3",-0.379993590431374,0.152420505145955,-3.60073527709191,0.000365934795048091,0.00130603335180663,-0.904601549433656
"CORO2B",-0.416283576354069,-0.34751670563122,-3.59941392980482,0.000367728136700878,0.00131170064404196,-0.909169468381767
"SSR4",0.375369667040138,0.191957343757373,3.59869543864411,0.000368706738933107,0.00131445702294131,-0.911652653567912
"DIP2A",-0.207986203648709,-0.0854328030518568,-3.59818519009148,0.000369403194372307,0.00131620502012677,-0.913415850953209
"RNASE6",-0.423566504655598,-0.0839819511800379,-3.59762636452614,0.000370167371628649,0.00131819222969823,-0.915346644256562
"WDR44",-0.237652596280451,0.0276792018978049,-3.59731774019197,0.000370590042285842,0.00131896177257252,-0.916412850666345
"CD151",-0.442354198288705,-0.463088866796494,-3.59694034280843,0.000371107515766339,0.00132006768143068,-0.917716532849656
"PTP4A1",-0.507639106909529,-0.298313073150772,-3.59496968074944,0.000373820656048419,0.00132897822320109,-0.924521937504909
"GNB2",-0.236978852541675,-0.137670292731699,-3.59311956744415,0.00037638477130847,0.00133734934045886,-0.9309079061382
"TTC1",-0.283460770221437,0.181962971164031,-3.59295092467717,0.000376619316725576,0.00133743845233192,-0.931489853091319
"CD48",-0.619757177751709,-0.67730164845716,-3.58720491801277,0.000384693249724941,0.00136535097248124,-0.951302895391898
"OCIAD1",-0.333266429717633,0.0806183301185359,-3.58649866461142,0.00038569677212272,0.00136815216111309,-0.953736133242235
"GZMA",-0.582893611154347,-0.726828178416009,-3.58117245954515,0.000393344361560255,0.00139450513523722,-0.97207210774357
"PM20D2",0.767555679857503,-0.677536812128893,3.58020726214721,0.000394745376559165,0.00139869546577706,-0.975392195166523
"INPP5A",-0.338263206957211,-0.590826455744527,-3.57779401868894,0.000398268798991571,0.00141039727208052,-0.983689650897669
"ALDOA",-0.336562169055828,0.0985428932969927,-3.57699676063191,0.000399439296051898,0.00141320742215181,-0.986429726105247
"ATP6AP2",0.409743547712233,0.0447899101968422,3.57695207585161,0.00039950499561222,0.00141320742215181,-0.986583285329692
"SH2D1A",0.670875467631159,-0.565954758351062,3.57673105699601,0.00039983010646327,0.00141357432434551,-0.987342790414861
"CXADR",0.665840416171175,-0.406713321895655,3.57491529666371,0.000402510439685174,0.00142226295372985,-0.993580791799917
"NOL3",-0.39846867421227,-0.0804997171579854,-3.57444021041814,0.000403214515851507,0.00142396276753975,-0.99521245555766
"CCNB1",0.626338416452176,-0.0959279873350478,3.57274092200475,0.000405742326577844,0.00143209770878913,-1.00104694788096
"NUDCD2",-0.283385025000356,0.0881216122674629,-3.57186113812568,0.000407056902000369,0.00143594382280241,-1.00406666971099
"TFIP11",0.231710477615153,0.0987495669530875,3.57033610428315,0.000409345084309742,0.00144321831215776,-1.00929948164011
"RNF121",0.591484588187569,-0.0938573155151037,3.57014780262331,0.000409628450390396,0.00144342033981384,-1.00994545315944
"S100A9",1.18083330445503,-1.27828601097998,3.56815578148926,0.000412637440485908,0.00145322121208082,-1.01677717884385
"RALYL",0.470049111586406,0.339301527640756,3.56765564117037,0.000413396163327645,0.00145509068514168,-1.01849187823845
"ALKBH3",-0.323987372770864,0.00625236524787867,-3.56633962946231,0.000415398837178585,0.0014613342013142,-1.02300267816156
"NUDT16",-0.261730964732791,0.018988630742709,-3.56489371697178,0.000417609683102934,0.00146830276795828,-1.02795695379514
"DDX39A",0.39857450522251,0.117960334829853,3.56445735778579,0.000418279055394347,0.00146984687324871,-1.02945172994218
"HSD17B7",0.547201852005374,0.115331001934604,3.5640703341569,0.000418873589369918,0.00147038420029779,-1.03077736226605
"ALDH1L2",-0.531692833810533,0.134671839160052,-3.56405800711681,0.000418892538816238,0.00147038420029779,-1.03081958262206
"DVL2",-0.236711059045974,-0.0430729666588481,-3.56355766612864,0.0004196623550905,0.00147182444993269,-1.03253314630583
"ZYX",-0.330177102161718,-0.268532502179529,-3.56334459479719,0.000419990585827178,0.00147182444993269,-1.03326280362992
"ARMC6",0.318320483392821,0.0566766703103474,3.56332066521407,0.000420027463753676,0.00147182444993269,-1.03334474735255
"SRXN1",0.571947165129666,-0.209239560312826,3.56319258649064,0.000420224897764651,0.00147182444993269,-1.03378332750289
"TRIM32",-0.23017859717564,0.104762030570781,-3.56302134644521,0.00042048900118413,0.00147194203539511,-1.03436968222929
"MRPL32",-0.439621545152341,0.122266260498091,-3.5588232163382,0.000427012682202974,0.00149395943883068,-1.04873662608078
"IK",0.182558907406772,0.289992080203926,3.55831698311429,0.000427805725510351,0.00149591432496363,-1.05046801031705
"ANGPTL2",-0.537346975269063,0.00546051581059999,-3.554857546336,0.000433262218131599,0.00151416489478394,-1.06229363470286
"RAP2B",0.398489543901597,-0.114627853792321,3.55381859411807,0.000434913635780363,0.00151910479456106,-1.06584307478067
"TMEM63B",0.394098505347826,-0.22492527175509,3.55361766651294,0.000435233691228045,0.00151939153553366,-1.06652940595694
"CFB",-0.460432686137155,-0.242282963650423,-3.55315598646849,0.000435969933488409,0.00152045964251381,-1.06810628261456
"ATXN3",-0.275716633456454,-0.0720987296354514,-3.55312717797814,0.000436015913146874,0.00152045964251381,-1.06820467225238
"GMPS",0.303719406523218,0.216534385742245,3.55279338470053,0.000436548994069783,0.00152148762398229,-1.06934462257022
"SPCS2",0.531622005635209,-0.159282310299622,3.55210184871951,0.000437655349435147,0.00152451140542467,-1.07170599821114
"CHAF1B",0.477135112312672,-0.00643231025531222,3.55064380085307,0.000439996632096968,0.00153183124097009,-1.07668337325695
"HMOX2",0.387755156207686,0.110033164789102,3.54974799864049,0.00044144089920451,0.00153602187543368,-1.07974045737342
"BCKDHB",-0.406048682757584,0.0637002693889123,-3.54895722845024,0.000442719520060657,0.00153963188212815,-1.08243850731831
"PAF1",0.221351899081072,0.239074598797922,3.54316807065418,0.000452186497638546,0.00157169884998482,-1.10217372855403
"DNAJC7",0.277987289637939,0.200884182977791,3.54297703179927,0.000452502113648494,0.00157194014997042,-1.10282447066574
"THRAP3",0.198953520649441,0.251809031273115,3.54182295414167,0.000454413166035969,0.00157772053569313,-1.10675495300436
"RAB35",0.261135393245403,-0.0825927576965256,3.54122428906223,0.000455407481181363,0.0015803134605125,-1.10879338007415
"TYMP",0.473698474594042,0.133034643044421,3.54000121755962,0.00045744520781884,0.00158652235302732,-1.11295688981728
"PRKAB1",-0.359296329598317,-0.0254662970073823,-3.5396519310524,0.000458028711726265,0.00158768367229761,-1.11414566623059
"GMPPB",-0.302482014272928,0.125978614739616,-3.53917463772432,0.000458827186754563,0.00158958849019418,-1.11576993069992
"NAA25",0.277834422686334,0.105531729749156,3.53728295483799,0.000462004677574661,0.00159972877782766,-1.12220547090247
"NUP50",0.257570935619606,0.104634477088295,3.53537745433094,0.000465226220475083,0.00161001052451675,-1.12868479514965
"RPL14",0.396299890286134,0.20378691279375,3.53471668208714,0.000466348265588608,0.00161246943000761,-1.13093088105954
"HAAO",-0.440993253661803,-0.59674138533027,-3.53466165369835,0.000466441822587949,0.00161246943000761,-1.13111791508185
"CLPTM1",0.356806742599346,-0.0832405542554852,3.53375495148906,0.000467985895271449,0.00161693178642219,-1.13419928419976
"YARS2",0.380817682693154,0.0857375859210944,3.53274787227712,0.000469706519858779,0.00162199898826301,-1.13762091919573
"CNBP",-0.404510939456941,0.39680833221938,-3.53150627981501,0.000471835977349187,0.0016284717380403,-1.14183808807622
"TIMM10",-0.314552272879448,0.178805299407752,-3.53011139410941,0.000474239138197083,0.00163588163013959,-1.14657429067659
"RAB14",0.25691749665705,0.0023502763978165,3.52931063181259,0.000475623898283728,0.0016397724570959,-1.14929241968382
"CCDC134",0.374751836771422,0.246106086974728,3.52770489639272,0.000478412124085078,0.00164849509567362,-1.15474124846157
"CERS6",0.508003746045507,0.0680630685253093,3.52729572184889,0.000479125066152006,0.00165006124454183,-1.15612935500951
"ARL8B",0.33497776924247,-0.126054634933143,3.52558199528521,0.000482121877424668,0.00165948689345364,-1.16194147460238
"LTA4H",0.405740314927122,-0.329788462375643,3.52329892518382,0.000486141593671565,0.00167242137693585,-1.16968045944102
"CNPY4",-0.315371489353632,0.0191888688552462,-3.52177575259419,0.000488840824864062,0.00168080165145775,-1.17484101367514
"LIG1",0.439855959499975,0.0621316374448437,3.52013972418261,0.000491755684094337,0.00168991390901095,-1.18038162170817
"PEF1",-0.290022753990719,-0.0177978382772518,-3.51899148925147,0.000493811172036242,0.00169558508822779,-1.18426883219727
"SLC25A22",0.429100069433788,0.18150638591242,3.51892129952863,0.000493937081300498,0.00169558508822779,-1.18450641286818
"ADH1C",-1.08424274285394,-2.35132356524785,-3.51840737382178,0.000494859899335088,0.00169784011674075,-1.18624583297707
"MVP",-0.391428911256433,0.213117319323022,-3.51803988250178,0.00049552076606302,0.0016991944636479,-1.18748949042757
"NDE1",-0.299097527611632,0.0687240364735285,-3.51735938608172,0.000496746699106146,0.00170248399022692,-1.18979209592021
"SERPINF2",-0.454186705823969,-0.575374172282198,-3.51371496620742,0.000503360711811142,0.00172422647259342,-1.20211673975787
"SRA1",-0.304450248711046,0.101206217903871,-3.5126517083518,0.000505305832935984,0.00172996125645912,-1.20571021565612
"OSBP2",0.436204794884718,-0.243702853140362,3.51240361681075,0.000505760702685906,0.00173059061449598,-1.20654854157045
"YBEY",0.457906957584061,0.0527555478844673,3.51191002376963,0.000506666834037021,0.00173276257917856,-1.2082162780252
"RBBP7",0.339543022282099,0.166718094770576,3.51052904669006,0.000509210096494022,0.00174052808678497,-1.21288112413857
"POLR2F",0.482653473350953,0.0738063061909323,3.50664696722682,0.00051642367354175,0.00176424031865386,-1.22598540385698
"SYT7",0.580903640841512,-0.465398815816868,3.50510736862131,0.000519310923772616,0.00177315521298832,-1.23117871993849
"EMC8",0.225109919648001,0.144367086522658,3.50428041832286,0.000520867957718755,0.00177752106362066,-1.23396728385779
"PTN",-0.754979083490632,-1.62384915972751,-3.50411916902458,0.000521172076792406,0.00177760881961512,-1.23451096241207
"RPAP1",-0.242364618747212,-0.171137112868606,-3.49967051167797,0.00052962817519546,0.00180548633135238,-1.24950118572786
"EEF1B2",0.286655079703332,0.382283750680027,3.49782122581676,0.000533180985147648,0.00181662784960925,-1.25572734956592
"PID1",-0.420991878300606,-0.479749166391247,-3.49743585768059,0.000533924149725226,0.00181818970453097,-1.2570244199107
"KCTD12",-0.3251759065051,-0.293892272548907,-3.49575274834927,0.000537181327053701,0.00182830638232296,-1.26268786663072
"WDR13",-0.251787711421838,-0.104325638377977,-3.49540285307559,0.000537860780235667,0.00182964362376384,-1.26386490152568
"CUTA",-0.342137134250499,0.0704082639624252,-3.49373948754127,0.00054110184470127,0.00183968864665474,-1.26945890626154
"PTPRC",0.499758205372122,-0.246977082206913,3.49300891746486,0.00054253112821394,0.0018431746632983,-1.2719150788111
"KIF4A",0.617068071765534,-0.0661583408969838,3.49282365582145,0.000542894134312415,0.0018431746632983,-1.27253785162338
"ASF1A",0.347940393383391,-0.0969745818274906,3.4927731206021,0.00054299319368271,0.0018431746632983,-1.27270772474842
"IKBIP",0.459911606932826,0.406098017233913,3.49256920585296,0.000543393080179458,0.00184355197499779,-1.2733931569
"CXXC1",-0.218296895697518,0.103356423767616,-3.49237068631688,0.000543782651157613,0.0018438939074038,-1.27406041806852
"SPTLC1",0.296529301159559,0.0429800554436531,3.49195220662066,0.000544604724169285,0.001845701254682,-1.27546689097096
"GSPT1",-0.254274043992769,0.175289989143739,-3.49139538111917,0.0005457003708996,0.00184843335182703,-1.27733808911413
"CD38",0.760154543332382,-0.615330960957366,3.48878206147865,0.000550870125448349,0.00186495532926178,-1.28611638220182
"SET",0.346336815266397,0.171778347830671,3.48808615261744,0.000552254501956796,0.00186865129570437,-1.28845295148283
"NSD2",0.409332428375035,-0.0299163233633378,3.48670986571165,0.000555001949935549,0.00187645564538237,-1.29307266944457
"FAM20B",0.376842799339586,-0.159512420049715,3.4865569378399,0.000555308024356109,0.00187645564538237,-1.29358589076096
"HTRA3",0.615817988081507,0.283033994286015,3.48648970985203,0.000555442626432683,0.00187645564538237,-1.29381149924119
"BLOC1S5",-0.305850118964072,0.160826571710521,-3.48543092131359,0.000557566534908087,0.00188263475694772,-1.29736412448455
"RNASEL",-0.327236773791271,0.0686407417702201,-3.48408943325945,0.000560268446178322,0.00189075794336606,-1.30186387129776
"GGT1",0.642376735209511,-0.694047230910977,3.48382754225223,0.000560797351913089,0.00189154310193612,-1.30274214330542
"RPP30",0.262640117144212,0.180939878722795,3.48187989710031,0.000564745426024959,0.00190385403652025,-1.30927179996716
"GATAD1",-0.239446536740053,0.0297894090498968,-3.47834547578843,0.000571976544211528,0.00192721384421668,-1.32111260387244
"MRPL48",-0.330234140625205,0.208556654377957,-3.47614884706705,0.000576514198220815,0.00194147845761598,-1.32846598642944
"ACTR2",0.211856296915718,0.118862668602859,3.47583498722721,0.000577165292040509,0.00194264648902406,-1.32951630382579
"STRIP1",-0.157196514445561,-0.00627231371903963,-3.47509972944068,0.000578693258329755,0.00194676314775315,-1.33197646488309
"HSPD1",0.447387554962672,0.249422544909325,3.4747538324635,0.000579413387406107,0.00194815928309004,-1.33313366348567
"NELFA",0.22482271324968,0.226491261702341,3.47257798441101,0.000583962577512745,0.00196242160916783,-1.34041051036167
"ICAM3",0.519014873866152,-0.263055391281865,3.47136127701394,0.000586520968477671,0.00196992982128996,-1.34447778679562
"UBE2J1",-0.533387967682708,-0.242689393860245,-3.47122230004597,0.000586813863757791,0.00196992982128996,-1.34494228235793
"STK4",0.275258914064213,0.0396550303657161,3.47097674215872,0.000587331713714825,0.00197063215558022,-1.34576295559059
"COL11A1",-0.950685977165721,-0.313718307222754,-3.47054760227819,0.000588237740620742,0.00197239630873315,-1.34719704433492
"SERPINB10",0.732180723810199,-0.549179589428516,3.47043517133564,0.000588475327820932,0.00197239630873315,-1.3475727359574
"E2F4",0.25593695932421,0.115745148860514,3.4685194657042,0.00059253738135485,0.00198496913953343,-1.35397238966792
"ATG5",-0.231852119359115,0.0556870304814802,-3.46814482512445,0.000593334826361052,0.00198659825186959,-1.35522353931889
"MVB12A",-0.272869159709969,0.175737714765347,-3.46786054659025,0.000593940599840799,0.00198758424003328,-1.35617283206656
"ECI1",-0.514706099371937,-0.194270048331334,-3.46719433893804,0.000595362498324673,0.00199129887470039,-1.35839721927986
"DTWD2",-0.381521278038656,-0.00833952339237952,-3.46491171679149,0.000600258510045233,0.00200662334378995,-1.36601560765509
"CLTB",-0.356751600010432,0.0132440407465293,-3.46133886640544,0.00060799757544367,0.00203143093626783,-1.37793084613115
"LDLR",0.445581952980556,-0.473103602473621,3.46061564261008,0.000609575442097003,0.00203460468852658,-1.3803413625633
"VSIR",0.42184800733525,-0.395967348055859,3.46056933764548,0.000609676596510288,0.00203460468852658,-1.38049568179516
"UQCRQ",-0.384823728980597,-0.0147864385707937,-3.46046552919875,0.000609903425816737,0.00203460468852658,-1.38084163426149
"SNX2",-0.247237037104369,0.0780747500518329,-3.45865429787485,0.000613873821569781,0.00204678033980316,-1.38687619841984
"POLD2",0.309225845151758,0.0582749676545746,3.45797922020872,0.000615359828484469,0.0020506641465936,-1.38912463474399
"OSBPL5",-0.358972184153143,-0.141563956195645,-3.45630397361328,0.000619061983376319,0.00206095145029561,-1.39470250415025
"EEF2",0.22047962136786,0.239831875765093,3.45615517269975,0.000619391825668884,0.00206095145029561,-1.39519782731489
"CNDP2",-0.385640588087088,0.0253381283966375,-3.45614464616832,0.000619415165719229,0.00206095145029561,-1.39523286690561
"RNF135",-0.274694047464676,0.0904034429106915,-3.45597397002136,0.000619793713740218,0.00206113690741213,-1.39580098153771
"PI4K2B",0.264370242595435,0.0843547905861059,3.45547640815361,0.000620898506305785,0.00206373605557649,-1.39745702292673
"RPL4",0.352725606989886,0.122293753949306,3.45376347755743,0.000624716010233334,0.0020753442899791,-1.4031564954716
"LEMD2",0.332601760526325,-0.0933675182143947,3.45178256071095,0.000629158107689942,0.00208901430972453,-1.40974436733018
"MSH2",0.337543340944594,0.156276242688121,3.44927396045615,0.000634825869195135,0.0021067376168456,-1.41808209396513
"TMX2",0.434086606012551,-0.107556569130081,3.4483872649862,0.000636840595551362,0.0021123258195301,-1.42102781674643
"NELFB",0.243280489088721,0.206783549746243,3.4482202776957,0.000637220687637558,0.00211248914359595,-1.42158249237212
"BST2",0.684891227820735,-0.737475987181583,3.44800698771315,0.000637706480986375,0.00211300253300363,-1.42229093362925
"S100A10",0.497788870530547,-0.52706250017628,3.44735062272367,0.000639203602369563,0.00211686462714194,-1.42447078981387
"SERPIND1",-0.467865613332872,-0.627964821760631,-3.44534080656646,0.000643808297786922,0.00213100880319829,-1.43114319656138
"TOR1A",0.264362531627692,0.143144307214887,3.44450167298544,0.000645739994995946,0.00213629526841923,-1.43392797238903
"PAICS",0.42949294902567,0.191616683089333,3.44377230502406,0.000647423407710104,0.00214075528649871,-1.43634796378816
"UBE2I",0.246003784959995,0.333449500899888,3.44172916606747,0.000652160915342198,0.00215530406027947,-1.44312441578029
"GIMAP7",0.485206524518473,-0.673704475218931,3.44102043815936,0.000653811822346759,0.00215964225850184,-1.44547417009813
"UMPS",0.265264553981845,0.229398923898917,3.44000503412006,0.000656183903637315,0.00216635688972299,-1.44883991006733
"EPB41L5",0.413718184359225,-0.515887295201022,3.43950084695392,0.000657364717912535,0.00216913370742715,-1.45051078598551
"P3H3",0.472941341047836,0.337915301399987,3.43717724347281,0.000662832331233265,0.00218604567919649,-1.45820826060528
"BLOC1S6",-0.250264847563068,0.217852418025293,-3.43509414043294,0.000667770110115901,0.00220119367738257,-1.46510490607443
"SRRT",0.178508752385791,0.301191395199899,3.43429943950946,0.000669662902858945,0.00220629392918182,-1.46773494126642
"RBMS1",-0.314936456314931,-0.148015844088104,-3.4319277168154,0.000675341628625311,0.0022238557497538,-1.47558070757729
"AZU1",0.822827147974248,-0.710184467725612,3.43163401920702,0.000676047963304861,0.00222493584932407,-1.47655192150828
"AGR2",-1.02406840650103,-0.354802852358774,-3.43150163895585,0.000676366559677059,0.00222493584932407,-1.47698965784149
"WDR18",0.224922609950983,0.215548415734456,3.43095704668684,0.000677678692234837,0.00222810424815625,-1.4787902733467
"CPVL",-0.453317163302572,-0.285160730357094,-3.42960581663019,0.000680944598917656,0.0022376897910907,-1.48325677091291
"ISCA1",0.343258095437952,-0.0623141152233689,3.42880053892343,0.000682897928653389,0.00224295435928595,-1.48591784134341
"MYL6B",-0.314218718352701,0.00262606148022168,-3.42850346305741,0.000683619853811091,0.0022441710882179,-1.48689939279725
"CWC22",0.236762050615253,0.151298698642673,3.42769679303721,0.000685583741878524,0.00224946155801355,-1.48956426586153
"LSM4",0.291539153110816,0.142183999840413,3.42468695980376,0.000692957959208641,0.00227248924989583,-1.49950224059422
"CDK2",0.326383897993133,-0.0822235477664627,3.42388199137605,0.000694942679460577,0.00227782803303685,-1.50215873624225
"DHX37",0.256203835930907,0.143437490461439,3.42369359975102,0.000695407941262347,0.00227818353256033,-1.50278036799596
"FNDC3B",0.370941358248891,0.174400896812315,3.42252463285363,0.000698301389635184,0.0022861749067844,-1.50663687065799
"TECPR1",-0.251192310245908,-0.121733233880664,-3.42241900696225,0.000698563389684631,0.0022861749067844,-1.50698527736472
"RUNX1",-0.240341247725551,0.0862752428999235,-3.42172070265871,0.000700297810756269,0.00229067700905675,-1.50928838021693
"ANTXR1",0.527487645107178,0.101298309878378,3.41990490374091,0.000704826657059696,0.0023043103969924,-1.51527508393887
"BLOC1S4",-0.249442904064043,0.157029901488515,-3.4191908534146,0.000706615072228405,0.00230897504410356,-1.51762850286084
"MAOB",-0.691046169456016,-0.931088335559742,-3.4175703533144,0.000710689513856118,0.00232110104653264,-1.52296776665325
"MIEF1",0.28762850021138,-0.0515928643796083,3.41730151592438,0.000711367571727546,0.00232212778398793,-1.52385331072975
"ATP8A1",-0.575067426532691,-0.523745602438941,-3.41535558632209,0.000716293600719309,0.00233690434588891,-1.53026122256685
"MAP2K3",0.274182360471489,0.0350042509020125,3.41522462411909,0.000716626266131634,0.00233690434588891,-1.53069235667892
"HMGA1",0.490286317533871,0.243770095238452,3.4149994854565,0.000717198492186632,0.00233757650465117,-1.53143348840398
"TCOF1",0.320374561614484,0.227452351923458,3.41377696017146,0.000720313188424971,0.00234653046331298,-1.53545711262289
"RABGAP1",-0.235737286875384,-0.0902009849760556,-3.41289497214902,0.000722568112769932,0.0023526758796716,-1.53835911353151
"UNC93B1",0.539392876628391,-0.368284895876012,3.41236392627108,0.000723928980483014,0.00235590547420186,-1.54010607426088
"OGFR",0.307194022514028,0.0901669621221218,3.41030962604183,0.000729215921603654,0.00237190201703481,-1.54686163989704
"RPL32",0.289465487939637,0.22328131981619,3.40982036265775,0.000730480389752392,0.00237447550788778,-1.54847002349749
"SARAF",0.464501580245095,-0.305889464106624,3.40971580364474,0.000730750880657712,0.00237447550788778,-1.54881371845623
"CCDC92",-0.261929905583668,-0.110107470165864,-3.40910592107027,0.000732330491234272,0.00237839785683155,-1.55081826209647
"JAGN1",0.621949896258672,-0.569342080542367,3.40770331260666,0.00073597537826059,0.00238902022887334,-1.55542704545004
"TRAPPC13",-0.211211063801792,0.0438307478737738,-3.40717514363505,0.000737352285647883,0.00239227354871023,-1.55716207982473
"PGK2",0.808443706951633,-0.549982197831524,3.40549566607933,0.000741746579909849,0.00240530823398902,-1.56267749588057
"EEF1E1",0.313199772643978,0.179797671913297,3.4035110321133,0.000746970797292183,0.00242101956381248,-1.56919178089283
"MICAL1",0.270397106394559,-0.0876804051320493,3.4020833026569,0.000750750263767094,0.00243203472052405,-1.57387591540342
"PLA2G2A",-1.05380928249585,-1.04487216897259,-3.40153614039407,0.000752203426971613,0.00243550653205565,-1.57567057504199
"TCEA3",-0.599248068398225,-0.237786968039494,-3.40097271305624,0.000753702528928685,0.00243912349072968,-1.57751830198585
"DNTTIP2",0.229544831163085,0.144286965230506,3.39955966970813,0.000757474458431064,0.00245008835718457,-1.58215103984192
"IQGAP2",-0.473587823691474,-0.27043224638879,-3.39746097754861,0.000763109142810681,0.00246706424144111,-1.58902840168508
"RPS18",0.250191196911151,0.252618634434961,3.39624174417035,0.00076640053584868,0.00247645112418716,-1.5930219808735
"DNMBP",-0.366949009394137,-0.165599310026427,-3.39504189554822,0.000769652520602902,0.00248570123624154,-1.59695076094357
"LAMA3",0.607368743042314,-0.517331453694643,3.39412135641808,0.000772156203735432,0.00249252647161311,-1.59996409358213
"CSF1R",-0.407907223302583,-0.124899594598338,-3.39331980261776,0.000774342454561274,0.00249832065304383,-1.60258731395625
"NOSIP",0.323330361827148,0.182414823780628,3.39044349189932,0.000782235251161429,0.00252251115084127,-1.6119957711561
"CAMK1",-0.32363227210895,-0.115753499617672,-3.39029908275047,0.00078263349081565,0.0025225213724674,-1.61246793959747
"MAPK3",-0.265988429252568,-0.132924759586486,-3.38778865045687,0.000789586834442752,0.00254364880823258,-1.620673196103
"STAU1",0.319132998585649,0.358405103709669,3.38715747336966,0.000791344094469362,0.00254618637948936,-1.62273528369155
"ACTA2",-0.75266806065225,-0.666383548549242,-3.38709427289063,0.000791520251598165,0.00254618637948936,-1.62294174312856
"PLOD2",0.716363355833453,0.417710906557037,3.38707611712445,0.000791570863474766,0.00254618637948936,-1.62300105260429
"ZC3H18",0.259101669541153,0.131383788971135,3.38600796355853,0.000794553815271615,0.00255449451687274,-1.62648987001124
"PREPL",-0.263582856644668,0.0391798871486266,-3.38472954596455,0.000798137732288671,0.00256472542559797,-1.63066410530826
"WASHC1",0.184527094704594,0.155780581267947,3.38313965938383,0.000802615847171474,0.0025778180000955,-1.63585328476141
"PRR5-ARHGAP8",0.430422412141852,-0.240454150133283,3.38201971543664,0.000805784358108251,0.00258669337683318,-1.63950726840932
"SDE2",0.220087874130322,0.107124025787198,3.38166651701552,0.000806786032132684,0.00258839880314371,-1.64065939669837
"DCAF5",-0.297794463412828,0.0114881825715713,-3.38143868887307,0.000807432770565422,0.00258839880314371,-1.64140250934521
"FMNL1",0.382183645781923,-0.0300108038422334,3.38140382555922,0.000807531780088061,0.00258839880314371,-1.64151621975183
"EEF1D",0.254120355202793,0.287780821139397,3.38020833667511,0.000810933745485164,0.00259799897888749,-1.64541477215356
"RNASEH2B",0.368666201122633,0.208507283599016,3.37961464345905,0.000812628159605087,0.00260212176483374,-1.64735035916866
"LLGL1",-0.227671192750521,-0.0999404395570688,-3.37863533171165,0.000815430350755601,0.00260978585943585,-1.65054246502643
"DCAF8",-0.299328567849605,0.0807484566195012,-3.37774745072032,0.000817978704613375,0.00261663027502826,-1.65343580268497
"APMAP",0.349682052664754,0.212792134684186,3.37756546390652,0.00081850195029046,0.00261699296575092,-1.65402875547431
"WDFY1",0.237913239112557,0.197826375586892,3.37695887750666,0.000820248251742212,0.00262126380749451,-1.65600493120082
"KLKB1",-0.431859386200684,-0.326044672431815,-3.37305923253611,0.000831558118411116,0.00265607733169334,-1.66870153381175
"CREG1",-0.351988179351116,-0.179628089309546,-3.37238658275485,0.000833523590858244,0.00266102406381495,-1.67089018655863
"RPL19",0.429518289789611,0.120314301006079,3.36936848342098,0.000842395833796808,0.00268800469704779,-1.68070539592146
"VAPB",0.373373316873567,0.036141111882923,3.36888734286319,0.00084381833778924,0.0026911988445476,-1.68226936288485
"NT5DC3",-0.438377608751883,-0.202079256762802,-3.36824327974436,0.000845726029637947,0.00269593644495172,-1.68436258997021
"METTL7A",-0.468071889999754,-0.835477689279884,-3.36743019784919,0.00084814008741654,0.00270165559807672,-1.68700460037813
"DPH1",0.315082797432389,0.155158082773244,3.36735408326049,0.000848366401588697,0.00270165559807672,-1.68725189497169
"RPL27",0.314860438104484,0.116073075398628,3.3657159008782,0.000853250923699221,0.00271585600589209,-1.6925730482453
"IMPDH1",0.351908388746151,0.150048185484396,3.36515854208425,0.000854918749079835,0.00271980877572235,-1.694382913172
"CYTH1",0.294373692282891,-0.0776566305627206,3.3645398864788,0.000856773553445514,0.00272435216073188,-1.69639149449664
"VAT1",-0.294829331545112,-0.13255213054995,-3.36372472980244,0.000859223215831889,0.00273078159934625,-1.69903752698465
"SNRPF",0.314397032769989,0.274677770167239,3.36149786890761,0.00086594854833663,0.00275078680653203,-1.70626295904723
"NAXE",-0.31519915967717,0.0619195288491366,-3.35984870413251,0.000870960750036286,0.00276430426902572,-1.71161107767666
"TIA1",0.423320155190615,0.166955371815725,3.35981294662492,0.00087106972424115,0.00276430426902572,-1.71172700947207
"C12orf43",0.287865206344794,0.125432531309805,3.35923167303085,0.000872842989640879,0.00276855563281521,-1.71361143370494
"POGK",0.261679761039247,0.102860490201319,3.35812223963448,0.000876236824500906,0.00277794047886707,-1.71720724813838
"HGD",0.993421437120799,-1.28539454248839,3.35780976362483,0.00087719492646407,0.00277959781909334,-1.71821982236533
"FBP2",0.760972063947256,-0.415262491569249,3.35765650911854,0.000877665186073045,0.00277970843902599,-1.71871640933493
"SMPDL3B",0.565519850412055,-0.0378185485038329,3.35674160068199,0.000880477459725473,0.00278723281127771,-1.72168052529164
"EIF4A2",-0.245767580557282,-0.0762213820593779,-3.35606113119989,0.000882574547144058,0.00279248686001725,-1.72388461790582
"PRMT1",0.327623067495077,0.264555798815377,3.3549885322933,0.000885889554984177,0.00280042377361718,-1.72735800039447
"ASPH",0.476275901299914,0.030959252283397,3.35496570782835,0.000885960222820158,0.00280042377361718,-1.72743190128327
"C7",-0.453551842097342,-0.436842912926024,-3.3546727063677,0.000886867863958063,0.00280190564639893,-1.72838053760969
"CYP20A1",0.323384179933655,-0.155810931926824,3.35423390083418,0.000888228787129298,0.00280481741138505,-1.72980109185839
"METTL26",-0.326194471524578,0.0455242428931736,-3.35270864853931,0.000892974387373875,0.00281840902787059,-1.73473747271224
"GNG10",-0.363304589317057,-0.196838938601697,-3.35001321738717,0.000901418599563509,0.00284365501887994,-1.74345593473486
"C2orf76",-0.295435373603187,-0.0164022147839176,-3.34569981666423,0.000915086389924138,0.00288534646897068,-1.75739414561095
"MYCBP2",-0.22981066400817,-0.0123205992804285,-3.34265875819592,0.000924838216134308,0.00291465548372041,-1.76721085909558
"TEP1",-0.300561562947989,0.0129987393543883,-3.34055145394735,0.000931652396284273,0.00293468206722994,-1.77400846725587
"ARSA",-0.467412320239069,-0.415806055509143,-3.33922357362905,0.00093597019911203,0.00294682925114907,-1.7782898019386
"TSPAN6",0.714638119499785,-0.25088985469334,3.33752391237174,0.000941524079418405,0.00296285423710523,-1.78376750691583
"TOP2B",0.280095624974206,0.152591109517324,3.33578607279444,0.000947234410099689,0.00297935552142193,-1.78936555902303
"RNF31",-0.204935650620363,-0.0219729279587046,-3.33512361874404,0.000949419625219173,0.00298475839833797,-1.7914987856528
"PTPA",-0.219455294615228,-0.060225843241496,-3.33364956446509,0.000954298881323203,0.00299862123880347,-1.79624409677075
"ZC3H11A",0.242420675515653,0.183829229902032,3.33343588179337,0.000955008123886891,0.00299937376833143,-1.79693182646785
"PRODH",0.790522690825632,-0.559341551690039,3.33214858217723,0.000959291238342982,0.00301134442321531,-1.80107408034549
"PATL1",0.250891531582165,0.112850582910433,3.3313260265697,0.00096203740383329,0.00301734583963949,-1.80372010463443
"PARN",0.259918331715659,0.281526226055385,3.3312928917672,0.000962148180032264,0.00301734583963949,-1.80382668097671
"EHF",0.508433905209754,-0.0848062914634154,3.32957265801336,0.00096791558974793,0.00303394258249413,-1.80935836083229
"TBL2",0.293482544060584,0.161813854187365,3.32880850029484,0.000970487876044487,0.00304051280105204,-1.81181477233592
"TSPAN8",1.10718712065281,-1.26862267738764,3.32862529609869,0.0009711055172374,0.00304095572710191,-1.81240361024885
"C1QBP",0.371012311411645,0.0428987716193526,3.32662100124935,0.000977886575218422,0.0030606891092008,-1.81884364969014
"AKAP8L",0.276092151028451,0.128987000688108,3.32499924254297,0.000983405622848737,0.00307645512096481,-1.82405190024064
"TOMM20",0.445878371129448,0.209964854312504,3.32475206912094,0.000984249324832772,0.00307758664988112,-1.82484548495265
"ASCC3",0.214451734983189,0.152139527697607,3.32416865469056,0.000986243422937942,0.00308128757039838,-1.82671839951182
"AGFG1",0.196276039562645,0.120261594254766,3.32400327503929,0.000986809370254717,0.00308128757039838,-1.82724925600764
"SHBG",-0.477092209827935,-0.564364249027431,-3.32398244610996,0.000986880670550461,0.00308128757039838,-1.82731611358517
"SGF29",0.22521048914458,0.131956489731981,3.32347755319968,0.000988610455041054,0.00308517974361541,-1.8289366203483
"TRABD",0.297343513502153,0.0585297648333882,3.32271158742318,0.00099124007110993,0.00309187486762917,-1.83139462837674
"ARAP1",0.231233572139321,0.0684331559375099,3.3209755834753,0.000997223996757212,0.00310902110317129,-1.8369635580072
"PTRH2",0.426288227478271,-0.0910135362017525,3.31980749377892,0.00100126923682563,0.00312010935926387,-1.84070914293169
"S100A11",0.415248943004472,0.455246354283723,3.31852482843219,0.00100572884226461,0.00313247739407783,-1.84482070546912
"RPL15",0.32625186800736,0.135481305626549,3.3177146556092,0.00100855518336367,0.00313974882778014,-1.84741693531222
"FKBP4",0.429522857240287,0.0805305161733401,3.31683094251776,0.00101164649519861,0.00314783765684364,-1.85024815170457
"SLC16A3",0.543401507575865,0.0769046026078808,3.31506837886388,0.0010178384363313,0.00316556181976394,-1.85589289936931
"UTP14A",0.290136181329276,0.227935509223637,3.3137575284009,0.0010224663235003,0.00317840675537946,-1.86008918047169
"FAM32A",0.251759215112906,0.144808603572146,3.31141558519317,0.00103078315947147,0.00320270096020697,-1.86758232055955
"MPC2",-0.44444891720273,-0.0967311828831499,-3.31080431895363,0.00103296424756968,0.00320791669296323,-1.86953727554334
"LRSAM1",-0.21138511744935,-0.00917405629000714,-3.30817461517936,0.00104239643790013,0.00323563502965112,-1.87794375739698
"CDKN1B",-0.378670669095565,-0.296537186641626,-3.30746202650145,0.0010449660939195,0.00324203523307874,-1.88022064261137
"MTAP",-0.390709096914219,-0.184798925503536,-3.30721292850496,0.00104586575070418,0.00324325051881796,-1.88101645991862
"HIBCH",-0.450963933386449,-0.0781017954048101,-3.30589568891771,0.00105063515090357,0.00325611372499739,-1.88522383937429
"SERPINB5",1.27827647013216,-1.09617949082253,3.30578585798765,0.00105103373331552,0.00325611372499739,-1.88557457821876
"CXorf38",0.290029739037045,0.120668902376425,3.30562614128243,0.00105161360471127,0.00325633019693573,-1.88608460499882
"TOR1AIP1",0.327295839029186,0.0379762548279855,3.30468390267856,0.00105504057515803,0.00326469289581563,-1.88909300645848
"SYNRG",-0.201793843476666,0.11415465821321,-3.30460256111974,0.0010553369047711,0.00326469289581563,-1.88935267805894
"TTC19",0.367648644605706,-0.106322323692956,3.30060974339303,0.00106997830681179,0.00330838328764806,-1.90209183943832
"STX16",0.311730885151373,-0.0351924406033135,3.29914473853252,0.00107539755528162,0.00332353019868013,-1.9067623508197
"MNAT1",0.258073637705555,0.246843618223203,3.2972254390622,0.00108253589674321,0.00334397276279892,-1.91287824007402
"LARP4B",0.282964682666575,0.111738951763998,3.29548377399731,0.00108905164970402,0.00336247329949718,-1.91842521023588
"UBE4A",-0.216263721738446,0.045547809752191,-3.29518174118104,0.00109018528675659,0.00336434657126187,-1.91938686519735
"TRAM1",0.446359441760117,-0.00722997608972488,3.29284491678861,0.00109899334856856,0.00338989011140591,-1.92682438957826
"PTGDS",-0.491808264070253,-0.440451664708801,-3.29267320268359,0.00109964318135366,0.00339025674212609,-1.92737071756918
"ST6GAL1",0.582518627999142,-0.0659646985097347,3.29243592399774,0.00110054172335972,0.0033913894322644,-1.92812560284997
"AAAS",0.262664610732351,0.176474675226891,3.29142177965584,0.00110438984220593,0.0034016059539242,-1.93135145696586
"MOGS",0.267486012066335,0.0452781788899786,3.28949366447759,0.00111174046914203,0.00342259541729598,-1.93748196080834
"CDH13",0.375822124555041,-0.646945903804783,3.28834700135984,0.00111613345866443,0.00343446367883006,-1.94112621784148
"GART",0.272910435281157,0.204100383862578,3.28790391536155,0.00111783528321224,0.0034380434890704,-1.94253408892279
"SULF1",0.679829910247212,0.185002793128224,3.28416797723156,0.00113228056604324,0.00348079509590085,-1.9543976757444
"JTB",-0.406293103073948,0.0435540622602505,-3.27919803506003,0.00115176598394554,0.00353750228496704,-1.97016029967522
"CDC37",0.205586265666566,0.206506205145256,3.27918054029129,0.00115183512144816,0.00353750228496704,-1.97021574643293
"RCN1",0.384893753822382,0.384646884814535,3.27752195395978,0.00115840720828841,0.00355597597351995,-1.97547110131953
"AHNAK",-0.340629987029384,-0.714862077878776,-3.27687955253177,0.00116096204033933,0.00356210601997435,-1.97750592913463
"MAP7D1",-0.234642078796287,-0.0122404418200037,-3.27648502811883,0.00116253365661468,0.00356521488832119,-1.97875541307946
"FCGRT",-0.336166436031115,-0.334741057959994,-3.27477082246306,0.00116938527942794,0.00358450552527479,-1.98418277495347
"CDC73",0.248590589185088,0.121006497873554,3.27414312978056,0.0011719035084472,0.003590500912397,-1.98616945279046
"SPINT2",0.567366165950011,-0.163302637587352,3.27286647817449,0.00117704082239023,0.00360451110357873,-1.99020901627793
"RAB28",-0.19033569787939,-0.0609802186114427,-3.26958604231425,0.00119033749395314,0.00364184792303621,-2.00058215649259
"UVRAG",-0.21755910190682,-0.0511991859139131,-3.26957713561513,0.00119037378471051,0.00364184792303621,-2.00061030729804
"RTN4",-0.244081492004732,-0.233479763223835,-3.26916318461939,0.00119206158052164,0.00364526493852043,-2.00191857511348
"FKBP7",-0.407822086493369,0.224777109036926,-3.26514496119134,0.00120856082398357,0.00369394967024178,-2.01460986710722
"FMNL2",0.298222387149292,0.0602827084836023,3.26324172365736,0.00121644944582133,0.00371628215864554,-2.020616010917
"DNAJB1",0.263394446549211,0.18458544588025,3.26131555455046,0.00122448173683038,0.00373903198931707,-2.02669117896348
"RAB13",0.292033424286551,0.0576880947186821,3.2579810075039,0.00123850351740484,0.00378004061119976,-2.03720044403458
"SDSL",-0.384115684940716,-0.00106388518205212,-3.25768007728649,0.00123977623013564,0.00378211716646731,-2.03814836950227
"ST13",-0.262235436899127,-0.0291483598157588,-3.25732844750944,0.00124126490159699,0.00378485023719998,-2.03925589378604
"SETDB1",0.21100751597898,0.142246433565408,3.25637972862476,0.00124528970554432,0.00379531015269713,-2.04224350362375
"KATNA1",0.227590535537278,0.0111572771622215,3.25585845713315,0.00124750627478395,0.00380025170061808,-2.04388469190645
"KRT17",1.01740772267437,-1.03816767138741,3.2548114328972,0.00125196953049722,0.00381202930482822,-2.04718043305576
"BRD3",0.279939390109787,0.0859436177468979,3.25284112198474,0.00126040875951627,0.00383589605791771,-2.05337972882595
"RFX5",0.271841636749015,0.0288524338560792,3.24968696724112,0.00127402852965694,0.00387549888606936,-2.06329648820601
"PLCB1",-0.434180642652854,-0.628933733872793,-3.24833138439483,0.00127992381933414,0.0038915778983088,-2.067555710254
"TRIP11",-0.222914436954568,0.213635251655059,-3.24813328055656,0.0012807874678439,0.0038923503008964,-2.06817801012083
"PTP4A2",-0.392842664819728,-0.0860423393771721,-3.2474740513128,0.0012836653196724,0.00389924027883363,-2.07024857825233
"ERBIN",-0.242082446771888,0.00858505656531243,-3.24664383731341,0.00128729813235129,0.00390841587021541,-2.07285563030188
"TAPBPL",0.545539440615193,-0.266181003923112,3.246466858135,0.00128807378142779,0.00390891211711808,-2.07341130246902
"NRDC",0.239962296660685,0.174429563348994,3.24251776666419,0.00130549463850901,0.00395989703889788,-2.08580311166831
"HAUS1",0.245508045633392,0.0937850595634094,3.24091957462052,0.00131260672146286,0.0039795792576165,-2.09081403858661
"COL10A1",-0.65240661001975,-0.0724520454322268,-3.24016441021321,0.00131597974381703,0.00398791203809764,-2.09318095380511
"LSS",0.368451206850546,-0.296030540197044,3.23993633081965,0.00131700006346839,0.00398911072355107,-2.09389572233257
"COX15",0.477503727926091,-0.0878444493993086,3.23951513577622,0.00131888621921836,0.00399292959208592,-2.09521556388552
"TRMU",0.326664977491225,-0.0657883587159256,3.23872233726565,0.00132244324825563,0.00400180101427117,-2.09769941192437
"RAB5C",0.249442213298872,-0.0167025335371309,3.23796154969195,0.00132586501358929,0.00401025490846405,-2.10008243297099
"GATAD2A",0.209082655773588,0.174582550479701,3.23767767885794,0.00132714386955876,0.00401222235186206,-2.10097146930748
"KXD1",-0.202490090162186,0.00114105600345948,-3.23738243054893,0.00132847519466452,0.00401434648269427,-2.1018960604184
"WRNIP1",0.298432912185497,0.0437300724183028,3.23235509135703,0.00135133515811637,0.00408149242411213,-2.11762738744385
"DGKA",-0.317116032725439,0.0521802220895938,-3.23131404250026,0.00135611427003296,0.00409399036130519,-2.12088212398005
"TRIM3",-0.313215352357574,-0.253495720133967,-3.22818190463857,0.00137058748932934,0.00413392134536709,-2.13066851017947
"UBAP2L",0.229886596361386,0.282924001982777,3.22817143692519,0.00137063609837778,0.00413392134536709,-2.13070120168676
"UTP18",0.277070209394448,0.185709239660473,3.22733337891856,0.00137453298565122,0.00414371723955762,-2.13331820109241
"TARDBP",0.169276257371102,0.23456462586641,3.22678676180063,0.00137708022974231,0.00414943712454206,-2.13502477587605
"DERL1",0.473138464758693,-0.151990247192277,3.2264453968331,0.00137867321333784,0.00415227757885006,-2.13609040223594
"CLIC1",0.24253672979772,0.279180179924367,3.22608616826622,0.00138035140103293,0.00415537185082286,-2.13721167845239
"RIOX2",0.381910823533613,-0.0786052418243934,3.22587821153719,0.00138132376535533,0.00415633941649093,-2.13786072954627
"CHRAC1",0.350747882918727,0.182668185933069,3.22370065278878,0.00139154377763899,0.00418511870947947,-2.14465472145803
"GIT2",-0.199163627744564,0.0105515171617538,-3.22313670197614,0.001394201983164,0.00418964133772028,-2.1464135480971
"ATP12A",0.460872229789462,-0.00345524397585879,3.22310323447233,0.00139435988138694,0.00418964133772028,-2.14651791609327
"P3H1",0.396227697425866,0.51425091696649,3.22188971560668,0.00140009641255834,0.00420489915060442,-2.15030157237173
"CMBL",-0.683154221852497,-0.632836121996671,-3.22121404990889,0.00140329987746187,0.00421253865425203,-2.15240766506231
"THEMIS2",0.380622587502649,-0.101406261480233,3.22032387579746,0.00140753073373515,0.00422325363482092,-2.15518176091818
"SLC9A3R1",-0.48821254352379,-0.0987068290951241,-3.2198852724522,0.00140961968766895,0.00422753485475164,-2.15654833859123
"NGDN",0.318556983370069,0.167938533876984,3.21852235623815,0.00141612924252067,0.0042425622748278,-2.16079372726029
"SNX27",-0.197093800861679,-0.0274458005415541,-3.21844156627957,0.00141651598389377,0.0042425622748278,-2.16104532934463
"LIMA1",-0.375471420612169,0.0197883379299252,-3.21841905353927,0.00141662376976239,0.0042425622748278,-2.1611154391346
"MRPL3",0.302564706394234,0.225958401837935,3.21808144993381,0.0014182410501713,0.00424541448914382,-2.16216675826123
"ATP2A2",0.355047731603172,-0.0572604715764094,3.2152948445423,0.0014316556555207,0.00428356202460152,-2.17084046962877
"SPG21",0.243837350157659,0.0790053427226912,3.21318600571939,0.0014418855196545,0.00431133961569606,-2.17739984401941
"CPTP",-0.229653754375418,-0.129745985478331,-3.21304650414508,0.00144256461533497,0.00431133961569606,-2.1778336099779
"RCN2",0.282949528258555,0.196591591989068,3.21296424491855,0.00144296519322513,0.00431133961569606,-2.1780893783876
"MGLL",-0.416323288045946,-0.272513022010206,-3.21224189019844,0.00144648727109667,0.00431984154628262,-2.18033513000601
"CCNYL1",0.368158902493771,-0.207496977745324,3.21177176205422,0.00144878380959741,0.0043228063545871,-2.18179647160791
"NAA50",0.233362127427616,0.201535815300473,3.21176147890069,0.00144883407968933,0.0043228063545871,-2.18182843341396
"GATAD2B",0.240607012015716,0.0341959605831813,3.2104419922169,0.00145529792056498,0.00434006409285726,-2.18592882705903
"IFIH1",0.472919925060959,-0.244676896329596,3.20959878510401,0.00145944255624495,0.00435039249375536,-2.18854832107621
"MMP14",0.429318018053236,0.272411845682644,3.20907268081315,0.00146203406228961,0.00435608375535192,-2.19018238099477
"MIOS",-0.204745292665734,0.0630879726278047,-3.20687487902509,0.00147290622152311,0.0043864301419893,-2.19700594854796
"CCDC28A",-0.272281231893058,-0.121203497020959,-3.20650793710644,0.00147472869612375,0.00438981012808866,-2.19814477405351
"HSDL1",0.406592214035155,-0.180087896917783,3.20545815398929,0.00147995414318812,0.0044033118379572,-2.20140216066373
"CC2D1A",-0.234745232075134,0.0123133444814052,-3.20414518419458,0.00148651376147013,0.00442076868513591,-2.20547478249674
"RWDD4",-0.270086610393415,0.0875381513817039,-3.20253534749052,0.00149459325461202,0.00444272715581833,-2.21046609857222
"NUDT9",-0.272721385107348,-0.100138742832563,-3.20153840855358,0.00149961707719331,0.00445558633684471,-2.21355593682725
"C11orf98",0.337849111311157,0.179678919926393,3.19852085203665,0.00151491869159321,0.00449785038170967,-2.22290281779909
"PAFAH1B1",-0.203358529413046,-0.0537221240381981,-3.1984556775583,0.00151525077072161,0.00449785038170967,-2.22310460436474
"THOC2",0.228868177682138,0.208428497697904,3.19768052283154,0.00151920553248753,0.00450749411009893,-2.22550426302303
"CTIF",-0.283809070164378,-0.219473730477408,-3.19635208663039,0.0015260052976825,0.00452556610576069,-2.22961545278411
"ECHDC3",-0.677929151341637,-0.416807986681744,-3.19544870034285,0.0015306454667866,0.00453721973325553,-2.23241029843984
"CTSK",0.507376161399196,0.230330541901831,3.19501454510024,0.00153288011070114,0.00454173526998924,-2.23375319934133
"WASHC5",0.156160587573112,0.0124854758130483,3.19388555719502,0.00153870527124873,0.00455687994291426,-2.23724450885704
"PTK7",0.417587789641311,0.199755208667256,3.19333344869536,0.00154156139748625,0.00456322184652281,-2.23895144029837
"STXBP3",-0.191941903492841,-0.0501076092342167,-3.19150048403963,0.00155107876093428,0.00458926686217117,-2.24461635375829
"NAPB",0.435619394457804,-0.85008116172406,3.19058768150609,0.00155583858348835,0.00460121785807,-2.2474362974507
"CIAPIN1",0.237016601041103,0.246557778024468,3.18955722323019,0.00156122815783442,0.00461501934619109,-2.25061880681066
"PPIP5K2",-0.258319493324332,0.00493312938578932,-3.18864353273053,0.00156602144497493,0.00462704624070567,-2.2534398774852
"LAS1L",0.219828973773485,0.208655787891843,3.18830215553367,0.00156781582498481,0.00462939753962236,-2.25449370375703
"NOVA2",0.355390030048954,-0.435490345479311,3.18821631522777,0.00156826732626518,0.00462939753962236,-2.25475867480126
"ACAD8",-0.472995545223498,0.0443383722205676,-3.18681625041102,0.00157564835927966,0.00464903640203356,-2.25907943487043
"LMAN1",0.383226248353102,-0.0205342336884114,3.18438345006007,0.00158855036010838,0.00468493951468454,-2.26658309095564
"POLR3A",0.256454667036622,0.224736386391559,3.18269404862872,0.00159756725779076,0.00470935685179778,-2.27179065993635
"ETFA",-0.364727488922302,0.0853260301470193,-3.18237239325988,0.00159928939380913,0.00471225785854699,-2.27278186606497
"RSL24D1",0.380040214552039,0.362191626310231,3.18166742033438,0.00160306980970549,0.0047212180511852,-2.27495396568987
"PAFAH2",-0.341809679196754,-0.0722122916973094,-3.1814239095925,0.0016043775544561,0.00472289104896366,-2.27570414409506
"METTL1",0.326865372055705,0.215560382597458,3.18106076641531,0.0016063296031489,0.00472645830235288,-2.27682277132446
"CBX1",-0.261117212251156,0.0615386300290359,-3.17906171731479,0.00161711471616207,0.00475576070422667,-2.28297849768375
"PLTP",-0.50724648498163,-0.0500998774145673,-3.17893918676522,0.00161777795608149,0.00475576070422667,-2.28335569098258
"CLCN3",0.367736548353361,-0.186772918004599,3.17517221474101,0.00163829115540233,0.00481384676817483,-2.29494512003835
"SIRPA",0.355238427318369,-0.101845533033164,3.17500073103286,0.00163923067428816,0.00481439183777825,-2.29547239756298
"GGCX",0.407354372890622,-0.123214575727981,3.17436559273406,0.00164271478781767,0.00482020006517868,-2.29742508532538
"SLC44A2",0.420184577789407,-0.803757638637454,3.1743649817347,0.00164271814280796,0.00482020006517868,-2.29742696362272
"NTM",-0.486029502841266,-0.7965195179135,-3.17416842803935,0.00164379774564726,0.00482115232244269,-2.29803117949104
"NADSYN1",-0.285835065924609,-0.115657609950366,-3.17325631972145,0.00164881623634399,0.00483170787364046,-2.30083458541053
"CDK5",0.261255208516366,0.23073824148549,3.17323927119882,0.00164891017332225,0.00483170787364046,-2.30088697759632
"KNOP1",0.374824974670607,0.165108227316117,3.17259431410528,0.00165246750803567,0.00483977599909102,-2.30286881479718
"STXBP1",-0.328208391933852,-0.478220286191923,-3.17241051996597,0.00165348254366511,0.00483977599909102,-2.30343351176576
"ELL",0.243541446330799,0.12952427284532,3.17226621398688,0.00165427990278359,0.00483977599909102,-2.30387686205694
"RPL35A",0.29836604921105,0.323300113174817,3.17205560211328,0.00165544427136689,0.00483977599909102,-2.30452388945415
"TMCO4",-0.283131225938102,-0.0644580064808803,-3.17205392815269,0.00165545352889816,0.00483977599909102,-2.30452903191954
"SFXN4",0.40752235904848,-0.170993082806542,3.17162293761841,0.00165783863558476,0.00484453074975227,-2.30585296495305
"CPN1",-0.421183689686798,-0.588986714120588,-3.17051155284227,0.00166400371470586,0.00486032192058413,-2.30926617792141
"NCF1",0.502609626031376,-0.200544827182836,3.16943971603726,0.00166996947824846,0.00487551674376608,-2.31255686771713
"GNL3L",0.311887139664765,0.1175834591165,3.16867578059838,0.00167423354394969,0.00488573179987148,-2.31490161809878
"NACC1",0.24013822848927,0.157849687116019,3.16759277410903,0.00168029581673802,0.00490118263584846,-2.31822478334183
"BORCS7",-0.228263214558069,0.0338990101892521,-3.16731522869297,0.00168185267614028,0.00490348371559621,-2.31907624910936
"HNRNPR",0.31170899805322,0.20792511498448,3.16653608352345,0.00168623032862375,0.00491400303435082,-2.32146616904891
"PLEKHS1",0.68543035052603,-0.366970037796861,3.1651710301663,0.00169392531720025,0.00493317875770652,-2.32565194756024
"RBBP6",0.184439920801468,0.242337651822276,3.1650948552432,0.00169435567981995,0.00493317875770652,-2.32588547914032
"KRT5",1.01096259026391,-1.69216515304577,3.16469120873521,0.00169663783298072,0.00493757181567088,-2.32712286120769
"WDR4",0.374613197281814,0.211879773787234,3.16413841232539,0.00169976786446076,0.00494442725037901,-2.32881722272849
"NMT1",0.195219811543312,0.258693306360813,3.16372525001085,0.00170211074598662,0.00494898775643196,-2.33008341363742
"NUBPL",-0.481134288160288,-0.0272018662579031,-3.16308080776714,0.00170577108253702,0.00495737294583472,-2.33205808206842
"CRISP3",0.763090710543606,-0.434704499326752,3.16199630340677,0.00171194732820837,0.00497243591385633,-2.33538031278965
"DDX20",0.238259813264114,0.104090804856661,3.16189740139254,0.00171251160134222,0.00497243591385633,-2.33568323223531
"PSAT1",0.807628548223717,-0.271574482257259,3.16106753478198,0.00171725307625071,0.00498393676902762,-2.33822461617044
"TLN2",-0.361007445645004,-0.0357120563914452,-3.15774522204389,0.00173635696142393,0.00503709186673866,-2.34839258052435
"CCT8",0.183354029893931,0.176843472091233,3.15657839120295,0.00174311289290981,0.00505439410591696,-2.35196128769202
"IDH1",-0.362115801723719,0.0391766054293393,-3.15576550094,0.00174783385464791,0.00506578264272668,-2.35444674755133
"WDR37",-0.209211422847385,-0.0344820954759943,-3.15365924858006,0.0017601211745447,0.00509869732740508,-2.36088393486719
"TIGAR",0.261959932667682,0.149848301919363,3.15354543333924,0.00176078740907254,0.00509869732740508,-2.36123166497362
"PDS5A",0.220029808368036,0.134363155521022,3.15160236254756,0.00177219745216752,0.00512941102995903,-2.36716634278901
"ANKRD17",0.233374471738367,0.114447444959564,3.15056679484184,0.00177830633667953,0.00514476028984994,-2.37032784748919
"SBSPON",-0.603582323338096,-0.837370441705559,-3.15028174016221,0.001779991303335,0.00514730274990668,-2.37119792475677
"PTMA",0.434594420338155,-0.0154841727885202,3.14474789143154,0.00181299555670599,0.00524036968291887,-2.38807429832187
"CELF1",0.245312686781611,0.221112415131607,3.14075868522264,0.0018371368747312,0.00530774612903108,-2.40022270188413
"ACOX1",-0.373529577203586,-0.153467473181905,-3.13953356386288,0.00184461023308622,0.00532565151260352,-2.40395067175146
"HSCB",-0.302266137103313,-0.0764836275415069,-3.13946938074525,0.00184500252872028,0.00532565151260352,-2.40414593931609
"KBTBD11",-0.312105992759981,-0.234364001290184,-3.13808844402142,0.00185346166868622,0.00534526125616632,-2.40834632264752
"PNP",0.308667930629037,-0.0260641848031563,3.13808702377412,0.00185347038702463,0.00534526125616632,-2.40835064170551
"KIN",0.272905400609252,0.0485908515997261,3.13662125954218,0.00186248833878773,0.00536884336034297,-2.41280713790861
"TIMM50",0.343682629754174,0.228036677625091,3.13631382848606,0.00186438490374972,0.00537188520326804,-2.41374159967885
"LTF",0.927292290367187,-0.679262198673122,3.13568362943688,0.00186827822073268,0.00538067498393243,-2.41565687138398
"THOC3",0.252752393858444,0.325988880832312,3.13192181034409,0.00189167490698671,0.00544560156948159,-2.42708207547616
"UBXN7",0.23506438683707,0.134139573797611,3.13145482643591,0.00189459810699779,0.00545155877114958,-2.42849947353325
"ITGAM",0.495227092242122,-0.10358084998553,3.13100226697388,0.00189743498969892,0.00545726234649892,-2.42987290025211
"EIF5B",0.212119159172247,0.228904185127149,3.12984059190511,0.00190473493581497,0.00547579133956713,-2.43339749367733
"TFB1M",0.383154428786915,0.0410857471549683,3.12715072843954,0.00192173755695671,0.00552218465399125,-2.4415539738632
"PROM1",0.701280462615692,-0.465169167139475,3.12503907648248,0.00193518327961484,0.00555673934000768,-2.44795251154187
"MAGED2",0.408119162941362,0.229394505418609,3.12498898914642,0.00193550325640988,0.00555673934000768,-2.44810423222846
"SOD2",0.47451027529858,0.046541869406038,3.124751961523,0.00193701814025875,0.00555858913507961,-2.44882218690079
"NCAPD3",0.328773083944462,-0.142654999251529,3.12274251979691,0.00194990482705608,0.0055930558493949,-2.45490670710976
"AKAP8",0.225244562672601,0.170517835979856,3.12048253449673,0.00196449271009308,0.00563236908574061,-2.46174545714553
"VAMP7",0.364637910664752,0.0360969100108743,3.11912186021034,0.0019733241383621,0.00565515019005476,-2.46586062769886
"SYNC",-0.419833201153796,-0.346032778316175,-3.11738317104639,0.00198466234217572,0.00568509154544278,-2.47111658973236
"SLFN5",0.385169844021103,-0.108278887779111,3.11656334976256,0.00199002930846435,0.00569790902894388,-2.47359390614362
"SERINC3",0.567880202232577,-0.124289818317984,3.11640827742194,0.00199104599445478,0.00569826475777398,-2.47406243096609
"GLMN",0.292081560322276,-0.0151722121938644,3.11521875208257,0.00199886070640154,0.00571623899032165,-2.47765564951222
"TALDO1",0.299702053842254,0.191706606127156,3.11517982175091,0.00199911694054632,0.00571623899032165,-2.4777732251443
"PRAM1",0.370032984575094,-0.17885732885758,3.11435212823961,0.00200457187786162,0.0057274908614919,-2.48027265996495
"TRIM16",0.411522084536411,-0.0495917406753465,3.11431058103556,0.00200484605723327,0.0057274908614919,-2.48039810599869
"CPN2",-0.37661146053645,-0.591852845511668,-3.11280503374064,0.00201480485983371,0.00575088405227167,-2.48494283324231
"BAX",0.244942614676406,0.00677746097470931,3.11280034236831,0.00201483596318429,0.00575088405227167,-2.48495699163682
"HACD2",0.553578876303989,-0.235623543770384,3.11233216410691,0.00201794216746672,0.0057571763803731,-2.486369835761
"THY1",0.478050506006798,0.161709596182502,3.1119411314018,0.00202053991964673,0.00576201312503097,-2.48754972045818
"MARCKSL1",0.500529149781454,0.0090118622353353,3.11151499400567,0.00202337439318727,0.00576752031272355,-2.48883536932734
"F3",0.759493596336836,-0.633024530116905,3.10923972473178,0.00203857058454819,0.00580824327636778,-2.49569700638328
"MSRB2",-0.360489858659999,0.00766932419986505,-3.10873255774012,0.00204197218440632,0.0058153400523793,-2.49722584877779
"ETFB",-0.327299891890116,0.00833108795680782,-3.10633157042698,0.0020581468706841,0.0058587908021926,-2.50446037374115
"F9",0.435713261886761,-0.48633021325419,3.09917458453283,0.00210706434760602,0.00599536803006438,-2.5259941374631
"DESI1",0.34174374181649,-0.0498737771078418,3.09690732910149,0.00212278287246984,0.00603740251257012,-2.53280602777581
"ARMCX3",0.407046354459755,0.14662145575,3.09653878709297,0.00212534809856178,0.00604200694982947,-2.53391285510787
"NFXL1",0.287012400560679,0.0430003653283747,3.09568904724076,0.0021312735740828,0.00605615566111201,-2.53646437091706
"REXO4",0.3993515251569,0.143983966084415,3.09479064069532,0.00213755496250549,0.00607130268487437,-2.5391612998236
"KDM3B",0.193575500009896,0.167985016235161,3.09460438295666,0.00213885935276988,0.00607230634390202,-2.53972033497885
"MAP4K3",-0.234823050120411,-0.0376201109901589,-3.09439414259493,0.00214033257765875,0.00607378822593383,-2.54035131359293
"PRPSAP2",-0.212271713066469,-0.0775288947001192,-3.09408028638801,0.00214253361276687,0.00607733323745733,-2.54129319140734
"MEAF6",0.212002311810172,0.145142869002721,3.09375738224022,0.00214480027557859,0.00608106117210003,-2.54226212788573
"WASL",-0.217361708877617,0.120078837068444,-3.09359274302625,0.00214595682942643,0.00608163974961728,-2.5427561230312
"RGS19",0.345499842357602,-0.0845033962418587,3.09322799750144,0.00214852113175058,0.00608620560169808,-2.543850442963
"PIK3C2A",0.199205874955386,0.0367094689467526,3.09145622893865,0.00216101754816145,0.00611889004213343,-2.54916442153069
"YIPF4",0.325182645475827,0.0952038623138578,3.08977708995909,0.00217292238577772,0.00614987120265547,-2.55419792921592
"LPCAT2",0.335565320016259,0.0871323853457774,3.08954762308021,0.00217455395300718,0.00615176206909653,-2.55488559520428
"CRYL1",-0.370754954510071,-0.170776962275729,-3.08907263445523,0.00217793482663244,0.00615859781578747,-2.5563088872523
"NKAP",0.236714814994693,0.136458392779146,3.08678352390999,0.00219429623058928,0.00620211661456953,-2.5631652564262
"RPS3A",0.189569785233334,0.302304057323885,3.08548847368836,0.00220360264290231,0.00622566498890762,-2.56704208065733
"F11",-0.374239904949164,-0.204470776575862,-3.08490764940833,0.0022077883197661,0.00623457501693656,-2.56878032040233
"ATP6V0D1",0.238568852593785,0.131519947599876,3.08477999009972,0.00220870926989984,0.00623457501693656,-2.56916232653548
"AP5S1",-0.207450810027777,0.0375208601336488,-3.08393299338934,0.00221482857292521,0.00624797977314461,-2.5716964910968
"ANXA4",0.33308043066859,0.0555788537394558,3.08385190589703,0.00221541522418158,0.00624797977314461,-2.57193906567545
"AKR1C2",1.05672286614523,-2.35943862220063,3.08321550851033,0.002220024397219,0.00625821447074759,-2.57384264998855
"HELZ2",0.349761280733551,-0.029123328287977,3.0823954150305,0.0022259770257059,0.00627222564392417,-2.57629515705243
"STAM",0.190318664836159,0.109727021848726,3.08222357523387,0.00222722618107463,0.00627297713549251,-2.57680896959774
"PEX16",0.369252705740124,-0.076945059236279,3.08015151589997,0.00224233949266847,0.00631275910965088,-2.5830024375922
"METTL15",0.296794197877213,0.0255969808246273,3.07915836891178,0.00224961678275991,0.00633045533623711,-2.58596959971092
"BDH2",-0.419721106864699,-0.314984222336336,-3.07812901202789,0.0022571823369722,0.00634781732595626,-2.58904399053558
"ALDH7A1",-0.371922098214921,0.0453640864989496,-3.07793308035943,0.00225862504321395,0.00634781732595626,-2.58962907173662
"RBPJ",0.253879036934324,0.126435677344217,3.07778357976296,0.0022597264337093,0.00634781732595626,-2.59007547917905
"PPIP5K1",-0.33419477346705,-0.27016063404833,-3.07777857439699,0.00225976331744692,0.00634781732595626,-2.59009042480285
"ACAA2",-0.394192374134392,-0.216789805693446,-3.07664603137696,0.00226812310520065,0.00636849869248291,-2.59347151800463
"SNU13",0.253217583692036,0.357939485078485,3.07543373907244,0.00227710308773139,0.0063909025121604,-2.59708939284024
"ARMC10",0.317457795793047,0.190274067084725,3.07483828247804,0.00228152586832656,0.00640050205152245,-2.59886593613893
"HSP90AA1",0.234154413648567,0.169350669149872,3.07437069110285,0.00228500446374933,0.00640744554283682,-2.60026076620308
"MAPRE1",-0.231360781876421,0.150987750038109,-3.07414711427838,0.00228666946343207,0.00640929961545819,-2.6009276274796
"F13B",-0.379281811091991,-0.391407686877073,-3.07323240449422,0.00229349303512079,0.00642560466399572,-2.60365545005344
"FSCN1",0.451102265681122,-0.0219424870983749,3.07087056108238,0.00231119870315699,0.00647237005248131,-2.6106953302344
"TIMM17A",0.402587445287902,-0.131642272962748,3.06952505120643,0.00232134152226627,0.00649792442773788,-2.61470356849656
"MIF4GD",-0.268547156389876,-0.213200358607012,-3.06762219122289,0.00233575571664534,0.00653540764714308,-2.62036930603157
"ZMIZ2",-0.367799611560581,-0.025190808149569,-3.06586616261681,0.00234913066506662,0.0065699515096147,-2.62559491135426
"PPP1CC",-0.25298651048925,0.0829264115116101,-3.06455458048132,0.00235916636630439,0.0065951301439814,-2.62949608529295
"KHDRBS1",0.171552310809272,0.301460057628818,3.06267660328589,0.00237360456099626,0.00663258867481887,-2.63507920138914
"FAU",0.368305201164501,0.270884244814133,3.06230401880357,0.00237647869424027,0.00663771498806829,-2.63618648890751
"S100A8",1.06588377640284,-1.3298146484223,3.06060879940913,0.00238959614609458,0.0066714348022798,-2.64122292157608
"PEX3",0.260145494787821,-0.0436895542576623,3.06002641291937,0.0023941179434481,0.00668113770494585,-2.64295256180186
"PARS2",-0.315821808265845,-0.0404623707068594,-3.05982038512855,0.00239571947900665,0.00668268627062361,-2.64356437302619
"L3HYPDH",-0.326920255479348,-0.108938765667474,-3.05880922958503,0.00240359388308147,0.00670172355610269,-2.64656649265025
"STARD7",0.291083703593883,-0.190034135722038,3.05802565870703,0.00240971232409978,0.00671411936426584,-2.64889226899868
"TSSC4",-0.288631600250339,0.0605256270682795,-3.0579706017294,0.00241014276944359,0.00671411936426584,-2.64905566663659
"GTF2A2",0.317251731007169,0.0398309091817401,3.05721708053069,0.00241604104306946,0.00672761537723441,-2.65129168122784
"SNX1",-0.194364575048552,0.159535221140532,-3.05555160866722,0.00242912482928095,0.00676109940495156,-2.65623199026938
"BAK1",-0.291685545873932,-0.0946699551296593,-3.05361150114255,0.00244444825010714,0.00680078521870766,-2.66198374701228
"TAPT1",0.42983280752077,-0.530072665424095,3.05340870847158,0.0024460550729077,0.00680229165527685,-2.66258475881445
"SH3BP5L",-0.338659731563416,-0.0705235924069827,-3.05319650676738,0.00244773748748854,0.00680400690361964,-2.66321361556241
"LTBP3",0.508608346483145,0.294848890399914,3.05298710486193,0.00244939874695123,0.00680566187958382,-2.66383413466245
"CYC1",-0.318198872902419,0.10846830339036,-3.05191574953387,0.00245791441616643,0.0068263521301534,-2.66700824466142
"SMARCAD1",0.231684470323068,0.181830038550487,3.04939956077833,0.0024780214664269,0.00687920307092859,-2.67445883035663
"SERPINC1",-0.372725028020504,-0.641334451793718,-3.04809257464381,0.00248852524406363,0.00690536014052424,-2.67832660283996
"TM9SF1",0.387534011607517,-0.126196883044524,3.04466214346363,0.00251628933032781,0.00697713088628913,-2.68847084527149
"TPK1",-0.303262097362427,-0.274218562299515,-3.04462700793995,0.00251657516540703,0.00697713088628913,-2.68857468984088
"FTSJ3",0.316275502855763,0.297913231510652,3.04404448071412,0.00252131850024958,0.00698724766670727,-2.69029620933656
"KNTC1",0.34066059338631,0.0713900643710115,3.04337704743931,0.00252676329573326,0.00699929876063205,-2.69226826553958
"PHLDA1",0.448500761122276,0.0598548653210543,3.04238704231294,0.00253485947171007,0.00701868071416688,-2.69519266764128
"C12orf57",-0.282273626319926,0.146508973009228,-3.04215080102651,0.00253679495158214,0.00702099513040832,-2.69589037405379
"PLVAP",-0.298481602481714,-0.493287853846886,-3.04186421182342,0.00253914474500818,0.00702445372481681,-2.69673670741821
"DAB2",-0.292148028256663,0.051053288384767,-3.03970781427953,0.00255688964791816,0.00707048090167063,-2.70310239876971
"LAMC2",0.682532239371499,-0.315587585197311,3.03944863210746,0.00255903009901181,0.00707323323779274,-2.70386721794167
"CPSF3",0.163064127987124,0.20940740655331,3.03931908840346,0.00256010055012358,0.00707323323779274,-2.70424946459905
"LCK",0.47209409434203,-0.273758446484748,3.03745740969149,0.0025755295549538,0.00711278382715398,-2.70974104818663
"SAMD1",0.269423256737512,0.00991236690887909,3.03506784850852,0.00259545865712721,0.00716186396026021,-2.71678511811805
"ALDH1A3",0.559522346795308,-0.0336589732224784,3.03505756277708,0.00259554474613032,0.00716186396026021,-2.71681542759009
"FUBP1",0.203077576031894,0.232503405324186,3.03433122208371,0.00260163067226803,0.00717555587146064,-2.71895552592811
"CDC27",0.294477578187044,0.0474690940046446,3.03389779955192,0.0026052685112859,0.00718248680680504,-2.72023233617855
"CRK",-0.225069728576043,-0.207655311644814,-3.03375702734341,0.00260645105731827,0.00718264566291633,-2.72064699693899
"AP4M1",-0.189270165061621,-0.0570910585916016,-3.03180604908632,0.00262289093768091,0.00722483116354298,-2.72639195475932
"CKAP5",0.181627717422234,0.196332110993508,3.03152495037213,0.00262526744319228,0.00722825900163118,-2.72721940543801
"HCK",0.351619608976353,-0.0623137362775118,3.03093477017432,0.00263026346543438,0.00723889320120627,-2.72895644164192
"SELENOP",-0.339318296139577,-0.471000567254232,-3.03009237693875,0.00263740965933653,0.00725543329378016,-2.73143524481699
"IRF2BP1",0.238448482567048,0.0402958308669528,3.02895692399086,0.00264707015000772,0.00727887291464225,-2.73477536631479
"BCCIP",0.324684684125827,0.158784657878768,3.02748740304617,0.0026596211428627,0.00731023719206988,-2.73909644598699
"FETUB",-0.408157989502891,-0.324200347166864,-3.02656901651388,0.0026674926850126,0.00732871806962369,-2.74179592537391
"ALDH18A1",0.38258976749433,0.268027510597316,3.02386332876558,0.00269080778090457,0.00738959470153794,-2.74974444417515
"PLIN2",0.743704831518157,-0.10744579105267,3.02323219558806,0.00269627313707231,0.00740142045580684,-2.75159756151214
"RAB11FIP1",0.346064562344513,-0.140851873624649,3.0206591117674,0.00271866061250844,0.00745966824704184,-2.75914879833634
"APOA1",-0.431032376134115,-0.926618752481599,-3.01808901702965,0.00274119227607716,0.00751826146166353,-2.76668519077832
"ZFAND2B",-0.229742934810607,-0.0016311832184098,-3.01524766251002,0.00276630140186368,0.00758387052421623,-2.77500994481535
"APBB1IP",-0.308202569865246,-0.0275051528527134,-3.01309772585251,0.00278544051438852,0.00763306338385009,-2.78130401443491
"MLST8",-0.179936219941273,0.0533596091107065,-3.01249976527008,0.00279078521629262,0.00764442883141499,-2.78305382509678
"ATXN2L",0.19516423270536,0.364047144453345,3.01181696986383,0.00279689969510429,0.00765789217548923,-2.78505148580054
"DKC1",0.250823173474091,0.423353214020287,3.00788888027241,0.00283231537086255,0.00775153606641981,-2.79653560828935
"MAOA",-0.667971976312617,-0.861904805699384,-3.00487419113291,0.00285977429178739,0.00782333284192908,-2.80533970104223
"SAP30L",-0.29432965289445,0.0685714371677356,-3.0030039767531,0.00287693139362946,0.00786689805067413,-2.81079727141451
"MAP2K4",-0.2717904810005,-0.176559003964013,-3.00233927226753,0.00288305200614628,0.00788025987125171,-2.812736205558
"LAMB3",0.569414886610586,-0.151130649941493,3.00080160026163,0.00289725670849887,0.00791569708333989,-2.81722001706049
"ABI2",-0.268989365537705,-0.373222327581404,-3.00001058192322,0.00290458894561139,0.00793233550801058,-2.81952575882301
"GSTT2B",0.723741136329116,-1.2350172899713,2.99849581838841,0.00291867734544372,0.00796740267236346,-2.82393954134878
"RXRA",-0.235699889203346,0.0288163779819737,-2.99801053466965,0.00292320406935689,0.00797634956531783,-2.82535313532371
"B4GAT1",0.287936806728525,-0.287539562041636,2.99733550587839,0.00292951143811816,0.00799014546449571,-2.82731908178059
"TRA2A",0.262319302893318,0.268183781338371,2.99691781542888,0.00293342052163425,0.00799739113178254,-2.82853534893477
"CCM2",-0.222116514255802,0.134061479533702,-2.99503764843299,0.00295107591454141,0.00804209121397648,-2.83400819439859
"PPT1",0.337641381640664,-0.194346057634336,2.9905490250005,0.00299362012601662,0.00815454970333451,-2.84706066036979
"ITFG2",-0.184829862447796,-0.0307560309049303,-2.99007145622189,0.00299817956170248,0.00816348678101081,-2.84844829117775
"CTSH",0.551155133208736,-0.251578416491297,2.98985071085374,0.00300028920758206,0.00816574875976618,-2.84908962120784
"LPIN2",-0.377429676971347,-0.000105878273864813,-2.98899769626173,0.00300845419124044,0.00818448232256933,-2.85156745728
"ENTPD5",-0.52638931016283,-1.07520899832465,-2.98859164093936,0.00301234806743733,0.00819158535374248,-2.85274673117817
"BSG",-0.346173617705145,-0.207072073525829,-2.98812232533022,0.00301685433277071,0.00819713006949553,-2.85410953779759
"UNC45A",-0.191798826925051,-0.0499892196135336,-2.98811188123145,0.00301695468493571,0.00819713006949553,-2.85413986324274
"UBQLN1",0.190023903130258,-0.0633866743970037,2.98696314184743,0.0030280110405653,0.00822367098851953,-2.85747472570768
"EPHB4",0.339977818625383,-0.182500138842207,2.98548070446852,0.00304233403235871,0.00825905731148401,-2.86177653924194
"BAIAP2",0.437937137544248,-0.0629669605640748,2.98266559137951,0.00306970403876325,0.00832981737675451,-2.86994001175146
"ARHGEF18",0.222549114308491,0.0344555169709603,2.98140743114828,0.00308200931342633,0.00835965567809137,-2.87358615851665
"BDH1",-0.534632687214394,-0.0708865615021561,-2.97981106364405,0.00309768741395134,0.00839861322211436,-2.87821033171399
"C1QC",-0.371268967348271,-0.152334600879591,-2.97944481490259,0.00310129467002272,0.00840482447712016,-2.87927090787935
"RPS5",0.190594073973155,0.373714332533683,2.97907107713805,0.00310497965287479,0.00841124101977324,-2.88035304328467
"DOCK6",0.227561413272428,-0.0755336441971555,2.97883779856124,0.00310728176733438,0.00841390758457591,-2.88102842229279
"FKBP10",0.452426179086322,0.443602728350333,2.97692627138362,0.00312620468286165,0.00846155866895787,-2.88656071325522
"SYNJ2BP-COX16",-0.291143768787419,-0.118640602432628,-2.97606058863111,0.00313480906752153,0.00848125249835804,-2.88906504214548
"EXOSC8",0.199666484893384,0.16552958955127,2.97451968206053,0.00315017846253523,0.00851922468584814,-2.89352101463704
"POLR2L",0.221649497079312,0.323208932367307,2.97340704118472,0.00316131909211662,0.00854573344757181,-2.89673717458142
"CDK12",0.250021851097462,0.116939192381624,2.97111041722028,0.00318442885035529,0.00860456123974546,-2.90337210755928
"THSD4",0.578523830345018,-0.158343591404327,2.96317474340379,0.00326547710377835,0.00881982711828459,-2.92626081616596
"HRG",-0.368437083229628,-0.280114989025797,-2.96225143309112,0.00327502861192313,0.00884188485713707,-2.92892013324046
"MFGE8",0.472886046305627,-0.28249681061188,2.96179309418023,0.00327977954958736,0.00885096890283824,-2.93023994850472
"MRGBP",0.232864185316896,0.0200438415680186,2.96083210635544,0.00328976120317526,0.00887415516783864,-2.93300654385025
"TBC1D15",0.20296281687628,0.117313350765882,2.95963561093383,0.00330222789136196,0.00890402241822047,-2.93644995415044
"MYO1F",0.31118960584731,-0.0101582914799874,2.95668276755094,0.00333317975758728,0.0089836862609518,-2.94494233464422
"RTN1",0.369769267978785,-0.584582486346131,2.95648685888239,0.00333524264190562,0.00898545327787653,-2.94550548382414
"RCC1",0.313964452815985,0.301362264139634,2.95572083979884,0.00334331990690457,0.00900341527017533,-2.94770710397827
"REXO2",-0.387157530686442,-0.0129432333944583,-2.95296818577601,0.00337249309473431,0.00907814857077512,-2.95561405859559
"PPP1R1B",0.663214655574462,-0.712172757629708,2.95271803982497,0.0033751557001862,0.00908148720846561,-2.95633225252862
"ITM2B",0.359020553104422,-0.288442561708089,2.94882998897451,0.00341678887498453,0.00918963646452241,-2.96748781478967
"HAT1",0.336906689209671,0.158048838011429,2.94817868335733,0.00342380879243451,0.00920463963776605,-2.96935517193721
"P2RX4",-0.350482087672026,-0.200653399629304,-2.94735287488015,0.00343272850276788,0.00922403631111081,-2.97172228335947
"AUP1",0.318533699520152,-0.106286143714339,2.94724336166804,0.00343391296969623,0.00922403631111081,-2.97203614664733
"ARRDC1",0.242578026463409,0.0393356098506717,2.94620076751191,0.00344520813105002,0.0092504852467428,-2.97502365247647
"ATP6V1G1",0.251475025181415,0.188042938037877,2.94572212548509,0.00345040496837951,0.00926054465031659,-2.97639484346327
"EIF2S2",0.186121811458132,0.293600778477963,2.94546349423683,0.00345321602901884,0.00926419510306105,-2.97713567005185
"CEMIP",0.529720080972137,0.171428054082485,2.94513845696,0.00345675182556375,0.0092697859748948,-2.97806662339546
"TSC22D2",-0.293649720730137,-0.0233352374255586,-2.94487807934616,0.0034595866336577,0.00927349313849892,-2.97881231188883
"ATP6AP1",0.277127185954539,0.0182366110097729,2.94429313075924,0.00346596289469378,0.00928668614461594,-2.98048730243959
"WBP11",0.173474007565876,0.2477288662639,2.94387963733649,0.00347047668017059,0.00929487986698372,-2.9816711435418
"GNAI1",-0.400701070416323,-0.683913077826337,-2.94101548519941,0.00350189022873853,0.00937508138804843,-2.98986694584688
"CISD1",-0.361946460213268,0.0154596806689182,-2.9397410429578,0.00351595148181853,0.00940878047418748,-2.99351134278446
"AGPAT5",0.369518620075767,-0.102447818748593,2.93939589573472,0.00351976845168078,0.00941504883283695,-2.9944980683885
"SNAP29",-0.203761284195389,0.0228236934890453,-2.93669573917121,0.00354976034644528,0.00949129807874921,-3.00221362831012
"OPLAH",-0.354019750571583,-0.0282349891439218,-2.93514307674356,0.00356711207310423,0.00953370053862305,-3.00664723508511
"FMN1",-0.415469966605194,-0.364461162203925,-2.93328990107593,0.00358792362051718,0.00958531059288794,-3.01193604055814
"SPAG1",0.512226309904007,-0.162200459615068,2.93220602705539,0.00360014711191189,0.00961394366773626,-3.01502785540701
"CARM1",0.225638166232567,0.113403487804062,2.93006875822484,0.00362436191579411,0.00967456138475978,-3.02112136361426
"RALY",0.292355003102448,0.417247321417314,2.92969895964406,0.00362856672385828,0.00968173779015256,-3.02217525818283
"DLG3",-0.375581583778481,-0.0359189940217075,-2.92831282394946,0.003644367519527,0.00971983567760229,-3.02612450364218
"TXN",-0.482261428769906,-0.0717552487823687,-2.92778380018628,0.00365041450440563,0.00973189837604591,-3.02763127989255
"SUZ12",0.220749628863833,0.0811909011284171,2.92647091954353,0.00366546095113285,0.0097679332942334,-3.03136953680843
"UBA1",0.193445530322219,0.118838167099956,2.92421936807105,0.00369139709979297,0.0098329455495111,-3.03777683131114
"BAIAP2L1",0.446056640451301,0.0704057912745474,2.92261988783474,0.00370992359344538,0.00987817437203868,-3.04232566661987
"TRAPPC9",-0.162330837325506,-0.0779333283831334,-2.92234082109342,0.00371316465995398,0.00988268293197422,-3.0431190752507
"GSK3B",-0.196091032191366,-0.0421330854094018,-2.92143542938636,0.00372369764257914,0.00990658726994491,-3.04569267962278
"VPS13C",-0.210461545842152,-0.00736347050753305,-2.92067398692588,0.00373257708839496,0.00992607443123774,-3.04785651757821
"TMEM106B",0.37851653076002,-0.0162989914173607,2.92016137119491,0.00373856576381174,0.00993630851067944,-3.04931294764786
"USP8",-0.175544773678931,0.0943706309283434,-2.92007823137626,0.00373953787802078,0.00993630851067944,-3.04954913939469
"FKBP11",0.472812208038126,0.0424437981241054,2.91970378457785,0.00374391896691726,0.0099438113992374,-3.05061282542789
"CA8",0.586373506150142,-0.757659483795261,2.91952822721744,0.00374597463007359,0.00994513430894798,-3.05111148428586
"ITIH2",-0.398298948353364,-0.369297635744084,-2.91895077259274,0.00375274352231474,0.00995896400248529,-3.05275150441194
"GCOM1",0.238080649380232,-0.572459880745214,2.91860447226635,0.00375680819108742,0.00996560876613759,-3.05373487896066
"AGPAT2",0.330736204123555,-0.0193264008860765,2.91738545575027,0.00377114828610852,0.00999949410581515,-3.05719558776406
"CNOT8",0.277996301197074,0.109136891454409,2.91701814235825,0.0037754790229646,0.0100038437337301,-3.05823809749739
"GNAQ",0.27176275770033,-0.629040825630543,2.91698057378885,0.00377592222369454,0.0100038437337301,-3.05834471767293
"TP53I3",-0.341879309078128,-0.0231679176271258,-2.91600710834292,0.00378742288092884,0.0100296152743483,-3.06110697286547
"PSMD8",0.172450517947545,0.271146664019325,2.91589146453749,0.00378879123597934,0.0100296152743483,-3.06143505956207
"TBRG4",0.337897950298797,0.113868318331387,2.91520230813229,0.00379695504008961,0.0100432383594262,-3.06338997116709
"IBA57",-0.264593064733554,0.0659035965800754,-2.91519148473992,0.0037970833828747,0.0100432383594262,-3.06342067009566
"TBC1D5",0.182287185387212,0.0526142167679948,2.91501761921078,0.00379914560705814,0.0100445319673152,-3.06391379874835
"EGLN1",-0.264118966968921,0.144350311813227,-2.91292399278691,0.00382405857753003,0.010106214411229,-3.06984968406208
"HNRNPAB",0.277466013135101,0.287659210669112,2.91265309840783,0.0038272929394987,0.0101105773350017,-3.07061743247581
"SRRM2",0.151048507223094,0.160047976975639,2.91242651441219,0.00383000017203567,0.0101135447057269,-3.07125954766077
"TGOLN2",0.384244554694139,0.0525501704050673,2.91139472375329,0.00384235015286523,0.0101419618545037,-3.07418293381096
"MAN1A1",-0.292050689913461,-0.211124266002029,-2.9109745453949,0.00384738986829486,0.0101510678963069,-3.07537314881698
"PACS2",-0.216253967894983,-0.0229889584523231,-2.90925978197758,0.00386801974153716,0.0102012829614683,-3.08022876854815
"NAA30",0.204708918106996,0.0545853300507798,2.90714882239427,0.00389355475441423,0.0102643877402704,-3.08620254725136
"TINAGL1",-0.365631451612213,-0.630055305009168,-2.90655770084517,0.00390073271284153,0.0102761395670634,-3.08787461668409
"ISG15",0.606733652684047,-0.210782579757355,2.90651667198025,0.00390123137205351,0.0102761395670634,-3.08799066054145
"STAG2",0.257886162962519,0.119098108893659,2.90407665852863,0.00393099175763302,0.0103502607721595,-3.09488906652086
"SELENOH",0.300330936319793,0.220912394467807,2.90325408017356,0.0039410711777963,0.0103688976751369,-3.09721341948215
"ATP8B1",-0.436659151667673,-0.508309654943696,-2.90323397103519,0.00394131787902229,0.0103688976751369,-3.09727023387719
"ZNF414",-0.212940583629798,0.00697849717600242,-2.90227603446313,0.0039530862882006,0.010395574938287,-3.09997626116526
"ENDOD1",-0.338045247259939,-0.267949793780527,-2.90037698471434,0.0039765112396384,0.0104528712495229,-3.10533828387759
"MX1",0.755304099619692,-0.436370018407539,2.89982257548347,0.00398337376564783,0.0104666014377207,-3.10690304573404
"WTAP",0.197534766830545,0.195182838261655,2.89937575331151,0.00398891242880739,0.0104768432159339,-3.10816394756261
"TRIP12",0.201908780112157,0.143506310764282,2.89806071134601,0.0040052540451377,0.010515438765709,-3.11187383539321
"CPOX",0.272838394213637,0.291793760857942,2.89001084142839,0.00410662511569472,0.0107771481149654,-3.1345486007345
"CDIPT",0.454428333234974,-0.497582795435191,2.88722063273235,0.00414230412270182,0.0108663154574573,-3.14239403251757
"EEF1A2",0.845180502832408,-0.670163838245389,2.88583715862621,0.00416009948193224,0.0109085154793172,-3.14628137535552
"CAB39L",-0.4537770965433,-0.779173688125958,-2.88413083430174,0.00418214355181732,0.0109618171503914,-3.15107343664298
"PSMB8",0.262799599900766,0.0841558443009229,2.8796487712269,0.00424055547755112,0.0111103597555043,-3.16364807968406
"MRPS2",0.266722605391756,0.212009860229499,2.87934302053042,0.00424456709000529,0.011116308806269,-3.16450520042856
"IGF1R",0.388965234315039,-0.285482404328316,2.87907738814765,0.00424805513521211,0.0111208823445385,-3.16524978596465
"MBD2",-0.203955020689471,0.0600280030547379,-2.8782819274915,0.00425851603290853,0.0111436987172627,-3.16747912530069
"IP6K1",-0.172706546621975,0.00626788148510114,-2.87751203644055,0.0042686630143824,0.011165675275228,-3.16963624601884
"PTEN",-0.259301466279819,-0.130437145484474,-2.87700600106843,0.0042753444315195,0.0111785725615282,-3.17105378331949
"FKBP5",0.423271434102225,-0.298442578546433,2.87574372549601,0.00429205237548951,0.0112176645180109,-3.17458871373953
"MGST2",0.341699578182094,-0.257483247874599,2.87521866414306,0.00429901977927351,0.0112312771238385,-3.17605868352587
"DAZAP2",-0.235728221805468,-0.0728726949743895,-2.87502285120605,0.00430162079346044,0.0112334759780143,-3.17660681906723
"PPP2CB",-0.304150495112862,-0.0635832797859813,-2.8747465351849,0.00430529358133336,0.0112384707754757,-3.17738024500993
"UTP23",0.321633125314689,0.171947610266356,2.87455227803765,0.004307877353663,0.0112406199032032,-3.1779239406765
"MMGT1",0.338097505637073,-0.0240463544578262,2.87419780274426,0.00431259579323365,0.0112483350244268,-3.17891597206377
"NAA40",0.317243705789004,0.105354983637998,2.87135715096197,0.00435057820054382,0.0113427692161994,-3.18686159243375
"AKT1",-0.213573394526985,-0.0354574774560908,-2.8708759308308,0.00435704269614481,0.0113549867815856,-3.18820687871982
"BOD1",-0.236612343741402,0.185676938656498,-2.87072903102424,0.00435901782427617,0.0113554993096709,-3.18861750521155
"EIF4EBP2",-0.27112223758003,-0.10924420815728,-2.86989033023702,0.00437031012481587,0.0113802733062599,-3.1909615282492
"ALKBH5",-0.303754415074419,0.0222599173351462,-2.86946406978018,0.00437605951617477,0.0113905992705976,-3.19215260249956
"TAF10",-0.171760242780976,0.184357520918012,-2.86909327910085,0.00438106633269162,0.0113989847327775,-3.19318854398603
"RBCK1",-0.19565363939268,0.0379883167302485,-2.86887880740634,0.00438396474186375,0.0114018797868839,-3.19378769219669
"MYO5A",-0.246593634387582,0.0200657876374744,-2.86536554401485,0.00443169283605817,0.0115213187126349,-3.20359628073159
"CASP3",-0.277459442757555,0.148946929163542,-2.8649934056723,0.004436775986923,0.011529839103176,-3.20463457437631
"CEP55",0.415540095649479,-0.0473913251184941,2.86457205750895,0.00444253771612199,0.0115401152634007,-3.20581001221533
"UPRT",0.176756713524795,0.122442262367736,2.86315718750855,0.00446193524151512,0.0115857895555405,-3.20975588123257
"PEPD",-0.337705104346334,-0.114411221808298,-2.86284345376736,0.00446624688439001,0.0115922708767603,-3.21063058830782
"SCYL2",-0.193880803835408,0.0600978352964901,-2.86119479330719,0.00448896681601237,0.0116465067534494,-3.21522564632098
"BUD13",0.226136705303316,0.173365797416234,2.86010595489302,0.00450402955247142,0.0116808402487937,-3.21825901742799
"ATG12",-0.275415555186558,0.179860270484046,-2.85951543482205,0.00451221789394803,0.0116973249098084,-3.21990367490101
"TCP11L1",-0.229974205916301,-0.111544982514523,-2.85893920316642,0.00452022116519784,0.0117133166151738,-3.22150822619954
"ANXA2",0.325081530113845,-0.280370427946916,2.85732471929549,0.00454271355219127,0.0117623154035617,-3.22600221367585
"VPS37C",-0.285034131841082,0.0730655435862576,-2.85731749870436,0.00454281437512657,0.0117623154035617,-3.22602230708562
"CALCOCO2",-0.286058452651015,-0.0087639988483516,-2.85580021306282,0.00456404584231547,0.0118124980556077,-3.23024352691263
"LY75-CD302",0.383388366489,-0.0634744334134006,2.85367337980782,0.00459395873358446,0.0118812341489446,-3.2361569691286
"HDDC2",-0.288796186934157,-0.254402356294155,-2.85364739402972,0.0045943253114713,0.0118812341489446,-3.23622919399834
"GSTT1",-0.727347173459374,-0.927317206185181,-2.8515971279385,0.00462333215957438,0.0119482364875155,-3.24192573039898
"MARS2",0.325892382716148,-0.105238958664558,2.85155169099401,0.00462397687715751,0.0119482364875155,-3.24205192997774
"NQO1",1.0372918763491,-0.889505421438958,2.8506995614998,0.00463608314099301,0.0119746726760681,-3.24441833634005
"D2HGDH",-0.373038841372639,0.0450104414435839,-2.85006250611614,0.00464515265804818,0.0119932469557775,-3.24618703134516
"TMBIM6",0.440373836010467,0.00173847281864003,2.8498585112079,0.00464806026599594,0.0119959033138173,-3.24675331509057
"RPL30",0.181787496583655,0.317529877943681,2.84679584335799,0.00469191294922846,0.0121041875478076,-3.25525055109984
"HNMT",-0.378162416506512,-0.0395009253495799,-2.84360594709679,0.00473798706953451,0.0122181128590379,-3.26409152938465
"GRK6",0.253777866069237,-0.170439457088159,2.84285535616869,0.0047488880462441,0.0122412798446785,-3.26617046321524
"EPS15L1",-0.163898355401326,0.102474368253591,-2.84134698028469,0.00477086346556218,0.0122929633686903,-3.27034667625799
"DPP4",-0.511949945147169,0.0192325749579348,-2.84034482208653,0.00478551490966951,0.0123257413062686,-3.27312016673561
"ZAP70",0.392560789756183,-0.409407224193438,2.83998621557845,0.00479076762705291,0.0123341243753554,-3.27411239024911
"COG3",-0.228766316346381,0.196550854627429,-2.83985894203008,0.00479263313629707,0.0123341243753554,-3.27446451303337
"PREX1",0.383208568331479,-0.273627972798666,2.83918138963126,0.00480257546545691,0.0123547318077931,-3.27633881802569
"GTF3C3",0.185336147350871,0.186064720375857,2.83849799123187,0.00481262256677142,0.0123755920615528,-3.2782288633526
"ASNS",0.575891484633542,-0.0321967566517561,2.83663512877059,0.00484010686153477,0.0124412569689611,-3.28337870112872
"RNASEH2A",0.229100666526598,0.142919523277355,2.83541525657426,0.0048581818230099,0.0124826925311542,-3.28674926359745
"TACO1",-0.30601181986138,0.152924910455182,-2.83507431219623,0.00486324458510407,0.0124906744472605,-3.28769106158437
"EMC1",0.194056299475931,0.0688023666852626,2.83354242513669,0.00488605115226699,0.0125439115704951,-3.29192129515762
"PDE12",0.163996655129805,0.0222323023969661,2.83341841532204,0.00488790164250459,0.0125439115704951,-3.29226364711884
"VPS26B",-0.179909167383781,0.0771175782613143,-2.83169061836399,0.00491375038311379,0.0126051812760874,-3.29703206473972
"TMEM109",0.320767917172893,-0.251974734140592,2.83147556635717,0.00491697634978764,0.0126083911620057,-3.29762537683201
"MED19",0.199617404437735,0.12252839748949,2.83099871440717,0.0049241364080954,0.0126216824430707,-3.29894082191727
"TSC1",-0.184274809579051,-0.0490567594520365,-2.82903883092857,0.00495366416570589,0.0126922735545875,-3.30434514574775
"PYURF",-0.369033242327815,-0.13890829090135,-2.8283907505288,0.00496346352916376,0.0127112543981843,-3.30613142498353
"CWC15",0.204249485574255,0.276878281041726,2.82828568814325,0.00496505379312006,0.0127112543981843,-3.30642096770057
"PLAA",0.208099755646891,0.0121942089076653,2.82710515475062,0.00498295464005003,0.0127519700908695,-3.30967370981741
"DNAJB2",-0.250211121371656,-0.106460014026393,-2.82559430610384,0.00500594969573917,0.0128056846183071,-3.31383468752224
"CUX1",0.218825335249015,0.067359555033786,2.82413990639318,0.00502817660935843,0.0128573919306182,-3.31783819941259
"TRAPPC3",-0.18176713084992,0.0332611720057777,-2.82230624402856,0.00505632734494177,0.0129200212425279,-3.32288290527306
"LTN1",-0.181827890067479,-0.0276999328043731,-2.82228097854122,0.00505671622319141,0.0129200212425279,-3.32295239296968
"HNRNPUL1",0.214821402917394,0.250760989923573,2.82177031348566,0.00506458203997127,0.0129349425300866,-3.32435674856307
"AHSA1",0.220860026552103,0.179796678402524,2.82151586103044,0.00506850553857146,0.012934961864999,-3.32505641573478
"GOLGA1",-0.301789733905819,0.123518473858444,-2.82150706079453,0.00506864128210299,0.012934961864999,-3.32508061264227
"FAM168A",-0.251193095420692,0.220393821490307,-2.82111174947836,0.00507474236031078,0.0129453575591627,-3.32616747653726
"CD47",0.384112932921606,-0.248601617121594,2.82031557125675,0.00508705050477832,0.0129715724732466,-3.3283560383859
"ALDH3B1",0.315110525750203,-0.453868111331696,2.82011535406964,0.00509014993095634,0.0129742943349925,-3.32890630959958
"SNX33",-0.229155756913465,-0.0184164663184069,-2.81919653945342,0.00510439547708658,0.013005413057142,-3.3314310761541
"SHROOM3",-0.274755294462265,-0.225396482654368,-2.81824194203166,0.0051192341416933,0.0130380175487482,-3.33405333823709
"EFR3A",-0.216260303636876,-0.0684261554254919,-2.81765657908455,0.00512835263018491,0.0130560333108974,-3.33566090125735
"CORO7-PAM16",0.167889244213143,0.218351041881685,2.81575638063441,0.00515805468182798,0.0131264165577806,-3.34087716068604
"ME2",-0.284102399270557,-0.0451883858409676,-2.81440527044548,0.00517926882220873,0.0131751519640648,-3.34458407087339
"TRIT1",0.28488003349477,0.0639914393394586,2.81422689470467,0.00518207545741824,0.0131770417346139,-3.34507333642117
"HSD17B8",-0.34592083781158,-0.0673043131891374,-2.81385533320769,0.00518792618792042,0.0131866674800445,-3.34609239490601
"LPCAT4",-0.285755471874694,-0.130602353708831,-2.81297921757323,0.00520174553913875,0.0132165321398332,-3.34849475480747
"PPCS",-0.241238283815035,0.151151919690047,-2.81212532980296,0.00521524642268262,0.0132455642039891,-3.3508354785288
"PLXNB2",-0.153692793331455,-0.0198917291541133,-2.80770576628921,0.00528563409904819,0.0134189955158738,-3.36293980147263
"TMF1",-0.213660071310307,0.155355399183244,-2.80689069316589,0.00529870902215924,0.0134468430470933,-3.36517014586838
"BORCS5",-0.183557941512461,-0.00824726377023349,-2.80564901932466,0.00531868363233628,0.0134889732246899,-3.3685666426396
"PEAK1",-0.207072526120546,-0.35289371041837,-2.80559615512134,0.0053195355645684,0.0134889732246899,-3.36871121652906
"PYCR1",0.505973228370327,0.332944058550714,2.80545837497106,0.0053217565402484,0.0134892479196054,-3.36908800773753
"PON3",-0.591519293225732,-0.465433259373135,-2.80531831101235,0.00532401519251978,0.0134896178588249,-3.36947102645939
"ZNF330",-0.211331350689983,0.172219250703402,-2.803743473673,0.00534947073320623,0.0135487388462998,-3.37377631979432
"RIOK3",-0.232478069613898,0.091672593535644,-2.80325396939047,0.00535740550297368,0.0135630797962212,-3.37511405800732
"HLA-DMA",0.457585747776719,-0.357925194019546,2.80313217566793,0.00535938141360471,0.0135630797962212,-3.37544686649915
"FHOD1",0.239745092275566,-0.302000528039149,2.80095075690992,0.00539488361866785,0.0136450723185831,-3.38140538649668
"LARP4",0.276285580972452,0.216194894492859,2.80087903823526,0.00539605444078657,0.0136450723185831,-3.38160121013016
"SRFBP1",0.260232183211278,0.322131345714851,2.80073525925489,0.00539840235638553,0.013645605322851,-3.38199377580135
"RALBP1",-0.204429207913863,-0.0910525004528891,-2.79828599377082,0.0054385415372054,0.0137395511121101,-3.38867815457181
"MPP5",0.240302135267824,-0.283054546614675,2.79819649572913,0.00544001336604774,0.0137395511121101,-3.38892230130289
"SEMA4B",-0.36035958433937,0.0931579290228023,-2.79807425535366,0.00544202423845364,0.0137395511121101,-3.38925575565379
"ZNF830",0.232446640925212,0.0796388309973619,2.79670191148541,0.00546464580640681,0.013791210859252,-3.39299836110728
"CD44",0.280313868750929,-0.288531271076083,2.79557341710384,0.00548331163515784,0.0138328505691359,-3.39607463743952
"AK3",-0.301346923361685,-0.0354136342067113,-2.79486241295054,0.00549510164480009,0.0138571184842214,-3.39801222719763
"ARID3A",0.517698182617429,0.0350721775559476,2.79330176248263,0.00552106128888571,0.0139170850096862,-3.40226357866885
"UFC1",-0.249694712961338,0.189816477583701,-2.79239965621623,0.00553611745771483,0.0139495303739184,-3.40471996397478
"RAC1",-0.197628601507952,-0.0430832492801618,-2.79218909551721,0.00553963707283667,0.0139528925877957,-3.40529320015066
"TIMP1",0.486154623663323,0.199293127603014,2.79153463424604,0.00555058963660558,0.0139749664155073,-3.40707466011076
"PYCR2",0.414796134725596,0.291619660090665,2.79092960816607,0.00556073234840928,0.01399498464509,-3.40872120194299
"DDAH2",-0.298672179325783,-0.288560568633919,-2.79075857756798,0.00556360256503817,0.0139966912441957,-3.40918658964331
"BCAT1",0.497023832040365,-0.16684802906512,2.78945228081784,0.00558556902861248,0.0140464191601775,-3.41274022845402
"IFT27",-0.283910499484753,0.0739392404397699,-2.78781800191617,0.0056131614645137,0.0141102503743779,-3.41718387252647
"OSBPL7",-0.254406007861444,-0.0731275322927408,-2.78758962832294,0.00561702704407428,0.0141144107345196,-3.41780462806754
"PYGO2",0.198924304067767,0.103123376392533,2.78633628691533,0.00563828478925134,0.0141622534930644,-3.4212105445768
"KLC4",-0.312715801344962,-0.19918669957689,-2.78539394599076,0.00565431568417973,0.0141969349758111,-3.42377036463133
"SYTL2",-0.452879188949896,-0.131241696189051,-2.78418461684164,0.0056749490328997,0.0142431405562361,-3.42705423408673
"EPN1",-0.192151882380126,0.0197058101561042,-2.78390629764982,0.00567970730995183,0.0142494817972662,-3.42780980258196
"CDC42BPA",-0.355911200054254,-0.116847754738846,-2.78359014326683,0.00568511682066438,0.0142574512568508,-3.42866799694374
"VPS11",-0.153904162718773,0.0690325586129047,-2.78231661724228,0.0057069545980886,0.0143065980010977,-3.43212401462685
"PSME2",0.33765229728383,0.0511030354275638,2.78010053891873,0.00574513603642311,0.0143966615355422,-3.43813427629432
"TST",-0.407054138018752,-0.252079390684995,-2.77975098780659,0.00575117963506653,0.0144061522047469,-3.43908188228738
"SLC12A7",0.324332554654141,-0.124585456719088,2.7793740618654,0.00575770298620938,0.0144168366929203,-3.44010357193052
"NENF",-0.36643714471712,0.24709593043392,-2.77843022082755,0.00577406719190416,0.0144521438731118,-3.44266135292997
"IRAK1",0.194887986300696,0.0675029107137792,2.77663470170137,0.00580531403866225,0.014524659144537,-3.44752486766938
"MBOAT2",0.569052063387109,-0.531377458380492,2.77587558116986,0.00581857077107432,0.0145521247055658,-3.44958019178125
"GNPTG",-0.221886057494174,0.1326177275751,-2.77522153196405,0.00583001459366275,0.0145750364841569,-3.4513506044679
"BTBD2",-0.222124948031313,0.0641475687815508,-2.77437828150111,0.00584479892747968,0.0146062783373612,-3.45363256893353
"TMX1",0.315602885549403,-0.0107226365023922,2.77317066685419,0.00586603062378004,0.0146536015386681,-3.4568994059808
"CDC42EP2",-0.249030089469014,-0.383291478175734,-2.77292589508445,0.00587034258534138,0.0146586380161927,-3.45756139670703
"GLRX5",-0.276857573824072,0.117246947734047,-2.77258866024446,0.00587628810081114,0.0146677480546048,-3.45847336453269
"GCC2",-0.209802384774652,0.175218102368629,-2.77166180880368,0.00589265676652745,0.0147028579344579,-3.46097925867498
"GPX3",-0.400553583593813,-0.28062577772985,-2.77106952827771,0.00590313834830163,0.0147232571694945,-3.4625801669897
"IGFBP2",-0.703474940655632,-0.918485834713784,-2.76995734497753,0.00592286626362759,0.0147666931250536,-3.46558546742128
"OXR1",-0.282005022738897,-0.0788995711501167,-2.76886115160832,0.00594236893604623,0.014809533823831,-3.46854643368405
"CD2",0.477703688863289,-0.513561384282185,2.76840932267786,0.00595042445169473,0.0148238236925754,-3.46976655904551
"DDX23",0.159862005536031,0.318340652406647,2.76807292334365,0.00595642842772383,0.0148329935690393,-3.4706748532317
"METAP1",-0.198029323222961,0.183104390493502,-2.76783324337672,0.0059607095241453,0.0148360630500512,-3.47132193625754
"ATRX",0.21521228703308,0.262593939406996,2.76774378104526,0.00596230818894775,0.0148360630500512,-3.47156345110567
"ESPN",-0.549163832473133,-0.158003571602896,-2.76662804376847,0.00598227870598015,0.0148799569683223,-3.47457489865125
"SZRD1",-0.241605442754246,-0.0498240932734966,-2.76596941283682,0.00599409590259402,0.0149035445241678,-3.47635204237382
"UBAC2",0.316950712621979,0.0455855006094876,2.76559721146761,0.00600078330201285,0.0149143641040685,-3.47735615203753
"CYGB",-0.326672341885325,-0.163999990130919,-2.76423076379383,0.00602539241949621,0.0149697006219779,-3.48104139273537
"DBN1",-0.299930799715279,0.0683512050249763,-2.76159862751076,0.00607305359817966,0.0150822431833439,-3.48813523168701
"TRIM38",-0.248244515089786,0.0295204584925777,-2.76037331992574,0.00609535689678,0.0151317471951556,-3.49143534261859
"RHBDF2",0.299470134737448,-0.0193722110136154,2.75971110323728,0.00610744152514072,0.015155854698027,-3.49321830336206
"COPS8",-0.147912955747313,-0.00456364625706132,-2.75872471302193,0.00612548210978782,0.0151947176654993,-3.49587331578861
"MED22",0.183142821715679,0.172888791802624,2.75797939165255,0.00613914562734072,0.0152226970215808,-3.49787885534184
"PRIM1",0.330758241876037,0.0630445058707301,2.7570395631951,0.00615641422516781,0.0152595903834225,-3.50040704448148
"SIPA1L1",-0.274553278022696,-0.0306379358577719,-2.7553819213022,0.00618697920066646,0.0153293993776699,-3.50486418499417
"MAN1B1",0.241545951424017,0.0641392322052486,2.75429196964896,0.00620715136061535,0.0153734140564503,-3.50779350007904
"PHYKPL",-0.258629484559674,-0.0737758124269309,-2.75398333408951,0.00621287419607794,0.0153816214586885,-3.50862277690225
"TMEM245",0.392627960532186,-0.633072834592442,2.75312118607324,0.00622888575815352,0.0154152851030272,-3.51093882320685
"GPD1L",-0.422753976936481,-0.442323915731547,-2.75049063381013,0.00627797051646635,0.0155307407003633,-3.51800117281051
"PPIL4",0.198338712831196,0.183347885657182,2.74936144164202,0.00629914774912275,0.015577094646843,-3.52103078256138
"RPS19",0.182190250009259,0.271044747981479,2.74837342611248,0.00631773026926612,0.0156169987492312,-3.52368064234654
"ETV6",0.280463756032758,0.0522109395292812,2.74818011636999,0.00632137181600304,0.0156199531908589,-3.52419899308891
"WDR89",-0.430945795905227,-0.0931950937370051,-2.74779048912019,0.0063287173371608,0.0156320542351148,-3.52524365391693
"CAPNS1",-0.207324705664756,-0.0924823137158012,-2.7462287751957,0.00635823736069026,0.0156985162626718,-3.52942947017557
"GBF1",-0.160990258039549,0.118030777543478,-2.74610712016831,0.0063605421411953,0.0156985162626718,-3.52975544316451
"CTSA",-0.279970947272441,0.112161106873892,-2.74499681140949,0.00638161210483437,0.0157394659391063,-3.53272986291879
"WFS1",0.340134286541847,-0.509055379762869,2.74497304543959,0.0063820637926932,0.0157394659391063,-3.53279351730663
"ZBTB20",-0.260044431609835,-0.125402319459496,-2.74459368463336,0.00638927770721229,0.0157511730349616,-3.53380951985834
"UBA5",-0.19457091129835,0.0682371235551299,-2.74433648005748,0.00639417289407945,0.0157571570546883,-3.53449828779239
"LRRC15",0.602631254855862,0.0939466677913125,2.74404651877212,0.00639969558041818,0.0157646822071644,-3.53527470095149
"COX17",-0.430094286829607,0.0403887950968001,-2.74307460787248,0.00641823833549321,0.0158042621566233,-3.53787656096334
"ING1",0.25450720342089,0.0271798751278196,2.74274471767814,0.00642454322720519,0.0158136887069025,-3.53875949536822
"ARPC1B",0.207399694926031,0.315903449658547,2.7356515901316,0.00656146891328165,0.0161445005823905,-3.55771934892954
"CMTM4",0.385407651596319,-0.496157776156127,2.73437517507656,0.00658638687879944,0.0161995686522089,-3.56112621216653
"ESAM",0.265403689739556,-0.599449971125491,2.73118894115447,0.00664896144930805,0.0163437648658069,-3.56962391848327
"ACTN4",0.238556831518145,-0.0246320847647398,2.7311295304644,0.00665013330013568,0.0163437648658069,-3.56978227725477
"FBXO7",0.249080990744485,-0.460784569617095,2.73056785874166,0.00666122125933083,0.0163647163296758,-3.57127924654834
"RAB6A",0.240238017125764,0.0733738151940002,2.73010133642609,0.00667044356461627,0.0163810700615673,-3.57252239962986
"PPA1",0.369208103515197,0.206501248622272,2.72888478993153,0.00669454675935115,0.0164339411989454,-3.57576320500087
"RPP38",0.187920328114165,0.147459863785307,2.72761215173497,0.00671984543392285,0.0164897052634886,-3.57915195773803
"RPS12",0.175241815862208,0.393908244244262,2.72429620013868,0.00678616896358223,0.0166423797470663,-3.58797450274699
"TMA7",0.545723090356691,-0.0612024763351416,2.72424110385879,0.00678727593756629,0.0166423797470663,-3.58812100733142
"KIAA1217",0.274336463109358,0.138288360676418,2.72323853745944,0.00680744762084699,0.0166794046623675,-3.59078640177569
"FKBP1A",-0.264772714839103,-0.207027281305088,-2.72323095434823,0.00680760039939386,0.0166794046623675,-3.59080655844527
"SNRPD1",0.239695485973646,0.103557234147945,2.72240494805787,0.00682426066548824,0.0167085647740696,-3.59300184471524
"PPP1R7",-0.187217876470504,0.015426544945098,-2.72238142680935,0.00682473561954167,0.0167085647740696,-3.59306434808121
"RPS6KA5",-0.33122582131762,-0.270897541177464,-2.7221289425703,0.00682983580037808,0.0167146422328149,-3.5937352457181
"S100A16",-0.464234243595304,-0.159514233436884,-2.72150998738054,0.00684235325079439,0.0167388603472499,-3.59537967325389
"GNB1L",0.23187999822439,-0.0731379906992329,2.72007245382155,0.00687150516442475,0.0168037382132716,-3.5991975037812
"TBC1D2",0.276561740789054,0.0192026165704161,2.71956591125305,0.00688180407942173,0.0168196461036291,-3.60054233023036
"RAB2A",0.24420938369263,0.11028434198334,2.71949343348855,0.00688327882048282,0.0168196461036291,-3.60073473280731
"COG1",-0.199159394730877,0.157270027939396,-2.7184746528266,0.00690403865922729,0.0168639199843788,-3.60343871279925
"PTPMT1",0.319953970036768,0.120086750214111,2.71780575152623,0.00691769966645583,0.0168908269102564,-3.60521353943132
"EPSTI1",0.382698516434053,0.0608782824082788,2.71663667972926,0.00694163426491686,0.016942788525036,-3.60831448875105
"GPS1",-0.127390397974543,0.00762459053095311,-2.71378603124418,0.00700030960089374,0.0170794714565176,-3.61587045282332
"ZNF706",0.313711712316006,-0.0691782114718961,2.71288096728347,0.00701903203490877,0.0171186094510667,-3.61826784001879
"CAPN9",-0.616390899871262,-0.77832347207854,-2.71021932473057,0.00707435363907129,0.0172469446298092,-3.62531372562072
"KRT18",0.505856218708922,0.0907190105272998,2.7080350496285,0.00712004673946911,0.0173517169585917,-3.63109098540852
"ZGPAT",0.248282790299452,0.163430718843724,2.70562760017413,0.00717071664483505,0.0174685332992262,-3.6374533651392
"RPL10",0.161545613896228,0.245380472574671,2.70540832961793,0.00717534777831055,0.0174731485753291,-3.6380325819138
"HEPH",-0.337566420113199,-0.0380658968482122,-2.70438556767927,0.00719698480706201,0.0175136077493981,-3.64073367784422
"KAT5",0.236039640465966,0.0285511599473317,2.70421997603713,0.00720049350715672,0.0175136077493981,-3.64117091051101
"TBCA",-0.323454870988858,0.106469151375658,-2.704152937915,0.00720191440785623,0.0175136077493981,-3.64134791250602
"BLNK",-0.276944366922654,0.155045948721729,-2.70410483822738,0.00720293405636953,0.0175136077493981,-3.64147490841557
"MTPAP",0.308179416994678,-0.0351906368170009,2.7036506423963,0.00721256881473917,0.0175303585390596,-3.64267399912037
"EBAG9",0.304832526261774,-0.0846042872736051,2.70214670435377,0.00724455451793479,0.0176014005315881,-3.64664306570153
"PRKD2",-0.200486725130519,-0.074670496229849,-2.70174166538629,0.00725319070192825,0.0176156799664556,-3.64771164932478
"SERINC1",0.35267544796158,-0.342749853189709,2.70082693022469,0.00727272871286599,0.017656415525342,-3.65012436198299
"DYNLL1",-0.170933288970337,0.0235962257108924,-2.69925044201212,0.00730651260255315,0.0177275613124471,-3.65428068539562
"PSMG3",0.246477234061238,0.115647867529732,2.69920042612784,0.00730758674618024,0.0177275613124471,-3.65441251149339
"PIK3R1",-0.183242272712742,-0.0427559365226047,-2.6980052135201,0.00733329756723984,0.0177831769718292,-3.65756201981811
"MSN",-0.227920479360278,-0.184925634118517,-2.6935705952641,0.0074294068110192,0.018009401096567,-3.66923603304941
"TIMM13",0.330588507644863,0.332357570349323,2.69276624384573,0.00744696021009723,0.0180451009265544,-3.67135149780379
"TLR2",0.340633910760351,-0.0641041949330282,2.69178871493602,0.00746834316271444,0.018090049732144,-3.67392160993318
"PLGRKT",0.437962655212663,-0.184156781915688,2.6905685585538,0.00749511107128072,0.0181480031058504,-3.67712838354836
"SEL1L",0.249483987546523,0.0660799005480812,2.68964101579575,0.00751551738146679,0.0181905149661355,-3.6795651891014
"ERLIN1",0.279687403591915,-0.0433051507120251,2.68922285587132,0.00752473342201394,0.0182059200074115,-3.68066350021642
"YBX1",0.249510782464562,0.239024114083358,2.6874457080121,0.00756401455816452,0.0182940276340456,-3.68532941567102
"CCNT2",-0.21721130206871,-0.324120461621802,-2.685142410767,0.00761520018139914,0.018410849359422,-3.6913723479609
"RPL8",0.258058142524932,0.0439239242173512,2.68414199913712,0.00763752908531551,0.0184578437584177,-3.69399548384874
"NFS1",-0.254419020702798,0.153465632134836,-2.68219528270422,0.00768114829054716,0.0185562360329715,-3.69909720268097
"SCAF1",0.20402299773148,0.0908917005368348,2.6811750557202,0.00770409751849606,0.0186046379181533,-3.70176947509298
"RRAGA",-0.249159255745499,-0.049265307377893,-2.68070979286216,0.00771458373075738,0.0186180336134409,-3.702987811287
"CTSD",0.358189080350304,-0.201409668880086,2.68067021142891,0.00771547641991613,0.0186180336134409,-3.70309144979041
"ARMCX2",-0.369014818747795,-0.294672187396233,-2.6789901439407,0.00775345321613573,0.0187026062655937,-3.70748912320196
"SNCA",-0.448730843895053,-1.32881867450681,-2.67811612811962,0.0077732762180906,0.0187433416361437,-3.70977586625898
"ABCD3",0.442045132921304,-0.368792376000526,2.67762909069198,0.00778434218835052,0.0187629387967603,-3.71104982324835
"CRISPLD2",-0.382453997600121,0.00224203427216538,-2.67745690298676,0.00778825785391663,0.0187652929800972,-3.71150016621753
"BORCS6",-0.156730198023446,-0.0867482819066121,-2.67334838931378,0.00788221558909884,0.0189845139707266,-3.72223742629881
"TUBGCP2",0.141567062434407,-0.0308226690503804,2.67036849646424,0.00795099968882368,0.0191360778775459,-3.73001525102921
"GDF15",0.491473799671869,-0.138445934989084,2.67036253817178,0.00795113776180569,0.0191360778775459,-3.73003079446016
"DPCD",0.265012311064084,-0.109263883089931,2.66984151689274,0.0079632198609902,0.0191579347446957,-3.73138985716717
"VMP1",0.358615133673471,-0.229095359063473,2.6688269884989,0.0079867934266451,0.0192074109337586,-3.73403548431021
"RSRC2",0.179619906017994,0.226942006662064,2.6672008329625,0.00802470971986115,0.0192807748462921,-3.7382740678178
"BRD9",0.169630115610558,0.0717893881084558,2.66713404233699,0.00802627050071628,0.0192807748462921,-3.73844810506145
"SHROOM2",0.350868324724819,-0.172772236118682,2.66713027344649,0.00802635858127556,0.0192807748462921,-3.73845792558641
"SLC39A10",0.367614498475709,-0.845696360258249,2.66347794494337,0.00811212480443438,0.0194735329781936,-3.74796848000028
"UBA6",0.190127829841162,0.133390128038666,2.66345351329162,0.00811270128770479,0.0194735329781936,-3.74803205726388
"SLC30A6",0.245497790348818,-0.0589380541144616,2.66241578681559,0.00813722126540526,0.0195250498983888,-3.75073196515592
"EOGT",0.236854235077688,-0.132881434027208,2.66101551869088,0.00817041319692075,0.0195973284231176,-3.75437351942472
"SLC12A2",0.556269268238074,0.0752747792749388,2.66001061024613,0.00819430850018764,0.0196472624009381,-3.75698576549022
"SMARCE1",0.174539216391452,0.220727235556511,2.65976286525197,0.00820020917156415,0.0196540298650289,-3.75762963006117
"TATDN3",-0.202672878608339,-0.0376867040539351,-2.65848115139987,0.00823079746039679,0.0197199406321326,-3.76095975932754
"PSMB10",0.338220527106576,0.086176923862464,2.65818926767472,0.00823777763036274,0.019729261128982,-3.76171791218748
"MRPS26",0.250024820260023,0.17733426037752,2.65753278702576,0.00825349629516441,0.0197594952548274,-3.76342279529489
"KLHL42",-0.326400909335264,-0.147026052415381,-2.6571005440062,0.00826386056481738,0.0197768926935379,-3.76454511205006
"NOL8",0.225748274856959,0.0794183310765257,2.65696317332636,0.00826715687078419,0.0197773685350157,-3.76490175768361
"UXS1",0.297323159361818,0.0513160256925974,2.65651274892245,0.00827797341276819,0.01979582780544,-3.76607103830682
"SPP2",-0.393414089600914,-0.359966556226109,-2.65486405852889,0.00831767381921568,0.0198819262084095,-3.77034934136293
"SRSF2",0.169582593778248,0.256006973846885,2.6547591964859,0.00832020467171029,0.0198819262084095,-3.77062136920791
"RBM42",0.190554173641592,0.0247479336068098,2.65185235055508,0.00839063765645549,0.0200427315512414,-3.77815806478231
"KRIT1",-0.151581554274328,-0.0331338319618608,-2.65094514195824,0.00841272878505528,0.0200879855245243,-3.78050860091206
"ASAH1",0.387953690376972,-0.356754762669577,2.65006878325251,0.00843411830495806,0.0201315309821149,-3.78277847459614
"FKBP2",-0.273373324568432,-0.0761315905686576,-2.64933868775596,0.00845197523316148,0.0201666150462392,-3.78466895997265
"DDX46",0.231342843119177,0.28610776625014,2.64670280673224,0.00851672752947388,0.0203135245706727,-3.79149006972622
"DNAJC10",0.276457077610683,0.225284317336476,2.64443156656566,0.00857287917009639,0.0204398183349759,-3.797362346074
"RPL7A",0.239569959854199,0.241436727998434,2.64419938489974,0.0085786380640348,0.020445914161576,-3.79796237802297
"DDX56",0.22417223545186,0.198433163725038,2.64403416464959,0.00858273820289163,0.0204480535169638,-3.79838932943076
"IFRD1",-0.553699538655054,-0.284029737802504,-2.64369023408384,0.0085912788978611,0.0204607667895722,-3.79927801038337
"R3HCC1",-0.200702958477907,0.0388926883122161,-2.64226929474914,0.00862664549497934,0.020537334632902,-3.80294839590852
"LIG3",0.275530318288238,0.138110015211225,2.64037339445083,0.00867403723984884,0.0206424628313212,-3.80784269342914
"NSMCE2",0.21655882451887,0.013933329851764,2.63945453670699,0.00869708987894812,0.0206896121002547,-3.81021352819689
"EZH2",0.382404446140385,0.0574141125975097,2.63884850722502,0.00871232425429113,0.0207181342136495,-3.81177677126606
"DENR",-0.193463186467902,0.300287294347126,-2.63860650443933,0.00871841441297157,0.020724897999562,-3.81240091732904
"CEACAM1",-0.336468949821281,-0.177363116121128,-2.63756926716001,0.00874456048422344,0.0207793147345615,-3.81507542016973
"AP5B1",-0.18835132731526,-0.200063406167768,-2.63740589135517,0.00874868517620444,0.0207813820126731,-3.81549659066725
"PRKAA1",-0.198713437169557,-0.0160264808861477,-2.63707892340664,0.00875694526736995,0.0207932672116613,-3.81633941425722
"CHD1L",0.297099973881173,-0.0468280584097282,2.63545992531957,0.00879794875654613,0.0208828634983446,-3.82051122123959
"SYK",0.244037146591771,0.0940545564344224,2.63317636738525,0.00885607613115203,0.0210130234475681,-3.82639127942389
"GLB1",-0.260038297934841,0.226363823204582,-2.63284097593781,0.00886464239731898,0.0210255355523335,-3.82725448562769
"UROS",-0.207296044889807,-0.133596311828888,-2.63193310402929,0.00888786776008767,0.0210727945221536,-3.82959057165118
"CDC42",-0.264009407454123,-0.0136060658619222,-2.6309414844343,0.00891329794861704,0.0211252440244691,-3.83214126995975
"RPL35",0.345176043956601,0.182611958366536,2.62982247453512,0.00894207346257991,0.0211855803556856,-3.83501854178349
"PPP6R2",-0.173288555255146,-0.119694974148632,-2.62826546087109,0.00898225097540317,0.0212728755482008,-3.83902008498438
"GLIPR1",0.435888026055693,-0.254399315383987,2.62809183037462,0.00898674139520901,0.0212756187647051,-3.83946617654325
"CD163",-0.364700565127972,-0.156411572997298,-2.6266251971784,0.00902475177949587,0.021357687217228,-3.84323312375366
"DCTN4",-0.228769689595261,-0.0589339156326804,-2.62259947956559,0.00912982758282571,0.0215983509137985,-3.85356254033904
"DIDO1",0.189717606332928,0.25663710632228,2.62243758955953,0.00913407594863202,0.0216003981229687,-3.8539776091756
"ZMYND11",-0.221133944734996,-0.0687313495345521,-2.62205188909268,0.00914420475895225,0.0216163448300297,-3.85496640532218
"SPC24",0.323735711633592,0.0229863673323904,2.62083804126123,0.00917614715452077,0.021683826640124,-3.85807736074881
"UBAP2",0.258478181369148,0.0807008134115325,2.61945769000669,0.00921259262805628,0.0217618956456305,-3.86161336679692
"CPT2",-0.31040389664172,0.0165237682008914,-2.61848068471599,0.00923846691919944,0.0218094624210635,-3.86411505320766
"TUBAL3",-0.360069333962393,0.0446828675958205,-2.6184394333501,0.00923956082207937,0.0218094624210635,-3.86422066035177
"IRF3",0.203340866793793,0.0505219410595692,2.61818139364602,0.0092464061489853,0.0218175547898267,-3.86488122859709
"INF2",0.281453629324783,-0.234553652189651,2.61730697702069,0.00926963666061706,0.0218642889095087,-3.86711922542084
"GALNT2",0.27146379349331,0.227613265148632,2.61713947110619,0.00927409273453191,0.0218667216063465,-3.86754786107449
"LEMD3",0.222961704079756,-0.0042660975842413,2.61666066442755,0.00928684077373418,0.0218886963234746,-3.86877294799993
"CD99",-0.335481325310454,-0.312998218471852,-2.61576993684249,0.00931059784058164,0.0219365930672006,-3.8710514141547
"APOL2",0.372115761061337,0.0753905477507655,2.61411841084141,0.00935479073732228,0.022032585340392,-3.87527402082126
"MGAT1",0.241268349586578,0.0882583590597339,2.61392452563655,0.00935999118864213,0.0220367049186873,-3.87576957694673
"DNAJB14",0.232547622308571,-0.0992810851325591,2.6134895069826,0.00937166882798125,0.0220560654134391,-3.87688132387323
"ELP4",-0.199455604711972,-0.0878745454097827,-2.61207250540518,0.00940979739661912,0.0221359325314505,-3.88050142541537
"RUFY2",-0.184101425760771,0.0523868293471712,-2.61197084271536,0.0094125382651352,0.0221359325314505,-3.88076107695946
"GMPR",0.364037473367622,-0.78084917243144,2.61161464644912,0.00942214711010897,0.0221503716119462,-3.88167074336574
"RCOR1",0.22648231909601,0.175654523700212,2.61094266440189,0.00944029861118364,0.0221848754627926,-3.88338655039518
"VIM",-0.266130173487828,-0.116563303193115,-2.61014217458239,0.00946196223711393,0.022227604445906,-3.88542993016868
"NTPCR",-0.302366962974264,0.0280847006511508,-2.60996872451377,0.00946666217688222,0.0222304663476988,-3.88587261028844
"PKP3",0.344169571510033,0.188238743856516,2.60911067831166,0.00948994325358797,0.0222721746231699,-3.88806210484732
"GSTZ1",-0.376401106459532,-0.268553456979603,-2.6090570619214,0.00949139971020286,0.0222721746231699,-3.88819889598926
"MAN2C1",-0.190159614788764,-0.275893046504751,-2.60881590499937,0.00949795306750595,0.0222793645613613,-3.88881412470179
"APOC1",-0.433719904587408,-0.403265040249262,-2.60811849645752,0.00951692772528811,0.0223156751839752,-3.8905930149926
"DYNLT1",-0.247368414086686,-0.00546846035192303,-2.60796112803085,0.00952121400047388,0.0223175298799654,-3.89099435386291
"TMEM68",0.275194834265803,-0.128672929084072,2.60746033404331,0.00953486573662355,0.022335307574431,-3.89227138104995
"GSTCD",-0.252292472299832,0.0472860015667742,-2.60742628381018,0.00953579458855111,0.022335307574431,-3.89235820077183
"PSMB4",0.149382999360621,0.0850950350878422,2.607196314407,0.00954207001692852,0.0223418104356761,-3.89294453771753
"CACTIN",0.167006232697715,0.12475928131675,2.60613636258127,0.00957104193478204,0.0224014306281464,-3.89564638148797
"CYP7B1",0.377970911452111,-0.0359075318321979,2.60493543070159,0.00960396248076454,0.0224702456722908,-3.89870631304888
"CBL",-0.185752637707634,-0.118225767040415,-2.60294426891511,0.00965876872151727,0.0225901971746842,-3.90377673991245
"GLG1",0.295083437891747,0.134579301151772,2.60231303338616,0.00967620170043228,0.0226226832139363,-3.90538338331043
"NMNAT1",-0.247836780238005,-0.0566142554763342,-2.60187092589398,0.0096884282579648,0.0226429774623372,-3.90650842853895
"RNF181",-0.22730909360287,0.135959090726398,-2.60107328277455,0.00971052221180764,0.0226863096679077,-3.90853775271616
"SPON1",-0.452516471769055,-0.627442228059035,-2.59839296689218,0.00978509527571013,0.0228460586116597,-3.91535250496189
"PPIE",0.221972900076756,0.128246613591226,2.5983585404917,0.0097860564295833,0.0228460586116597,-3.91543999085296
"ANXA11",-0.190003366552301,0.111311851320874,-2.59776042542191,0.00980276875498326,0.0228767099782778,-3.9169597697412
"MRPS18C",0.357017797147836,0.20184864835815,2.59687930632735,0.00982743522459033,0.0229258947420567,-3.91919803518743
"ZMYM2",0.23284929367674,0.149327037589906,2.59588573555204,0.00985531635410986,0.0229825401464541,-3.92172108206423
"EVPL",-0.419558106068701,-0.46560397638779,-2.59471809598459,0.0098881725985376,0.0230507418918082,-3.92468496999165
"HLA-DRA",0.413251226840355,-0.245650580475204,2.59451527661742,0.00989388972145244,0.0230556517779102,-3.92519966779584
"GAPVD1",0.172498473253912,-0.0570804577957968,2.5938672089136,0.00991217744921955,0.0230898405739755,-3.92684402023719
"NUBP2",-0.224037000035367,0.164539969789483,-2.59221348881261,0.00995898069528562,0.0231825115111852,-3.93103824342792
"TIMP3",-0.56863309665427,-0.824350502047279,-2.59220499946715,0.00995922146831337,0.0231825115111852,-3.93105976778023
"ADD1",-0.203378554405442,-0.377874400012558,-2.59188542530488,0.00996828895290843,0.0231951621590089,-3.93186998442553
"POP7",0.189615779186148,0.126312620771318,2.59098418600427,0.00999390020349963,0.0232462851728033,-3.93415438062819
"PRKG1",-0.325110775122024,-0.545099123240244,-2.59057060166654,0.0100056730626778,0.0232651939203196,-3.9352024489828
"FAP",0.496965156126725,0.526601169186436,2.59025190872953,0.0100147532595212,0.023276992007308,-3.93600994248293
"DHPS",0.307528352176613,-0.01936224706714,2.59013667823712,0.0100180382202165,0.023276992007308,-3.93630188617191
"LRWD1",0.195253326560311,0.0575913961324019,2.58923185928169,0.0100438660850524,0.0233285139880173,-3.93859386845384
"GTF3C6",0.237047476815782,0.187369902754052,2.58902945465675,0.0100496518291343,0.0233334643378263,-3.93910647111139
"INPP5D",0.268140914821878,0.0503050103726992,2.58716419322418,0.0101031109079161,0.023442556760645,-3.9438285539815
"CCDC25",-0.251849668363272,0.0824168436817967,-2.587133921107,0.0101039806116359,0.023442556760645,-3.94390516371728
"HLA-DQB1",0.753868369699992,-0.536310316037533,2.58658833619279,0.0101196664939859,0.0234704215634216,-3.94528572952116
"GRK5",0.335153830564386,-0.515606424520296,2.58445611873533,0.0101811780891101,0.0236045105660741,-3.95067848051642
"ACTG1",-0.505607373604723,-0.0879430755459424,-2.5840148428019,0.010193949988501,0.0236255428953101,-3.95179401121832
"RBM10",0.160174052559377,0.1776620069995,2.58127942350408,0.0102734417291078,0.0238007336228235,-3.95870497774464
"PAIP1",0.225512889076789,0.163876156903261,2.58115754190644,0.0102769964914838,0.0238007336228235,-3.95901274489067
"CPSF6",0.160474331572551,0.224033946229763,2.57826930777301,0.0103615563160349,0.0239878669607987,-3.9663018339204
"RAD9A",0.24891296182568,0.0877504098541752,2.57588431550543,0.0104318508270852,0.0241418512254219,-3.97231497394772
"UBE2K",-0.204150599599802,0.0883049519782296,-2.57362054420849,0.010498966478936,0.0242883699159443,-3.97801754219162
"RIPK3",-0.278137796536379,0.0554047904025243,-2.57322929971483,0.0105106050137339,0.0243064878713114,-3.97900262115953
"TSPAN1",0.683304527049221,-1.10044916963113,2.57251890790169,0.0105317668496752,0.0243466080141839,-3.98079088442532
"NCK2",-0.185702327579265,-0.217858944788208,-2.57172251436834,0.0105555358451846,0.0243913135988959,-3.98279507518909
"PATJ",0.20749584997093,-0.283746772725254,2.5716150918734,0.0105587456205714,0.0243913135988959,-3.98306536723333
"DNAJC25",0.296554899152839,-0.16972011042516,2.57108465351313,0.0105746078641122,0.0244191215957889,-3.98439987532089
"CCDC6",-0.223234526002037,0.104866979874459,-2.5703997127398,0.0105951218469847,0.0244576475028912,-3.98612269846778
"ARSB",-0.279475010990645,0.0198821807005127,-2.57011021152898,0.0106038030954945,0.0244688408979878,-3.98685074474389
"PITPNB",-0.233396113022098,-0.0624409189924219,-2.56832230013581,0.0106575579973362,0.0245839984873526,-3.99134529199797
"CD177",0.683408725060703,-1.00727028329007,2.5674255269256,0.0106846117194313,0.0246375030077893,-3.9935985168817
"GCA",0.339423956348512,0.130149639975169,2.56641997527525,0.0107150199942729,0.0246987013225389,-3.99612415845075
"PPP3R1",-0.21616506272106,0.00788152485254921,-2.56519763558313,0.0107520880976448,0.0247752011921553,-3.99919302593392
"BET1",0.387366140896483,-0.138248837281467,2.56419367281741,0.0107826194214158,0.0248365891074098,-4.00171257464568
"CASP2",0.284886372293269,0.0178123382512429,2.56386037658161,0.0107927723349944,0.0248510102268081,-4.00254880660227
"JMJD6",0.293669951039915,0.025148769807319,2.56349062018612,0.0108040458909741,0.0248680003654902,-4.00347639398322
"PDGFRB",0.246277814172397,-0.0119051649937524,2.56242184513488,0.0108366910756306,0.0249341522587031,-4.00615684793713
"YKT6",0.209786574516475,0.142444427433517,2.5617422957613,0.0108574933379231,0.0249730169173771,-4.00786057767143
"SARDH",-0.357402243498633,-0.17847167303455,-2.5613666312929,0.0108690084181879,0.0249905000900719,-4.00880223710241
"THBS1",0.732454793305463,-0.339014540790175,2.55947805205357,0.0109270635779181,0.0251149391450709,-4.01353423415418
"SPRYD7",0.212507440166259,-0.100015587147714,2.55884761574133,0.0109465048053833,0.0251422331199372,-4.01511309962902
"SRSF10",0.202394544503236,0.220089013433185,2.55883759384791,0.0109468141070361,0.0251422331199372,-4.0151381954531
"PSPH",0.318726505401447,0.119396921438512,2.55673803416051,0.0110117842458173,0.0252823597301486,-4.02039362027609
"PIK3AP1",0.30241677314791,-0.0607654704890358,2.55610529035941,0.0110314316569758,0.0253183648920887,-4.02197663340324
"ACOT11",-0.332341405512837,-0.101724959388147,-2.5558242781439,0.011040167432824,0.0253293097587429,-4.02267955553062
"CBX8",0.246692907730849,0.306535614590976,2.55528366031034,0.0110569908874196,0.0253587955517868,-4.02403164456682
"NT5DC2",0.349503883059744,-0.0288341081116926,2.55489413747718,0.0110691266026754,0.0253775128754336,-4.02500567354263
"RPL10A",0.162556656446233,0.294845695994086,2.55418235379973,0.011091333172543,0.0254105977437862,-4.02678516953714
"ENPP1",0.378285134373249,-0.26609017257715,2.55417646758392,0.0110915169791593,0.0254105977437862,-4.02679988339421
"STRBP",0.256960776686724,0.317622150627889,2.55306657085388,0.0111262239175999,0.0254809683335277,-4.02957372552509
"PTPRE",0.236223117925111,0.0480151454611572,2.5528043509684,0.0111344377824339,0.0254906365151813,-4.03022889345496
"RBP7",-0.356778177583675,-0.102502163552193,-2.551586260888,0.0111726646373601,0.0255689834084388,-4.03327149703295
"SSH3",-0.298765904956954,-0.100291070388033,-2.55114047459909,0.0111866838187793,0.0255918940103568,-4.03438465442688
"OPA1",-0.191074740178014,0.212477776105324,-2.54987290251674,0.0112266324898238,0.0256740861201737,-4.03754884286553
"EIF2B1",0.144781441271591,0.196220998525077,2.54892444221468,0.0112566072556604,0.0257334183055467,-4.03991545687786
"NCSTN",0.260611695829212,0.0504320327013352,2.54833587499924,0.0112752439788014,0.0257662367184039,-4.04138363406761
"PSEN1",0.328691635059287,0.0190092471480211,2.54821629063713,0.0112790339276333,0.0257662367184039,-4.04168189666225
"ZNRF2",-0.251065824454874,0.0426377766480298,-2.54540334300304,0.0113685121233457,0.0259613554748077,-4.04869395867389
"PCP4L1",-0.752200817400515,-0.817602162941019,-2.54506127502553,0.011379436160763,0.0259770110427142,-4.04954615141081
"GRPEL1",0.313964037148427,0.352291975998933,2.54431998227303,0.0114031416833694,0.0260218226048298,-4.05139255354251
"SLC25A20",-0.26031497656625,-0.150655950716927,-2.54324986376432,0.0114374402708074,0.0260907667485191,-4.05405707839776
"RABEPK",-0.165932397514572,0.0473729071061372,-2.5420770299614,0.0114751366343183,0.026162007547778,-4.05697611974178
"UFD1",-0.145891838577946,0.191999236660358,-2.54202333776057,0.0114768650182187,0.026162007547778,-4.05710972213967
"UQCR10",-0.419728535255272,-0.0574394471453727,-2.54184160298626,0.011482716891237,0.0261660054784255,-4.05756191296479
"LONP2",-0.256648550531943,-0.0700893468814066,-2.54162821143852,0.0114895915102128,0.0261723302863749,-4.05809283220942
"ZWILCH",0.342900004092213,0.0799177123977252,2.54112825036311,0.0115057126206876,0.0261997058070935,-4.05933657004453
"PRKACA",-0.239598337609328,-0.202616484150667,-2.54021431190726,0.0115352344526892,0.0262575657684209,-4.06160953858919
"SRM",0.236072803961251,0.125636813724484,2.53943984726928,0.0115603038679696,0.026302412161683,-4.06353501981031
"EPS8L2",0.274549423662126,-0.134981067919323,2.53935125245556,0.0115631747749169,0.026302412161683,-4.06375524907831
"GBP3",0.372409309979771,-0.165565148653774,2.53759722571908,0.0116201448506389,0.0264225872048894,-4.06811389313026
"VPS33A",-0.130416029100635,0.0796785725243467,-2.5373569435658,0.0116279685684224,0.0264309645102801,-4.0687107533426
"EXOSC5",0.236826347609358,0.198962090027775,2.53442276915671,0.0117238862840031,0.0266395067342916,-4.07599485023412
"NEPRO",0.217954995686551,0.0864267758836103,2.53244694693523,0.0117888722071242,0.0267776410681209,-4.08089526811906
"ARL6IP1",0.311139169087713,0.0340468007329165,2.53228794124277,0.0117941159218725,0.0267800249506245,-4.08128947291336
"TCAF1",0.217780728936321,-0.0891118973919613,2.53194841621987,0.0118053197879738,0.0267959356012131,-4.08213113913821
"CLNS1A",0.238522504057255,0.0540856864914512,2.53074490365196,0.0118451104872733,0.0268766988135181,-4.08511371467125
"PGM2",-0.244534339304536,-0.0162425302891857,-2.53041707596067,0.0118559698558162,0.0268917824260699,-4.08592590925538
"RNASEH2C",0.222665071338572,0.191743822622466,2.52818744078229,0.0119300626037514,0.0270502307261905,-4.09144715559599
"CYFIP1",-0.17368912330984,-0.0460253016015484,-2.52773674428219,0.0119450896568231,0.0270746884837826,-4.09256264667266
"TTC5",0.185877992476335,-0.00182443249769475,2.52742623834771,0.0119554523031332,0.0270885603106833,-4.0933310494384
"CHMP6",-0.190944100448743,-0.164953878735561,-2.52681348169082,0.0119759255835062,0.0271253227565404,-4.09484715955811
"GIMAP4",0.335797768155462,-0.441178592719306,2.52652634665108,0.0119855300104023,0.0271374500412832,-4.09555748032784
"AKR1C1",0.665124720235631,-1.73926986142224,2.52639204065794,0.0119900247876637,0.027138003640281,-4.09588970269593
"DTNBP1",-0.166156032975536,0.26250342022974,-2.52491848959388,0.0120394383377639,0.027237467247474,-4.09953359646287
"LONP1",0.285087170156745,0.190170675642797,2.52482733055272,0.0120425011808331,0.027237467247474,-4.09975895334771
"PRSS23",0.521606071582575,-1.00569080162756,2.5234507267021,0.0120888379711951,0.0273325886848727,-4.10316114368369
"GLE1",0.165124299936803,0.230312782681441,2.52280366735984,0.0121106729237833,0.0273722642896836,-4.10475969367249
"NME6",-0.235592453804281,-0.0705490024396984,-2.5203869289946,0.0121925363128739,0.0275475386969922,-4.11072672046795
"POP4",0.259363238755546,0.221043979667767,2.51962984239507,0.0122182826152732,0.0275959442867064,-4.11259486669815
"DOHH",-0.191943350052747,-0.0702418014035735,-2.5191816729542,0.0122335463392678,0.0276206482942803,-4.11370049108989
"FLAD1",0.250891877278996,0.0132716287290116,2.51670803401464,0.0123180991037089,0.0278017189032101,-4.11979950045568
"GORASP1",0.219766618811336,0.0114343458066507,2.51641646311584,0.0123280996262809,0.0278144579907432,-4.12051801843865
"REEP6",0.712191510995135,-0.497224682876355,2.51595153142245,0.0123440611562394,0.0278406324558773,-4.12166358360972
"TKT",0.267799749321126,0.156532167161924,2.51556135026219,0.0123574706211858,0.0278610345749546,-4.12262481053417
"TTC27",0.177760830039835,0.10509200228621,2.51374014638863,0.0124202320364756,0.027985153512195,-4.1271095217013
"MYO1D",-0.300010416216885,-0.04337108507416,-2.51370956933558,0.0124212881837996,0.027985153512195,-4.12718479095861
"ANXA5",-0.226006832287273,0.00422964172794478,-2.51281396514539,0.0124522582835258,0.0280450332064593,-4.12938904232765
"SEC11A",0.250620770593345,-0.0113891840020766,2.51147656551422,0.0124986336082926,0.0281395541568929,-4.13267922862049
"ANG",-0.37441482221113,-0.17268107887738,-2.51008792473783,0.0125469482715038,0.0282307147354975,-4.13609369126759
"USP7",0.18377529439208,0.233084203410255,2.51005870001825,0.012547966862857,0.0282307147354975,-4.13616553101067
"MMP1",0.64758721598298,-0.273855379877832,2.50922154699146,0.0125771760392437,0.0282829353413895,-4.13822306551735
"COX7A1",-0.352695742890275,-0.582954843665717,-2.50911518119057,0.0125808915837285,0.0282829353413895,-4.13848444151859
"C18orf32",0.378059623339813,-0.279396744951607,2.50901286440843,0.0125844666100059,0.0282829353413895,-4.13873585767691
"SH3BP4",0.251022261683452,0.0128636305476134,2.50807690763368,0.0126172116094333,0.0283465503610948,-4.14103526341109
"SUPT5H",0.179685898668069,0.192761860880212,2.50723269650089,0.0126468118042017,0.0284030578156271,-4.1431085653265
"OXA1L",0.290796161765837,-0.0403180977332898,2.50655830501146,0.0126705020401863,0.0284462572175069,-4.14476432371072
"ALG1",0.3165497688823,0.0452785647894269,2.50486342364085,0.0127302146540806,0.0285702708493162,-4.14892368456252
"POC1B-GALNT4",0.390480485215,0.108526145130611,2.50227713105524,0.0128218149323049,0.0287657372954205,-4.15526541328493
"FAM177A1",-0.281981557777803,-0.0673498217305078,-2.50138061251633,0.0128537039443616,0.0288271512766944,-4.15746225304604
"MIEN1",0.464819531887289,-0.76820992088218,2.50042056305405,0.0128879308869947,0.0288788094234375,-4.15981392941672
"PRAF2",0.348676999097889,-0.228057305094534,2.50036453202811,0.0128899309613005,0.0288788094234375,-4.15995115262803
"CRTAP",0.337510593216712,0.557021379799854,2.50035401301052,0.0128903064771804,0.0288788094234375,-4.15997691397818
"GOLGA7",0.344180206689802,-0.379222211299634,2.49928449592599,0.0129285376978381,0.0289543013681852,-4.16259564476786
"CMAS",-0.281126716961715,-0.0311199024289884,-2.4986312556846,0.0129519381231588,0.0289965374882079,-4.16419458400664
"ECHDC2",-0.352688577886135,-0.342181166116448,-2.49736189963925,0.0129975167508535,0.0290883787080966,-4.16730044209502
"HCCS",0.280193427040729,0.175574867471386,2.49695232993592,0.0130122535065384,0.0291020875127044,-4.16830225226178
"ITGB6",-0.46493934420905,-0.514661439116619,-2.49693831607134,0.0130127580029399,0.0291020875127044,-4.16833652746683
"TXLNG",0.244411423948243,0.131275225397033,2.49670811081175,0.0130210478355381,0.0291104308227979,-4.16889953854152
"ARHGDIA",-0.305576358176803,-0.0402939794708544,-2.49516919339443,0.013076585827435,0.0292243613959301,-4.1726619721191
"CYP27A1",0.355619878934169,-0.435875696389218,2.49348644820248,0.0131375552008975,0.0293503463812913,-4.17677348748183
"CPXM2",-0.363343966453065,-0.157343854330038,-2.49137429876103,0.0132144400980238,0.0295117873472831,-4.18193040229834
"PEX14",0.236065086198897,0.070295370452186,2.490828650237,0.0132343672327102,0.0295459562170819,-4.18326194549613
"USP5",-0.158233152708449,0.0619221026406621,-2.48968730723439,0.0132761354999298,0.0296288448678965,-4.18604625056589
"SP110",0.305226230539961,-0.000832030870469852,2.4892947251488,0.0132905293575986,0.0296490302473504,-4.18700367010123
"AACS",0.359075435541178,-0.0114483154735142,2.48918738686766,0.0132944672824063,0.0296490302473504,-4.18726541874903
"CHMP1B",-0.264923770138169,-0.0306362013141183,-2.48770979996352,0.0133487809813559,0.0297597648624154,-4.19086746818664
"CRBN",-0.233606205605136,-0.154764465409379,-2.48598711162579,0.0134123528921679,0.0298910552239064,-4.19506442312323
"MMP11",0.474753530978085,0.209951169626675,2.48573902279491,0.0134215301550663,0.029901071193335,-4.19566860686233
"RAB5B",-0.187382406307777,-0.327445286942049,-2.48366131499756,0.0134986074931341,0.0300622981666066,-4.20072627770093
"UNG",0.302458296353125,0.107410475858447,2.48237140120446,0.0135466572498519,0.0301572892767957,-4.20386420735284
"CHORDC1",0.253835637062677,0.0571826907674838,2.48226287506393,0.0135507068026823,0.0301572892767957,-4.20412814361188
"DHRS3",0.392955404322964,-0.182663981482854,2.48145020478476,0.0135810650048447,0.0302143205769802,-4.20610420960673
"LSM8",0.161343400897663,0.190909932904644,2.48034969116749,0.013622272122525,0.0302954397430589,-4.20877919375124
"ACTR5",-0.173961284098654,0.0413032941821204,-2.47975884667039,0.0136444411692874,0.03033417718172,-4.21021486946713
"TMEM59",0.327719303471303,-0.310966729824885,2.47919917171106,0.0136654702243077,0.0303621092912786,-4.21157450336142
"RPRD1A",0.235198532683584,-0.0749087481702353,2.47917136965575,0.0136665155995512,0.0303621092912786,-4.2116420359571
"MET",0.532550236225565,-0.107334546349828,2.47770088159298,0.0137219081263287,0.0304745681344727,-4.21521288589901
"CALM2",-0.325138700300466,-0.452345428465643,-2.47659286942661,0.0137637778708141,0.0305569268793978,-4.21790217150848
"HAUS3",0.162583249807097,-0.0255537282102129,2.47568421856785,0.0137981986595922,0.0306226967123727,-4.22010671713684
"SP2",-0.159317043624234,-0.0307771257524651,-2.47517909744427,0.0138173662599029,0.0306545808094094,-4.22133189210517
"MSI2",0.32292995338762,0.328816705366501,2.47385011901169,0.0138679092578302,0.0307560266103667,-4.2245541884428
"LACTB",0.249418563355535,0.0377666867603799,2.47363399849971,0.0138761441209939,0.0307636042404675,-4.22507804559212
"ADIPOQ",-0.359145608697507,-0.737541118357733,-2.4706102358606,0.0139918145354668,0.0310092800447607,-4.23240275611924
"TP53I11",0.343981165121431,-0.192725850444056,2.4687169927556,0.0140646727819825,0.0311599360558495,-4.23698452074723
"SFXN5",-0.358218374874256,-0.348226516518212,-2.46841402653517,0.0140763630895935,0.0311750184970707,-4.23771740346227
"TTC39C",0.262785430786224,0.0242227937698266,2.46783999971062,0.0140985362142264,0.0312132987960596,-4.23910575073056
"HAUS8",0.253248648796787,0.0965809587202131,2.46752780173067,0.0141106085840278,0.0312291978540788,-4.2398607053845
"AGAP3",0.215851326947444,-0.215034175401568,2.46685284409902,0.01413673981774,0.0312761897908073,-4.24149256791437
"CA13",0.450981792969179,-0.172667887555194,2.46612485453187,0.0141649722786427,0.0313277963280684,-4.24325216486309
"CD8A",0.423249760420313,-0.607006356294747,2.46583664530397,0.0141761632407312,0.0313416905443452,-4.24394864654556
"IMPACT",-0.214074089922796,-0.128227803568807,-2.46424977494606,0.0142379207760475,0.0314571826700811,-4.24778204626773
"MYO1C",-0.36054772149225,-1.0899178325099,-2.46424120465287,0.0142382549595198,0.0314571826700811,-4.24780274305169
"PLPP3",-0.280813126970413,-0.68188762749905,-2.46410956751027,0.0142433887912649,0.0314576400664913,-4.24812063075364
"TUBB2B",-0.824943768783373,-1.72414532749744,-2.46359195573582,0.0142635914956123,0.0314913664244414,-4.24937044158086
"RXRB",0.179202882716311,0.0659492184479797,2.46311610412468,0.0142821866750372,0.031519723936966,-4.2505191962362
"SFRP1",-0.50110039014441,-1.29419496374043,-2.46301069554124,0.0142863087037713,0.031519723936966,-4.25077363444545
"FLNB",0.638840242824813,-0.473439664396594,2.46271103442378,0.0142980327851356,0.0315346940701524,-4.25149690756943
"COMMD8",-0.176629729453964,0.0255558304913542,-2.46158369773884,0.0143422156384109,0.0316212178353776,-4.25421712919889
"FRZB",-0.366496718519165,-0.149302134874851,-2.46137441580898,0.0143504311674151,0.0316284097355696,-4.25472198662208
"TRMT10C",0.266789750657656,0.236431813377516,2.46036718813387,0.0143900290467285,0.0317047396353905,-4.25715117509615
"CRIP1",-0.519566669854152,-0.458360718747529,-2.45886485180225,0.0144492713791659,0.0318242834618746,-4.26077266458889
"USP3",0.175125352618756,0.174041322339286,2.45821837736789,0.0144748305292275,0.0318627174638861,-4.26233038141531
"BRMS1",0.187620436967495,0.0844395049608582,2.45817107717257,0.0144767021711407,0.0318627174638861,-4.26244433841834
"DDX3X",0.176413354646254,0.326805422617618,2.45471218490325,0.01461415093871,0.0321463953011451,-4.27077187301038
"CASC3",0.211009729176688,0.0149364676338426,2.45467438350763,0.0146156594454541,0.0321463953011451,-4.27086282017364
"IRF9",0.258540507096497,0.0860045572198373,2.44873955552538,0.0148542124716074,0.0326598301071671,-4.28512479804879
"ANP32B",0.2191322973286,0.294861105448837,2.44736411183051,0.0149099885368211,0.0327711796239597,-4.2884253737817
"GGT7",-0.321617158394611,-0.172094824681615,-2.445814847852,0.0149730351522922,0.0328984272014404,-4.29214091495231
"TRIM24",0.21731000067961,0.106822051565492,2.44279258756606,0.015096704052212,0.0331587393785256,-4.29938255721818
"OSBPL3",0.255505609120277,0.178836467816874,2.44208642310983,0.0151257297545276,0.0332013987254342,-4.30107335438661
"TUBA1C",0.172815784326403,0.235493933852246,2.44206706674951,0.0151265260598729,0.0332013987254342,-4.30111969343848
"CDK18",-0.274475563692695,-0.344374763642278,-2.44168681772477,0.0151421767261299,0.033224329345821,-4.30202993630767
"PHLDB2",-0.265469568722329,-0.301701711229923,-2.44115362580735,0.0151641464936367,0.0332611045557782,-4.30330606474718
"PPP1R9B",0.168836144937872,0.0300345907305758,2.43998341243682,0.0152124631265592,0.0333556239914425,-4.30610588236055
"DOK2",0.316376434848185,-0.263028270482482,2.43884447768464,0.0152596190141415,0.0334475342963588,-4.30882962035236
"DCAF1",0.210584242941813,0.054943609068545,2.43674552276557,0.0153468618670323,0.0336272179207281,-4.31384601280757
"RPL38",0.233693034680452,0.227598964292839,2.43644272044555,0.0153594841528294,0.0336433297824412,-4.31456935065684
"PARG",0.155566804059428,0.0727347103944062,2.43587741576887,0.0153830733930311,0.0336807241742889,-4.31591952527529
"CXCL13",0.581802701372993,-0.868563661174843,2.43571471012876,0.0153898687677147,0.0336807241742889,-4.316308075685
"HIBADH",-0.329389322315956,0.111483130754049,-2.43565457265365,0.0153923810713508,0.0336807241742889,-4.31645168109144
"DNAJA2",-0.155489487845779,0.121216985345119,-2.43499789606748,0.0154198380060821,0.0337292448334478,-4.31801957070823
"CLASP1",-0.194389408057569,0.136562783221978,-2.4327259709752,0.0155151660185675,0.0339261421330662,-4.32344090253392
"POLDIP2",0.200299955839156,0.214777207858988,2.43156594972909,0.0155640401242028,0.034021361243764,-4.32620709532185
"COIL",0.277468533862679,0.171840972177129,2.43021109354204,0.0156212952800716,0.0341348290086439,-4.32943628111647
"PPA2",-0.27309021965664,0.100553450977183,-2.42870979192942,0.0156849564542914,0.0342460173610581,-4.33301247923539
"RBBP4",0.172562309747153,0.204343413720865,2.42870153781998,0.0156853070942278,0.0342460173610581,-4.33303213516771
"CCDC97",0.192685391907688,0.00106191440947431,2.42863180882556,0.0156882695036954,0.0342460173610581,-4.33319818181135
"AP1S3",0.327010831820181,-0.259203794158605,2.42842990164896,0.015696850241095,0.0342530378637701,-4.33367896029383
"COMMD10",-0.154574282143922,0.128008816834042,-2.42803197476085,0.0157137736502323,0.0342782523938275,-4.33462638521115
"ENPP4",0.270380309541663,-0.122734170173319,2.42758659943871,0.0157327341106476,0.0343078918362312,-4.33568660254507
"C7orf50",0.266961685447114,0.221766838640439,2.42436275780306,0.015870582876637,0.034592823074313,-4.34335537204377
"TBC1D17",-0.232680743616289,-0.222396854040194,-2.42427775203537,0.0158742320450646,0.034592823074313,-4.34355744793776
"ARAF",-0.170784866575641,0.0442943057600338,-2.42392675620268,0.0158893076128272,0.0346138618587178,-4.34439176358866
"FNTA",-0.162991676972368,0.0515411487765775,-2.42183317143533,0.0159794918189246,0.0347984499535585,-4.34936578466293
"PCBP2",0.219598357862732,0.173095710544249,2.42166367891648,0.0159868126985356,0.0348025227003578,-4.34976829018181
"SLC44A1",-0.231259714508797,-0.270822216049868,-2.42119373419985,0.0160071264860164,0.034834867966331,-4.35088415798009
"MUC5B",0.935719889539616,-2.22911259606222,2.42081986193564,0.0160233037329282,0.0348581922775967,-4.35177175572886
"TM9SF2",0.28841816383226,-0.0217881457836482,2.41901360174456,0.0161016631651606,0.0350167300100648,-4.35605807490271
"BRD7",0.182565602354358,0.178316813265365,2.41835294925301,0.0161304080852261,0.0350672984760533,-4.3576250553959
"MITF",-0.205356947879527,0.042016211492886,-2.41678026699176,0.0161990177043396,0.0352044683601797,-4.36135358802416
"FN3K",-0.284701213543287,-0.312409338600751,-2.41463653659425,0.0162929546813813,0.0353965687787068,-4.36643219761901
"DCK",0.229529639139163,0.0220687914019828,2.41243013846729,0.0163901395136426,0.0355955921070095,-4.37165472771733
"MRM1",0.37744807051442,0.00547332947042595,2.41122752702814,0.0164433258503394,0.0356989580259834,-4.37449936073264
"ZC3H4",0.13098439232117,0.15897823265565,2.41050344967497,0.0164754220826753,0.0357564819843242,-4.3762114184461
"PUDP",-0.332927577536025,-0.203062663918076,-2.40974306546813,0.0165091871870279,0.0358175875600317,-4.37800878823198
"CPM",-0.31629073661914,-0.310543613904182,-2.40956830823704,0.0165169559610569,0.0358209798775377,-4.37842179594575
"PMPCA",0.229838247396357,0.243381700979672,2.409455531132,0.0165219711416364,0.0358209798775377,-4.37868830927617
"RPS6KA4",0.234249061830421,0.065643585305631,2.40823800024231,0.0165762001622894,0.0359179516869961,-4.38156479506126
"SIRT5",-0.199145172807877,-0.0468004647912917,-2.40819879708544,0.0165779488835673,0.0359179516869961,-4.38165739141919
"UPP1",0.394049010724144,0.019709098481354,2.40612753500578,0.0166705726954681,0.0361063794642347,-4.38654756375417
"VPS52",0.12738251038497,-0.0597025079164848,2.40548583104116,0.0166993612265635,0.0361564670843025,-4.38806177858647
"ITGAV",-0.265491983388851,0.0822661091363974,-2.40441477458359,0.0167475093209453,0.0362484227166901,-4.39058825854753
"MED30",0.187545486705389,0.136335820021682,2.40287651470467,0.0168168741784843,0.0363783716593338,-4.39421490881298
"NKIRAS2",0.219998508906707,0.236056883887978,2.40277322010958,0.0168215411127869,0.0363783716593338,-4.39445835913444
"CPSF1",0.12721519888515,0.151570379253739,2.40270462780176,0.0168246408003152,0.0363783716593338,-4.39462001563431
"TMED5",0.278075976825857,0.0915323461888078,2.40207303387298,0.0168532062191662,0.0364240215842294,-4.39610832974765
"ST14",-0.310525994531276,-0.0107946500600768,-2.40195282906382,0.0168586476243377,0.0364240215842294,-4.39639154254879
"FAT1",0.246261678054175,0.195045964384746,2.40185963642403,0.0168628673144843,0.0364240215842294,-4.39661110295347
"PLOD1",0.305869584422601,0.343011539408433,2.39816097145734,0.0170310936708991,0.03677495200835,-4.40531845812382
"RNF214",-0.148826533168674,0.0859619253194968,-2.39783747677245,0.0170458772894192,0.0367944308630634,-4.40607940942319
"SHC1",-0.167565000344616,0.136254915697751,-2.39765723873498,0.0170541190241115,0.0367997803207002,-4.4065033374332
"VPS39",-0.146421270254712,0.0907722290599379,-2.39697207770861,0.0170854814071512,0.0368478606916085,-4.40811458629579
"CDC42SE2",-0.228309294759951,0.00998895962261889,-2.3969183491058,0.0170879429143074,0.0368478606916085,-4.40824091757188
"STOML2",0.270565205823099,0.0744478709910972,2.39574010439649,0.017142001326047,0.0369519508665801,-4.41101061953944
"PHF10",0.179659821717539,0.037235522785517,2.39399016054272,0.0172225677021232,0.0371130930739307,-4.41512178851912
"TEX264",0.261761064391978,-0.04230398149804,2.39297484989254,0.0172694647925127,0.0372015967274607,-4.41750574287923
"LENG1",0.174799579772313,-0.0345463510493425,2.39243082514822,0.0172946395029421,0.0372432624709224,-4.41878271376257
"RPE",-0.196906931713835,0.0374841147712149,-2.38855545606873,0.0174749093384701,0.0376187781949197,-4.42787112248351
"POLR3B",0.185427055821477,0.168813417839669,2.3882031904827,0.0174913773751583,0.0376415384362607,-4.42869654042206
"RPS14",0.138262523234433,0.0751021272898719,2.38737570613017,0.0175301151503677,0.0377121917908011,-4.43063501386227
"MRPL38",0.220101849253986,0.0863896034670379,2.38703358749629,0.0175461531229161,0.0377339803603298,-4.43143627492357
"RPL27A",0.208972509666827,0.28085036176415,2.38615440251797,0.0175874271863904,0.0378100076044116,-4.43349486673334
"GTF3A",0.256031155698242,0.237534166101228,2.38484395987584,0.0176491056775093,0.0379298349885213,-4.43656187891991
"CRYZ",-0.320545060591286,-0.0794544983778665,-2.38423969648799,0.0176776105896705,0.037971331244769,-4.43797557274856
"PPBP",0.462799889862634,-1.1593461980059,2.38418255566825,0.017680308189616,0.037971331244769,-4.43810923764249
"CLIC6",0.726121326788508,-0.704442900804399,2.38227164749478,0.0177707305256802,0.0381526948239637,-4.44257748812803
"MYOF",0.433570766319677,-0.0644630460575643,2.38012626575471,0.0178727327629641,0.0383587894761432,-4.44758988049145
"TAF12",0.142623928362872,0.331566784603571,2.3798939500838,0.0178838090788548,0.0383696643039275,-4.44813239261348
"MTX2",-0.168691074795167,0.0933905441313497,-2.37888747109754,0.0179318656620548,0.038459846238569,-4.45048216846174
"ASH2L",0.17146970709168,0.173918776684129,2.37479951994251,0.0181282240885385,0.0388679351260304,-4.46001623008859
"CRELD2",-0.358134176058679,0.0632621443078353,-2.37146448565638,0.0182898158037689,0.0392012332685681,-4.46778257614317
"UQCRH",-0.27936939563005,0.205593413642811,-2.37112444408283,0.018306362716401,0.0392235321960472,-4.468573843693
"ACAN",0.413041398648281,-0.0992260355557803,2.37057650617141,0.018333053863414,0.0392675440851723,-4.46984864968609
"TMEM30A",0.279091620400271,-0.245543074120646,2.36854783209785,0.0184321727507548,0.03945894010745,-4.4745659865361
"RAB29",0.346086604794356,-0.144817058796211,2.36849476505644,0.0184347718622589,0.03945894010745,-4.47468933253629
"TRMT5",0.218938598551049,0.181690111634871,2.36786389128642,0.0184656954203685,0.0395118851404332,-4.47615549487288
"CLEC11A",0.421411261563895,0.0254373535663411,2.36761891854515,0.0184777155433865,0.039524359713408,-4.47672471431239
"GORASP2",-0.168745227841084,0.270308121788578,-2.36708082053015,0.0185041426508265,0.039567632560458,-4.47797484073432
"SH3BGRL3",-0.250423064436199,-0.04813191348471,-2.36657161118178,0.0185291815692011,0.0396079090456475,-4.4791575991652
"SMARCC1",0.267120272763436,0.0841461195743071,2.36560649302039,0.0185767202355129,0.0396962378526606,-4.48139863815893
"ITGA11",0.403321047584515,0.169365098661691,2.36474962658833,0.0186190165737467,0.0397733090743971,-4.48338757229502
"ERAL1",0.318234796981783,0.0362280172207487,2.363319423021,0.0186898023364107,0.0399111665277533,-4.48670576892008
"OLFML3",-0.359929726202136,-0.740792176394457,-2.36225493493997,0.01874264097677,0.0400106194037701,-4.48917421419376
"C1QA",-0.301841372757281,-0.20146555748021,-2.36110660970623,0.0187997882312415,0.0401192004867903,-4.49183586438663
"ZNF574",0.233745855394535,0.0828603804207252,2.36068360208856,0.0188208780718336,0.0401507873333304,-4.49281601895815
"TTC39B",0.292625250011503,-0.150908120019106,2.36008806657176,0.0188506048475172,0.0402007721948556,-4.49419565164606
"DDAH1",-0.409154519804782,-0.381057534012872,-2.35935875476281,0.0188870653906099,0.0402650793051901,-4.49588473550591
"RABGGTB",0.171920669599322,0.0323845015999998,2.35872610273626,0.018918743779702,0.0403191518803062,-4.49734954683311
"NLRX1",-0.184864462970841,-0.0364982162661569,-2.35597120055037,0.0190572330460486,0.0405948072959189,-4.50372368391162
"NCAM2",-0.436448290699942,-1.22626737337272,-2.35590040200202,0.019060803801592,0.0405948072959189,-4.50388739867427
"WIPI2",-0.150251934209657,-0.0294952778148668,-2.35526002259339,0.0190931283181239,0.0406500914675628,-4.50536799772839
"NDUFB11",-0.26207094775227,-0.121894975188377,-2.3547742414051,0.0191176812604436,0.0406887982826441,-4.50649089600825
"RPS29",0.34973600166945,0.15499804089092,2.35394465065156,0.0191596755532862,0.0407645879399307,-4.50840800296197
"STRADA",-0.147807259263126,-0.0232191020293521,-2.35309750382093,0.0192026421108932,0.0408423950293315,-4.51036500633672
"FHIT",-0.28887921228334,-0.0686113332378553,-2.35292404592717,0.0192114501732897,0.0408475222632218,-4.5107656293499
"STX10",0.198673951835865,0.0379279906981254,2.35265511759428,0.0192251131666007,0.040862965235934,-4.51138669699802
"UEVLD",-0.171605288440634,6.59333506912193e-05,-2.35248976708676,0.019233518088793,0.0408672256229428,-4.51176852618474
"IPO11",0.184222006276747,-0.0267495787959087,2.35089064992299,0.0193149693338638,0.0410266397860014,-4.51545988586692
"GAA",-0.312918115942624,-0.147277855704803,-2.3502015901323,0.0193501599331874,0.0410757591639081,-4.51704974495764
"RBM19",0.206132382572065,0.245759021005675,2.35018592483437,0.0193509606209922,0.0410757591639081,-4.51708588406543
"PDE6D",-0.192395244258263,-0.00190245510917149,-2.34972301314139,0.0193746341859925,0.0411123427309943,-4.51815369449179
"ANKFY1",-0.139244466043213,-0.0680395249005186,-2.34920937608999,0.0194009316234572,0.0411544679122173,-4.51933827635847
"GMFG",0.254941605774811,-0.0404836203271238,2.34790451101215,0.0194678796741229,0.0412699365530399,-4.52234651150245
"NUCB2",-0.340953790173427,0.071713340442781,-2.34789647305013,0.019468292701293,0.0412699365530399,-4.52236503720622
"CHTOP",0.259687371583852,0.0692147572283404,2.34773221394206,0.0194767347683676,0.0412741292718311,-4.52274360426014
"SIRT6",-0.159590272339542,-0.0954488882335833,-2.34760216689742,0.0194834207911319,0.0412745991212266,-4.52304330479489
"DHRS1",-0.308179550984367,-0.214802092039415,-2.34739480517607,0.0194940859087608,0.041274757210484,-4.52352114802571
"SLTM",0.170707442575984,0.228836918604105,2.34734935746636,0.0194964240793766,0.041274757210484,-4.52362587202891
"MYO6",0.287042364141519,-0.030028237322839,2.34677932668896,0.0195257716411689,0.0413231859227256,-4.52493921293959
"ABHD16A",0.215553722380087,-0.119007267187775,2.34614822299979,0.0195583087030926,0.0413783303741704,-4.52639290494727
"RAB11FIP5",-0.203303099468032,0.0322925840776123,-2.3443987955256,0.0196487507068424,0.0415559036976445,-4.53042058084541
"ZCCHC3",0.386244010509725,-0.00594118742922623,2.34405426258817,0.019666605574752,0.0415798929121826,-4.53121345045297
"MRPS5",0.243770039172213,0.102294717309733,2.34365143162575,0.0196874996939802,0.0416102898199482,-4.5321403376998
"IGSF8",0.252125352314015,-0.439574906902041,2.34334243804862,0.0197035398318263,0.0416223220472582,-4.53285120694811
"GXYLT1",0.238067587874077,0.0529868753646882,2.34329063385682,0.0197062301564388,0.0416223220472582,-4.53297037856796
"METTL14",-0.199355990279364,0.0895918399066789,-2.34148711887334,0.0198000924323745,0.0418067427846267,-4.53711763962689
"GRSF1",0.25639532052828,0.133951166553563,2.34117062720231,0.0198166043331808,0.0418277747660693,-4.537845107422
"WNK2",-0.387720024496462,-0.44118058635308,-2.33887605150434,0.0199366777980948,0.0420673125382799,-4.54311642975972
"PMM1",-0.189694065491278,-0.0537093856370522,-2.33841662379602,0.0199607958271172,0.0421042885220163,-4.54417127097869
"FOXP4",0.203109507700331,-0.0268369607574992,2.33818593543149,0.0199729156448139,0.0421159400238233,-4.54470085345869
"ASB9",0.316645124011897,-0.53041139945299,2.33557146851671,0.0201107251322886,0.0423925321788255,-4.55069925315857
"RRM1",0.303220976852553,0.165264850759681,2.3348564794709,0.0201485573145866,0.0424582635160514,-4.55233852977993
"ACAD9",0.211894006933185,0.085968191481098,2.33332396114245,0.0202298576155081,0.0426155199191749,-4.55585054429058
"F12",-0.31577140046426,-0.326823387634558,-2.33315276870063,0.020238957226358,0.042620627272525,-4.55624272103907
"LPIN1",0.27638466618841,-0.225297480462775,2.33222270159175,0.0202884569882099,0.0426957958366857,-4.55837288176018
"HIGD1A",-0.435335989826107,-0.377354601514733,-2.33215804059093,0.0202919022984804,0.0426957958366857,-4.55852094624906
"CDC42BPG",0.239921118011614,-0.161061044793538,2.33210530323676,0.0202947126647363,0.0426957958366857,-4.55864170434358
"PPP2R1B",0.265548755941132,0.0778948194615713,2.33185321137829,0.0203081513176572,0.0427099954424379,-4.55921890826462
"FLYWCH2",-0.273912813300785,0.165650611788808,-2.33171737420959,0.0203153958336478,0.0427111631207906,-4.55952990377772
"ROCK2",0.164943448237272,-0.0931448683835648,2.33044272703308,0.0203834861776759,0.0428359132236608,-4.56244731995649
"ELOA",-0.222855039659081,0.0278318652629159,-2.33026082858048,0.0203932192931196,0.0428359132236608,-4.56286352381957
"USP48",-0.187535401683151,-0.0120591775036346,-2.3302301878713,0.0203948592325652,0.0428359132236608,-4.56293363007207
"VPS25",-0.167646782469959,0.00870944268903157,-2.32916588912933,0.0204518939537147,0.0429415793799633,-4.56536820280671
"PDRG1",0.196503698423026,0.307826044190562,2.32850907920404,0.0204871614392194,0.0430014877677239,-4.56687011196034
"GMFB",-0.173793681119819,0.0517949309142863,-2.32781488297238,0.0205244942912282,0.043056732115018,-4.56845706582832
"ANO6",0.241642667812531,-0.355964165886944,2.3277689185207,0.0205269682941448,0.043056732115018,-4.56856212581238
"GSTP1",-0.409132554781107,-0.283541939876998,-2.32682303382674,0.0205779378801727,0.0431494690853539,-4.57072366894744
"NEDD1",0.154128771531893,0.00815734601061957,2.32530340733576,0.0206600560348637,0.0432945442670271,-4.57419455139638
"CLMN",-0.302767797203821,-0.215176729301828,-2.32529178085011,0.0206606854160738,0.0432945442670271,-4.57422109825644
"SARM1",-0.259817077887084,-0.380433836383943,-2.32487609339416,0.0206831990278493,0.0433275019005308,-4.57517015679926
"METTL2B",0.22209716281955,0.187594703520263,2.32408286741218,0.0207262197315713,0.0433916107073213,-4.57698072022561
"SLK",-0.167127881029952,-0.0513616400884377,-2.32399781361625,0.0207308372825855,0.0433916107073213,-4.57717482271639
"ABI1",0.291544299938382,-0.204797285273699,2.3239360648171,0.0207341901751037,0.0433916107073213,-4.57731573623191
"PF4",0.55202189751847,-1.51939106942955,2.32330808541504,0.0207683157543325,0.0434487863995455,-4.57874860745678
"LUC7L2",0.17886551173553,0.247274773525218,2.32264835607084,0.0208042196512191,0.0435096437841579,-4.58025351940872
"ADCY6",-0.242866649338959,-0.274386579523128,-2.32162287890294,0.0208601362355614,0.0436001058818062,-4.5825919194342
"AUH",-0.265387598880707,-0.131185479291776,-2.32160465147499,0.0208611313185462,0.0436001058818062,-4.58263347447745
"TRMT1L",0.211975354489216,0.154158200039293,2.32145159303989,0.020869488818874,0.0436033004281776,-4.58298240592458
"LIME1",0.577577132742847,-0.986860133611864,2.32057585459877,0.0209173634466503,0.0436890302933798,-4.58497842237279
"CDA",0.435820576152241,-0.286688567543881,2.31920517171513,0.0209924885771009,0.0438316022121613,-4.5881010718605
"PPP2R5E",-0.161042811970409,0.000586073456123731,-2.31867279391933,0.0210217310475884,0.0438783108005401,-4.58931343785103
"PHF2",-0.210111513338533,-0.0853377061858681,-2.31645984927885,0.0211436662365244,0.0441184016079111,-4.59435001476677
"FBXL8",-0.233943596164991,-0.252444965107349,-2.31618631411376,0.0211587811630261,0.0441355170617188,-4.59497224703721
"SLC17A5",0.286300943124154,-0.0873342042854134,2.31463046194332,0.0212449339667876,0.0443007522462243,-4.59851011533041
"GYPA",-0.482577799898973,-0.945745365512567,-2.3129024708349,0.0213409782950108,0.0444864989923748,-4.60243671496154
"ABCB6",0.300825860171933,-0.244840927643904,2.31191371683371,0.0213961054056746,0.0445772069740158,-4.60468223269308
"RBP5",0.473236616464717,-1.4349021687233,2.31177024971142,0.0214041146289063,0.0445772069740158,-4.60500797763904
"KRT2",0.440761415973403,-1.10886381112704,2.31174656318961,0.0214054372094491,0.0445772069740158,-4.60506175647439
"MGRN1",0.202871321212832,0.0440380087515921,2.31128565160323,0.0214311872897376,0.044616280027706,-4.60610812256777
"QSOX2",0.233650782684219,0.0804711934626902,2.31084235877086,0.0214559786079883,0.0446533322724919,-4.60711429984303
"VAMP8",0.285077131967277,0.103931042164985,2.3105785942287,0.0214707416391898,0.0446694966980211,-4.60771289870844
"GET4",0.209228227974092,0.0827413304693826,2.30989835787506,0.0215088558120402,0.0447342164038686,-4.60925635176465
"MTM1",-0.164618100865998,-0.17644363303373,-2.30964098594661,0.0215232919843192,0.0447496643828975,-4.60984021272549
"FXR1",0.195920253406825,0.194160205364808,2.30937820917114,0.0215380400603139,0.0447657505810887,-4.61043626986802
"NUCB1",-0.192593725081691,0.259905135990203,-2.30868369852592,0.0215770613099442,0.0448322604829136,-4.61201131382072
"CRKL",0.143874242364634,-0.0541931409838002,2.30708798066196,0.0216669513935215,0.0450043866778253,-4.61562842042347
"SYTL4",-0.331005046452283,-0.258751934679498,-2.30649105259635,0.0217006616428516,0.0450597478340186,-4.61698088972248
"HMGCS1",0.431552037710337,-0.325714034250694,2.30612674744649,0.0217212575306339,0.0450878508885232,-4.61780613512192
"EIF4G3",-0.173329366278532,0.105824668594769,-2.3051869281226,0.0217744688799766,0.0451836151441828,-4.61993448621408
"GLUL",0.392442976355819,0.166517076461008,2.30341754155256,0.0218749585487397,0.0453773912715085,-4.6239392278691
"OARD1",0.217301804567471,0.10484919941283,2.30270451317557,0.0219155683805863,0.0454468672004039,-4.62555221916395
"VASP",-0.164918819732945,-0.00276521942506796,-2.30254297202224,0.0219247779485064,0.0454512036367576,-4.62591758550488
"TRA2B",0.164927807694004,0.283426424620967,2.30153868688715,0.0219821088245199,0.0455552628512039,-4.62818847457233
"ICMT",0.239510374474206,-0.0414525103953985,2.3004317255006,0.0220454528525225,0.0456717120257483,-4.63069042367234
"DICER1",0.209075517321013,0.0858051002736203,2.29982670051911,0.0220801417713893,0.0457176005883248,-4.63205740576907
"NES",0.26778464565373,-0.650288524774513,2.29979565066191,0.0220819232912128,0.0457176005883248,-4.63212754984084
"GIMAP1-GIMAP5",0.286424343734138,-0.560707428979182,2.29886654437715,0.0221352899298524,0.0458132337770202,-4.63422604978899
"ARMC1",-0.157614050156666,0.0513669902479214,-2.29764110204602,0.0222058500270111,0.0459383492606604,-4.63699260506796
"PRKCE",-0.189307334166854,-0.493344489164367,-2.29756686853229,0.0222101306448956,0.0459383492606604,-4.63716014855678
"TFAP4",0.222226444770886,0.0325759980331719,2.29712945550453,0.0222353683684321,0.0459756564224219,-4.63814727416477
"NUDT12",-0.335871917668219,-0.268681442524499,-2.29604025778713,0.0222983214537013,0.0460908975337918,-4.64060451463595
"NEK3",0.365736491003627,-0.196182852955977,2.29589457889682,0.0223067531460658,0.0460934041545728,-4.6409330820336
"RFC1",0.209551226130838,0.114289984807442,2.29504270667711,0.0223561141072051,0.0461804557018779,-4.64285400927852
"IDH3B",-0.188397971002377,0.0912796740407129,-2.29383253523026,0.0224264004052479,0.0463079503164947,-4.64558169542228
"FKBP9",0.285535731964515,0.521456882119926,2.29373042219615,0.0224323399105588,0.0463079503164947,-4.6458117910534
"EIF4H",-0.149648809080393,0.166269134014906,-2.28994028507811,0.0226537709084278,0.0467499441662287,-4.65434524935649
"NME3",-0.260188310963716,0.10091234125038,-2.2890691452384,0.022704934335399,0.0468403895739976,-4.65630468057004
"LASP1",0.249337837586054,-0.183058954799077,2.28597688243385,0.0228873632052107,0.0472014903311597,-4.6632541916013
"COPG2",0.198590092296343,0.174487959421116,2.28546481854651,0.0229176956750803,0.047248784916173,-4.66440411900837
"POLE3",0.290214659168313,0.00216440605073214,2.28459164024253,0.022969499926938,0.0473403024640088,-4.66636441523173
"MICU2",-0.200193144194744,0.139235264789648,-2.284419885535,0.0229797018719455,0.0473460459672063,-4.66674992128805
"ARL6IP6",0.259657582645357,-0.281408370220481,2.28384174158541,0.02301407172244,0.0474015638541224,-4.66804736785202
"SYTL1",-0.314914688426622,-0.0987017157543838,-2.28237683798638,0.0231013590593512,0.0475660037387802,-4.67133341907046
"CHST14",-0.209802395006161,0.018652368255112,-2.28138236152795,0.0231607801077052,0.0476729790418111,-4.67356305063765
"FAM3C",0.320828496046122,0.150209618983682,2.28038991040731,0.0232202130087901,0.0477799097844423,-4.6757872027762
"DDX24",0.254534226053756,0.268351979702578,2.27967489994461,0.0232631137824305,0.0478527646587689,-4.67738900994373
"DFFB",0.226650543883715,0.0274502074621637,2.27721426337038,0.0234112812024965,0.048142038801269,-4.68289774848167
"SYNGR2",0.313470292234481,-0.0536679051720099,2.27617004713654,0.0234744070329113,0.0482563067949578,-4.68523374040191
"SPTBN2",-0.374405622168875,-0.0708239462056586,-2.27571492401195,0.0235019669175854,0.0482974118985461,-4.68625156092357
"C20orf27",-0.19431121007121,-0.176944409279369,-2.27550211839003,0.023514862992568,0.0483083655751438,-4.68672740387482
"PGP",-0.218983185402139,0.134082556186563,-2.27452055800446,0.0235744256844665,0.0484151521374457,-4.68892165893931
"RPL36AL",0.333966123554055,0.252982510542593,2.27264563754632,0.0236885645388982,0.0486292836119394,-4.69311044942605
"GNAI3",0.177976969017392,-0.0314975585249423,2.27255780196517,0.0236939234638596,0.0486292836119394,-4.69330660224999
"HSPE1",0.353679391034963,0.276391969601692,2.27093636267467,0.0237930388290136,0.0488170157208393,-4.69692625134501
"SLC25A3",0.280953923068532,-0.131619792973106,2.26850402203438,0.0239424004640869,0.0491076861430115,-4.70235143533896
"MRPL45",0.233043024436375,0.18701819396519,2.26812838344762,0.0239655397992865,0.0491393614702776,-4.70318877145787
"VAC14",0.164947505800162,0.0806245607115219,2.26774683493849,0.0239890631275363,0.0491718035535534,-4.70403914380078
"XDH",0.565417870106542,-0.855533992185843,2.26671712854265,0.0240526472703766,0.0492858330899368,-4.70633339934093
"GPX4",-0.220170881855132,0.188016445780571,-2.26659607667762,0.0240601318310623,0.0492858330899368,-4.70660304474554
"PRUNE1",-0.228634016741052,-0.15755388513013,-2.26625798868236,0.024081046345229,0.0493128546870709,-4.70735606845816
"NADK2",-0.215132557265105,0.00135771416544084,-2.26459936559799,0.0241838802440427,0.0495075586271923,-4.71104874388325
"AMPD3",0.278901829351136,0.128494885665816,2.26428863622755,0.0242031878033619,0.0495312032450211,-4.71174024473963
"ELOF1",-0.317798141932284,0.127125196298687,-2.26415302412059,0.0242116184385705,0.0495325804967231,-4.71204200871326
"CMTR1",0.178145932955978,0.016713178211272,2.26336195899133,0.0242608477881562,0.0496173969017864,-4.71380193716188
"ATF1",0.236842715328848,0.15307888668726,2.26311372983633,0.0242763134731975,0.0496331288909272,-4.71435406406805
"DHX32",-0.268373695224622,0.0265812224448601,-2.26280144223885,0.02429578245257,0.0496570329576374,-4.71504859041401
"APOBEC3G",0.291493424911385,-0.197950972400946,2.26226490486456,0.0243292636049066,0.0497095513975451,-4.71624163041247
"SELENOS",0.27665586201406,-0.0625297170250883,2.26185037781336,0.0243551585366775,0.0497465410290101,-4.7171631814842
"PYGB",-0.336851993016138,-0.145946220657745,-2.26168561223865,0.0243654578769148,0.0497516624701313,-4.71752943271965
"CHMP7",-0.189558946790016,0.0402399071062044,-2.2608575185964,0.0244172786671314,0.0498392007752213,-4.71936977945537
"ADPRH",0.204984335904296,-0.217335576960185,2.2607511760199,0.0244239403642392,0.0498392007752213,-4.7196060667588
"PDXP",-0.174093774863138,-0.249927798369046,-2.26012211280086,0.0244633796108379,0.0499037312508626,-4.72100358993805
"PIGU",0.304037433461266,-0.035202252305568,2.25962564320551,0.0244945450036074,0.0499513477636643,-4.72210627769183
"ERO1A",0.373094345472223,0.301385683947066,2.25782092537731,0.0246081257313543,0.0501669485295967,-4.7261126820838
"SMIM20",-0.274121344474423,0.257713219517678,-2.25699789217551,0.0246600756963377,0.0502568092311255,-4.72793875384919
"FARP2",-0.181573462833155,0.0309250203098622,-2.25482461523316,0.024797712208375,0.0505211845725827,-4.73275752189348
"PPP1R37",-0.168447825022098,0.0251684735126993,-2.25408068195153,0.0248449797999775,0.0506013384442924,-4.73440599775995
"TTLL12",0.235264931059712,0.0640872346608457,2.25362372829784,0.0248740522938868,0.0506443953751489,-4.73541829625792
"TM9SF3",0.280573120094649,0.0756222241784071,2.25234748321713,0.0249554068946873,0.0507938390253676,-4.73824453324788
"PARP14",0.230330392022166,0.119701740689617,2.25192910944819,0.0249821265732451,0.0508320198120364,-4.73917068156316
"PCNP",0.19883350047872,0.158929961731154,2.25041259190665,0.0250791885112719,0.0510132585678467,-4.74252637742714
"WDR26",-0.202565643975183,-0.0164196910769811,-2.25000093350266,0.0251055924859118,0.0510507031918938,-4.74343690216279
"CCT3",0.135342030850137,0.171115577421811,2.24896548546246,0.0251721135409601,0.051169673657762,-4.74572643898816
"SCCPDH",-0.307052470483717,0.0164163333689498,-2.24784130293042,0.0252445087097046,0.0513005054460421,-4.74821102446565
"HSPA9",0.254274054937155,0.270367325390556,2.24592969270387,0.0253680283662204,0.0515351133052234,-4.75243315862315
"WDR7",-0.147614051115976,-0.119811332661754,-2.24524923355724,0.0254121231938281,0.0515983294841808,-4.75393523399968
"HNRNPM",0.240353180744009,0.384562574431301,2.24520011504012,0.0254153087279168,0.0515983294841808,-4.75404364328744
"SUSD2",0.365073888441846,-0.934020912975872,2.24489817006997,0.0254348987041548,0.051610299812619,-4.75471001432482
"VAMP4",0.175558899703362,-0.00239170494864643,2.24486007913499,0.0254373709491483,0.051610299812619,-4.75479407213044
"RAB8B",0.209990570117839,-0.29990044837886,2.24437807248938,0.0254686730426499,0.0516573943384115,-4.75585762882613
"LSM14A",0.16729258369171,0.109207922002964,2.24134794835472,0.0256662207776312,0.0520415432407669,-4.76253858120972
"AIF1L",0.404075052565541,-0.758321946877012,2.23978748947176,0.0257684726610757,0.0522322850606249,-4.76597573517089
"SLC25A15",0.326139875458752,0.250371870623284,2.23853213000893,0.0258509890482591,0.0523829149708456,-4.76873917472035
"SNX16",-0.206638094982116,-0.127513902264055,-2.23672341274756,0.0259702819090728,0.0526079473316718,-4.77271808564332
"GABARAPL2",-0.265442283391283,-0.25812254955527,-2.23561671704914,0.0260435088831373,0.0527395509733053,-4.77515111425731
"DDX10",0.228105347267291,0.150841844734461,2.23498075947006,0.0260856694957809,0.0528081800033484,-4.77654871444097
"CHMP2A",-0.222061866252731,0.0017122575460141,-2.23354236546413,0.0261812460591309,0.0529848672226786,-4.77970835100684
"LNPK",-0.22028510480062,-0.184291322034238,-2.23253455987682,0.0262483924420614,0.0531039245065153,-4.78192096328965
"ATP1B3",0.284301194280105,-0.268384869329777,2.23011416781493,0.0264102652523856,0.0534044998819282,-4.78723091686954
"TIMM8A",0.289726284350759,0.239740228094437,2.23006309881397,0.0264136899964181,0.0534044998819282,-4.78734289390099
"PBX1",-0.212664722034292,-0.389669324434646,-2.22991070413803,0.0264239120443431,0.0534082552716463,-4.78767702904778
"ERO1B",0.308078228891746,-0.0162642836062315,2.22955437284713,0.0264478267754502,0.053439675304193,-4.78845822189927
"IFI16",0.298640921386535,0.132863370700489,2.22838210325249,0.0265266347876904,0.0535801531424925,-4.79102735933262
"WWTR1",-0.199832207592864,-0.175831952742329,-2.22827071312168,0.0265341337880284,0.0535801531424925,-4.79127141292007
"RCN3",0.351508844746561,0.315303843811092,2.22799228916954,0.0265528858765215,0.0536010674428042,-4.79188138255555
"RAB30",0.294389096852751,-0.0960362373238418,2.22612731017896,0.0266787905349899,0.0538382040347378,-4.79596526122028
"CLYBL",-0.359895712316035,-0.193262564543822,-2.22596472097616,0.0266897914312876,0.0538433865051411,-4.79632113723282
"RPP25",0.279602069194692,0.086049030606532,2.22530220212795,0.0267346586081626,0.0539168651968156,-4.79777100082295
"ACBD3",-0.152294143885323,0.283338736675976,-2.22490702792735,0.0267614517822475,0.0539538584242659,-4.79863560502247
"SRSF11",0.137971375060779,0.209968819213876,2.22466850468823,0.026777635147551,0.0539694445761089,-4.79915739945557
"CYB5R4",0.15683459441777,0.0352154620487529,2.22035696531224,0.0270716322333691,0.0545447686368134,-4.80857998121971
"GPD2",0.269028930168065,-0.0463802341933778,2.22007824880904,0.0270907334173338,0.0545660356055761,-4.80918848710955
"MMRN2",0.228101001753968,-0.64236911848763,2.21957242621084,0.0271254286354808,0.0546186886904903,-4.81029263146129
"EIF2B5",0.1285432375574,0.0907751601009402,2.21831914564078,0.0272115592711392,0.0547748442453416,-4.81302732645374
"ATP6V0A1",0.213909885048572,-0.103193759209926,2.21782929461481,0.027245288251256,0.0548254539818057,-4.81409578830454
"TFB2M",0.302660373840465,0.222516932159218,2.21663253893161,0.0273278440321125,0.0549742546140637,-4.8167051856118
"CSTF2",0.214267525790854,0.329120239619262,2.21645664371056,0.0273399960671236,0.0549813779176642,-4.81708859103743
"ASS1",0.475790205207045,-0.228674799323987,2.21554066614158,0.0274033537398984,0.0550781306365526,-4.81908470447286
"TBCE",0.270945800451909,0.0120560168231215,2.21551169694223,0.0274053595978587,0.0550781306365526,-4.81914782156578
"RPS2",0.135968224283217,0.323764763597475,2.21533598660893,0.0274175286936768,0.0550852488071512,-4.81953063601862
"SUGT1",0.193558313644041,0.152421649205142,2.21464494853262,0.0274654330593726,0.0551641365473715,-4.82103589259443
"ERGIC3",0.285386244810156,0.03416289320149,2.21414967111421,0.0274998114474039,0.0552158163810296,-4.82211445227614
"TMEM230",0.321178577938004,-0.102941054899737,2.21310961379248,0.0275721256956911,0.0553436097349852,-4.82437861045886
"TRMT2A",0.166831736634131,0.0186245232983948,2.21277290793917,0.0275955718274469,0.0553732640220769,-4.82511138275498
"ITGA3",-0.305137559004405,-0.738215309843844,-2.21133644697138,0.0276957923154423,0.0555569066710963,-4.82823633421226
"UBE2N",-0.130228887686668,0.0949121643251987,-2.21119318024958,0.0277058051662733,0.0555595370561102,-4.82854789601601
"IDH3G",-0.175723707911772,0.0719819413732999,-2.21083798515647,0.027730643127694,0.0555918858305578,-4.82932025343798
"CHCHD5",-0.232168820807123,0.110188818956492,-2.2086236431505,0.027885922248219,0.0558856288621714,-4.83413253484615
"TBC1D2B",0.163027125069535,0.107301168423145,2.20710869138648,0.0279925904619781,0.0560817979603796,-4.83742218113525
"PTTG1IP",0.359189971919995,-0.0410922551286263,2.20690247707503,0.0280071373591706,0.0560933412918144,-4.83786979633838
"QKI",0.183118885352549,-0.0954059832532052,2.2063999320391,0.0280426156178691,0.0561467860520834,-4.83896046618547
"RPS23",0.173098569806219,0.176182391704515,2.20583644766379,0.0280824422930957,0.0562089009534219,-4.84018310545048
"ARL15",-0.220201495052502,-0.0630548829437159,-2.20555845048415,0.028102108969943,0.0562306379733896,-4.84078618753806
"UBE2E1",0.268057014401016,-0.0208794894214233,2.20491901188116,0.0281473907800591,0.0563035996649992,-4.84217309406406
"CTH",-0.327926632253573,-0.113446678911352,-2.20462091873369,0.0281685218085233,0.0563282216559416,-4.84281950797417
"CSTB",0.345198616132502,-0.256980496683674,2.2044153817281,0.0281830997766378,0.0563397282635668,-4.84326516480148
"DPM1",0.181416211513197,0.194961126711037,2.20203772345943,0.0283522134854377,0.0566600573097089,-4.84841760372165
"IMPDH2",0.212613442980096,0.244823736132998,2.20175855400206,0.0283721272345232,0.056682112763589,-4.84902221604711
"PKP4",0.25211184299007,-0.0352150512562669,2.20109970862207,0.0284191720716407,0.0567583402181501,-4.85044881784985
"WWOX",0.218179069860061,-0.18391814272958,2.20069024151236,0.0284484440616731,0.0567990354389565,-4.851335230517
"BST1",0.311608938193168,-0.217790828108075,2.20002273736435,0.0284962185411389,0.0568766350063058,-4.85277989737699
"YBX3",0.28749742040466,-0.0567340927180154,2.1990392551321,0.0285667346311487,0.0569995626937138,-4.85490765433774
"COMMD2",-0.14135103820778,-0.0291013644283222,-2.19646623905534,0.0287519355651532,0.0573511741904102,-4.86046998639111
"CCDC102A",-0.181482510315267,-0.194646729583906,-2.1950544204165,0.0288539962434161,0.0575348710090932,-4.86351936120294
"SRSF4",0.189221480613731,0.269446127880155,2.19494319009848,0.0288620504059711,0.0575348710090932,-4.86375952568406
"FGD2",-0.212982652684509,-0.142043042906038,-2.19087086543763,0.0291582682224994,0.0581072230339135,-4.87254420381865
"TMED2",0.228272309055121,0.129660407585822,2.19050543793057,0.0291849771890854,0.0581423024500188,-4.87333171673823
"GCC1",-0.145566614589724,0.19634788792697,-2.19019332662768,0.0292078060361376,0.0581588342019402,-4.87400422978479
"ARFIP2",-0.229377932307979,0.147802885534485,-2.19014294224765,0.0292114927620395,0.0581588342019402,-4.87411278538429
"PPAT",0.229864435035069,0.0554238416211908,2.18953156489492,0.0292562605305427,0.0582298078202978,-4.87542983436429
"TNIP1",-0.150468843990328,0.127156607349446,-2.1883008114297,0.0293465616485308,0.0583913356577965,-4.8780800803405
"USP13",0.240911383535488,-0.137665527527852,2.18762380716798,0.0293963364743658,0.0584721521460517,-4.87953729204783
"NIPSNAP2",-0.276699208605147,0.0987268094883948,-2.18711439047997,0.0294338379837755,0.0585285130882612,-4.88063349262985
"TOM1",0.160303946357375,0.0813817418636186,2.18629671344713,0.0294941189982364,0.058630121358574,-4.88239251219022
"FMC1",0.27033838869242,-0.129193708624778,2.18519726532059,0.0295753409473036,0.0587732810297334,-4.88475668187645
"DPYSL4",-0.289406560883181,-0.0294404190888471,-2.1840675925994,0.0296589969576006,0.0589211871730803,-4.88718464096242
"RRP36",0.267612583121691,0.0105839401419974,2.1835909074628,0.0296943583520025,0.0589730880490002,-4.88820879480407
"PCTP",-0.235000775181608,-0.092209565677076,-2.17911620910976,0.0300280791089807,0.0596173150220279,-4.89781205693078
"COQ5",-0.21618676174226,-0.139583706893755,-2.17736430479961,0.0301596146272105,0.0598598506045194,-4.90156664913792
"EIF6",0.206192682799385,0.259887716531037,2.17541916615873,0.0303062408813721,0.06013217775872,-4.90573193402995
"SARS2",-0.228983003737953,0.0278066496500301,-2.17513823452745,0.0303274685175967,0.0601556031329155,-4.90633321703732
"HSBP1",-0.191454035120996,0.11190938011422,-2.17410910335753,0.0304053409315809,0.0602913359776844,-4.90853524044058
"UBASH3B",0.22889757496917,-0.16883921241814,2.17373674165775,0.0304335593193074,0.0603285551858981,-4.90933173020128
"GIMAP2",0.298367366527104,-0.297160744241007,2.17269809084212,0.0305123900235604,0.060466049131109,-4.91155272623442
"SH3GLB1",-0.137501182351231,0.0916815610259262,-2.17227258471444,0.0305447355906747,0.0605113672809364,-4.91246230821968
"KIF3B",0.147792466708358,0.180600143954168,2.17165909928578,0.0305914227951869,0.0605850603434455,-4.91377341890179
"KHDRBS3",0.356628327075744,-0.112473352743589,2.17005174818391,0.0307140368017151,0.0608090310012251,-4.91720686344814
"RCCD1",-0.173837982196163,-0.0281117367565222,-2.16984519466949,0.0307298240771837,0.0608214280014935,-4.9176479009457
"YY1",0.168384557078695,0.168697952403935,2.1695034490178,0.030755959714042,0.0608542927716634,-4.91837751400612
"INPPL1",0.162504098434611,0.0670410965339433,2.16923121685687,0.0307767928942586,0.0608766488940028,-4.91895863867554
"VPS35",0.10105326143466,0.0955066044727548,2.16881628281405,0.0308085700717212,0.0609206317460327,-4.91984424783396
"NDUFB6",-0.220670960568958,-0.0851728645806678,-2.16813632914925,0.0308607046090258,0.0609794880487341,-4.92129514226132
"KDSR",0.218144326577774,-0.209145654838129,2.16802232271792,0.0308694533433373,0.0609794880487341,-4.92153836746263
"TRIM26",-0.160038706893941,0.00714821439713401,-2.16796642397055,0.0308737437361664,0.0609794880487341,-4.92165761921174
"VKORC1",0.467762042679233,-0.344629924638547,2.16790976979622,0.0308780926349375,0.0609794880487341,-4.92177847950404
"TRAPPC4",-0.136455428385756,-0.0419559330040121,-2.16780564552042,0.0308860868206117,0.0609794880487341,-4.9220005997105
"SEC14L2",0.370624919521663,-0.213810363997998,2.16612486850048,0.0310153763415227,0.061215820074381,-4.92558463587077
"SCFD1",-0.143185747396019,0.16220350529736,-2.1652779431102,0.0310807005592358,0.0613257951392833,-4.92738956929456
"GALNT5",0.332466549264688,-0.226436817181673,2.16432837669895,0.0311540826038767,0.0614515963626051,-4.92941243137185
"LOXL1",-0.298741212929282,0.20635334232881,-2.16297123997343,0.0312592207406081,0.0616279627663635,-4.93230204370673
"CNPY3",0.194115083750532,0.306804141780163,2.1629251210428,0.0312627989663667,0.0616279627663635,-4.93240020907535
"GLCE",0.248554190164102,0.074183222888101,2.1625188611591,0.0312943346748384,0.0616710885490257,-4.93326485613088
"ARL6IP5",0.222649390354811,-0.304327270290687,2.16152200996569,0.0313718309193642,0.0618047332366987,-4.93538579575022
"GIPC2",0.296756363954965,-0.378230029965039,2.160240059141,0.031471734163375,0.0619773298698485,-4.93811192729331
"CCDC127",-0.226677642996041,0.0123945719953177,-2.16014883591981,0.0314788536833076,0.0619773298698485,-4.9383058580503
"DNAJC8",0.148552659923756,0.227206614320297,2.15980728672789,0.0315055222302139,0.0620107149938088,-4.9390318841979
"RNF149",0.206025923576085,-0.024835945992763,2.15897092155063,0.0315709087833533,0.062120262737045,-4.94080926226525
"SLC39A11",0.324681492931644,-0.18841228807341,2.15825021540899,0.0316273469288656,0.0622121411401129,-4.94234031399267
"NOMO2",0.136741186346028,0.198237476782134,2.15769101814454,0.0316711972567298,0.0622792098811887,-4.94352791757928
"HDAC7",-0.145629362690656,-0.16784613566082,-2.1573373511633,0.0316989576343884,0.0623083389859481,-4.94427886870537
"EMD",0.233181598011387,-0.0543969706881797,2.15725368962037,0.0317055275435153,0.0623083389859481,-4.94445649212897
"MCRS1",0.174944463313126,0.234460135669386,2.15589097807041,0.0318127060291412,0.0624997316910975,-4.9473487482523
"TMA16",0.221679261302493,0.0734666492565754,2.1556723212543,0.0318299326041083,0.0625143401037317,-4.94781266602413
"RPLP1",-0.156000532176742,0.213601911450544,-2.15506327865343,0.031877957543703,0.0625887943416358,-4.94910461273863
"DDX58",0.280633475851316,-0.140735592632087,2.15494303097343,0.0318874468274614,0.0625887943416358,-4.94935964915727
"PIN4",0.252042295552602,0.24602918730011,2.15462503665632,0.0319125529087775,0.0626188230862152,-4.95003402486991
"PSMD10",-0.166879506407881,0.147255059068461,-2.15111714175647,0.0321906374752028,0.0631346652154971,-4.95746685363882
"FAM98C",-0.228619287099435,-0.193831112224453,-2.15105957359718,0.0321952184716771,0.0631346652154971,-4.95758873578926
"MORF4L2",0.217520120499631,0.104343574878799,2.15066467468738,0.0322266577531456,0.0631769142627678,-4.95842472233499
"SDF2L1",-0.2350742246763,0.0870963514784629,-2.14987663951966,0.0322894749793313,0.0632806315970013,-4.96009251791509
"LETMD1",-0.207454699723225,-0.115817215591571,-2.14760569967618,0.0324710898789846,0.0636170324876701,-4.96489540502411
"AGFG2",-0.233164193568414,-0.309290918815867,-2.14661290141703,0.0325507631131043,0.0637535651770462,-4.96699355691957
"PDK2",-0.282612075253697,-0.166275177887223,-2.14563408336115,0.0326294790300662,0.063888139713883,-4.96906123989791
"SEC23A",-0.171957786793878,0.256918917378892,-2.14398985209434,0.0327620756668889,0.0641280972204431,-4.97253249651106
"PLAUR",0.298300326101402,0.00178484868895452,2.14354577031554,0.0327979673929828,0.0641786766178961,-4.9734695861151
"COQ3",-0.198093513050404,-0.140188560286138,-2.14252747743171,0.0328803959124994,0.0643202597736853,-4.97561764805456
"AASS",-0.312018259645396,-0.10498933648998,-2.14186816094901,0.032933861071262,0.0643921522366325,-4.97700792935415
"EXOSC7",0.15356247519529,0.130490206469592,2.14182557483251,0.032937317025034,0.0643921522366325,-4.97709771513973
"MACROD1",0.278574025936218,-0.0817619573295719,2.14091993991402,0.033010885092655,0.064516223237405,-4.9790066855909
"DHX16",0.138354827313198,0.0756535820732388,2.13900124155159,0.033167214945317,0.0648019178169673,-4.98304847907702
"SFRP2",-0.552039366010023,0.202686017128078,-2.13761506948106,0.0332805517636253,0.0650034637536701,-4.98596629758663
"WDR81",-0.127433087464109,-0.0842839852223683,-2.13719516165812,0.0333149500841281,0.0650507511581523,-4.98684981817307
"APBB2",0.207313570367886,-0.131227174921335,2.13525568579371,0.0334742263274265,0.0653417716602318,-4.99092844414912
"CHAMP1",0.159881184335188,0.104598789801292,2.13444127798051,0.0335413030525698,0.0654526955961668,-4.99264003148313
"LZTFL1",0.229479456256399,-0.0403145079317626,2.13244334558257,0.0337063473081254,0.0657546677550812,-4.99683626431904
"ARL14EP",0.137870040764693,0.158918988622519,2.1322231280908,0.0337245815475604,0.0657701445269314,-4.99729855052014
"MTMR6",-0.142891704686569,-0.0655662101924147,-2.13167586749577,0.0337699319987917,0.0658384781106215,-4.99844717286987
"FBXL18",-0.165912448722036,0.055365625907428,-2.1307094584647,0.0338501444293599,0.0659747167831084,-5.0004748278651
"PON1",-0.292494076631636,-0.563233939657617,-2.1305128355185,0.0338664842511628,0.0659864210996871,-5.00088725951843
"ZNF397",-0.214811141220934,-0.0327155584806067,-2.13033399748741,0.0338813519879883,0.0659952508978967,-5.00126235379971
"TBC1D20",-0.219331877487186,-0.0661931947636059,-2.12883865351815,0.0340058872710412,0.0662176243444946,-5.0043974843411
"GTF2H5",0.137536231755532,0.235579576141103,2.12845077916345,0.0340382543675725,0.0662604433344361,-5.00521034993472
"HMGN4",-0.307596326208825,-0.268665730940477,-2.12826818515269,0.0340535005141891,0.0662699179466923,-5.00559296105235
"ZNF800",0.244945756210834,0.0506921395352494,2.12811770924515,0.0340660692860266,0.0662741780595003,-5.00590824725642
"KCTD5",0.2098942424754,0.298096914905901,2.12786062545495,0.0340875518900575,0.0662957717995788,-5.006446854553
"USE1",-0.184911332962165,-0.0571860056182341,-2.12741132450404,0.0341251246006251,0.0663486359850765,-5.0073880173338
"AKAP17A",0.162538043383616,0.142742365715493,2.12706215624691,0.0341543482822546,0.0663503892119313,-5.00811929594741
"DHRS7",0.278467769678277,-0.220222848237037,2.12705460046675,0.0341549809016736,0.0663503892119313,-5.00813511906309
"MRRF",0.258238208505202,0.121045631860487,2.12702808357124,0.0341572011495095,0.0663503892119313,-5.00819064961409
"MRPS15",0.199846988521651,0.18835497867025,2.1266117439488,0.0341920773303082,0.0663979360565747,-5.00906244198025
"ELOB",-0.171604620233772,0.301321275332599,-2.12622273767187,0.0342246914588283,0.0664381338136511,-5.00987684977649
"THAP11",0.167824030231119,0.0950058074253238,2.12611667746285,0.0342335881357732,0.0664381338136511,-5.01009886798987
"CLINT1",-0.169439219675793,0.151229533504356,-2.12335355695822,0.0344660683444253,0.0668689900878626,-5.01587917297892
"KRT23",0.618682711846785,-0.718634123250297,2.122892129517,0.03450502312162,0.0669242322696062,-5.01684374262118
"CD5",0.347276048275803,-0.283013877730019,2.12265316081355,0.0345252122618531,0.0669430550537298,-5.01734320351801
"WBP4",0.19242109575355,0.0692423910185001,2.12240184592837,0.0345464553980278,0.0669639094463897,-5.01786840975642
"C1QB",-0.276356389427285,-0.184368090093051,-2.1217969439928,0.0345976325227416,0.0670427568005175,-5.01913230592638
"SRPX2",0.409879129816053,-0.0995587764970648,2.1206996291138,0.0346906358055009,0.0671900913268456,-5.02142416639994
"TATDN1",-0.229343183779045,-0.00629439134374995,-2.12065160246668,0.0346947112145043,0.0671900913268456,-5.02152444888215
"UAP1L1",-0.236778984929659,0.0643257298500788,-2.1192534090931,0.0348135382388157,0.0673997700590776,-5.024442990732
"SUGP2",0.205930226051374,0.0644946897855713,2.11847625062231,0.0348797367477197,0.0675074626050894,-5.02606439530121
"HOMER3",0.190331790671939,-0.0552126183495741,2.11785649822182,0.0349326047332842,0.0675892973400059,-5.02735698500987
"SIL1",-0.242905572670897,0.253500717348703,-2.11735815962288,0.0349751653509274,0.0676511453394945,-5.02839608046936
"ALG11",0.230988450315112,-0.190361761888026,2.11703963180626,0.0350023925166546,0.0676646992010772,-5.0290601243265
"TSPAN14",0.230393620881611,-0.275871158975499,2.11702822956586,0.0350033674958744,0.0676646992010772,-5.02908389309396
"PAPSS2",-0.317689200326597,-0.627357568589992,-2.11535701906377,0.0351465209484988,0.0679208644843115,-5.03256630096837
"LUC7L",-0.239592807395812,0.296683009947636,-2.11498299309606,0.0351786281262921,0.0679623420836232,-5.03334531620312
"SSU72",0.132997340888699,0.125335186380639,2.11258928115767,0.0353847054806513,0.068339789623097,-5.03832772620743
"ANKRD28",0.143931607495856,0.0925311142243873,2.10940084956725,0.0356608076704217,0.068852209548123,-5.04495578267809
"PARVG",0.25076040204777,0.0198602862669119,2.1092436962293,0.0356744639671864,0.0688577546645966,-5.04528221835614
"STX7",0.169671685959366,-0.129342770850251,2.10781307462424,0.0357989882017531,0.0690772256476862,-5.04825278746294
"WDHD1",0.344544094441822,-0.013036779713964,2.10587165083526,0.035968569135014,0.0693834785278141,-5.05228085801522
"UQCC1",0.301484489593822,0.182922125121392,2.10062857885451,0.036429986996199,0.0702523307069558,-5.06314113996079
"DHX35",-0.216787048047577,0.051206544090267,-2.09954870688796,0.0365256481131807,0.0704155384065999,-5.06537466877488
"PDGFRA",-0.228729079754952,0.00676120893151115,-2.0967483779491,0.0367747192075776,0.07086774572085,-5.07116145644557
"DRAP1",0.174845469749294,0.195155237360332,2.09666213060072,0.0367824133623958,0.07086774572085,-5.07133956438825
"KRT15",0.603852616410757,-1.0614606586279,2.09630733884991,0.0368140789424346,0.070907358687012,-5.07207216381341
"KLC2",0.224650235487134,0.0391384770708602,2.0949933264215,0.0369315593327042,0.0711121852651738,-5.07478437936874
"GSTM3",-0.452131610187049,-1.308806767144,-2.09465876768931,0.0369615220125891,0.0711484226862771,-5.07547466803245
"CHCHD3",-0.159248333055799,0.12989592493378,-2.09400955433042,0.0370197241161788,0.0712389808564803,-5.07681387133968
"TAF6L",0.173536019582539,0.0380516840353191,2.09347543789104,0.0370676665210628,0.0713097471337711,-5.07791534858032
"MLF2",0.261661695446092,-0.135982084674856,2.09315398741914,0.0370965455739627,0.0713438082800457,-5.07857812529253
"MADD",0.429060134776874,-0.292505678057859,2.09171374464119,0.0372261731062906,0.0715715493175747,-5.08154644648671
"HEATR3",0.217396557202686,0.0735334419884256,2.09102610367469,0.0372882000027822,0.0716692224616991,-5.08296296365476
"DHX57",0.151068158068319,-0.0154928463266481,2.08756668442054,0.0376015903890309,0.0722498208347765,-5.09008236994345
"KIF2A",0.175510777077306,0.178105943983534,2.0874055471614,0.0376162425993762,0.072256230143507,-5.09041370694752
"AP2M1",-0.121868882798706,0.0330239459444164,-2.08713786382495,0.0376405938312633,0.0722812606353732,-5.09096407328315
"FARSB",0.13616932332057,0.18653623249717,2.08662376908454,0.0376873989691432,0.0723493813643955,-5.09202087733712
"DNM2",-0.147763318743445,0.0578124485505631,-2.08614324397351,0.0377311927674084,0.0724116819416599,-5.09300844439279
"PFAS",-0.18708519926873,-0.0411352359214683,-2.08558598756256,0.0377820341104242,0.0724874662845728,-5.09415343091466
"POLR1C",-0.137757492608464,0.159447359428664,-2.08506186046809,0.0378299063112625,0.0725445670710645,-5.09523007524374
"NFKBIB",-0.176456709192179,0.23183388398373,-2.08501138078471,0.0378345197097329,0.0725445670710645,-5.09533375500537
"ENGASE",0.233987985507501,0.0229388006956675,2.08481969238764,0.0378520427201405,0.0725466424265094,-5.0957274397894
"C1S",-0.234455906126263,0.0632791041225173,-2.08472933476717,0.0378603050796808,0.0725466424265094,-5.09591300176104
"TLK2",0.179158463404519,0.0870085871568222,2.08462674078867,0.0378696882079179,0.0725466424265094,-5.09612368330399
"C8G",-0.26363812065264,-0.16326486995699,-2.08432935382448,0.0378968981088663,0.0725769929289476,-5.09673432431214
"TMED9",0.188946722243026,0.270179795925171,2.0825442677946,0.0380605787598303,0.0728686043122988,-5.10039795634131
"HGH1",0.172887692260877,0.0147062961262491,2.08165129731968,0.0381426846446959,0.0730039093094675,-5.10222950241292
"MNDA",0.384345032361982,-0.014234571016226,2.08124293509219,0.0381802826782491,0.0730525589840849,-5.10306682749219
"GPI",-0.201455372684491,0.104048502636305,-2.08100871803491,0.0382018613945281,0.0730525589840849,-5.10354700493496
"TMEM43",0.239077804502395,-0.275758255831181,2.08100258373838,0.0382024266950445,0.0730525589840849,-5.10355958038602
"FGF2",-0.360372278568793,-1.26401101892256,-2.08082753730945,0.03821856095058,0.0730615304399561,-5.10391841443569
"ADGRE5",0.20949156999083,0.101129375646433,2.08007092856134,0.0382883655148881,0.073173066091757,-5.1054690760726
"MICU1",-0.199630144742844,0.202212721399785,-2.07993218428794,0.038301177839289,0.0731756494625555,-5.10575337139485
"PLCD3",-0.200997387010036,-0.358258165795729,-2.07979622383613,0.0383137366437371,0.0731777470745621,-5.10603194458048
"SLC25A46",-0.207504711324403,-0.141059415227596,-2.07956815800872,0.0383348112120517,0.0731961033459778,-5.10649919522237
"CNN3",0.279083942881216,0.125351094775637,2.07934248533127,0.0383556743829503,0.0732001211758343,-5.10696149376124
"RNMT",0.173108668296336,0.383322772475556,2.07929739343552,0.0383598442371717,0.0732001211758343,-5.10705386026202
"TCF20",0.170997541451474,0.0479072228635233,2.07901642629061,0.0383858352783473,0.0732278333589027,-5.10762935103616
"RAB8A",0.1649587324049,-0.0634092876576104,2.07845885640608,0.0384374581615461,0.0733044116969749,-5.10877116886566
"NKTR",0.127912738883571,0.147766406337368,2.07814772235672,0.0384662904210433,0.0733374930840136,-5.10940819411845
"RPL18A",0.170995680129363,0.248582390913129,2.07734584188218,0.0385406844483346,0.0734426994728883,-5.11104956018752
"EML4",0.174718012284582,0.149905567728721,2.07730499754325,0.0385444770452073,0.0734426994728883,-5.11113314779237
"TMEM192",0.248318911488853,-0.011755830597485,2.07563288099761,0.0387000150114401,0.0737170632004908,-5.1145537462013
"CPSF7",0.150035784467998,0.139589356147088,2.07486898988498,0.0387712491914879,0.0738307265397107,-5.11611552228249
"TRMT1",0.204210693656323,0.0298633303180807,2.07417264394409,0.038836282140074,0.0739325168349352,-5.11753871424586
"KRT7",-0.502763807677836,-0.399833166844944,-2.0734024641761,0.0389083189579582,0.0740475757217773,-5.11911226576934
"SRP19",-0.207324081890888,0.251346513907812,-2.07273754233837,0.0389706024251987,0.0741440096796465,-5.12047030725561
"ABCF3",0.129839706938716,0.227067823385775,2.07230923877653,0.0390107668062693,0.0741983157754035,-5.1213448530405
"CCDC12",0.164500967473011,0.214408814423895,2.07175596986075,0.0390627021519747,0.0742749711853361,-5.12247430283035
"PPIG",0.152910349568596,0.261999597351692,2.0716188946471,0.0390755785147586,0.0742773351642554,-5.12275408439758
"DPY19L1",0.291790672355806,-0.0571254500595967,2.07051567939602,0.0391793425847102,0.0744524114295758,-5.12500517900148
"TRIM4",-0.122241611211779,0.122780204410835,-2.07010293004523,0.0392182245346131,0.0745041248597158,-5.12584708771064
"SHTN1",-0.209892031802071,0.126738678408121,-2.06906073925721,0.0393165478428887,0.0746686966022737,-5.12797217671864
"SNX4",-0.151669383298535,0.0669710698840477,-2.06885910373615,0.0393355949777604,0.0746826565367231,-5.12838320316193
"LIPA",0.284981228284197,-0.591249381073736,2.06798463566045,0.039418291126362,0.074817416421469,-5.13016532184148
"PIK3R2",-0.151823699543239,0.035340562356468,-2.065805117175,0.039625047978636,0.0751874981704579,-5.13460386768649
"STMN1",0.335711177745423,-0.157592906909989,2.06361589937259,0.0398336550196412,0.0755608696673824,-5.13905757484079
"LRRC57",0.144191423240399,-0.19085705945532,2.06243710489299,0.039946367660531,0.07575217033338,-5.1414537881316
"GGH",0.450788204795589,-0.422453221073306,2.06048030945295,0.0401340704043687,0.0760855224263343,-5.14542854950697
"TXNDC17",-0.251335176668398,0.255827446761034,-2.05958200000929,0.040220490794522,0.076226724168306,-5.14725201861892
"PDCD2L",0.224686215574048,0.063665319492728,2.05900594862783,0.0402759922638243,0.0763092613069787,-5.14842093160602
"FASTKD2",0.204258446315057,-0.0777389480136405,2.05876057337263,0.0402996535166675,0.0763314410275651,-5.14891874583146
"COPZ2",-0.276390241886693,0.177922969054212,-2.05577458187072,0.0405885393342411,0.0768558195875235,-5.1549720545567
"SPINT1",-0.257343215939436,0.00313117304133683,-2.05505806600398,0.0406581218825124,0.0769647519181267,-5.15642332719616
"SPON2",-0.30071952781325,0.160967298660298,-2.05466574764323,0.0406962638601692,0.0770141211461709,-5.15721774256554
"ANKZF1",0.179125183007779,0.034001335592701,2.05419527160397,0.0407420446553503,0.0770779126294552,-5.15817022645344
"MRPL55",-0.236265705814842,0.132120195931478,-2.05406963898793,0.0407542770524371,0.0770782165224559,-5.15842453509292
"ABCF1",0.135628318191343,0.186377579982089,2.0519836498029,0.0409578397635531,0.0774402744715092,-5.16264483019105
"NSRP1",0.188192052613036,0.222637512875626,2.04884129466302,0.0412661222140374,0.0780000563459529,-5.16899443437489
"RINT1",-0.146606776658712,0.0403309531245959,-2.04667527920262,0.0414797679449808,0.0783806801801428,-5.17336567352467
"NDUFB1",-0.229720604925364,-0.0988349626525091,-2.04645711566864,0.0415013386490993,0.0783982388386092,-5.17380569982932
"ACBD6",-0.160026989161877,0.13330878150698,-2.04539064531344,0.0416069222310507,0.0785744449704995,-5.17595606573579
"TSPAN31",-0.261083395798442,-0.222494546754901,-2.04475839663649,0.0416696244410457,0.0786695896085384,-5.17723037752307
"TPMT",-0.234808511187644,0.18737147511852,-2.04332721280265,0.04181185661288,0.078914781103529,-5.18011354278396
"NID2",-0.20630687374104,-0.137422316625485,-2.04300366300509,0.0418440683944596,0.078952238977135,-5.18076507135665
"HEXB",-0.220747103019837,0.152866475373528,-2.04205776397163,0.0419383606950775,0.079092879480285,-5.18266924064366
"DPP9",0.148549614440837,0.110226765310025,2.04189817019259,0.0419542876581398,0.079092879480285,-5.18299043072866
"PC",-0.273710520555411,-0.00988919525591532,-2.04180922587304,0.041963166256058,0.079092879480285,-5.18316942478872
"ATL1",-0.267879303576719,-0.485063915367043,-2.04175924706608,0.0419681559403611,0.079092879480285,-5.18327000021503
"RGS3",-0.238945962521065,-0.218096872527563,-2.04066278496648,0.0420777493136031,0.0792760192880956,-5.18547587434385
"DCP1B",-0.144778676472138,-0.0546053353864934,-2.03864689060812,0.0422798764325203,0.0796333365845551,-5.18952845736791
"STX18",0.211083716428591,-0.0594414282453875,2.03800393897486,0.0423445163886232,0.0797315650667529,-5.19082017134519
"ARL6IP4",-0.164613526128942,0.10913400140842,-2.03693418682182,0.0424522513693711,0.0798888188316382,-5.19296846316566
"TM9SF4",0.239855346472347,0.110769110728086,2.03692620635235,0.0424530559586137,0.0798888188316382,-5.19298448552734
"RETREG3",0.228844463250046,0.0599993423369353,2.03663522440244,0.0424824015470896,0.0799204872946868,-5.19356864720221
"CARMIL1",0.178700394314727,-0.184820049298265,2.03553820973327,0.0425931907111733,0.080105308598186,-5.19577023051316
"TC2N",0.386657268458814,-0.295293899459711,2.03454951969619,0.0426932501960696,0.0802615332768929,-5.1977534276315
"TBC1D8B",-0.20787143601983,0.0915496529271113,-2.03446909417956,0.0427013983620368,0.0802615332768929,-5.19791471053189
"MKRN1",0.159681420380081,0.121857332703871,2.03424201612437,0.0427244114951262,0.0802811557964629,-5.19837005244192
"GNPAT",0.237274751289406,0.0772182671358567,2.03388226401223,0.0427608919905798,0.0803260651249933,-5.19909133382654
"SPIN1",0.176383026005314,0.0871552250716716,2.0334963455319,0.0428000552829621,0.080375986171092,-5.19986493890394
"MOB3A",-0.18239407754359,-0.172676775623985,-2.03159166282318,0.0429937903605074,0.0807007618675958,-5.20368093387082
"TEX10",0.1587045653069,0.0163133181306629,2.03154764979527,0.042998275939477,0.0807007618675958,-5.20376907189744
"RNF5",0.282886897554676,-0.0900212146270965,2.03098856906065,0.0430552891314203,0.0807840203068229,-5.20488849362261
"MTSS1",-0.257240336171202,0.00411737400678582,-2.03031868472293,0.0431236862174991,0.0808885829902268,-5.20622937661057
"SAMD4A",-0.212146481151247,-0.0548383485601696,-2.02969118329093,0.0431878395402288,0.0809851264212513,-5.20748503196412
"SLC35B2",0.253521624016403,0.0877759336215948,2.02647677592025,0.0435177399846821,0.0815797914862582,-5.21391125273188
"EMC3",0.187934351906019,-0.0918280912694198,2.02553383518673,0.0436149204114907,0.0817379708915081,-5.21579448874337
"CYP1B1",0.430143764779428,0.0622239781023035,2.02528555493806,0.0436405390276481,0.081761984064417,-5.216290210495
"OXSR1",-0.112513907857209,0.0257527505781337,-2.02445922516574,0.043725895236751,0.0818978706619698,-5.2179396516027
"PRPSAP1",-0.135202673501648,0.0464640174520107,-2.02169725986702,0.0440122225636693,0.0824099827181902,-5.22344805976483
"GPT2",0.39265025043407,-0.22071970949593,2.02088307738378,0.0440969300504215,0.0825443853333162,-5.22507044901252
"FGD3",0.287104797123955,-0.379811976863223,2.02063275898389,0.0441230009278348,0.0825689803412149,-5.22556912046643
"ORC4",0.163615198143474,0.0591771155555797,2.02043544909577,0.0441435601331686,0.0825711155137484,-5.22596214861809
"AAGAB",0.188051400850915,0.268564286097063,2.02037360307375,0.0441500060084475,0.0825711155137484,-5.22608533406667
"ZFAND1",0.194094118489346,-0.0122560345926278,2.0192733670349,0.0442648110956559,0.0827615867776757,-5.22827617904457
"RREB1",-0.18065170328424,0.129988429439726,-2.01914472804428,0.0442782505542306,0.082762479446359,-5.22853225541522
"TRIP6",-0.181905642458655,-0.160608842879645,-2.01858338311964,0.0443369371199682,0.0828479202549011,-5.22964951551719
"IFI30",0.271124366002041,-0.141128259536981,2.01708676454903,0.0444937254794259,0.0830958526968658,-5.23262679512258
"DCPS",-0.173462451072097,0.0542498521588534,-2.01706842916911,0.0444956492358002,0.0830958526968658,-5.23266325702533
"VBP1",0.169931189459981,0.203277427858568,2.01654114945329,0.0445510018344016,0.0831748966996065,-5.23371167189533
"VDAC1",0.254147342995542,0.310788360900439,2.01367767476049,0.0448526227733183,0.0837129338940815,-5.23940058276359
"GAK",-0.126504636182248,0.161278824000495,-2.01355661350057,0.0448654126523957,0.0837129338940815,-5.23964092332733
"EDC3",0.141198293826086,0.0877651332044967,2.01216460511768,0.0450126976941175,0.0839447681228005,-5.24240343744863
"CLASP2",-0.133389883335085,-0.0948142064393015,-2.0121338437947,0.04501595709514,0.0839447681228005,-5.24246446386704
"REPS2",-0.244433708133791,-0.17588656557107,-2.01188922117461,0.0450418838779409,0.0839544536523732,-5.24294973056505
"CDCP1",0.281918704462699,-0.020183036662173,2.01183673445601,0.0450474484280392,0.0839544536523732,-5.24305384285745
"FSTL1",-0.280840976708796,0.321794682780181,-2.0104419584089,0.0451955336170188,0.0842058599780172,-5.24581954002371
"CLPP",0.196688716351533,0.0914982410403092,2.01007705777263,0.0452343435587875,0.0842535833205538,-5.24654279151636
"TTC7B",-0.157067413081795,-0.288394845749422,-2.00827479718471,0.0454264417618573,0.0845867106006004,-5.25011308419968
"ZNF622",0.178468609845411,0.279556690007378,2.00658978805212,0.0456066667349958,0.084897541429431,-5.25344827405343
"TRIP4",-0.121579131045243,0.194367697764374,-2.00549759674218,0.0457238081823738,0.0850907943003372,-5.25560862229734
"GTF3C5",0.127460756127887,0.132197319376548,2.00485019688345,0.0457933642792153,0.0851771534770581,-5.25688863373294
"RBM47",-0.225021028449931,-0.00711615788788041,-2.00481736631223,0.0457968939525044,0.0851771534770581,-5.25695353419599
"ERP44",0.153597311486132,0.248740920646365,2.00451598092676,0.0458293071924674,0.0852126168968854,-5.25754927345026
"UBE3C",0.127316070810438,-0.0489820339248073,2.00256944104967,0.046039120588451,0.0855778122146316,-5.26139483386372
"UPF3A",0.239185931342131,-0.117658049304101,2.00217972401475,0.0460812248531686,0.0856311468822704,-5.26216431599966
"SLU7",0.112995137067243,0.221177359935509,1.999419255948,0.0463803939481668,0.0861545846372755,-5.26761057561538
"RHBDF1",-0.210795747935134,0.0650950531053717,-1.99933186099507,0.0463898922447852,0.0861545846372755,-5.26778288153663
"UFM1",0.202041321566693,0.120267324249749,1.99872476749116,0.0464559180603177,0.0862192841798444,-5.26897961052625
"CYBRD1",0.409045778146953,-1.41199611949329,1.99861070637228,0.0464683318964994,0.0862192841798444,-5.26920441315666
"C17orf49",0.155957828069955,0.212933232049117,1.99860665550272,0.04646877282426,0.0862192841798444,-5.26921239676999
"TRAPPC6A",-0.211459547269525,-0.0353678513673332,-1.99840693529235,0.0464905162937301,0.0862192841798444,-5.26960599364514
"TBCD",0.156452771248191,0.0568020809701775,1.99839104402925,0.0464922467394212,0.0862192841798444,-5.26963730956537
"SPRYD3",-0.130887639616471,0.100632430302837,-1.99823884829324,0.0465088225329933,0.0862249802186883,-5.26993721989141
"EXOC8",-0.107784748688121,0.0182822147657611,-1.9977669104202,0.0465602535454735,0.0862952739877643,-5.27086705847489
"WWC3",0.350149202172294,-0.0707884466764567,1.99709691887402,0.0466333507083882,0.08639151222825,-5.27218674536832
"CDK11B",0.147117989165786,0.309009395153166,1.99704298447199,0.0466392392561907,0.08639151222825,-5.27229296153553
"PPP1R13L",0.207680190960816,0.284333378331943,1.9956025411666,0.0467967393314141,0.0866581150322156,-5.27512867468765
"GSTM1",0.793484325038052,-2.191792417692,1.9952090855003,0.046839838413569,0.0867127771152909,-5.27590289966492
"CAPN1",-0.123978091117312,-0.051432828208978,-1.99470016760593,0.0468956349724629,0.0867909070432392,-5.27690410517621
"SNX5",-0.153744403132477,0.0434847007682225,-1.99205525780311,0.0471865220793282,0.087303953484935,-5.28210348024864
"RPP21",0.1619412456671,0.0135545829348575,1.99135898718201,0.0472633508974718,0.0874207692585045,-5.28347109227247
"CHIT1",0.469930003166745,-0.713528760093248,1.9909616604483,0.0473072405933807,0.0874766090902796,-5.2842513107283
"STEAP3",0.277047657019106,-0.0476812747327673,1.9906380117825,0.0473430170683173,0.0875174186396079,-5.28488673747406
"COPG1",-0.130237582437118,0.278251155304688,-1.99008241259671,0.0474044869007231,0.0875710195734579,-5.28597732276738
"IRF2BP2",-0.20165803351004,-0.0223211894484219,-1.99007224181786,0.0474056127933379,0.0875710195734579,-5.28599728421282
"MFAP1",0.120565768011757,0.255095864583794,1.99000408608952,0.0474131581308448,0.0875710195734579,-5.2861310459173
"TJP3",-0.235255039723139,-0.0772977147686068,-1.98891010887853,0.0475344082932224,0.0877695769092611,-5.28827746189728
"SGSM3",-0.267732898691651,-0.0594069146694944,-1.98749938247619,0.0476911516149135,0.0880335365889629,-5.29104364824541
"MRPS30",0.195005111095379,0.0505397992594323,1.98715606219928,0.047729363287393,0.0880786082630071,-5.29171654901311
"GCHFR",0.284648952275818,-0.371950567462381,1.98613348998105,0.0478433291497974,0.0882634084430674,-5.29372009735451
"STK24",0.134244211759452,0.0886635214718294,1.9859194882867,0.0478672087266526,0.0882819548583701,-5.29413926819876
"VDAC3",0.276430780867909,0.125786879438643,1.98437380590388,0.0480399841001917,0.0885750212185168,-5.29716552810732
"ARFGEF3",0.289073078780355,-0.132068987416882,1.98336581156938,0.0481529403855771,0.0887576571483574,-5.29913782022548
"PIK3C3",-0.137431603822937,-0.0727030273576535,-1.98251411907552,0.0482485560498822,0.0889082338754683,-5.30080352171471
"ACAD10",-0.236266720800926,0.012167039917178,-1.98166893424508,0.0483435994639333,0.0890576695260283,-5.30245580524017
"C17orf75",0.191631345479881,0.2643170138647,1.98128257364613,0.0483870993864419,0.0891058895425408,-5.30321088694757
"MYEF2",-0.372044028403868,-0.24201990995002,-1.98118858932237,0.048397685972362,0.0891058895425408,-5.30339454295413
"DDHD2",-0.191228723654372,-0.177852971402792,-1.98073893611098,0.0484483628722881,0.0891734785066474,-5.30427309851393
"SMCHD1",0.185020960153232,0.0177073965628776,1.98011883957435,0.0485183225404126,0.0892765099194624,-5.30548435557393
"APOL1",-0.26576962897017,-0.476088781001728,-1.97959054208543,0.0485779925979636,0.0893605539435313,-5.30651600606921
"GMDS",-0.329124402777884,-0.12637892278872,-1.97876842536146,0.0486709720162542,0.0895058053927947,-5.30812088721862
"C2orf69",0.18336327719713,-0.0510073158774421,1.97813095898243,0.0487431712060738,0.0896127694070777,-5.30936485827016
"SPATA20",-0.280585901416947,-0.13368571552902,-1.9778617894864,0.0487736843483666,0.0896430554301441,-5.30989000618945
"CCAR1",0.118042945822947,0.261900155031066,1.9767963259703,0.0488946237728087,0.0898394741839953,-5.31196803368155
"EXOSC2",0.175919762839197,0.105097328308683,1.97560178654603,0.0490305150233481,0.0900632446559487,-5.31429650427167
"CALML3",-0.223714572098687,-0.236557854120927,-1.97475386832815,0.049127167632725,0.0902148304098214,-5.31594848513096
"DRG2",-0.121706037397996,-0.041071291913694,-1.9744663093799,0.0491599823897718,0.0902491338581636,-5.31650857279181
"B2M",-0.311300522668795,-0.153223207334338,-1.97372301680772,0.049244888755079,0.0903790211845874,-5.3179559381954
"STK17B",-0.203864538091355,0.0722248296850284,-1.97314639004094,0.0493108419843279,0.0904740592154983,-5.31907839949521
"ATG3",0.13356631603206,0.0442507794580499,1.9720934211885,0.0494314702204809,0.0906693298930682,-5.32112728148362
"TMEM87B",0.247978136761046,0.141156522969864,1.9710995133596,0.0495455604733983,0.0908524996044366,-5.32306026172447
"TSTD1",-0.348494902682247,-0.0661282038942265,-1.970562929001,0.0496072469371129,0.090939498045784,-5.32410343066559
"CSNK1G1",0.189804262841877,-0.00726319220770819,1.96919333537012,0.049764990710113,0.0912024872801583,-5.32676478799223
"GPR108",0.232812969684764,-0.0964852521318658,1.967776517419,0.0499286180188575,0.0914692390009637,-5.32951600850344
"LXN",0.2274871188757,-0.104593458696897,1.96762368513468,0.0499462955575208,0.0914692390009637,-5.32981266734555
"PFKP",-0.296054855013988,-0.079739309284283,-1.96756122371535,0.0499535217535412,0.0914692390009637,-5.3299339031321
"NGLY1",-0.160082771855352,-0.0876670984247979,-1.96723080247721,0.0499917630196949,0.0915130180277385,-5.33057517854112
"TAX1BP3",-0.156278876604734,-0.0221974755321679,-1.96659468831077,0.0500654530473418,0.0916216445134071,-5.3318094409048
"GNA13",-0.151955652041298,-0.208046494750361,-1.96610062125966,0.0501227508600001,0.0917002189802581,-5.33276781798535
"PCYT2",0.1864131366669,-0.128937177645096,1.96461608528847,0.0502952473941659,0.0919894456063446,-5.33564606304381
"RAB5A",0.152861105864466,-0.0705311485098668,1.96375201688759,0.0503958782471379,0.0921471026941511,-5.33732035663334
"GOLGA4",-0.148978639910433,0.147261155382676,-1.96227617034685,0.0505681497767523,0.0924356244845587,-5.34017842044491
"FAH",-0.244385088024456,-0.227395674204157,-1.9606074967549,0.0507635262105568,0.0927662034500302,-5.34340737679334
"ATL3",-0.192678602997766,-0.274721308512168,-1.9596140838675,0.0508801411808675,0.092952704274632,-5.34532839978874
"ERCC2",0.127153581169581,0.181440094681766,1.95852950647716,0.0510077150701887,0.0931591134791633,-5.34742462704228
"SPICE1",-0.168625857661536,0.0024808617701233,-1.9560660776151,0.0512984769107451,0.0936569945138488,-5.3521816303592
"TRIM22",0.246941380219523,-0.102790470788161,1.95597158185563,0.051309658075089,0.0936569945138488,-5.35236398986325
"TMED4",0.212102158259794,0.185806767356728,1.95565069081288,0.051347642647734,0.0936995422422926,-5.35298318654453
"HBB",-0.465717471801444,-1.94725966767622,-1.95548911919105,0.0513667771817449,0.0937076778015546,-5.35329492025641
"CD2AP",-0.194301123470113,0.096101895967199,-1.95499960717565,0.0514247855030992,0.0937867053519819,-5.35423922332364
"PPP4R1",-0.138704421663506,0.0560277288942088,-1.95447980757072,0.0514864432640568,0.0938723415879506,-5.35524170041022
"LOX",-0.304779059943324,0.120159265655202,-1.95418221874771,0.051521770723421,0.0939099360745199,-5.35581550814455
"SH2D3A",-0.202617093565006,-0.0151024201697398,-1.95170105055037,0.0518171099975576,0.0944213034630153,-5.3605963481055
"SLC16A1",0.413806966593926,-0.923253707683714,1.95062417474273,0.0519457351475953,0.0946286787210831,-5.3626694797522
"PHC3",-0.187184935101217,-0.00585333665023232,-1.94859284611963,0.0521890933398753,0.0950448833357397,-5.36657701856335
"PHAX",-0.152017235180833,0.137463540728566,-1.94586094952965,0.0525178909523826,0.0956164053980504,-5.37182592243222
"SP100",0.176863800896001,0.0798508811092675,1.94539175940686,0.0525745350418082,0.0956922480735306,-5.37272667235302
"EEF1A1",0.125629814936113,0.19652710638866,1.94516365013774,0.0526020926033511,0.0957151214797369,-5.37316451921642
"TMEM11",-0.18220283678447,0.0265899593809202,-1.94461136192972,0.0526688640077317,0.095809315296116,-5.37422440712424
"ACOX3",0.273571510826912,-0.0568433367394271,1.94446458318848,0.0526866214593121,0.0958143201417567,-5.37450603850268
"PSMB7",-0.176021037925478,0.144992897506594,-1.94392839722174,0.0527515325487266,0.0958659800186064,-5.37553466754818
"ALG13",-0.207859598620994,-0.0619177562525636,-1.943910347273,0.0527537188572056,0.0958659800186064,-5.37556929007906
"HOOK2",-0.173450382704698,0.0696512400267562,-1.94385790758476,0.0527600710705377,0.0958659800186064,-5.3756698755478
"PPP4R3A",0.134774165154828,0.085944045874674,1.94343917566586,0.0528108166565924,0.0959308860177361,-5.37647295731872
"KIF13B",-0.243821649894866,-0.142257984651809,-1.94260684872519,0.052911806973948,0.0960869987282873,-5.37806876676267
"MTHFD1",0.169334358750026,0.146799442559232,1.94163343638787,0.0530301214908898,0.0962744741880384,-5.37993422980087
"NUDT4",0.226624369190843,0.136646481520202,1.94008890082127,0.0532183094914558,0.0965886600633727,-5.38289232720084
"NNMT",0.363025175180175,0.538651035813907,1.93903606710491,0.0533469089078451,0.0967933782274092,-5.38490739757631
"NUMA1",0.191808836722868,0.0107042952608839,1.93891736805402,0.0533614238622522,0.0967933782274092,-5.38513451448223
"SEC61B",0.209067439174344,0.122519266156285,1.93736685112301,0.0535513312807389,0.0971102670342284,-5.38810000112712
"P4HA1",0.326828044125065,0.47660090749358,1.93578834847897,0.0537452484479736,0.0974342451278567,-5.39111663057943
"PTPN11",-0.111152108116166,-0.071285938517509,-1.93478853671233,0.0538683785083151,0.0976297464591519,-5.39302609779808
"POLB",0.236908103737564,0.025027704636492,1.93390141785826,0.0539778280438452,0.0978003496197365,-5.39471953369686
"ACOT7",0.239950101255633,-0.035115518922257,1.93243459280691,0.0541592086507356,0.098101148151758,-5.39751791491215
"PRPS1",-0.149599851099056,-0.0132950696443056,-1.9317056577702,0.0542495351596277,0.0982368922275164,-5.39890779139347
"CLK3",0.146815716231708,0.0370177643881606,1.93096816007625,0.0543410511874064,0.0983747127393224,-5.4003134727906
"AVEN",-0.192085925475208,0.170987118550926,-1.92969085816022,0.0544998575794768,0.0986066847469667,-5.40274678748224
"ZNF787",-0.161122401002914,0.219210253485278,-1.92962988785799,0.0545074477053274,0.0986066847469667,-5.40286289914937
"PLAU",0.355393485015565,0.205003144921161,1.92956504971327,0.0545155203064671,0.0986066847469667,-5.40298637278938
"OXNAD1",0.236779384866719,-0.140661638811343,1.92931802006444,0.0545462856384087,0.0986343907678391,-5.40345676317923
"IRS1",0.293580861813611,-0.231818993376005,1.9269431347285,0.0548427992616784,0.0991424896052709,-5.4079759825069
"MRPL51",0.265198737233901,0.0938242944548855,1.92654218277495,0.0548929926412106,0.099189324739509,-5.40873842546756
"MTURN",-0.226903507295929,-0.378787477308774,-1.92648801504591,0.054899776606018,0.099189324739509,-5.40884141794425
"GNA11",-0.155414338867626,-0.484632221915001,-1.92522863160323,0.055057699821259,0.0994465101439147,-5.41123516397134
"MIS12",0.161201421377656,0.106680979904434,1.92289116949427,0.0553518195029781,0.0999494817665484,-5.41567398827759
"KDF1",-0.241190161463709,-0.0188068230315006,-1.92275474891119,0.0553690256676522,0.0999522841074242,-5.41593288717285
"KLHDC4",0.198668043763555,0.139825241034343,1.91826537501427,0.0559377550371908,0.100950414333653,-5.42444279685623
"ABLIM2",0.228100335373151,-0.519597220334449,1.91800130333245,0.0559713601974243,0.100977075201513,-5.42494275669719
"TUBB4A",-0.339722948246295,-0.404547059620265,-1.91780540037455,0.0559963012726882,0.100977075201513,-5.42531361103094
"RPL22",0.151457544214871,0.253147246878938,1.91766819686166,0.0560137746566844,0.100977075201513,-5.42557332225143
"ADA2",-0.231160282677146,-0.353279014651266,-1.91765239749979,0.056015787057754,0.100977075201513,-5.42560322754609
"RMDN2",-0.240978694761548,-0.323971497467387,-1.91736268850007,0.056052698683937,0.101015094862246,-5.42615155083893
"AGPS",0.212020400261826,0.005323516506288,1.91713110430565,0.0560822192997061,0.101039777152546,-5.4265898048408
"DTX3L",0.205800842358322,0.326501966231909,1.9169263050725,0.0561083364047791,0.101058315358114,-5.42697732737803
"RALGAPB",0.154573446196912,0.011141269361467,1.9161877308797,0.0562026078968679,0.101199563288636,-5.4283745263409
"GDPGP1",-0.15537981155795,0.00708028677366807,-1.91477409503051,0.056383413617397,0.101475963410451,-5.43104730589496
"FBXO21",-0.148676853124586,-0.162890962175363,-1.91473909483559,0.056387896347734,0.101475963410451,-5.4311134567434
"OAS1",0.432622526070394,-0.452240797520301,1.91389690616306,0.0564958514951241,0.101641592503907,-5.43270484830741
"MRPL17",0.210382623415565,0.163436116768192,1.91319676827695,0.0565857295000023,0.101755834882853,-5.43402730086166
"MEF2D",-0.123583699745372,-0.007555745764192,-1.91315399160737,0.0565912246936586,0.101755834882853,-5.43410808405775
"TNIP2",0.161037567171916,-0.0727201314388579,1.91268480618821,0.0566515266684857,0.101835584960102,-5.43499401880403
"HSPA1L",0.204058465453253,-0.16373157921643,1.91242700883517,0.0566846828893554,0.101866507246984,-5.43548071165158
"LMAN2",0.203165100815039,0.114595223199942,1.91182553081064,0.056762104167549,0.101976937284693,-5.43661598605859
"ACBD5",0.233681584965321,0.0442757861667592,1.90936046268431,0.0570803278037475,0.10251980113275,-5.44126509012903
"ACACA",0.229607513241306,0.033171573288881,1.90853797415053,0.0571868366473108,0.102682213721338,-5.44281499335277
"MRAS",-0.179178236778977,-0.451717644882153,-1.90826217234906,0.0572225889889586,0.102717523388952,-5.44333456998713
"ANKRD44",-0.157072678390871,-0.174264483234557,-1.90716466861984,0.0573650440752105,0.102944296351945,-5.44540140422586
"CKM",0.354843959633359,-1.57926225224494,1.90671850259106,0.0574230406985629,0.103019419741592,-5.44624129776301
"PRTFDC1",0.262015051884522,-0.0423156189179773,1.90656363027369,0.0574431838259522,0.103026609193456,-5.44653279509561
"ERI1",0.200142805706246,0.182955269684398,1.90613626026378,0.0574987993836977,0.103080957610051,-5.44733706156473
"DBI",-0.33155787347405,-0.337086019697393,-1.9060826843316,0.0575057746291309,0.103080957610051,-5.44743787352639
"TTC9C",-0.17196777727608,0.0644686067942011,-1.90503567845207,0.0576422300575443,0.103296558775588,-5.44940743158856
"RNF25",-0.12275217559366,0.069515504426497,-1.90434547597754,0.0577323313872557,0.10342899436241,-5.45070521581218
"CYB5R3",0.158752658035559,-0.231109203441273,1.90323171992432,0.0578779727999231,0.103660829264378,-5.45279843557329
"RPS10",0.226478812517736,0.122672774571779,1.90242199626727,0.0579840495835938,0.1037926611411,-5.45431949753272
"SLC25A1",0.253593743658223,-0.0396977432802435,1.9024216788624,0.057984091196602,0.1037926611411,-5.45432009365206
"SNX15",-0.119163091411607,-0.111133261173751,-1.90153973193117,0.0580998141728199,0.103970659611394,-5.45597610598068
"TMUB1",0.197784459251565,-0.0860505118204747,1.90127417280627,0.058134696744067,0.104003933513832,-5.45647459335095
"NME7",-0.127357520648359,-0.0945817826056533,-1.90113193474511,0.0581533876404867,0.104008229715548,-5.45674156379993
"NEU1",-0.249074592738806,0.0581242178397081,-1.90099022965391,0.0581720134888788,0.104012407204282,-5.45700751447336
"FLOT2",0.214862176613361,-0.285360414325996,1.90051953556238,0.0582339176973719,0.104093943028477,-5.45789076915835
"RAP2C",0.213966553668206,0.0592030541665378,1.89999359195903,0.0583031531759482,0.104188534292871,-5.45887744609914
"MED29",0.143771181370398,0.109357374876995,1.89807263499868,0.0585566128054053,0.104612191595555,-5.46247891605595
"CTSB",-0.264473646614903,0.226061109445253,-1.89777334339432,0.058596185324444,0.104653606516524,-5.46303971636779
"SLC35F6",0.252866910477723,0.00265663663841739,1.89740070333579,0.0586454872008087,0.10470090371473,-5.46373783307385
"NSFL1C",-0.168042574186755,0.0154723710139654,-1.89731342378183,0.0586570396601487,0.10470090371473,-5.46390132620644
"TBCB",-0.185810804014041,-0.0737575109578586,-1.89720146743808,0.0586718611576045,0.10470090371473,-5.46411103343208
"OAF",-0.26346937662114,-0.158830501969224,-1.8962344096858,0.0588000165400224,0.104900280974586,-5.4659219408804
"POTEF",0.530042258834563,-0.102835281738144,1.89560586157222,0.0588834374421099,0.105019762030132,-5.46709847251127
"WLS",0.351338933655898,-0.264256417964953,1.89547037321372,0.0589014323818431,0.105022520457433,-5.46735203291513
"YTHDC1",0.138327001642641,0.277235031253014,1.89504041394835,0.0589585679642037,0.105095046468856,-5.46815656502778
"MRPS23",0.214225444912663,0.271714859495783,1.89362768980837,0.0591466247875361,0.105387243917194,-5.47079877190212
"HIP1",0.171822297129829,0.0164102471225902,1.89356109259372,0.0591555023021494,0.105387243917194,-5.4709232805644
"TXNDC12",0.162634855760222,0.290856807796752,1.89173613047411,0.0593992053297427,0.105791890106111,-5.47433352147188
"REEP4",0.176953464157109,-0.0669240068478355,1.891162606553,0.0594759655641696,0.105899063058344,-5.47540458047218
"WDR91",-0.125849102697664,-0.0627878379155018,-1.88830238600121,0.0598600117597553,0.106553157258444,-5.48074131330675
"COA7",0.196185325044437,0.124135503036801,1.887888977442,0.0599156912796219,0.106622544264321,-5.48151201647301
"SRP68",0.131723653703936,0.221686045439907,1.8872220938894,0.0600056007609686,0.10675278931702,-5.48275491618247
"UROD",-0.1733465062097,-0.106237094001797,-1.88655728343489,0.0600953425826458,0.106882663618438,-5.48399352444612
"CGGBP1",0.127951497581997,0.035439358942419,1.8862730275286,0.0601337479886392,0.106921186551785,-5.4845229912458
"FKBP3",-0.171024978491149,0.38619319742632,-1.88575873200698,0.0602032856672679,0.107015027557212,-5.48548074091795
"SERPINA10",-0.235446300573037,-0.303060319138703,-1.88545646252899,0.0602441866328134,0.107057926983166,-5.48604352466862
"PDCD10",0.141077031078358,0.0619715880283676,1.8846087492936,0.0603590166565933,0.107232142835934,-5.48762137786559
"WDR83",0.140962816589436,0.0720671485858655,1.88444576560908,0.0603811150696182,0.107241563204315,-5.48792466068228
"MYO19",0.178550972256695,-0.00580329616465503,1.8834259607992,0.0605195399991589,0.107406979639545,-5.48982174803107
"COL8A1",0.331528590089228,0.134689105553499,1.88341177680667,0.0605214671487037,0.107406979639545,-5.48984812665351
"TIMM9",-0.194562783565204,0.360989484723515,-1.88332972468452,0.0605326164024405,0.107406979639545,-5.49000071893853
"NECAP2",0.125001685988576,0.0907867908263045,1.88326407636719,0.0605415379362133,0.107406979639545,-5.49012280039189
"VRK3",0.166594124915011,-0.0691035965925404,1.88310792727711,0.060562762823617,0.107414789063554,-5.49041316288761
"UBE2L3",-0.121121053089662,0.00924389091178496,-1.88294829401333,0.0605844677078717,0.107421702897525,-5.49070997991952
"GSR",-0.23976050953879,-0.146517410950015,-1.88283181485373,0.0606003091365522,0.107421702897525,-5.49092654203752
"ATG4B",0.166280484195736,-0.0211460603796098,1.88116414967239,0.0608274937206349,0.107794489982307,-5.49402568562014
"CLN5",0.226579223246106,0.130656508946068,1.88012950809018,0.060968798034892,0.108014921046833,-5.49594708432367
"ING4",-0.184555347858777,0.025835295904216,-1.87877678783587,0.0611539553045204,0.10831290003311,-5.49845761581363
"PAAF1",0.180915464962325,0.143079898586056,1.87832682328559,0.0612156490257565,0.108392101782988,-5.49929231900573
"C11orf96",-0.26620958946994,-0.122149725412182,-1.87814021349339,0.061241249898816,0.108407369172149,-5.49963843062143
"BCL2L2-PABPN1",0.181073467123556,0.160833216161428,1.87776136226307,0.0612932516439835,0.108469349153779,-5.50034099553033
"LAMP2",0.236196036890492,0.0679562972275393,1.8775173617545,0.0613267629997712,0.108498581810346,-5.50079341156004
"LARS2",0.172998923289524,0.0419162788499961,1.87666904418473,0.0614433906959622,0.10867480598164,-5.50236588039551
"PROC",-0.258068996156673,-0.389772917757431,-1.87651018444536,0.061465251414308,0.108683364796554,-5.50266027060982
"TXN2",-0.262133567537004,-0.00652244883235184,-1.87625868564341,0.0614998734384696,0.108714477271492,-5.50312628460867
"FAM160A2",-0.138962729112648,-0.099907057940103,-1.87603986371034,0.0615300102679492,0.108737646155786,-5.50353170035481
"NSD3",0.192990187922805,0.0333859514981198,1.87433181773048,0.0617656699530782,0.109123907761595,-5.50669464041253
"ALAD",-0.175210049555239,-0.433962285649715,-1.87417927504913,0.0617867527736677,0.10913095891006,-5.50697698003095
"FAM210B",0.363516041326511,-0.211443297711703,1.87345899629771,0.0618863828542866,0.109276702025614,-5.50830983240657
"HMCES",0.186643263693993,0.0386726629447399,1.8717034056436,0.062129778487908,0.109676150302818,-5.51155639477127
"C9",-0.33482399680841,-0.242483028134504,-1.87087316387806,0.062245160265002,0.109849460556119,-5.51309069879937
"MAP4",-0.188924274771873,-0.100447777051518,-1.87008118854311,0.0623553899101651,0.1099899846386,-5.51455366462347
"CORO1A",0.239760616419593,0.00923474693326978,1.87005355092504,0.0623592395288541,0.1099899846386,-5.51460470689289
"RRP8",0.148102943796856,0.24552808833374,1.86950091020294,0.0624362578170961,0.110095417332825,-5.5156251910786
"IL18",0.267255996980414,-0.225769535761673,1.86835643746051,0.0625960075858869,0.110346634024265,-5.51773758957901
"GIPC1",-0.152035449697937,-0.0660273930083363,-1.8676898721087,0.0626892056318447,0.110455963632008,-5.51896731196057
"SLC12A4",0.1672452075253,-0.144934261350016,1.8676654302065,0.0626926252470474,0.110455963632008,-5.51901239577942
"PPIH",0.148598654859401,0.235428956602714,1.86699060068831,0.0627871004404046,0.110591899672271,-5.52025691085175
"FAM169A",0.316342873323922,-0.463143390302798,1.86670869115741,0.0628266023845095,0.110630958694179,-5.52077667570534
"AP1G2",0.201842406538133,0.0871770764143566,1.86649111979779,0.0628571031962392,0.110654150512266,-5.52117776585001
"OTUD4",0.114442444091892,0.0509640501076245,1.86586215487655,0.0629453454615939,0.110778950047485,-5.52233699758242
"AP2A1",0.104104408903459,0.188647416330462,1.86508178143354,0.0630549729547167,0.110941306783099,-5.52377475537306
"PSAP",0.229504908877406,-0.117434307074646,1.86359044581526,0.0632649179829453,0.11128002791215,-5.52652074981148
"DNAJC16",0.165597200586188,-0.142506663044104,1.86283652958784,0.0633712723145604,0.111416847192126,-5.52790811637814
"NCKAP1",0.107344239549985,-0.0888834709308285,1.86279169307723,0.0633776020363042,0.111416847192126,-5.52799060779866
"C5",-0.267186358258629,-0.256637453007078,-1.86213377475823,0.0634705429530633,0.111549522916408,-5.52920084008851
"RPS25",0.217495151247035,0.334662816167304,1.86152067124064,0.0635572548994993,0.111671181214448,-5.53032825932096
"ENY2",0.142696493303948,0.178570536948994,1.86049991914315,0.0637018391461035,0.111894427220872,-5.53220448589098
"TUBB3",-0.273231645116005,-0.156351490691773,-1.86032939334293,0.0637260198275663,0.111906115676296,-5.53251782814824
"ESRP2",0.227362339556963,-0.0725035213636482,1.85939031264276,0.0638593186432545,0.112109361984377,-5.53424289110131
"CIR1",0.160267454080662,0.0654386064347209,1.85888653637738,0.0639309229875123,0.112180448475561,-5.53516796141831
"PURB",-0.151809475054308,0.131557521678489,-1.85873969628275,0.0639518066670775,0.112180448475561,-5.53543755359142
"FNBP1L",0.187611600417804,0.104023306552877,1.85873468983654,0.0639525187863809,0.112180448475561,-5.53544674484629
"NADK",0.175482418281976,0.0561946413231415,1.85773029001196,0.0640955181968496,0.112400407494338,-5.53729021618591
"FOXP1",-0.200433067476931,0.0115934323123244,-1.85601526724317,0.0643403041352933,0.112792732595919,-5.54043570645957
"ARCN1",-0.111128446458268,0.386332465451279,-1.85581641630312,0.0643687363019155,0.112792732595919,-5.54080023108596
"RABAC1",-0.201801396995766,0.017969901441824,-1.85567987506887,0.0643882653152388,0.112792732595919,-5.54105051020547
"HBD",-0.44127917539293,-1.95471969873875,-1.85566844868215,0.0643898998139585,0.112792732595919,-5.54107145387406
"EED",0.16142326045557,0.00913281581465358,1.85472591445749,0.064524844062465,0.112998115561942,-5.54279861014089
"DSP",0.359237740836589,-0.140662072942334,1.85347788303968,0.0647038875671763,0.113280592847935,-5.54508425551451
"PHACTR2",0.200204389807462,-0.273105353769318,1.85333679935137,0.0647241534200576,0.113285010851718,-5.54534254146186
"MFF",0.143049720111381,0.0349112205905324,1.85299518563691,0.0647732460414609,0.113339867353995,-5.54596786371157
"AGAP1",-0.140078682354973,-0.138436890594728,-1.85246108391495,0.0648500625742375,0.113443191653837,-5.546945308095
"SMAD1",-0.171206526786412,-0.00154042873467512,-1.85200123797347,0.0649162598314047,0.113527887982339,-5.54778663800503
"SERPINA5",-0.264033492569282,-0.372321186332578,-1.85130042063443,0.0650172538955065,0.113673375170539,-5.5490684535178
"BRAT1",0.144332267693887,0.078054200377175,1.85050502753576,0.0651320348796896,0.113842880565786,-5.55052267521588
"LSM5",-0.158865624916277,0.169888672055889,-1.84927963619147,0.0653091962590524,0.114121296692405,-5.55276186729688
"SEC31A",-0.102508133967726,0.308353605428555,-1.84836638778758,0.0654414889227468,0.114321178323321,-5.55442972698965
"AEBP1",0.310081711458907,0.12533419650593,1.84578987641075,0.0658159178552534,0.114943828092394,-5.55913084336885
"SCAMP4",0.157599810055676,-0.049819881160703,1.84419111463256,0.0660491468630146,0.115319606978493,-5.56204472312868
"OSBPL2",0.1667720896619,0.168188802227974,1.84276346912409,0.0662579910774075,0.115652617011823,-5.5646446384307
"ARHGEF40",-0.169562797198181,-0.0547831940564458,-1.84180502035215,0.0663985048635564,0.11586620758508,-5.5663889831298
"CLCN7",0.182049462891181,-0.0102473337342978,1.84111408674661,0.0664999523495563,0.116011528893966,-5.56764590775286
"BRAF",0.141596092753228,-0.141138576439474,1.84087862141396,0.0665345542276828,0.116040188129952,-5.5680741533086
"DNPH1",-0.197604215415062,0.0343125993264456,-1.84068272832271,0.066563352273356,0.116054603563393,-5.56843038714141
"ACSL5",0.349755437487779,-0.183422215708795,1.84057514794435,0.0665791719424759,0.116054603563393,-5.56862600749527
"PHLDA2",0.216171524688275,0.176987791168892,1.83604170040562,0.0672486469534745,0.117173579718693,-5.57685928663297
"ASCC2",-0.137781258832488,0.0538812575005043,-1.83595656182794,0.0672612728057398,0.117173579718693,-5.5770137181069
"BCL10",-0.153804140230541,0.126030365526292,-1.83585612646368,0.0672761696552432,0.117173579718693,-5.57719588715163
"YWHAQ",-0.122676512282238,0.0716587524677601,-1.83504137106424,0.0673971172583737,0.117301925848229,-5.57867332459881
"TIMM10B",-0.185465890404796,0.233753891978889,-1.83503650803032,0.0673978396980815,0.117301925848229,-5.57868214105671
"LAIR1",0.219416266770031,-0.0749067240333873,1.83475760058267,0.0674392841779783,0.117301925848229,-5.57918774919092
"FOXRED1",0.188097584574866,0.0104452186473744,1.83465439463036,0.0674546254895306,0.117301925848229,-5.57937482359874
"MXRA5",0.309532574497434,0.490795185196947,1.83461999620376,0.0674597393721412,0.117301925848229,-5.57943717299535
"RNF220",0.147905994042049,0.14764686798581,1.8345102544725,0.0674760563979345,0.117301925848229,-5.57963607940059
"ALPL",0.389974906227008,-0.402488439882204,1.83449408377997,0.0674784610243608,0.117301925848229,-5.57966538772423
"VPS37B",-0.157100783862888,0.0682802498322708,-1.83414707422403,0.0675300793698971,0.117359705165159,-5.58029425887556
"RAI14",-0.176823668433676,0.142639953789827,-1.83337186816366,0.0676455106720291,0.117502799065587,-5.58169871189554
"MGST1",0.382045955205024,-0.561589625315788,1.83334695476628,0.06764922307989,0.117502799065587,-5.58174383824172
"DCTD",0.188420666112483,0.288088222187687,1.83316647203692,0.0676761222926339,0.117517552580491,-5.58207073380692
"ARFGAP1",0.161618517968675,0.319760120885724,1.83295070567474,0.0677082917902557,0.117541447275906,-5.58246149473198
"SMAD4",-0.137024217710546,-0.185904758876357,-1.83155912011111,0.0679160727154972,0.117870107172723,-5.58498062542323
"GMPR2",-0.231492369874867,-0.271649728108955,-1.83128991487972,0.0679563291353511,0.117907924328592,-5.5854677402873
"NLN",0.204753065294722,0.270217585131074,1.8285260403502,0.0683707747379555,0.118594783130086,-5.59046479018222
"DHX8",0.123567076421479,0.173714489025182,1.82767259288133,0.0684991709765592,0.118785227236646,-5.59200631788952
"RMDN1",-0.190211505108324,0.0694485339518503,-1.82728240831383,0.0685579382727609,0.118813817339902,-5.59271084847193
"S100A1",0.629661409987711,-1.5960615684879,1.82719247364578,0.0685714896031004,0.118813817339902,-5.59287321667721
"TSPAN15",0.284797260408488,-0.557361740893514,1.82716033298118,0.0685763330857233,0.118813817339902,-5.59293124158927
"LAMTOR1",0.127977924270198,0.0120461682257348,1.82696677025521,0.0686055082658805,0.118813817339902,-5.59328066748091
"EIF3M",0.107163375772599,0.231907348163751,1.82694560398102,0.0686086992219606,0.118813817339902,-5.59331887534509
"ACTR6",0.105773452782521,0.080707148256189,1.82665464329165,0.0686525758944835,0.118857564285867,-5.59384405307888
"KIAA0930",-0.178697094517996,0.0934972033808476,-1.82626332239032,0.0687116233447238,0.118927545420456,-5.59455024956431
"SP1",0.118684327097123,0.118400656835732,1.82612732988995,0.0687321534283503,0.118930840010845,-5.59479563344284
"STX5",0.157238124753208,0.0740791206464443,1.82599388444539,0.0687523039182213,0.118933476163057,-5.59503640402561
"REPIN1",0.183363709998244,0.13554655414996,1.82585056366168,0.0687739510322071,0.118938699171355,-5.59529497310689
"LSM1",-0.165435067702691,0.0913482040996367,-1.82552628443423,0.0688229508039728,0.118991210637251,-5.59587994102711
"CROT",-0.270161949570872,-0.251701597651343,-1.82495178978803,0.0689098297823344,0.119109167070981,-5.59691602304304
"POLDIP3",0.152591721017064,0.0979786240315732,1.82443683247671,0.0689877820349669,0.119196774998121,-5.5978444598391
"ZMAT2",0.133257880387117,0.269514963700594,1.82437034949033,0.0689978512753413,0.119196774998121,-5.59796430591564
"CBR4",-0.24959520929881,0.0217432504497033,-1.82359859119632,0.0691148274054545,0.119366560179558,-5.59935520884513
"GALNS",-0.201884625449256,0.121197357881513,-1.82324748884051,0.0691680984533289,0.11942625976866,-5.5999877928932
"BTAF1",-0.13096680574952,-0.0582341766770912,-1.82299709145011,0.0692061107211728,0.119459588254849,-5.60043886304112
"FRK",0.197237124808872,-0.00336836948210789,1.82128189344886,0.0694669547508579,0.119877434076818,-5.60352701773864
"GALNT3",0.351030003608263,-0.155671590622275,1.82090399246211,0.0695245340996469,0.119944379958456,-5.60420703240998
"WDR6",0.118542776145301,-0.0298852660585264,1.8202676903838,0.0696215739913184,0.120079348982865,-5.60535171495347
"SH3YL1",0.259651296539566,-0.293306131831641,1.81976063000586,0.0696989837017139,0.120180397228043,-5.60626361600848
"MTX1",-0.145747971284458,0.0619067489105123,-1.81897238684814,0.0698194607389451,0.120355630890433,-5.6076807038086
"OAT",0.384979282215627,-0.27472093193303,1.81866643529813,0.0698662693697225,0.120403813745122,-5.60823057528487
"RENBP",-0.207805207625882,-0.136280872531486,-1.81753359507205,0.0700398120137599,0.120670318323761,-5.61026578329323
"ZNF346",0.125714726631211,0.214420655414476,1.81597132978877,0.0702797221891706,0.121050991685421,-5.61307043739289
"ZNF638",0.109242112672279,0.214868844425382,1.81544493961775,0.0703607099973316,0.12115780294848,-5.61401490601403
"PTCD3",0.150796958066977,0.112652591649213,1.81509449747918,0.0704146699409022,0.121218028463915,-5.61464353338571
"FKBP15",0.10597569787944,0.0914781005674238,1.81496908275311,0.07043398917779,0.121218604016223,-5.6148684749445
"RAP1GAP",0.334316551111194,-0.338259238479033,1.81354252652735,0.0706540474811615,0.121564562966105,-5.61742604785242
"ERI3",-0.154995605241948,0.0118134454027522,-1.81323337318559,0.0707018115906498,0.121607175172258,-5.61798004737654
"FCHO2",-0.130411278126714,0.0637869186656964,-1.81310185584797,0.0707221390485605,0.121607175172258,-5.61821569698721
"QTRT2",0.148982498953715,0.0675213125244352,1.81301250971017,0.0707359512278412,0.121607175172258,-5.61837577569626
"BAD",-0.205019969797528,-0.100806841543952,-1.81138274350813,0.0709882899300549,0.122008137605222,-5.62129442034152
"XPNPEP3",0.219538388885266,0.0963965210200646,1.81032301777919,0.0711527659957551,0.122257914661705,-5.62319083528214
"ABCB10",0.183296499026381,-0.116987991599271,1.80798975148306,0.0715160097900389,0.12281801112225,-5.62736245929347
"GSS",-0.233730046142547,-0.0389984015617775,-1.8079820787998,0.0715172067897456,0.12281801112225,-5.62737616850846
"ERLIN2",0.24700418690079,-0.280227430628359,1.80780855798414,0.0715442818235098,0.122831470675749,-5.62768619268465
"MRPS34",0.20948763177913,0.175089378109276,1.80756277204978,0.0715826470651445,0.122864301481438,-5.62812528074858
"MX2",0.300286899829052,0.161466543340402,1.80736441011784,0.0716136221418176,0.122884433586537,-5.62847960479543
"TMEM119",0.273495938842832,-0.400872829701826,1.80707763362413,0.0716584230397494,0.122928272732079,-5.6289917919777
"GOSR2",-0.138379139586904,0.107774814365103,-1.80615357408699,0.071802938737845,0.123143100682552,-5.63064163435268
"SMYD5",-0.140914624394039,0.163978402219295,-1.80585188239226,0.0718501728679785,0.123191018733094,-5.631180104204
"PTPN6",0.157179663062845,-0.0455885714857631,1.80555832028269,0.0718961587380399,0.123236771420774,-5.63170397943426
"PRKCI",0.153666373454299,0.0868472815809338,1.80492467947387,0.0719954997580853,0.12337035207341,-5.63283445628851
"NFYC",-0.135401015548351,0.0625079792338515,-1.80481482952494,0.0720127333089429,0.12337035207341,-5.63303039971855
"ZNF593",0.176609832841338,0.031297739157732,1.80237998074163,0.0723955910110043,0.123992985140897,-5.63737052805278
"ATXN7L3B",-0.161462948195906,0.0867562606453063,-1.80190223362416,0.0724709084952968,0.124067773961732,-5.63822144016366
"UCHL3",0.199349344522906,0.176620742290413,1.80185651100494,0.0724781201060705,0.124067773961732,-5.63830286481049
"WDR45",-0.106479314197801,0.0483353439191918,-1.79974008956246,0.0728125796274366,0.12460689384111,-5.64206965456169
"FKBP14",0.250504442128376,0.363901642043543,1.79906152350855,0.0729200821304755,0.124757428832553,-5.64327644196834
"CHM",0.115056744633017,0.0727291165253694,1.79552417083734,0.0734826055693775,0.125686160343015,-5.64956017660143
"INTS13",0.139265313225461,0.111571344999772,1.79527752607304,0.0735219605639405,0.125719795983064,-5.64999786278794
"EHD1",-0.130609259768231,-0.659339935760236,-1.79500298416505,0.0735657872295849,0.125761057954725,-5.65048498481615
"TRAPPC2",0.136463286698404,-0.12419409222162,1.79445921878101,0.0736526549001233,0.125875856942529,-5.65144957669383
"BAZ1A",0.210002591977264,0.140377551387632,1.79367501374411,0.0737780816770879,0.126056476186301,-5.65284018263679
"IGF2",-0.305269464038003,-0.004068382447141,-1.79235273945692,0.0739899651992912,0.126384678383487,-5.65518357983586
"EFHD1",-0.351522263455639,-0.342418706538221,-1.7917251059879,0.0740907130129,0.126522921258991,-5.6562953084981
"GTF3C4",0.13631252514943,0.172553173603055,1.79148148300764,0.0741298497420698,0.126555906578373,-5.65672673558992
"GORAB",-0.201752002784971,0.127921199417362,-1.79117707974887,0.0741787743498763,0.126605579851366,-5.65726571641461
"TBL1X",0.117819828670454,0.139749617314956,1.78969284846655,0.0744177043577781,0.126979434079213,-5.65989243113174
"NCF4",0.213226276790133,-0.00591396800205892,1.789220830168,0.0744938216299216,0.12706812770159,-5.66072733681
"SBDS",-0.133116337910926,0.0192100295550813,-1.78912373947506,0.0745094863139786,0.12706812770159,-5.66089904398574
"NRP1",-0.193869710736842,0.0371333150217555,-1.7883644071858,0.074632090819654,0.127243230943522,-5.66224162579757
"PAK4",0.163472123677561,-0.120581785191813,1.78581600572593,0.0750447755458761,0.127912678019332,-5.66674338984545
"ITIH1",-0.283336416481557,-0.2386088674011,-1.78531310969309,0.0751264345986141,0.128017690128677,-5.66763101438097
"COMMD5",-0.103750551473064,0.0558784313484963,-1.78510310887529,0.0751605555930646,0.128041661542614,-5.66800159869421
"VARS2",0.181464013127018,0.0305956196882249,1.78476367806524,0.0752157332857423,0.128101482269796,-5.66860049516176
"TMEM70",0.255871787345208,0.0265694916076367,1.7842054262973,0.0753065546469244,0.12822196037883,-5.66958523944739
"OXSM",-0.171454761995988,0.0301961605449313,-1.78387188005429,0.0753608618218338,0.12824856555391,-5.67017346374709
"PLEK2",0.242979757244868,0.275168901775116,1.78386272996863,0.0753623520686406,0.12824856555391,-5.67018959882822
"SPECC1L",0.114234172905299,-0.124699118893399,1.78312454863787,0.0754826570709601,0.128419068851074,-5.67149102582333
"ACTB",-0.146753976043704,0.030579752864432,-1.78205407050681,0.0756573978084671,0.12868206846219,-5.67337735941784
"SLC9A1",-0.177484936028756,-0.130250101512802,-1.78160007725009,0.0757316060019993,0.128773982509392,-5.67417702408648
"STAT6",-0.132009649887937,-0.0178518795566659,-1.78028544376085,0.0759468281205893,0.129087091710816,-5.67649149496849
"RPS9",0.137512554170233,0.29291242857817,1.78022839475658,0.075956179100632,0.129087091710816,-5.67659189434399
"REL",-0.149572499321382,0.222386404160242,-1.78007293145273,0.0759816660920028,0.129096045236146,-5.67686547501346
"MAPK14",0.122481308338288,0.0825331917947808,1.77922113126013,0.0761214364961386,0.129299114665561,-5.67836403697782
"RAB32",0.164449922614709,-0.0698361254336357,1.7787121083725,0.0762050616930123,0.12937531972047,-5.67925921903841
"GRAP2",0.22960530701598,-0.252663727940264,1.77870138027769,0.0762068249755186,0.12937531972047,-5.67927808306602
"TANGO2",-0.15604754143249,-0.402009300477082,-1.77844840135359,0.0762484145838792,0.129411517043612,-5.67972288286254
"CHMP2B",-0.168029866413084,0.185329328382031,-1.77692864546797,0.0764986532767424,0.129801727656657,-5.68239368492248
"TBC1D10C",0.188060815259648,-0.184952705535589,1.77418925084003,0.0769514131760681,0.130535274476407,-5.68720220884191
"XPO6",0.142464689343277,0.0277162799820557,1.77354633843391,0.0770579893075291,0.13068134441662,-5.68832967362871
"BNIP2",0.165573040921334,-0.37147330464785,1.77274971656309,0.0771902135846751,0.130870821491808,-5.68972614001447
"NME1-NME2",0.184650887809138,0.243935508633396,1.77191227678205,0.0773294130462663,0.13107202078588,-5.69119349595002
"TRIM2",0.308249918354526,-0.0268016342678075,1.77158776690113,0.0773834083658881,0.131128732063746,-5.69176191695131
"ACAP2",0.101418172741722,0.0541035824229005,1.77104690624398,0.0774734709393924,0.131246514180955,-5.69270907730589
"ATP6V1E1",0.121787216238676,0.16420378056213,1.77000621658139,0.07764700491994,0.131505603823294,-5.69453074473546
"NR3C1",-0.145892338659188,-0.0941122420401437,-1.76882196356606,0.0778448646820963,0.13178158329104,-5.69660243360558
"CDS2",0.20790927215798,-0.360422924053426,1.76878387923328,0.0778512344829761,0.13178158329104,-5.69666903436431
"TIMM21",-0.188089133797279,-0.0564452555738087,-1.76858521889912,0.0778844683606611,0.131802897026987,-5.69701642288991
"ATPAF1",-0.171513711034928,0.0334173016156993,-1.76828700234346,0.0779343787791337,0.13185241348828,-5.69753782909883
"YIPF6",0.210474568638495,0.00753166720708452,1.7671768095334,0.0781204140154234,0.132132143970458,-5.69947814811007
"TGFB2",-0.310540158266946,-0.473877660031329,-1.76566829309469,0.0783737782688294,0.1325255758068,-5.70211271374409
"LYSMD2",0.201265994125181,-0.159287905761004,1.76355759630117,0.0787294095514127,0.133080762496076,-5.70579525851452
"BRD1",0.138112086788946,-0.0838675398755002,1.7634723913924,0.0787437933766917,0.133080762496076,-5.70594382524311
"SAP30BP",0.118980004468335,0.164876896919659,1.76332412911432,0.0787688273214455,0.13308784399244,-5.70620232456184
"ELMOD2",0.18973941246205,-0.0881478519479839,1.76179405401641,0.0790275591816439,0.133489673379576,-5.70886880637105
"EIF5",-0.121543120855433,0.25320041455556,-1.76059620478112,0.0792305967396959,0.133797238874096,-5.71095472858591
"DPH6",-0.143558342147232,0.0188226484584977,-1.75991185815991,0.0793467858481145,0.133958018942414,-5.71214581776732
"PLXDC2",0.221496418869345,-0.0992391968571417,1.75948632353048,0.0794191037292064,0.134044667541893,-5.71288622162988
"MMAB",0.255840454672045,-0.0799406173838322,1.75806399585563,0.0796612133205249,0.134417771419543,-5.71535970838621
"PDHA1",-0.159315364723769,0.0451562804734734,-1.75735197005033,0.0797826410286417,0.134587097217405,-5.71659721340706
"MRFAP1",0.182105946253385,0.00528717824204026,1.75601939019956,0.0800103030764725,0.134935495283486,-5.71891192298793
"TSR2",-0.192179200261579,-0.014030881879563,-1.75570081541116,0.0800648078458441,0.134991760785771,-5.71946503655413
"INHBA",0.321283986626479,0.160425542541778,1.75522440037072,0.0801463739578056,0.13509361080269,-5.72029201057683
"SPPL2A",-0.229104628967307,-0.0706168557436402,-1.74910190906046,0.0812006427187099,0.13683454836605,-5.73089998967806
"KYAT3",-0.235741582516411,-0.068744590720093,-1.74773960259825,0.0814367578541433,0.13719622662235,-5.73325540686124
"SMARCD2",-0.112181570244968,0.139623538186258,-1.74744903121226,0.0814871920753405,0.137244980585874,-5.73375756940365
"LCLAT1",0.192619498317308,-0.110126994813636,1.74731193458919,0.0815109966548672,0.137248869631152,-5.73399446994912
"NFIX",0.244730719511192,-0.503864784604406,1.74691362000651,0.0815801896070233,0.137329161782453,-5.73468264700964
"RAB4B",0.155904431967362,-0.209485176864357,1.74661058507921,0.081632863177228,0.137381610803005,-5.73520610411016
"RPL23A",0.133014576869496,0.322351971858255,1.74548668806314,0.0818284611903331,0.13767449926226,-5.73714672525343
"RAB22A",0.143187116775138,0.0409133686660107,1.74523719459781,0.0818719336764531,0.137708321411823,-5.73757735667425
"GIPC3",0.153849162449521,-0.459591577916543,1.74512379642896,0.0818916987315101,0.137708321411823,-5.73777306452968
"HEBP1",0.26742184705709,-0.420635438506825,1.74499643247828,0.0819139026276006,0.137709391331551,-5.73799286029913
"NAA35",0.115247142236117,0.138261753080159,1.74469702807233,0.0819661183837316,0.137744663070101,-5.73850948939241
"RHOB",-0.252483959311714,-0.404439409004104,-1.7446287504944,0.0819780297049937,0.137744663070101,-5.73862729171598
"SNX12",-0.129698930557921,0.156077858567915,-1.74224306619562,0.0823951090504959,0.138409042695979,-5.7427405764913
"ARHGAP4",0.179062057851371,-0.0254586144362724,1.73926542115019,0.0829181013412671,0.139241012614305,-5.7478667395867
"SOWAHC",-0.153590373071745,-0.209589819982544,-1.7391751591574,0.0829339970199217,0.139241012614305,-5.74802199563317
"KPNA1",0.101700986660389,0.0437273548379845,1.73850673321373,0.0830517880538522,0.139375218529903,-5.74917148217992
"TIMM22",-0.152474034949211,0.115349722031892,-1.73847383400694,0.0830575891160973,0.139375218529903,-5.74922804747087
"ATAT1",0.141734331386793,-0.00562454290085294,1.73761639056855,0.0832088970288389,0.139592434978754,-5.75070192324133
"TJAP1",-0.106423059740535,0.0756983872738766,-1.73745461393596,0.0832374699213206,0.139603689374214,-5.75097992410634
"CKAP4",0.236241311900826,0.246857077165254,1.73706321313906,0.0833066319242603,0.139682994967543,-5.75165241154943
"RASA1",0.144662226444477,0.12060025729668,1.73660826183021,0.0833870823021045,0.139781181543433,-5.75243390170666
"RING1",0.145005006840137,0.120772104936728,1.73630456693349,0.0834408207382051,0.139834551289617,-5.75295546011379
"C15orf40",-0.13147493458312,0.0325390115442278,-1.73514781241251,0.0836457651259329,0.140141225486508,-5.75494122261501
"GCFC2",0.118373493948949,0.062639134836017,1.73475322208327,0.0837157690332168,0.140213880160686,-5.75561830565098
"LCMT1",-0.145346251716322,0.117649724939934,-1.73461999034218,0.0837394163125628,0.140213880160686,-5.75584688570372
"ABCB8",0.173835556989465,-0.0658478541524573,1.7345321502186,0.0837550100129766,0.140213880160686,-5.75599757985267
"RAVER2",0.170568204286933,-0.42590862737039,1.73435424948781,0.083786598837749,0.140229995695682,-5.75630275454677
"CTDSP1",0.140767379179178,-0.229882537685202,1.73300078891012,0.0840272425810657,0.140595897243214,-5.75862350317726
"HDAC1",0.141987189716193,0.165749865489385,1.7314868696535,0.0842970812815091,0.141004827748921,-5.76121727881241
"GEMIN8",0.179914855385471,0.220608100019231,1.73138195194436,0.0843158077283288,0.141004827748921,-5.76139695030673
"RAB27A",-0.226874939800212,-0.276942010610138,-1.73003696795477,0.0845561695664525,0.141369767656926,-5.76369928733764
"MZT1",0.117162876047932,-0.0280294037044262,1.72854880642954,0.0848227672974565,0.141778368899021,-5.76624466747816
"CAMSAP3",-0.165574822936836,-0.0672859380484375,-1.72745558132851,0.0850190486952518,0.142069255671076,-5.76811317023229
"GANAB",0.14552685158986,0.101606551160963,1.72576070116142,0.0853240826270184,0.142541671264655,-5.77100770610072
"USP10",0.127030346217598,0.100955332390077,1.72540663543772,0.0853879172604767,0.142610999662083,-5.77161203127444
"TP53RK",-0.148325100878683,0.209190345805231,-1.72480510574906,0.0854964561705451,0.142754935316143,-5.77263845280538
"RNF126",0.17636625632999,-0.0768363501178709,1.72327950654299,0.0857722349108581,0.143177965988452,-5.77524008621815
"POFUT2",-0.153959556403147,0.165991297327914,-1.7226565266731,0.0858850568716399,0.143328825960643,-5.77630181551262
"CFHR2",-0.337599925467542,-0.326186987781075,-1.72076462810241,0.0862284191789298,0.143864242607125,-5.7795238206568
"INPP5B",0.160301165194878,-0.0863829872206954,1.71754022840629,0.086816184611704,0.144807037289898,-5.78500713313105
"IVD",-0.219818570167784,-0.0357751290434095,-1.71689437450451,0.0869343049412027,0.144966188835095,-5.7861042375885
"QRSL1",0.162209636314814,0.0348245617072498,1.71545416200892,0.0871981749879691,0.145368236892476,-5.78854925006094
"SERPINB1",0.235909361897465,0.109840155364011,1.71498792375591,0.0872837363101446,0.145472893850241,-5.78934033914956
"MYDGF",-0.240624590140111,0.267857129562967,-1.71450785342609,0.0873719071160531,0.145581844189979,-5.7901546770725
"SAMD9L",0.254920087867169,-0.180248429848161,1.71430216390536,0.087409706606005,0.14560682929281,-5.79050351736985
"GTF3C1",0.113196422455333,0.169682141123479,1.71316569887514,0.0876187933745639,0.14591705678054,-5.79243017051112
"CAMLG",0.167400419146954,-0.0574250946380969,1.71224394664075,0.0877886748085842,0.14616184841012,-5.79399189849701
"PPP4R2",0.107534175245767,0.185482387743214,1.71008137199361,0.0881882908379704,0.146788904327539,-5.79765271514509
"RABIF",-0.173913924336471,0.152011899240196,-1.70924490519109,0.0883432537672511,0.147008515846729,-5.79906747113756
"ZHX2",0.141007923122657,-0.104329946727856,1.70769758169071,0.0886304904266055,0.147448067059374,-5.8016827403786
"SNX7",-0.167780679187792,-0.0131159064663586,-1.70698791003477,0.08876248266038,0.147629187753719,-5.80288144126335
"RPL21",0.124370246481814,0.265760015769127,1.70673594074487,0.0888093848312405,0.147643123608344,-5.80330692288107
"LARP1B",-0.161931795626565,0.121249615774659,-1.7066768760918,0.0888203821700076,0.147643123608344,-5.80340665199711
"EI24",0.234557251075623,-0.0375064428440633,1.70657028169505,0.0888402319347312,0.147643123608344,-5.80358662525592
"C5orf51",0.144636508172947,0.093891142012143,1.70638994448882,0.0888738220926308,0.147660513677192,-5.80389108022868
"PSMB5",-0.216594955616753,-0.139846490357759,-1.70594776799411,0.0889562267392489,0.147758977036968,-5.80463745260035
"PHRF1",0.11677998234518,0.197546053909274,1.7050989087727,0.089114594664216,0.147983533662164,-5.80606975298718
"TIMM44",0.159058029809958,0.184157177632767,1.70476394738161,0.0891771496791459,0.148048908138676,-5.80663474860518
"TRMT112",0.126184057475153,0.121955331763568,1.70094671607218,0.0898925413601467,0.149193408783143,-5.81306575422593
"ALDH16A1",-0.126873186882931,-0.111166931890541,-1.70083647101644,0.0899132712603812,0.149193408783143,-5.81325127697014
"AHSP",-0.43093825436505,-1.79211609799957,-1.7004915382142,0.0899781555783032,0.149262281986871,-5.81383166097161
"MBNL1",-0.125471288545355,0.191028108698469,-1.70019648727272,0.0900336868004212,0.14931560784953,-5.81432802195972
"SDS",0.306940960839082,0.189979140884833,1.69932560342461,0.0901977565315348,0.149495093453271,-5.81579260681501
"TRIM5",-0.14745174309958,0.00642528756041354,-1.69929659286527,0.0902032261185215,0.149495093453271,-5.8158413818318
"TRAPPC6B",-0.10550013874467,0.0820540000373761,-1.699249249472,0.0902121527134618,0.149495093453271,-5.81592097780913
"GPS2",-0.200425297453377,0.0302405948741709,-1.69763752871772,0.0905164687974286,0.14996047049081,-5.81862938002402
"RASAL3",-0.172485531737422,-0.329065565002557,-1.69489008424484,0.0910371379232942,0.150783949582421,-5.82324047725298
"STK38L",-0.116360791802417,-0.209490378912381,-1.69265391109299,0.0914626993554961,0.151449516437978,-5.8269880785951
"DHX36",0.11564560861862,0.179810800443977,1.69225333117523,0.0915391022541956,0.151536730073383,-5.8276588967345
"CD74",0.253974941157301,-0.0344917493076761,1.69181466274885,0.0916228289039602,0.151636019323947,-5.82839331956186
"DENND1A",-0.110384593705168,-0.0537680933713275,-1.69143533251311,0.0916952797785669,0.15171660051468,-5.82902824696392
"SULT1A4",-0.296746976280014,-0.90599835485925,-1.69072232580012,0.0918315869642333,0.151902767556122,-5.83022130728739
"C1R",-0.192220035035673,0.0537718608248389,-1.69012476476815,0.0919459500540433,0.152052548846171,-5.83122081380736
"MINDY3",-0.164573283471878,-0.178825039351203,-1.6888981917951,0.0921810555188082,0.152401874543654,-5.83327134508713
"EDEM3",-0.138101535034724,0.0244980609760844,-1.68856406038576,0.0922451847240768,0.152468419483104,-5.83382967785899
"LPIN3",-0.164275874573094,0.0201975244210278,-1.6878868627365,0.0923752683860941,0.152643915280852,-5.83496094046107
"MAEA",0.13389880126845,0.0934919479205796,1.68751770801579,0.0924462420343038,0.152721670217084,-5.83557742773707
"ABCB7",0.189901585481063,-0.017701935463866,1.68689697467312,0.092565683327881,0.152879433018241,-5.83661375176462
"TIMP2",-0.253879958427067,0.249068539771462,-1.68582237021656,0.0927727525835462,0.153151321808979,-5.8384069348025
"CMIP",0.203022286523563,-0.0467952661594504,1.68579371580616,0.0927782792102004,0.153151321808979,-5.8384547347928
"ITIH3",-0.245680722938783,-0.348992119459267,-1.68560981641456,0.0928137545301872,0.153170282418001,-5.83876148842445
"RAB43",0.2024952962407,-0.180042006818608,1.68524708233699,0.0928837602237798,0.153236159524896,-5.83936645107396
"PLEKHF2",-0.139028828540849,-0.0392533422166067,-1.68515430978051,0.0929016716555791,0.153236159524896,-5.83952115525179
"MID1",-0.207348054996564,-0.280592949026971,-1.68472203248618,0.0929851673864931,0.153334270083357,-5.84024189494164
"FCGR3B",0.351764030480717,-0.639333711849199,1.68429618422046,0.0930674804812675,0.15343038029251,-5.84095173774282
"LAP3",0.262209375843047,-0.0321237782188941,1.68416958679917,0.0930919620841957,0.153431124911613,-5.84116272788039
"CCDC88B",0.182902627626047,-0.153433048601918,1.68314355627519,0.0932905690431481,0.153718782797549,-5.84287215851254
"WASF2",-0.107419438161498,0.0182874746736752,-1.68256076199133,0.0934035315333958,0.153865208679239,-5.84384267402428
"GALNT1",-0.192312444381066,0.138040054768138,-1.68102805364955,0.093701141273853,0.154315653090934,-5.84639348520972
"TMEM9B",0.17641003048167,-0.162924685048546,1.67910372652642,0.0940758739051172,0.154872283655246,-5.84959281274264
"C19orf25",-0.109037075482163,-0.00117619727811117,-1.67904339978687,0.0940876410804539,0.154872283655246,-5.84969305190445
"FRMD8",-0.138816541333859,0.0558482455601108,-1.67891541579887,0.0941126092263303,0.154873456162402,-5.8499056989097
"INIP",-0.143248481749986,0.264186919780474,-1.678364631833,0.0942201215004463,0.15501042921421,-5.85082065155141
"PPP1R11",-0.136255222665895,0.0196860086387914,-1.67804874271797,0.0942818272405708,0.155071990451068,-5.85134526783194
"QPRT",0.379874479166199,-0.361240711989924,1.67755055545262,0.0943792092082177,0.155157508734721,-5.85217244047639
"UFSP2",-0.119845454124096,0.0473596920188181,-1.6775341269234,0.0943824219147463,0.155157508734721,-5.85219971371717
"FERMT3",0.189514352982863,-0.127325511454201,1.6761914358333,0.0946452918020162,0.15554959798092,-5.8544278470982
"NPL",0.22258143951869,-0.207236183262869,1.67602956281287,0.094677022812344,0.155561706293571,-5.85469634937295
"BECN1",-0.100814198754352,-0.00104187096848087,-1.67563475416971,0.0947544507304869,0.155648872630347,-5.85535112008417
"TLE3",0.152441786820023,0.0895849663010779,1.67497008100814,0.0948849182728692,0.155823097523732,-5.85645310526168
"RBM27",0.104871229594551,0.208963066057455,1.67478916656405,0.0949204546768152,0.155841373903694,-5.85675297530937
"PRDX4",0.193032126969763,0.156473236695718,1.67282762108623,0.0953064423941088,0.156434867528634,-5.860002239779
"DFFA",-0.121368343566928,0.11696856864632,-1.67136002972264,0.0955960561631729,0.156869909689504,-5.86243082995403
"BCKDHA",-0.160774549617238,0.0375212008246624,-1.66983579975684,0.0958975958913357,0.157324293362328,-5.86495092786566
"POLR3E",0.126915849929026,0.238918096618337,1.66948010076038,0.0959680740807104,0.157399474185804,-5.86553870033657
"SIRT3",-0.209635138583307,0.0540228705997619,-1.66920550258382,0.0960225114364901,0.157448314206982,-5.86599237408111
"INSR",0.163140818190891,-0.453436755072877,1.66902268076066,0.0960587684743082,0.157467326497679,-5.86629438004991
"PYHIN1",0.274723820267914,-0.303544146926765,1.66841629074881,0.0961791059271157,0.157624125088458,-5.86729585148493
"GMEB1",-0.115070471996164,0.0100987875883017,-1.66823191166123,0.0962157197774197,0.157643667123127,-5.86760028818189
"LANCL2",-0.167648703003372,-0.0548529075140344,-1.66775129415374,0.0963112130840426,0.157733403141593,-5.86839370209859
"PRPS2",0.195923420631847,0.16577539052262,1.66770760978968,0.0963198964524781,0.157733403141593,-5.86846580606025
"RAB3IL1",-0.133612453852287,0.0427240770273849,-1.66752042152534,0.0963571119636688,0.157753887150776,-5.86877475177001
"LRPAP1",0.147642839041577,0.383186760328974,1.6673475332458,0.0963914947137915,0.157769724108577,-5.86906006571554
"ABHD14B",-0.177214445947084,-0.230557947496423,-1.66697324463377,0.0964659642627887,0.157851148595055,-5.86967764680637
"IFIT5",0.17033342723163,-0.118005905159081,1.66419852960125,0.0970194725560428,0.158697474632266,-5.87425171120516
"IGFBP5",0.334196047470347,-0.301690410834162,1.66413147484913,0.0970328803389768,0.158697474632266,-5.87436215695122
"C18orf25",0.165981725430426,-0.192394315547222,1.66374187980862,0.0971108103909859,0.158784257194992,-5.87500377157758
"VTI1A",-0.161172445674528,-0.0436106688971506,-1.66149709825356,0.0975608100901039,0.159479204409962,-5.87869777015417
"GPX8",0.268214612358813,0.296839537943731,1.66086256277345,0.0976883151716019,0.159611988652711,-5.87974106867869
"CRACR2A",-0.267147076133174,-0.235894690960718,-1.6608440544714,0.0976920362810956,0.159611988652711,-5.87977149400932
"XYLB",-0.168146620631631,-0.0253236234782758,-1.66023338529698,0.0978148756500129,0.159771803792615,-5.88077517066682
"PLD1",-0.162090605142817,-0.115895165865388,-1.65970897911394,0.0979204616753686,0.159903362607987,-5.881636778496
"RBX1",0.0932270648706871,0.217588751726671,1.65831985164923,0.0982005962498869,0.160319817707882,-5.88391784367929
"PGRMC1",0.253471398559006,-0.223783641810139,1.65765474673536,0.0983349502656254,0.160498123069023,-5.88500933742516
"PDIA4",-0.190371324180313,0.303553112283209,-1.65727031993474,0.0984126733387403,0.160583930301011,-5.88564001813724
"GOLGB1",0.185490845539333,-0.0681364188792241,1.65695284217437,0.0984768978619542,0.160647673185636,-5.88616075551799
"ATG4C",-0.103818970468056,0.00198361485697085,-1.65631075960043,0.0986068914417346,0.160818646706379,-5.88721362042625
"AP5M1",-0.0939393422614553,-0.0138774913701754,-1.65562149751348,0.0987465899417767,0.160942301708542,-5.88834340202961
"ECSIT",-0.160931802689843,-0.097338935063928,-1.65559972633241,0.0987510050732909,0.160942301708542,-5.88837908002048
"MRPL52",-0.208090441358611,0.104978639413165,-1.65556360775634,0.0987583301635186,0.160942301708542,-5.88843826909559
"DCUN1D1",0.116927364553899,0.133561824556427,1.65482768518609,0.0989076751232796,0.161144553626471,-5.88964398073742
"MGP",-0.346632008600086,-1.14127236058044,-1.65307636482182,0.0992638088476893,0.161683525380739,-5.89251116685575
"ATXN10",0.146377842241971,0.0330588886702566,1.65111881546848,0.0996630953522085,0.162292492686522,-5.89571244801253
"NPM3",0.243516124266734,-0.0566584149317264,1.65041321398244,0.0998073339081635,0.162485932433356,-5.89686543966097
"LRCH3",-0.129896981288106,0.0144209731620648,-1.6496936227438,0.0999546044451936,0.162684208356503,-5.89804079207625
"ANO1",0.282251179643617,-0.32282849398936,1.64864344420327,0.100169844868173,0.162992981519695,-5.89975520815793
"ATXN2",0.111834682107476,0.135482801199607,1.64803133727244,0.100295471015453,0.163155817180552,-5.90075397713866
"TCEAL1",-0.228677242289413,-0.204905917534372,-1.6462906194233,0.100653418018677,0.163696401948358,-5.90359229570366
"TEFM",0.180763536791611,0.147230146658859,1.64583053044892,0.100748197638852,0.163808821472897,-5.90434199843241
"FRYL",-0.143490079514369,-0.164464787376166,-1.64560572685104,0.100794533785803,0.163818115875006,-5.90470823494369
"ASAP1",0.127393222296094,0.0371619080278141,1.64555385741201,0.100805227450728,0.163818115875006,-5.90479273052923
"NLE1",0.148859522662337,0.14134835962538,1.64537667608217,0.100841762895959,0.163835790353868,-5.90508134007599
"APRT",0.178455507185679,0.0620392792627249,1.64250835691336,0.101434696812608,0.164757196425465,-5.90974927368322
"MOCS3",0.161853134972364,0.0910683336840597,1.64208350564261,0.101522757993328,0.164835114220289,-5.91043999997727
"MME",-0.309417347465003,-0.977673296206177,-1.64202784403137,0.101534299800845,0.164835114220289,-5.91053048200707
"GRB2",-0.156461500642723,-0.0499651720595425,-1.64156907742695,0.101629468106598,0.164947675104379,-5.9112761258366
"CD63",0.306655778617951,-0.237591724346719,1.64117851286098,0.10171054453306,0.165007629663013,-5.91191075780793
"KLC1",0.104995868045004,0.056757980684145,1.64114215782095,0.101718094025626,0.165007629663013,-5.91196982389057
"USP28",0.161974277203036,0.0926108329544084,1.63987184798023,0.101982168273853,0.165393991472835,-5.91403288971598
"NMRAL1",-0.219034117656528,0.0631667134852946,-1.6391626382354,0.102129838327892,0.165591421463584,-5.91518400882969
"MINDY1",-0.187890238700577,-0.288145352023017,-1.63894129979634,0.102175959903638,0.165624144195159,-5.91554316319147
"FTH1",0.232063053609672,-0.275191034337923,1.63696449836586,0.102588616315273,0.166238913243347,-5.91874869983395
"LRP1",-0.168597813387479,0.0825885759263943,-1.63687518598059,0.102607291635401,0.166238913243347,-5.9188934369182
"PTS",0.249902759362043,0.106876469352708,1.63599234311196,0.10279204126161,0.166495987685281,-5.92032372870516
"XIAP",-0.112011040210035,0.140387250287107,-1.6357896753898,0.102834490357923,0.16652250087125,-5.92065196309119
"PTPN12",0.12842570623755,0.0511373633446531,1.63541835183271,0.102912301040329,0.166606248007733,-5.92125324345674
"SLCO2A1",0.241190743684185,-1.0509297696717,1.63501509489542,0.102996856618185,0.166700869330066,-5.92190608108398
"KIT",-0.239154723587878,-0.575867717345379,-1.63375991350075,0.103260400374444,0.167085062440655,-5.92393709586462
"SPNS1",0.20048898520166,-0.271430250543149,1.63332796003126,0.10335121980626,0.167189647444381,-5.92463568680956
"SCRN2",-0.17670519633527,-0.241790630046731,-1.63315180136037,0.103388275968971,0.167207229498957,-5.92492053303321
"WBP2",0.172486373154213,-0.283218998355693,1.63159358724703,0.103716518982978,0.167695612485772,-5.92743882816115
"PIR",0.27526870091383,-0.124353127131395,1.62978174036283,0.104099236094939,0.168271803155996,-5.93036405563904
"ACOT9",0.166545118564764,0.12363919972769,1.62949086627691,0.104160782395904,0.16832665825536,-5.9308333740311
"KLF16",0.19557945188898,0.183445126258746,1.62937221070228,0.104185897169175,0.16832665825536,-5.93102479829686
"MGAT2",0.152187271960379,0.0839533129559227,1.62608707216379,0.10488315417268,0.16941030594297,-5.9363191883873
"POLR2I",-0.111934399946676,0.0777733181950052,-1.62587882200881,0.104927479527084,0.169439038133645,-5.93665445378778
"SIRT1",0.119203039488988,0.0810816315048607,1.62575019708814,0.104954864376259,0.169440406837525,-5.93686150808505
"FARS2",-0.139052845690033,0.0565933951962855,-1.6252323258345,0.105065179266798,0.169572098523363,-5.93769498956144
"C4BPA",-0.264708650826036,-0.37282239693447,-1.62511796377404,0.10508955267924,0.169572098523363,-5.93787901293863
"C16orf70",-0.11824809554972,-0.00985742911326646,-1.62325136871236,0.10548800835434,0.170172039753022,-5.94088080484894
"COL18A1",-0.156557850902655,-0.349334240242471,-1.62248451978032,0.105652053539267,0.17039362511953,-5.94211304018752
"HOMER1",0.185680050175668,-0.379283923398674,1.62221231146773,0.105710333513705,0.170444565526517,-5.94255030887561
"TRMT61B",-0.17537613620889,-0.0315993242255585,-1.62140712286542,0.105882874882974,0.170679665773236,-5.94384332121962
"LRPPRC",0.201686159139183,0.185311039198415,1.61975639516997,0.106237305699548,0.17120777306704,-5.94649216745388
"ARMC9",-0.158563503477216,0.114725699410551,-1.61861771943257,0.106482343150795,0.171559364374924,-5.94831779999723
"SDHAF2",0.331636613456909,-0.277970743977743,1.61678323079596,0.10687806251501,0.172153488687775,-5.95125636778825
"BZW2",0.184297878305725,0.327129957900443,1.61642018965024,0.106956513062411,0.172236402497729,-5.95183751493544
"SLC27A3",0.195326897827685,-0.454060820893579,1.61517643995884,0.107225625852503,0.172626228206816,-5.95382750433214
"COBLL1",-0.174483746770403,-0.261223383880902,-1.61473742090435,0.107320745910784,0.172735811101678,-5.95452957123254
"PPP6C",0.111017161756641,0.10578537944827,1.61400421237818,0.107479756219067,0.17294814603295,-5.95570167878805
"GPAA1",0.172904388543203,-0.0215427029789826,1.61354987672773,0.10757838162421,0.173063231713425,-5.95642771706783
"PLEKHA7",0.173131267669406,-0.155771775785277,1.61245656385302,0.10781600878382,0.173371461649911,-5.95817403025734
"LRRC14",-0.145013795167534,-0.0359756594851673,-1.61241850944337,0.10782428726888,0.173371461649911,-5.95823479234886
"RBMS2",-0.125068294144667,0.0358200959685162,-1.61173399765504,0.10797328463133,0.173567326880927,-5.95932752233994
"TMC4",0.24531155085012,-0.0751660171855413,1.61132893519143,0.108061531471189,0.173665461475847,-5.95997393438257
"CHID1",-0.155816422650168,-0.0223196195026527,-1.61057061294291,0.108226893603895,0.173887447322816,-5.96118366006452
"SMC6",0.129331089937378,0.00619210291098834,1.60943533619289,0.108474831594863,0.174234450319738,-5.96299368065702
"PFDN1",-0.138342731539758,0.248861728322241,-1.60933190343675,0.108497443143505,0.174234450319738,-5.96315852550489
"NRBP2",-0.156388385240914,-0.223941966200713,-1.60844541405268,0.108691393249506,0.174458252069473,-5.96457093073806
"STAT2",0.14673881100843,0.165102138411533,1.60844514162554,0.108691452894654,0.174458252069473,-5.96457136466672
"LPXN",-0.179718239914722,-0.0999078971276998,-1.60432636275746,0.109596194609629,0.175843437437071,-5.97112358715638
"RFXAP",0.134985394697275,0.190441862333847,1.60426583382538,0.109609535003844,0.175843437437071,-5.97121975428363
"CRTC1",-0.136239193132094,-0.0403833034321352,-1.60290664530515,0.10990943574917,0.176280268088031,-5.97337826447135
"ANP32A",0.136758393542551,0.300898971069708,1.60249808288541,0.10999971100035,0.176380752068617,-5.9740267452213
"CD180",-0.153316010502938,-0.0498318834361889,-1.60138576681641,0.110245784710111,0.17673094033996,-5.97579141708994
"PITHD1",-0.178466898761755,-0.371737030496878,-1.59952938075005,0.110657439082433,0.177346322425034,-5.97873385746502
"COG6",0.106741042109669,0.225535544466294,1.59819673928276,0.110953704032906,0.17777651198246,-5.98084407134341
"GPHN",-0.199266493453876,-0.0627698275976734,-1.5976567388479,0.111073932679717,0.177924500792772,-5.98169865931469
"PTPRJ",0.15527274001508,-0.027512525296805,1.59545403834134,0.111565424474454,0.178666976490942,-5.98518163928203
"WASHC2C",-0.109356937945736,0.0377415153126665,-1.59261881075109,0.112200588594291,0.179639106864229,-5.98965782628869
"C8orf33",0.193728567187174,0.0812581769514521,1.59037787609562,0.11270463986362,0.180400883812788,-5.9931902112217
"UBLCP1",0.128326015887347,0.291420278730238,1.58961921767678,0.112875689856799,0.18062939341746,-5.99438497458516
"RHOC",-0.140083630291729,0.0466569670191795,-1.58911379768078,0.112989757782972,0.180766625769049,-5.99518061712583
"METTL16",0.131110192769639,0.0967732090941917,1.58818843134656,0.113198839602491,0.181055759233944,-5.99663670210539
"EFEMP1",0.248745111518616,0.205658765600843,1.58788491487311,0.11326748425852,0.181120182066278,-5.99711411027361
"TMTC3",0.150277493372816,-0.0230283424825538,1.58674344433744,0.113525939357699,0.181488012718806,-5.99890875156078
"LMBRD1",0.197439746283904,-0.291508263586308,1.58567917007131,0.113767335602318,0.181828394948887,-6.00058087847749
"LGALS3BP",-0.268811809387305,0.0485752294065894,-1.58486840201833,0.113951504496797,0.182077166219231,-6.00185396943664
"STK39",-0.233686866201773,0.153647657149905,-1.58379934374561,0.114194705312654,0.182420113440405,-6.00353165479465
"SNF8",-0.11897110130991,0.0566281251186603,-1.58337344606699,0.114291707329084,0.182529402525313,-6.00419971032487
"VPS26A",-0.0841440422978787,0.0471137576075016,-1.58140989582994,0.114739766374229,0.183199151862828,-6.00727741174435
"SHPK",-0.138747680620075,-0.119033998574234,-1.58091885089282,0.114852033776569,0.183332558915849,-6.00804649582463
"RAB12",-0.154061353179563,-0.37314778870281,-1.57959938669259,0.1151541324003,0.183768841633571,-6.01011190083722
"PDZD11",-0.121793714690947,0.0861368539665663,-1.57820852894844,0.115473256299199,0.184221260362069,-6.0122872217828
"PRCP",0.165798243986657,-0.122157988695471,1.5781124202726,0.115495333630284,0.184221260362069,-6.01243746737673
"MTG1",-0.15540556843098,0.107157215670668,-1.57774297432635,0.115580230896056,0.184310632934895,-6.01301493409058
"PHKB",-0.12666326414976,-0.0098503521027861,-1.57731595586236,0.115678419503866,0.184421150694678,-6.01368222426456
"PRKAR2A",-0.115338896275533,0.0433452206270515,-1.5763837671358,0.115892995798013,0.184717118864282,-6.01513831216581
"TMEM205",0.254924926895306,-0.247344981742956,1.57596657341175,0.115989129468602,0.184824205554535,-6.01578969819
"SUCLA2",-0.168044164994446,0.0583396450050342,-1.57563215564917,0.116066234579499,0.184879084539653,-6.01631171921708
"BSPRY",0.254214937521957,-0.0431700157392532,1.57556605439757,0.116081480018711,0.184879084539653,-6.01641488934609
"UBL7",-0.14329499820781,-0.00211836690174786,-1.57499223612302,0.116213890567764,0.18504381328558,-6.01731031964132
"MACC1",0.247104706573106,-0.035136812910145,1.57445423308044,0.11633814488971,0.185195476220593,-6.01814956924543
"MRPL24",-0.141002237712888,0.178250559099541,-1.57395120410687,0.116454416613477,0.185334359440939,-6.01893400608696
"YIF1B",-0.130718601789227,-0.0606498653484222,-1.57292134653982,0.116692747232191,0.185667378788323,-6.0205392232896
"PELO",-0.110212876401461,0.115581733450388,-1.57207416402774,0.116889091372968,0.185933445046437,-6.0218589328557
"OTUB1",-0.10109012317477,0.142474474264137,-1.57127885426455,0.117073650490402,0.186180637205783,-6.02309719958796
"PTGR2",-0.224941100217453,-0.215876037774919,-1.57054058024149,0.11724517956001,0.186406989913014,-6.02424611140964
"CTPS1",0.171376775928329,-0.229761886891729,1.56952110653177,0.117482367707976,0.186731298780867,-6.02583175550103
"FOCAD",0.124291945442401,0.0777557494158284,1.56941252590615,0.117507652075415,0.186731298780867,-6.02600057721101
"PTAR1",-0.109181901231023,0.0207001836486964,-1.56846489352525,0.117728502374922,0.187035702329902,-6.02747347244895
"HSPB11",-0.153207637174666,-0.0552883066026139,-1.56762389147434,0.117924775880324,0.187300918904444,-6.02877989921479
"PDHB",-0.143797536417119,0.108859249702213,-1.5671730963599,0.118030088799227,0.187421566024139,-6.02947988776885
"PIP4K2A",-0.133784251210906,-0.0665156199631906,-1.56701653423895,0.118066681539698,0.187433058585522,-6.02972294890811
"MFSD6",-0.188377763092691,-0.197365386678592,-1.56658789667308,0.11816691130732,0.187545545288898,-6.03038828206476
"PPIC",-0.215537502287075,0.498285553831375,-1.56613993472346,0.118271731395316,0.187665259681684,-6.03108341898263
"ARPC2",0.103258099025433,0.174102447024095,1.56574076652429,0.11836519578374,0.18776690064079,-6.03170267387316
"TAF5L",0.0908353769675264,-0.0027590735723541,1.56553911905541,0.118412433228556,0.187795177884831,-6.03201544322839
"SCLY",-0.171087928718096,0.0764591768655606,-1.56464476241497,0.118622122062859,0.188081015488292,-6.03340217467629
"SEMA3B",0.199791015214956,-0.566922063253639,1.56388995015561,0.118799321119441,0.188315209867833,-6.03457193013357
"RGL2",-0.138406972141025,-0.136204648269719,-1.56277508700244,0.119061426647742,0.188683844414453,-6.03629865007434
"CACUL1",-0.117734734492793,0.0464198323447435,-1.56262927202964,0.119095741547638,0.188691392005377,-6.03652440118747
"ASCC1",0.107606297996388,0.159116441529604,1.56206598619102,0.119228373759328,0.188838191474972,-6.03739628681312
"MAIP1",0.175811364594419,0.0468221598100841,1.56188601159606,0.119270775375933,0.188838191474972,-6.03767479636451
"HMGN1",0.162874492109335,0.162803057182736,1.56185907604974,0.119277122352163,0.188838191474972,-6.03771647623251
"PABPN1",-0.138940862947653,0.107182295382227,-1.56167846797195,0.119319686930749,0.188858750880722,-6.03799592956017
"SYBU",0.299340437256995,-0.235860117822332,1.56077711617615,0.119532290621071,0.189123766827314,-6.03939010746086
"FAM172A",-0.155081886265521,0.0470157754234757,-1.56071750285075,0.11954636224198,0.189123766827314,-6.03948228720544
"GPSM1",0.118019716735397,-0.148943851611848,1.5594389001653,0.119848488116563,0.18955476755617,-6.04145854807511
"VPS45",-0.133851080138361,0.0282406437897021,-1.55767142194799,0.120267121053158,0.190169779079845,-6.04418780711781
"MYO1G",0.201545581818761,-0.127456397349824,1.55736111911713,0.120340735818851,0.190239068631681,-6.04466664784331
"PDSS2",0.192574099920842,-0.0608137670777424,1.55662475160035,0.120515569963142,0.190468295597689,-6.04580258982127
"MAP2K1",-0.103626646157524,0.0646331442653211,-1.55623700185752,0.120607712784782,0.190566752321414,-6.04640053109546
"AKT2",-0.127409692765037,0.128972893732022,-1.55562396594471,0.120753504436059,0.190749878655911,-6.04734558226158
"ARHGEF10L",-0.163529104154599,-0.0237576672234782,-1.55539361063402,0.120808323126834,0.190749878655911,-6.0477006012909
"LZTS2",0.122572467294465,-0.0351865401627635,1.55537297180516,0.120813235596633,0.190749878655911,-6.04773240691515
"FMO5",-0.384905099653876,-0.862166233972084,-1.55354499654871,0.12124895486475,0.191390501065866,-6.05054777244171
"COL7A1",-0.265290776692322,0.0680819566966916,-1.55257423772731,0.121480848061631,0.191709148510508,-6.05204156529343
"RPL39",0.258009581352838,0.0600073345330555,1.55222658899227,0.121563978475278,0.191792933670533,-6.0525762995267
"SLC25A24",0.184413664378434,-0.0123979565870919,1.55043012641248,0.121994264279613,0.192390385274576,-6.05533763929828
"PHKA2",-0.10523070990348,-0.0225648134487849,-1.55030037865232,0.122025387503049,0.192390385274576,-6.05553695235527
"THEM4",0.253429298669777,-0.119874856485129,1.55026841533532,0.122033055655761,0.192390385274576,-6.05558605053609
"APIP",-0.147936801766621,-0.00609233240004097,-1.55010710097242,0.122071761517266,0.19240389960201,-6.05583382692286
"MPP6",0.174594334959358,-0.0307406606174557,1.54944408370668,0.122230947502927,0.192592563171066,-6.05685194442513
"POLR1D",0.154172781039034,0.0965201522932318,1.54923692635364,0.122280717991412,0.192592563171066,-6.0571699635533
"SUPT4H1",-0.219342335271077,0.0569167231793629,-1.54923179903694,0.122281950054111,0.192592563171066,-6.05717783425962
"F2",-0.223233651819887,-0.368636635238873,-1.54872057121827,0.122404843894289,0.192738576637493,-6.05796246751582
"ZNF207",0.102811307853196,0.31533741380575,1.54816722352246,0.12253797215451,0.192900629242245,-6.05881145880138
"MKRN2",0.10783609030007,0.106253478074163,1.54494515555988,0.123315418567961,0.194064868428499,-6.06374907921835
"SYF2",-0.133826629909507,0.10452369541769,-1.54485044351365,0.123338329848528,0.194064868428499,-6.06389406619437
"RARS2",0.138047594938622,-0.0235155294405714,1.54461025931596,0.123396446482187,0.194108477651827,-6.06426170538889
"BLOC1S2",-0.182282503054432,0.0999300833199639,-1.54430364375586,0.123470668515465,0.194174850433549,-6.06473094622491
"FMNL3",-0.127201445394165,-0.169251297016309,-1.54418473332928,0.123499462429231,0.194174850433549,-6.06491290063024
"HMGXB4",0.132868946580157,0.0909402314564604,1.54012539677794,0.124485584240887,0.195677118507647,-6.07111613522144
"LRBA",-0.172663211276434,0.134900701431413,-1.53875757533424,0.124819250952483,0.196153314627518,-6.07320273257594
"TRIO",0.122312412144942,0.0680279213523436,1.53861290053184,0.124854583888782,0.196160560563452,-6.07342332560939
"MIA3",0.16245837002062,0.0930767842847912,1.53834201742857,0.124920760879989,0.196216250484312,-6.07383629988386
"ARFRP1",-0.137814703887345,0.232483643554147,-1.53814981494326,0.124967732783448,0.196241754506226,-6.07412927831433
"CFHR5",-0.249522266056014,-0.133262751621602,-1.53796770110236,0.125012251909041,0.196254191779878,-6.07440684511103
"NAT14",0.169321992444254,-0.0591433192539331,1.53776162735961,0.125062643194874,0.196254191779878,-6.07472089105698
"MRPL58",0.148656757926654,0.166972777713254,1.53774028412799,0.12506786317186,0.196254191779878,-6.07475341469022
"NOMO1",0.281342472644962,0.0656485130280025,1.53756751783739,0.125110123412889,0.196272269776731,-6.0750166661975
"TTC4",-0.129118857889576,0.00271411060231031,-1.53658610459908,0.125350398434158,0.196600907394276,-6.07651153496981
"TUT1",0.134606186880025,0.120347333431705,1.53523157235634,0.125682615757859,0.197073551476898,-6.07857318561629
"ATG9A",0.192690082675102,-0.207369283244904,1.5348547268223,0.125775164642838,0.197170249507616,-6.07914644045738
"DOK1",-0.126843246349143,0.0643785785966828,-1.53349608698495,0.126109273646288,0.19764548655659,-6.08121204233334
"PRKRIP1",0.120982145006388,0.116545940442725,1.53301391953097,0.126228012339661,0.197783032831592,-6.08194466987234
"DNASE2",0.191316937746871,0.214571844145803,1.53191994640705,0.126497738799938,0.198157031952308,-6.08360606099523
"LYRM7",-0.171865030753944,0.0055803443394231,-1.52984692461368,0.127010092560154,0.198910826832618,-6.08675110310842
"ACTR3B",0.1683239530178,-0.0778464646969378,1.52672230512012,0.127785415723469,0.200075988081008,-6.09148362099762
"GLRX",0.19920873559695,-0.125826532479862,1.52585510038543,0.128001252587265,0.200364794746185,-6.09279538951666
"IQGAP3",0.204526828030709,-0.162716545643752,1.52382423876799,0.128507823930237,0.201108445047687,-6.0958644763628
"PTPN9",-0.0917361624635726,-0.0320783124515803,-1.52352150399718,0.128583470949362,0.201177520708571,-6.09632163124811
"SSNA1",-0.201572521187649,-0.023324310307024,-1.52337115663964,0.128621052492952,0.201187021109137,-6.09654863507973
"ZKSCAN1",0.161195004960884,0.13991671653808,1.52315520987038,0.128675046581332,0.201222182812101,-6.09687464635205
"YES1",0.164528283002764,-0.367069741191534,1.52087375839398,0.129246569072102,0.202027393528739,-6.10031613198949
"ARFIP1",-0.133718497467609,0.144485444189377,-1.52084719708656,0.129253234544228,0.202027393528739,-6.10035616878993
"FAS",-0.203058778885054,-0.376437658638075,-1.5203758606908,0.129371559464336,0.202085992561645,-6.10106651617893
"MTO1",-0.163016853391798,0.0493029664453327,-1.52036504943187,0.129374274528335,0.202085992561645,-6.10108280719542
"XRCC4",0.122737346310831,0.305551184945495,1.52031965352003,0.129385675425529,0.202085992561645,-6.10115121107646
"FBLIM1",-0.163083535290595,0.152779148800129,-1.51937913275354,0.129622057669599,0.20240568310599,-6.10256796202448
"APOE",-0.233824516043508,-0.296421272458302,-1.51792809810453,0.129987408545965,0.202926553439116,-6.1047520284313
"IRF2BPL",-0.167291599024324,-0.0406693093796901,-1.51693112481298,0.13023889793532,0.203269460600591,-6.10625145870403
"MAK16",0.161165180267322,0.378994570863001,1.51616100748077,0.130433421784211,0.203523313316761,-6.10740903656579
"CELF2",0.16184730897242,-0.0891544163919025,1.51515035225805,0.130689046573146,0.203835983341547,-6.10892729191725
"GOSR1",0.151250333396918,0.165283557317521,1.51511635126746,0.130697653218527,0.203835983341547,-6.10897835249764
"CCDC47",0.132302568649509,0.0811948402237422,1.51402339666962,0.130974547352355,0.204217945017042,-6.1106190820114
"RPL28",0.130528135806912,0.282248657195841,1.51343821803477,0.131122986924451,0.204399480349761,-6.11149706478515
"VTA1",0.116480781314702,0.127408668039368,1.51324926125633,0.13117094670012,0.204424333580733,-6.11178049782811
"MRPS17",0.175695637262917,0.193759629011741,1.51289917656188,0.131259839017985,0.204512950739344,-6.11230552870259
"ODF2",-0.119987120887794,-0.267938890656926,-1.51241205572831,0.131383605140083,0.204655847479734,-6.11303587682157
"PLXNA1",0.100840141267836,-0.067936883389106,1.51166808684744,0.131572805774041,0.204900576796891,-6.11415087371271
"STAT3",0.126658462516617,-0.0420813388408547,1.51063862602398,0.131834960394649,0.205258771548363,-6.11569284917071
"GCLM",0.143722297951726,-0.0820097047834884,1.50976055648695,0.132058884028348,0.205514891343383,-6.11700724487637
"STOM",0.186532370955107,-0.528385186687748,1.50974114759107,0.132063836990117,0.205514891343383,-6.11703628983499
"MRPS33",-0.174726200205512,0.222582585950423,-1.5079643674131,0.132517866776064,0.206170558162275,-6.11969363984253
"RWDD1",0.140707446455784,0.229949885473389,1.50783978274091,0.132549748043248,0.206170558162275,-6.11987985271955
"RRM2B",0.20676868185512,-0.194399274295335,1.50735202880602,0.132674621882267,0.206308313751528,-6.1206087375267
"C1orf174",-0.138942749107672,-0.0219676622398045,-1.50724148536542,0.132702935720834,0.206308313751528,-6.12077389798936
"BLMH",-0.161315317649697,0.00775779933621675,-1.50664243993026,0.132856452865327,0.206496701934058,-6.12166871048285
"IL16",-0.192708686383003,-0.217545950482295,-1.50610859480551,0.132993377512643,0.20661216756644,-6.12246583563944
"SNX9",-0.124958644427026,0.171038401624353,-1.50610048093046,0.132995459467199,0.20661216756644,-6.12247794893987
"CISD2",0.1665659539936,0.0718004703744692,1.5058162409024,0.133068409151036,0.206675211002035,-6.12290225363109
"HUWE1",0.11084089500969,0.166280868128397,1.50547172856879,0.133156869318966,0.206762308025681,-6.12341642505985
"PPM1H",-0.291127421970883,-0.270422362785995,-1.50495431830652,0.133289810250601,0.206891970016511,-6.12418842199819
"UBE2Z",-0.106368210912715,0.18201160072931,-1.50489453052047,0.13330517848832,0.206891970016511,-6.12427761091163
"TRIAP1",-0.140038256574995,0.25227946236999,-1.50425039561527,0.133470838457599,0.207098737193626,-6.12523828270906
"GCDH",-0.175721275277296,0.117484385176836,-1.5037334796973,0.133603895683816,0.2072455519845,-6.12600892493351
"RRAGB",-0.083933607613164,0.000374749569971602,-1.50363066173487,0.133630373926419,0.2072455519845,-6.12616217956996
"DR1",0.117105666375172,0.179527540966464,1.50323243368122,0.133732966278682,0.207354295699219,-6.12675565822662
"CALCOCO1",-0.139233087454122,-0.234966713422359,-1.5026820610227,0.13387485519009,0.207521472819626,-6.12757562251976
"SORT1",0.20241874827351,-0.128482560934444,1.50256212891978,0.133905789822531,0.207521472819626,-6.12775426222857
"COBL",0.214172914455081,-0.582506654662052,1.50180590929354,0.134100972929916,0.207773528793378,-6.12888033274876
"PPIL3",-0.151977893091225,0.132639542088171,-1.50063021881567,0.134404861878121,0.208193848396847,-6.13062991792474
"EIF4ENIF1",0.100745324776118,-0.0225620892011683,1.49996152832978,0.134577941455118,0.208381019958601,-6.13162441610712
"BLOC1S1",-0.100136799280538,0.185230557461212,-1.4999112301327,0.134590967315469,0.208381019958601,-6.13169920353635
"POM121C",0.11441002153657,0.0875767007415609,1.49880937222433,0.134876564161242,0.208772572647159,-6.13333691433389
"OVCA2",-0.138030366725051,0.0131747228247198,-1.49801992476877,0.135081474705311,0.20903907319278,-6.13450955395857
"GSPT2",0.169480331686077,0.151978764678112,1.4972127343241,0.135291240426964,0.209312956173046,-6.13570791874452
"SCAF4",0.117512371112314,0.0743579158365948,1.49654351303335,0.135465343516989,0.209531545144374,-6.13670096973016
"ATP6V1A",0.0933605164505311,0.0901966544364931,1.49521725076427,0.135810894524417,0.210015151740955,-6.13866770338361
"PEX5",-0.11295069481822,-0.156804731303948,-1.49506386105801,0.135850903520408,0.210026154716176,-6.13889505623518
"RASSF5",-0.144474690595212,-0.182394765205642,-1.49300230356591,0.136389511980505,0.210807802952196,-6.14194844546363
"ADAP1",0.165549481781026,0.0789230417921531,1.49259858958994,0.136495181060536,0.210871508981561,-6.14254590276127
"ARHGDIB",-0.226021507571159,0.00295561803836215,-1.49259247884251,0.136496780989944,0.210871508981561,-6.14255494484665
"PPP1R18",0.154777636553367,0.0870073086704857,1.4913376555507,0.13682562973398,0.211328409736687,-6.14441093566041
"COMMD3",-0.142910159159777,0.108145600968392,-1.49076097778909,0.136976964180336,0.211510983383663,-6.14526337481182
"WDR20",-0.0895292913231543,-0.0404147160772605,-1.48863251588313,0.137536648085852,0.212323863159614,-6.14840682952924
"PON2",0.213311407210943,0.102639584219375,1.48740226370632,0.137860952546157,0.21277306792536,-6.15022172726855
"RAD23B",-0.103198357698187,0.0817346870712645,-1.4872204604126,0.13790892754647,0.212795674814938,-6.15048980232531
"PDZD8",0.12870545827957,-0.0145208574465489,1.48639694564971,0.138126401920773,0.213079747828976,-6.15170369755931
"ADA",-0.179088886539438,-0.00700010115315493,-1.48529135512626,0.138418784425369,0.213479212211589,-6.1533323411181
"HLA-DPA1",-0.297140095059695,-0.461680181018963,-1.48508420857455,0.138473619277886,0.213512209391283,-6.15363735535522
"EPCAM",0.254878409346301,-0.302213622077597,1.48486689493606,0.138531163581678,0.21354936732714,-6.1539572950663
"FNDC1",-0.28933231701857,0.198631875274318,-1.48451880439769,0.138623375959196,0.213639936157244,-6.15446967462712
"HSPA12B",0.141906661853259,-0.855959020648961,1.48300933276364,0.139023798509104,0.214205345917141,-6.15669020327017
"C18orf21",-0.186368198672207,-0.0621406212614806,-1.47968917864636,0.139907694628351,0.215515230446809,-6.16156651724055
"IST1",-0.0964353825102259,0.0495423726888769,-1.47786090569316,0.140396271153973,0.21621567566766,-6.16424709918651
"PCK2",-0.177743567171998,-0.135469073273422,-1.47746517765139,0.140502196444603,0.216326627513573,-6.16482687819595
"RAB27B",-0.32195120053094,-0.308225815812814,-1.47733025733602,0.140538324936414,0.216330087926471,-6.16502451419328
"BCL2L13",-0.130900345548571,-0.113096907709853,-1.47700069538297,0.140626604062581,0.216413802588475,-6.16550719318217
"POGLUT1",0.110489309104498,0.0908176822745832,1.47614059494195,0.14085719928794,0.216716437940602,-6.1667664023596
"BCKDK",-0.170735296872576,0.15290778576954,-1.47349819951216,0.141567459463879,0.217756740225696,-6.1706304093332
"DYRK1A",-0.0847268791140259,-0.0446754260004011,-1.4718393884272,0.142014748362833,0.218385665881869,-6.17305261810542
"PSMD12",0.0864405453000667,0.276857727058488,1.47172830284488,0.142044740862553,0.218385665881869,-6.17321472993343
"PRKRA",0.0966350928182692,0.167530074640662,1.47018357383527,0.142462315880841,0.218974936663257,-6.17546776594757
"ATP1B1",-0.255914942384335,-0.237949487848257,-1.46972361147378,0.142586836803461,0.219113586760553,-6.17613818438641
"MTA1",0.124439872531244,0.0845818031430743,1.4694413284996,0.142663297946036,0.219178334308335,-6.17654952359532
"COQ8A",0.1842572447359,-0.184693820110641,1.46901417927178,0.142779058688196,0.219303413453003,-6.17717181181062
"PTPRF",-0.160351983308977,-0.342363958289765,-1.46837120744984,0.142953445558423,0.219518458367132,-6.17810818239512
"EIF3K",0.103853415451644,0.0827004044670765,1.46774875653667,0.143122423118493,0.219725095362246,-6.17901428260568
"LYPLA2",-0.132869172756605,0.194899026372917,-1.46700239198995,0.1433252426037,0.219983575486688,-6.18010026364502
"TRIM14",0.148451975332463,-0.132421278905817,1.46656529446524,0.143444123679762,0.220102774979936,-6.18073599948496
"USP15",-0.0919745083083487,0.00768890436383162,-1.46646339886492,0.143471847997885,0.220102774979936,-6.1808841745121
"IQGAP1",-0.0955363465171517,0.0590841850203567,-1.46630514014405,0.143514916091548,0.220115959463016,-6.18111429178125
"EAPP",-0.117358208202066,0.190462809357624,-1.46553507435088,0.143724621858062,0.220384656715593,-6.18223366183681
"IMMT",-0.106849944289874,0.0907514805896347,-1.46467077024189,0.143960271854493,0.22069299778894,-6.18348932571832
"HIKESHI",0.169251489118223,-0.274593491527866,1.46351497598216,0.144275860707429,0.221076812683463,-6.18516732483209
"NECTIN2",0.123583414740223,-0.121531618210883,1.46350024293016,0.144279886993264,0.221076812683463,-6.18518870605396
"GMEB2",0.113415293562701,0.152218351238826,1.46306082752774,0.144400011324271,0.221207790860238,-6.18582630641712
"PLCB2",-0.14654990999554,-0.0646656836343897,-1.46122521813033,0.144902650313701,0.221924543596302,-6.18848776782641
"GIGYF2",0.0734082377302218,0.212207794734141,1.46015288658651,0.145196905822804,0.222321880978083,-6.1900410217921
"CCNY",0.136737640009468,-0.197862677099993,1.4598027703529,0.145293079734922,0.222415802950726,-6.19054791543738
"EIF2D",-0.115267846262655,0.0519981448159124,-1.45951957865326,0.145370905899431,0.222481599752605,-6.19095782884764
"EXOG",-0.162381612744275,-0.133479943809095,-1.45636478539141,0.146240069621554,0.22375817026926,-6.19551901005477
"NUDT2",-0.169571854224428,-0.0415411391866274,-1.45588454138356,0.146372729213396,0.223907493058824,-6.19621248947595
"RIPK2",0.123321952238608,0.012472588259725,1.45488559588853,0.146648967918688,0.224276325787024,-6.19765425818353
"VAPA",0.131257098399491,-0.175501198681322,1.45474135634653,0.146688887598858,0.224283655967124,-6.19786235705174
"ADO",-0.100836168243271,-0.0148040593805909,-1.45338806779595,0.1470638299848,0.224803101377291,-6.19981379643224
"WWP2",0.150647137937016,-0.266248580856295,1.45276956554162,0.147235437255026,0.225011552626457,-6.20070507843721
"NR2C2",0.0939782043487778,0.0315503142939435,1.45227088966052,0.147373909910061,0.225169278481872,-6.20142341398711
"FAM91A1",0.102936779445194,0.255811855886029,1.45139245666274,0.147618076992303,0.225437342397209,-6.2026881920852
"TRAFD1",-0.139042157849617,0.201780585149277,-1.4513856392768,0.147619973149997,0.225437342397209,-6.20269800488264
"RBM15",0.0801825938202211,0.148229526393014,1.45070415121712,0.147809613616635,0.225672975356819,-6.20367869437644
"CMPK1",-0.16796713646906,0.0521587557666267,-1.44863583112734,0.148386318658427,0.226499317388013,-6.20665230806739
"GDAP2",0.0939016379879768,0.0591936380114297,1.44647779929646,0.14898987652764,0.227366243219163,-6.20975043450693
"STAG1",0.0916126762042721,-0.0556780550035426,1.44590055905174,0.149151637647375,0.227558711201551,-6.21057836251066
"RBM12B",0.0948532651676514,0.0925217932640049,1.44569233004043,0.149210023092793,0.227593405983632,-6.21087694252931
"SCIN",-0.397937955587429,-1.01125998082777,-1.44527598826136,0.149326813931819,0.22767078702833,-6.21147380856357
"KIAA0319L",0.17684113390024,-0.0256475878152886,1.44525726310958,0.149332068296734,0.22767078702833,-6.21150064888298
"NSL1",0.115090157839124,0.0607911031579881,1.44488273342931,0.149437192842589,0.227776671353528,-6.21203742134678
"RHEB",0.159638785651487,0.17729404600702,1.44459884260025,0.149516914287963,0.227843794207314,-6.21244419952634
"ARHGEF10",-0.123993140119491,-0.246652541464949,-1.44253537808154,0.150097350641599,0.228651259116251,-6.21539850077443
"NHEJ1",0.141835423183327,-0.168621062267925,1.44246060972325,0.150118414755728,0.228651259116251,-6.21550546976621
"WAS",0.152328753895126,-0.113621867020733,1.44211774937153,0.150215036084243,0.228743860099665,-6.21599592033326
"MFN2",-0.0969958505871105,-0.0769583346771674,-1.44030220489672,0.150727468080603,0.229469452478457,-6.21859107866643
"PHF5A",0.0849439070824912,0.302606946204709,1.44015481525748,0.150769127034054,0.229478158787231,-6.21880161728816
"OSTF1",0.107868679245056,0.0920484763346433,1.43911691617901,0.15106273373591,0.229870246640558,-6.2202836010223
"EMILIN2",-0.184492108877227,-0.0524983044713714,-1.43849233285477,0.1512396301793,0.230084593446469,-6.22117491557941
"MON2",-0.0917255752707522,0.000864118818987113,-1.4380879876089,0.151354234616838,0.230204094337426,-6.22175173461044
"CRP",-0.494731221048947,-1.6607615676512,-1.43781326106487,0.15143213885714,0.230267731984482,-6.22214355461645
"PFDN5",-0.119274369643521,0.229133863404931,-1.43566437164176,0.152042558718484,0.231140889861314,-6.22520578928611
"ISG20",0.238410914422132,-0.282005808028341,1.43469272881727,0.152319183502457,0.231506304847224,-6.22658892575918
"LYRM9",-0.206421062068025,-0.223603444710279,-1.43448376322463,0.152378725841423,0.231541685982267,-6.22688626807755
"NOL9",0.10865233576926,0.0529187426459708,1.43345042798227,0.152673424428882,0.231934288598242,-6.22835599765801
"PDK3",0.175392532373763,-0.0845445144833664,1.42977382452694,0.153725494320711,0.233476993634096,-6.23357680912018
"ATG7",-0.0974868011739317,0.0202480360691669,-1.42829881433725,0.154149125214092,0.234064724017117,-6.23566761542732
"MINK1",-0.106694020596852,-0.177372406496497,-1.42774586414062,0.154308164967538,0.234250507208209,-6.23645086529676
"NUDT8",0.183797050531353,-0.127743944286638,1.42749724112366,0.154379714822041,0.234303417907946,-6.2368029403402
"MLXIP",-0.128704089659375,0.0274081948676378,-1.42669318468342,0.154611283185663,0.234599107210184,-6.23794115000085
"PXN",0.0947751818013602,-0.0760777675252056,1.4264843444048,0.154671472555798,0.234607147332832,-6.23823667739302
"MCF2L",-0.121483781210073,-0.282008573895442,-1.42641983264467,0.154690068953989,0.234607147332832,-6.23832795857809
"PPP2R5B",-0.0895056042540006,-0.136094765257436,-1.42592315975357,0.154833298849931,0.234759882895521,-6.23903059142342
"PAFAH1B2",-0.165196531605605,0.0706597209236795,-1.42581566571069,0.154864311159896,0.234759882895521,-6.23918262920294
"EIF1B",0.162019125307217,0.117211643022125,1.42553997291913,0.154943870907866,0.234824736707031,-6.23957251273204
"EPN3",-0.195136611650997,-0.156699941528094,-1.42502896736852,0.155091419940975,0.234992576251336,-6.24029497758734
"ARHGAP32",-0.127815736189357,-0.00381133176996785,-1.42409503607318,0.155361362522079,0.235345741329413,-6.24161471806912
"HYPK",0.120322877815921,0.0783225777746808,1.42227332011204,0.155888940386839,0.236088919442592,-6.24418652976984
"CCNK",0.107509027107431,0.0759505582494196,1.42197296621914,0.155976055328918,0.236112444246365,-6.24461024280601
"TPD52L1",0.283722767614365,-0.326334069224519,1.4219647729361,0.155978432236675,0.236112444246365,-6.24462179993547
"PDK1",-0.190498289554106,-0.108712257216548,-1.42122020315849,0.156194550503547,0.236383551781263,-6.24567178678286
"FIBP",0.095143262778385,-0.0111462893719243,1.42099651415787,0.156259522860511,0.236424451487769,-6.24598712525761
"CCDC91",-0.152148794826819,-0.227081590604174,-1.42087222736283,0.156295631907576,0.236424451487769,-6.24616231343583
"NEDD4L",-0.154799932043213,-0.346500581214421,-1.41886973032883,0.156878294270904,0.237249623145363,-6.24898284205913
"STK26",0.163026521289774,-0.077383845148984,1.41766812380101,0.157228716497318,0.23772326659611,-6.25067342536715
"LEO1",-0.121186939391074,0.166635253909969,-1.41718722947392,0.157369125655815,0.237879229950847,-6.25134961638918
"MRPL20",0.137902947526466,0.189293262787542,1.41649190974961,0.157572310444959,0.238113920903326,-6.2523269126786
"USF2",0.111647211427083,0.14977520411622,1.41640072523503,0.157598970984723,0.238113920903326,-6.25245504057451
"SP3",-0.109262022272732,0.231852770073716,-1.41605078950842,0.157701317106706,0.238212185882734,-6.25294667702682
"FARP1",-0.134009462756808,-0.190425899801951,-1.41546932934907,0.157871489299186,0.238412833295956,-6.25376332455449
"FBXO38",-0.137411958321325,0.0387404582474359,-1.41458797161488,0.158129696945938,0.238705865068366,-6.25500053962149
"TOMM22",0.126591157882111,0.145287688005159,1.41455180624488,0.15814029901945,0.238705865068366,-6.25505129087475
"DNAJC19",0.172880726832495,0.288717484893015,1.41353010584118,0.15844003949366,0.239101784960298,-6.25648452441955
"IDI1",0.216345122629973,-0.134339811671843,1.412996517662,0.158596752126545,0.239281725502834,-6.25723263117868
"SAP18",0.0837221532277153,0.317486264857356,1.41261031351276,0.158710252194303,0.239396399778083,-6.25777392699398
"SOS2",-0.116202747774725,-0.141737466909983,-1.4124021612086,0.158771450892235,0.239432147838196,-6.2580656083672
"MRPL21",0.134097522015612,0.147471086522942,1.41154864023268,0.159022581573641,0.239754234556717,-6.25926119319184
"CC2D1B",-0.0783360589796253,-0.0183764071139755,-1.41090280421935,0.159212805897662,0.239984363941589,-6.2601653850297
"C19orf53",0.203907303771051,0.0786510656376359,1.40914318513907,0.159731961007395,0.240710071048435,-6.2626268357542
"GPX1",-0.117112374994265,0.208936806186721,-1.40597468924484,0.160670030186147,0.242066574501782,-6.26705144708309
"CRTC2",-0.107406642942782,-0.0471104037413924,-1.40578112194482,0.160727473237968,0.242095993541973,-6.26732143305073
"DDX41",0.0961166620909946,0.237882302814679,1.40304607411381,0.16154079340852,0.243263671205991,-6.27113232767094
"SRGAP1",-0.111238756551432,-0.106672163030228,-1.40226452477185,0.161773774964087,0.243557074545083,-6.27221995677682
"RELB",0.12080232613916,0.0587992029970586,1.40205444395723,0.161836443943864,0.243568910002803,-6.27251220985429
"SEC13",-0.0871738656985981,0.368216943546793,-1.40191546208757,0.161877913591673,0.243568910002803,-6.27270553014094
"GTF2B",0.104490376549278,0.156510233108845,1.40185459626438,0.161896077376961,0.243568910002803,-6.27279018700824
"MBLAC2",0.123843529834292,-0.288179955713934,1.40172417083608,0.161935004579292,0.243570083448476,-6.27297158049345
"PBDC1",0.128017565833563,0.234714262846382,1.40149217721882,0.162004263696164,0.243616868511543,-6.27329419208774
"SNRNP27",0.124980521614126,0.277748720553111,1.40094966129159,0.162166313466904,0.243803134326861,-6.27404841173534
"GFOD2",0.126814030963359,-0.269240394791736,1.40070620363734,0.162239074319797,0.243855105822011,-6.27438677905159
"RNPEP",-0.137671929933369,-0.0495783297421773,-1.40017427822178,0.162398134049425,0.244036734738898,-6.27512586837329
"ACOT13",-0.192162081188152,0.101442841640878,-1.39892858410359,0.162771091923996,0.244539628690521,-6.27685562556235
"ARHGAP1",-0.109314542417363,0.206324120727302,-1.39811172521119,0.163016009632685,0.244846246782871,-6.27798908092808
"RRAGC",-0.100806493749556,0.0221809320885654,-1.39798680881842,0.163053487744607,0.244846246782871,-6.27816235448466
"PRKCZ",-0.114498327480739,-0.333625573758845,-1.3978643823525,0.16309022514762,0.244846246782871,-6.27833215937836
"RNF7",-0.153607436829315,-0.067803551399134,-1.39711751791091,0.16331447801939,0.24512528024302,-6.27936773832573
"SCOC",-0.160739456427948,-0.00515202527658627,-1.39654207075588,0.163487420506959,0.245327186824191,-6.28016526237084
"SLC39A14",0.195201842668335,-0.110628110103268,1.39581635049393,0.163705723130436,0.245597049386239,-6.28117059006635
"ARL8A",0.13083719129448,-0.134784816192974,1.39463290972353,0.16406218511031,0.246074007970245,-6.28280888235356
"HLCS",0.122595045184485,0.0405430404730119,1.39445421191422,0.16411606135365,0.246097006045809,-6.2830561427326
"REEP5",0.169418558418026,0.00155871617174773,1.39297637888471,0.164562131896819,0.246707962470342,-6.28509978878386
"PARP1",0.156561792309668,0.210010409290111,1.39112884154613,0.165121083716731,0.247487821486228,-6.2876516743325
"UCK2",0.182843423747756,-0.0718000437010136,1.39070185271743,0.165250468421275,0.247588451754994,-6.28824097058977
"GNL1",0.0905692143633075,-0.0203119784090459,1.39065135131072,0.165265776253686,0.247588451754994,-6.28831065681895
"GFPT1",-0.179240863274152,0.173065923380777,-1.38975467031303,0.165537754008467,0.247917028204397,-6.28954755872847
"MAU2",0.102668969292791,-0.01099619386186,1.38967229160058,0.165562757754667,0.247917028204397,-6.28966115422759
"YLPM1",0.0822587678739156,0.203145878780935,1.38737117122717,0.166262352383382,0.248906241493059,-6.29283157724987
"ARHGEF7",0.0733366276701459,0.0512804661799694,1.3870654786092,0.166355457902709,0.248987247704829,-6.29325236172603
"SAMD9",0.16788107218013,-0.0327997285790443,1.38691527827313,0.166401219198667,0.2489973715921,-6.29345907821637
"CBLL1",-0.0742861921853402,0.0877231563902156,-1.3854421187203,0.166850548417091,0.249611235155372,-6.29548537347657
"SLC30A9",0.167225338690241,-0.0427041202904182,1.38420218064246,0.167229452129867,0.250119478062591,-6.29718922854331
"PDHX",-0.136717007053001,0.128143761598439,-1.38335191286521,0.167489654441316,0.250449986793397,-6.29835674843885
"FNBP4",0.102722430154935,0.131775902460748,1.381344882458,0.168105065377571,0.25131136559021,-6.30110983010451
"EEA1",-0.110506941857524,0.20043401920506,-1.3810127372156,0.168207074537613,0.251405002556802,-6.30156505899037
"NF1",0.11083025387494,-0.041595705722523,1.38060489413327,0.168332396024464,0.251533430520992,-6.30212388918097
"HAPLN1",-0.309162146375218,-1.34567871084052,-1.37904426339966,0.168812594791284,0.252191955484873,-6.30426077247661
"GFPT2",0.205876132706067,0.0951852448868627,1.37815003237651,0.169088210399721,0.252544613661337,-6.30548411570271
"RPL31",0.115227437640592,0.222512690389285,1.37551790190059,0.169901441002973,0.25369988325631,-6.30908042113273
"DNTTIP1",-0.109102990039109,0.0613919631136529,-1.37431494485673,0.170274089225909,0.254196880922943,-6.31072177009573
"MCL1",0.119609324876358,-0.053189582556877,1.37412499289904,0.170332988146445,0.254225369171354,-6.31098081618876
"CDV3",-0.138143003384364,0.159035681336447,-1.37388391548461,0.170407761757764,0.254277531858688,-6.3113095334124
"BPHL",-0.194117166447981,0.108519563277642,-1.37367378562318,0.170472956692925,0.254315380486992,-6.31159600609035
"HDLBP",-0.0940541163212596,0.392178355322135,-1.3719679923608,0.171002891379936,0.255046358668743,-6.31391993228545
"CFAP36",-0.113580858502394,0.0550394862243151,-1.37178249545525,0.17106059388753,0.255072837919636,-6.31417247610893
"DCUN1D3",-0.147151655041628,-0.0571506268262206,-1.37072502394692,0.171389821251464,0.255504087950174,-6.31561152054649
"RBMXL1",0.131296800415249,0.12005383374207,1.37009463398003,0.171586309975675,0.255737299065053,-6.31646885542299
"CASP9",-0.103014328400901,0.0800163009764881,-1.36966852784535,0.171719220578344,0.255838972481207,-6.31704814197405
"ACAP1",0.181214086941316,-0.255036712510502,1.36961902970864,0.171734665004613,0.255838972481207,-6.3171154225913
"NUP37",-0.0804018441887725,0.215220901542461,-1.36924738008199,0.171850660613271,0.255952056919928,-6.31762051262448
"EIF4B",0.104640090632042,0.183165556586043,1.36653228236066,0.172699857521111,0.257156854074696,-6.32130635169421
"FGB",-0.283791851099778,-0.588010674872574,-1.36613619326613,0.17282400471251,0.257281713707013,-6.3218434517539
"CYB5R1",-0.172554615420767,-0.131011267533151,-1.36562816764438,0.17298333455825,0.257458879056976,-6.32253211331011
"UGGT2",0.129747708042909,0.166414058726751,1.36466345238932,0.173286197568819,0.257849538913285,-6.32383915008975
"GUSB",-0.23133043407746,-0.360894063826965,-1.36425744932188,0.17341377726659,0.257979256255167,-6.32438894706117
"MAP3K3",0.245907619455061,-0.350584969895526,1.36238453736396,0.174003221684314,0.258795846833064,-6.32692309308917
"GEMIN5",0.0950236009070246,0.174552019688979,1.36217894799783,0.174068016400698,0.258831924713195,-6.32720105638521
"MED23",0.0941131844813879,0.0528167145094275,1.36160116508771,0.174250210684473,0.259042513438966,-6.32798201498137
"NHP2",0.123269779087328,0.323861830692914,1.35780313145684,0.175451420278359,0.260767532234013,-6.33310746101079
"ITGB4",0.200048978063029,-0.194304610404955,1.35691512449878,0.175733164500449,0.261125495772717,-6.33430378432674
"PRKAA2",0.248917058002077,-0.406366388516511,1.35677765885667,0.175776809474145,0.261129578523131,-6.33448890891495
"SH3PXD2B",0.149951720514703,0.255555674838387,1.35657904668059,0.175839882650886,0.26116251470712,-6.33475634660949
"PNKP",0.105543281981362,0.126645830958629,1.35549828613611,0.176183396456752,0.261611857296828,-6.33621094695103
"KIFAP3",-0.0910170588420919,0.0905751880584216,-1.35481751250214,0.176400034467308,0.261872638938331,-6.33712661464433
"GTF3C2",0.0843271381990114,0.121465912958372,1.35334711196905,0.176868630700021,0.26250725407244,-6.33910280967122
"ARPC5",0.0962310361511427,0.263208625151258,1.35163729928348,0.177414695142385,0.263224483379621,-6.34139810216728
"C1QTNF3",-0.32495817495063,-0.295596545919125,-1.35157590295464,0.177434326776177,0.263224483379621,-6.34148046866148
"PMM2",-0.148903830694741,0.37490390426512,-1.35109376265432,0.1775885488691,0.263392075384252,-6.34212715731742
"EPM2AIP1",-0.144597193206104,-0.104691521491526,-1.35048378431424,0.177783806126348,0.263620437091671,-6.34294498654834
"TVP23C",-0.259250660308253,-0.352924601348226,-1.35004374231046,0.177924765535691,0.263768197804827,-6.34353474663793
"TSPO",0.209883746544067,0.101942528292016,1.34980416891301,0.1780015436209,0.263820765092722,-6.3438557515906
"ECHDC1",-0.156894972903165,-0.272013203687884,-1.3496571150749,0.178048683459746,0.263829390552443,-6.34405276146456
"TPPP3",-0.284792793348642,-1.57006188360954,-1.34946931763116,0.178108897712231,0.263832409666739,-6.3443043251934
"LIMK2",-0.121189685219344,-0.053475488317601,-1.34939303063868,0.178133362266767,0.263832409666739,-6.34440650540894
"C1orf226",-0.168673020000903,-0.0569855355156935,-1.34919143296491,0.178198024925536,0.263866973364923,-6.3446765015832
"BROX",-0.154333938397685,0.18103866996656,-1.34762568125877,0.178700838913432,0.264550163798345,-6.34677212669544
"YTHDF2",0.0925380955112728,0.293391518737477,1.34731088760482,0.178802057315544,0.264591014255377,-6.34719316057838
"PDAP1",0.112877596846872,0.201256195019396,1.3472821120726,0.178811311904769,0.264591014255377,-6.34723164275962
"SYNE2",0.131238887282558,-0.126851160134824,1.34700126404912,0.17890165511362,0.26466336142272,-6.34760718459884
"KRT1",0.263019248792482,-1.23563207554959,1.34637686217852,0.179102634936338,0.264899310648255,-6.34844183923367
"MTUS1",-0.228067640550254,-0.170071709721953,-1.34615124099501,0.179175298393514,0.264945409968176,-6.34874333894783
"ARHGAP30",0.154379662897286,-0.163797290088979,1.34584264899497,0.179274719048868,0.264969005799008,-6.3491556324243
"FILIP1L",0.172734874396525,0.0453771953084104,1.34581574264145,0.1792833895583,0.264969005799008,-6.34919157615135
"ALDH5A1",0.25097329438708,-0.160037581868129,1.34571532518503,0.179315751614333,0.264969005799008,-6.34932571579893
"TNFAIP8L3",0.182272210936649,-0.450603769168046,1.34525560297768,0.179463964392719,0.265126657253011,-6.34993969551745
"ZDHHC5",0.107997326925494,0.0069334661399931,1.34471963637557,0.179636873568965,0.26532071194491,-6.35065524109854
"TNFAIP2",-0.167575717156589,-0.126663464728845,-1.34441718972442,0.179734501328999,0.26536480514111,-6.35105889992473
"ALG2",0.107379028842554,0.00731818163088369,1.34436965621035,0.179749848431527,0.26536480514111,-6.35112233211196
"TWF1",-0.0911763182374336,0.236951678491366,-1.3439899376496,0.179872482946086,0.265477203226603,-6.35162897660786
"TMC5",0.231575549632241,-0.0758504094622357,1.3438764726071,0.179909139915663,0.265477203226603,-6.3517803413667
"TXNRD2",0.152016167570437,-0.190809205012716,1.34293346173512,0.180214012728351,0.26586563569097,-6.35303784868274
"WDR41",-0.0990877603787325,-0.0110646060698058,-1.3413016299055,0.180742490075131,0.266583691182654,-6.35521183777288
"SDCBP",0.147359250601144,0.0523183568596121,1.33908730185663,0.181461459448847,0.26758231376002,-6.35815766963129
"CRMP1",0.213777384296638,-0.93855337213645,1.33724342750933,0.182061771466115,0.268402980325872,-6.36060699460749
"MRPS35",0.13461317402982,0.266727341934938,1.33711981483349,0.182102069032369,0.268402980325872,-6.36077107706973
"CTNND1",0.0974123534990473,-0.0882692544283675,1.3361504038698,0.182418326151808,0.268807064961758,-6.36205734507332
"RAB6B",0.211698585545519,-0.148840241440183,1.33357496731403,0.183260514239852,0.269985782976801,-6.36547009396544
"PSMD4",-0.0735645566047819,0.330334485782485,-1.33343304141659,0.183307009127874,0.269991984609337,-6.36565797269622
"ITIH4",-0.201865698783492,-0.497127697558705,-1.33271638162995,0.183541920800222,0.270275637525235,-6.36660637078926
"PTMS",-0.219185307613864,-0.456622407749243,-1.33152452396211,0.183933092068176,0.270789207483353,-6.3681825092764
"VWF",0.131473541732968,-0.511928841674167,1.33114056479617,0.184059240603033,0.270863074165994,-6.36868996811921
"GTF2E2",0.130349414081709,0.332390054837123,1.33111357800621,0.184068109444988,0.270863074165994,-6.36872562970898
"ELOC",-0.0926506610643338,0.270641081051731,-1.32959861827592,0.184566490295132,0.27150160361484,-6.37072642031504
"SAMHD1",0.137321179645184,-0.0947000989549751,1.3295361170803,0.184587073029291,0.27150160361484,-6.37080891653934
"PRR15",0.273225017061038,-0.304339414295794,1.32762215985876,0.185218199096197,0.272367158274808,-6.37333331845238
"PKLR",0.188306197772291,-0.928521347422197,1.32650909935088,0.185585966655809,0.27280370121702,-6.37479972805183
"EMC2",0.083825982013785,0.0710834129952523,1.32646510684378,0.185600513404343,0.27280370121702,-6.37485766130002
"TMEM30B",-0.188187908738575,-0.361044861682691,-1.32570183379176,0.185853035344492,0.273106284992285,-6.37586250457472
"PISD",0.141369652298835,-0.0947691358845395,1.32558436689752,0.185891920842047,0.273106284992285,-6.37601709805477
"RBFOX2",0.104086903256003,-0.107003210485803,1.32279076362496,0.186818478883143,0.274376628037045,-6.37968965354016
"TPP2",0.102194890980114,0.0845367586720228,1.32271837415678,0.186842533861405,0.274376628037045,-6.37978471703263
"TTPAL",0.103376885242271,0.233050768926455,1.32052517035557,0.187572424255749,0.275385129655773,-6.38266244152413
"SMPDL3A",-0.202824075880258,-0.21112547186863,-1.32021708491626,0.187675123123814,0.275472565780587,-6.38306630499006
"CTSC",-0.192899603045744,-0.275297312582173,-1.3195130811902,0.187909956014682,0.275753865583485,-6.38398882039327
"SEC24C",-0.076854769173693,0.150988652854264,-1.31917346628947,0.188023318427026,0.275856821727152,-6.38443367232432
"STX8",-0.0933226471146751,-0.0516286800399451,-1.31737930911246,0.188623044007513,0.276673130252233,-6.38678190749057
"RPS17",0.07431666098828,0.321564003657193,1.31699332192538,0.188752251406198,0.276799064131505,-6.38728668325707
"ARFGEF2",0.10898380213018,0.110446867890983,1.31556065811483,0.189232402210323,0.277439469141885,-6.38915897326769
"CCDC51",-0.134572796314328,0.148922159152167,-1.31316387864805,0.190037693221206,0.278556168782691,-6.39228671804278
"CASP4",-0.133833626454114,0.11573470614129,-1.31300135456001,0.190092391157372,0.278559587895874,-6.3924986040866
"SUMO3",-0.158300578905517,-0.0416868551921837,-1.31281480602246,0.190155188947307,0.278559587895874,-6.39274177931585
"RPS16",0.11135043123971,0.342218471127471,1.31276811961505,0.190170907382634,0.278559587895874,-6.39280263200363
"HARS2",-0.160339267065428,0.248668201553129,-1.31211032559801,0.1903924764572,0.278820174811749,-6.39365979595683
"SYPL1",-0.138861665846968,-0.166277091160578,-1.31154562141033,0.190582841761546,0.279034956351175,-6.3943953164543
"TMSB10",-0.214508209802433,0.111990966392147,-1.31068018028741,0.190874860500137,0.279398437481288,-6.39552193517539
"TUBA4A",0.162996465667179,0.207466527472328,1.31030754943378,0.191000696132798,0.279467337645189,-6.39600679397137
"TKTL2",-0.296426868467168,-0.202446648220817,-1.31028157665425,0.191009469300486,0.279467337645189,-6.39604058407542
"DMTN",-0.178303133605148,-0.947656315879257,-1.31014111583229,0.191056919763906,0.279472722266333,-6.39622330951209
"NAA38",0.0941608376159034,-0.0168303145956009,1.30954530557296,0.191258293222623,0.279703207106378,-6.39699818335889
"ZRANB2",0.110931073246538,0.143083274075212,1.30908610113842,0.191413603321073,0.279866237051764,-6.3975951581273
"PDP1",0.126049775470615,0.0397142496170057,1.30861879512335,0.191571749171608,0.280033337559688,-6.39820245238996
"MGMT",-0.168068393026321,0.0141483783036825,-1.30824179576073,0.191699403767599,0.280155800653725,-6.39869223095505
"MLH1",0.115664912693459,0.172951914983874,1.30778274010825,0.191854928038981,0.280318928038649,-6.3992884243486
"POF1B",0.323367357493155,-0.0500143324807937,1.30706328245038,0.192098861863099,0.280611126285949,-6.40022239534345
"IGFALS",-0.155772550255926,-0.295629264079753,-1.30675067482847,0.192204923583286,0.280701838307246,-6.40062805146614
"RICTOR",0.0993171772186766,0.0188455412890939,1.30654717317916,0.192273990994448,0.28073849359697,-6.40089207432496
"HMG20A",-0.0919065740302152,0.123111575685427,-1.30638122007259,0.192330328190485,0.280756549038923,-6.40110735161279
"RAB33B",0.110806865580593,-0.0750507131630334,1.30594506815792,0.192478449675825,0.280908548841176,-6.40167300651439
"PIK3CA",-0.0949817365497326,-0.0705116119105044,-1.30425539343404,0.193053075106091,0.281682788974496,-6.40386261749261
"RAPGEF1",-0.0795981053637256,-0.0807519645378249,-1.30180454069333,0.193888810917513,0.28283757315703,-6.40703363539735
"COG2",-0.108580587225337,0.216435340615034,-1.30126185553386,0.194074225731149,0.283043383118636,-6.40773498634232
"IL4I1",0.244047177667396,0.114970219674565,1.30030520089234,0.194401396443466,0.283455792713298,-6.40897063488975
"PALMD",-0.153519563530472,-0.512007794827658,-1.29944681225434,0.194695306625144,0.283819528036882,-6.41007859400977
"CDK5RAP1",0.115150946723472,0.177930876507738,1.29869103681362,0.19495435327519,0.284079961466821,-6.41105350635711
"NUDCD3",-0.116656452400925,0.154938495724885,-1.29866598870073,0.194962943014504,0.284079961466821,-6.41108580755285
"NACA",0.104153990648532,0.249826132797788,1.29798850738757,0.195195377187416,0.284353749336447,-6.41195923054924
"LMAN2L",0.135843708708721,-0.160392822548375,1.29710907082269,0.195497403711884,0.284689863868506,-6.41309234557141
"SMARCC2",0.078737193888265,0.223855850356542,1.29705705471146,0.195515278475082,0.284689863868506,-6.41315934221368
"PPCDC",-0.108775615054166,-0.0945725847413828,-1.29623747416138,0.195797077194694,0.285035188756982,-6.41421460917879
"SNIP1",0.11087925121959,0.0727216440137247,1.29534102516131,0.196105648106742,0.285419321440972,-6.41536809359186
"HAUS4",0.0979033347679311,0.0617245500509516,1.29429961549457,0.19646456587547,0.285876538996098,-6.41670711085449
"BRK1",-0.0945899182125746,-0.0793780205423746,-1.29400523820761,0.196566109429499,0.285919323617076,-6.41708542019497
"TUFM",-0.122203303401844,0.210485133438706,-1.29395475058554,0.196583528688953,0.285919323617076,-6.41715029415346
"LPA",0.310302792062812,-1.2543113593449,1.2905250312808,0.197769512453172,0.28751543602999,-6.42155143780968
"EVI2B",0.189441375131398,-0.229454505849986,1.29051119478556,0.197774307687352,0.28751543602999,-6.42156916989717
"HLA-DQA1",0.343640615705561,-0.675162467737582,1.29039083534511,0.197816023567697,0.28751543602999,-6.42172340796441
"CD300A",-0.142460463085574,0.14192408159755,-1.28848827900726,0.198476297765254,0.288389159913629,-6.42415960174188
"ULK3",0.112317928381579,-0.165501887099598,1.28839849939743,0.198507495351668,0.288389159913629,-6.4242744752122
"TTYH3",0.206321739529334,0.178157335803094,1.28783476244271,0.198703471062201,0.288608203533248,-6.42499559843842
"SIVA1",0.214886727458282,-0.0474828551678527,1.28767984314522,0.198757351590808,0.288620807347581,-6.42519371398017
"GRN",-0.139603594826938,0.031223535464798,-1.28735242779659,0.198871261094994,0.288642720632282,-6.42561234512577
"CCDC80",-0.239390471871797,0.392878760629664,-1.28725833158024,0.198904006524429,0.288642720632282,-6.42573263644234
"MVD",0.146170994168064,-0.217328715070412,1.28724668097691,0.198908061203139,0.288642720632282,-6.42574752980878
"EPHX1",-0.229713284716152,-0.535721257983086,-1.28672402973505,0.19909001832548,0.288841119520153,-6.426415515572
"PPME1",-0.116643812701994,0.221288172022679,-1.28658933606434,0.199136930717528,0.288843548984874,-6.42658762021773
"CTU1",0.104831297436698,0.0521192150848293,1.28574543494856,0.199431037325258,0.28915082604982,-6.42766550770604
"CLIC4",-0.116330935788234,-0.151119972596054,-1.28560076338743,0.199481488569463,0.28915082604982,-6.42785022168807
"FHL3",-0.167836042858717,0.368277381313434,-1.28559174429528,0.199484634103282,0.28915082604982,-6.42786173641723
"ELMO3",0.160711297331363,-0.142903297579004,1.28390582806926,0.200073260373341,0.289938213228275,-6.43001275107584
"HNRNPUL2",0.0806774445455178,0.240368646214822,1.28254991934618,0.200547590318611,0.290559646967173,-6.43174069056373
"SBF1",-0.0790084973544455,-0.0476965485419304,-1.28146849146264,0.20092649080841,0.290946001886921,-6.43311754205913
"PTK6",-0.173282947877806,-0.0272242059158701,-1.2814015634498,0.20094995764319,0.290946001886921,-6.43320271562855
"TNFAIP3",0.108883462483174,-0.0437483007155094,1.28128393757094,0.200991205436506,0.290946001886921,-6.43335239737229
"EIF2B2",0.0728525072139677,0.182715811266876,1.28126876813653,0.200996525344277,0.290946001886921,-6.43337169984995
"ANAPC10",-0.0779651101648516,0.102435509002512,-1.27918578752922,0.201728005230039,0.291938647641387,-6.43602005783119
"KIAA1143",0.129149516639888,0.0985946359367147,1.27854404142601,0.201953759498404,0.292199128574055,-6.436835131524
"IRF6",-0.179530309157559,-0.124579895163394,-1.27800717759462,0.202142760226546,0.292353714990726,-6.43751668445534
"RSF1",0.129859025245687,0.0764586882218576,1.27798043781738,0.202152177241042,0.292353714990726,-6.43755062340685
"MRPS12",-0.137209420084433,0.111266142619148,-1.27643093332626,0.202698418854897,0.293077310776385,-6.43951610151991
"FNDC3A",0.122373179736985,0.0698589366283262,1.27600700642811,0.202848052397402,0.293227261615895,-6.44005342275774
"FPGS",-0.127439429061078,0.129267190860299,-1.27477281985968,0.20328414358206,0.293791140056916,-6.44161673024316
"GTF2H3",-0.0902365992387563,0.014043134246831,-1.27364667535551,0.203682656833729,0.294235504585631,-6.44304187706406
"SMARCD1",0.0901487537352262,0.0184687437416918,1.27364350594281,0.203683779211979,0.294235504585631,-6.44304588622666
"SESTD1",-0.0924898882963244,-0.361082142893468,-1.2728135474507,0.203977846541252,0.294593655319134,-6.44409540588656
"ERGIC2",0.147856760312145,0.11067202772336,1.27162845239091,0.204398282119161,0.295134109301412,-6.44559283736633
"DAAM2",-0.150154824808967,-0.132673019617874,-1.27093316773077,0.204645242465443,0.295422560607917,-6.44647072410718
"TSC22D1",-0.137167020346296,0.0311609166200234,-1.27080556825987,0.204690588587224,0.295422560607917,-6.44663178329668
"PIK3C2B",-0.103689958287967,-0.141256435316626,-1.2700035473257,0.204975777744726,0.295767308677984,-6.44764374720007
"DNPEP",0.12391855551386,-0.239286773403335,1.26928275351055,0.205232331010252,0.296070590488129,-6.44855268159626
"ATP6V1G2",-0.183800461576973,-0.329490969516742,-1.26894249226635,0.205353522161242,0.296146591252574,-6.44898157980304
"TRAPPC10",0.0816617230487969,-0.0570320886853163,1.26887441103043,0.20537777698769,0.296146591252574,-6.4490673823111
"TSFM",0.152377790327761,0.331588917807981,1.26818814454109,0.205622385169291,0.29643236155022,-6.44993202662571
"PRDX2",-0.137501112599247,-0.757506412174867,-1.26744745100922,0.205886631507454,0.296746307488735,-6.45086472514952
"EPHB3",0.190033255776151,-0.0788752855387771,1.26648485713272,0.206230412160592,0.297174719396385,-6.4520760394226
"BRMS1L",0.0907961786762372,0.0766225131385486,1.26602169707002,0.206395974235928,0.29734618580695,-6.45265854861609
"GMIP",-0.0923513295701419,-0.0106110222376529,-1.26556309889168,0.206560001117033,0.297515363666198,-6.45323511250441
"ANKRD10",0.142818670662983,0.013326530935206,1.26482383064767,0.206824615430754,0.297829312026469,-6.45416410800469
"SMG8",0.0992151552661054,0.162078045818076,1.26436922128601,0.206987461388021,0.29799660450113,-6.45473512227407
"WIPF1",-0.115909537140926,-0.0317886962939354,-1.26369854568055,0.207227875248239,0.298220948749681,-6.45557715640459
"AFF4",0.120274326205341,0.100342176769533,1.2636739295408,0.207236703148369,0.298220948749681,-6.45560805358351
"FHL2",0.18241401031362,0.543198591249555,1.26241430778929,0.20768879774104,0.298804185123149,-6.45718828403008
"NUDT18",-0.0930266905797908,0.026447675236321,-1.26199322221887,0.207840090969364,0.298954489939037,-6.45771619947702
"SELENON",-0.108066994048485,0.0738938255566892,-1.26174323214091,0.207929948707009,0.299016378940147,-6.45802952980128
"SMDT1",-0.142758773310129,0.154066956169975,-1.25925445186458,0.208826072574626,0.300237440528932,-6.46114554229781
"ARHGAP21",-0.111253827012319,-0.148926167596004,-1.25870448638825,0.209024474841839,0.300455036439699,-6.46183329021914
"EIF1",-0.0900833697099084,0.14410094147364,-1.25782868626511,0.209340706391344,0.300841865925891,-6.46292788968596
"SUMF1",-0.141004407300196,0.16017434187485,-1.2562227307859,0.209921484559365,0.301608613616459,-6.46493309720646
"GABARAP",0.170757580710002,0.0918443051049578,1.25581277881724,0.210069927249038,0.301714001963967,-6.46544455964444
"STRAP",-0.0790145563179286,0.226492109028433,-1.25575917520981,0.210089342636147,0.301714001963967,-6.4655114241136
"CRABP1",0.398732371472044,-2.21351625833139,1.2554395651714,0.21020513343126,0.301812407681268,-6.4659100429983
"RPP14",0.126008804168696,0.0513837376635449,1.25527246051581,0.210265691864914,0.301831484387922,-6.46611841656625
"SRRM1",0.0794426707575822,0.227548682102512,1.25395235337798,0.210744542281745,0.302450865917946,-6.46776357746354
"SNRPA",0.0939571560025449,0.158845348326307,1.25341192964354,0.210940801878994,0.302664498875815,-6.46843657664928
"RAB3D",0.198342133645366,-0.158710792590855,1.25318381845092,0.211023682292888,0.302705214542846,-6.46872056128744
"DENND4C",0.0882700156740562,-0.0480902200935848,1.25307288654624,0.211063996107244,0.302705214542846,-6.46885864629681
"CYHR1",0.112886781679554,0.260490885468947,1.25262624055757,0.211226368544284,0.302870056850494,-6.46941449652577
"MRC1",-0.175595113258032,-0.557133733854524,-1.25054509047934,0.211984140426257,0.303827657584934,-6.4720018964403
"AKAP9",-0.090444395884185,0.0724418106836208,-1.25053070931,0.211989383639919,0.303827657584934,-6.47201976107256
"RPS20",0.0966694302360062,0.258620129833249,1.2502996296617,0.21207364560688,0.30384470469529,-6.47230678582908
"DERA",-0.0884555542410773,0.0189961444451079,-1.2502370957639,0.21209645243961,0.30384470469529,-6.47238445034666
"SURF1",0.142300771308071,-0.00454104995758546,1.25009699062761,0.212147556858523,0.303849742158293,-6.4725584411699
"DUS1L",0.0932023754113689,0.0826911586955941,1.24938447410523,0.212407590999825,0.304153951229846,-6.47344298733441
"MBD1",0.0974116056750855,0.0453070895055206,1.24823999390564,0.212825754994047,0.304663187531752,-6.47486274464256
"FGA",-0.265723476738334,-0.617511508350139,-1.24815003251967,0.212858649894933,0.304663187531752,-6.47497428943239
"MTCH2",0.138023265626464,0.105673099885768,1.24772033190657,0.213015823284437,0.30481981884158,-6.4755069733219
"TRAPPC11",-0.0693280731580565,0.0242432766479867,-1.24756275754929,0.213073481001967,0.304834007662461,-6.47570226686939
"PDE5A",-0.162872802048492,-0.808459822055663,-1.24644085571472,0.213484321022602,0.305353357914272,-6.47709201647061
"BAG4",0.143174745154223,-0.00791467518399317,1.24588437805132,0.213688315860582,0.305570880367953,-6.47778089051278
"MAPKAP1",-0.0700155421820012,-0.00937083690015,-1.24576494965391,0.213732114600357,0.305570880367953,-6.47792869342779
"RBP1",0.277867388970975,-0.616609525554447,1.24527081751885,0.213913399988139,0.305761598147362,-6.47854007527505
"LETM1",0.156490164036449,0.0236482547286395,1.24372273511603,0.214482076113876,0.306505831689145,-6.48045393745896
"ACSS2",-0.140242757057887,-0.228796119581422,-1.24341359906233,0.214595765896651,0.306599678955049,-6.480835833451
"CDK9",0.0896462256601785,0.225951258142043,1.24323660986111,0.214660876180729,0.306624092710057,-6.4810544374545
"MSRA",-0.124756755664268,-0.139238730787102,-1.24233235548654,0.214993753974373,0.307030892222405,-6.48217082464347
"CPNE2",0.114467876415531,-0.112641616612619,1.24190546238698,0.215151033388861,0.307186795211958,-6.48269758475788
"IDE",0.103133109210794,0.175575199873039,1.24159218215542,0.215266507605653,0.307282953512653,-6.48308403940159
"NFU1",-0.128504907038407,0.160411769999152,-1.24131402493719,0.215369073168167,0.307314438587558,-6.48342708622289
"ISCU",-0.104348606964939,0.293357167415719,-1.24127131240619,0.215384825791593,0.307314438587558,-6.48347975615601
"NFATC2IP",0.132407075474335,0.0943599618221949,1.24095532063039,0.215501391252907,0.307384998868173,-6.48386935805855
"TAF15",0.153758621840937,0.191031984334456,1.24087626172386,0.215530562244763,0.307384998868173,-6.48396681832901
"EIF4E2",0.0775927731973869,0.0966998216340579,1.24048567801821,0.215674720941958,0.307466880572339,-6.48444822211918
"DAPK2",0.177624992086087,-0.287392755856449,1.24045977252961,0.215684284742914,0.307466880572339,-6.48448014594616
"GFM1",0.126966610956079,0.160065131490901,1.23759942366579,0.216742157847042,0.308905954877983,-6.48800094568356
"BCAS1",-0.38839629437725,-1.478837624066,-1.2368442867491,0.217022062864194,0.309235856145476,-6.48892909917435
"DYNC1I2",-0.0657101651852052,-0.0214797751375299,-1.23638957779592,0.217190734835823,0.309407149024259,-6.48948772006935
"MST1",-0.158292509409571,-0.217344371541986,-1.23550218413245,0.217520181766982,0.309771731650646,-6.49057731842256
"MIA2",0.117624422657503,0.0115847784987689,1.23537542068368,0.217567272437727,0.309771731650646,-6.49073290337443
"RSRC1",0.072491787197443,0.233768338798184,1.23529877495028,0.217595748720358,0.309771731650646,-6.49082696795081
"DOCK5",-0.116977091603587,-0.0879115668014169,-1.23517775043265,0.217640718588065,0.309771731650646,-6.49097548525343
"TBC1D13",-0.0870407293746592,0.0662713155046381,-1.2349951566347,0.217708578857112,0.309799259193817,-6.49119953106509
"RBL2",-0.0856415523125905,0.0126386952590273,-1.23218254201971,0.218755807252733,0.311220104569675,-6.49464651266577
"ATP6V1D",0.0914648747455614,0.0979260666156419,1.23200979679785,0.218820244221842,0.311242428014359,-6.49485796563468
"DHFR",0.208992179893894,0.0316134745507634,1.2318686553738,0.218872902590275,0.311247991768131,-6.49503071140515
"TANC1",-0.0934559294334442,-0.185783423792514,-1.23060808170213,0.219343614771493,0.311847913675347,-6.49657268268013
"DOCK11",0.0999519799663745,-0.101230780874747,1.22925858688121,0.219848339761523,0.31249591482131,-6.49822169128613
"MRPS27",0.109132894112394,0.163883964748875,1.22831627400928,0.220201270563271,0.312927912874801,-6.49937208291186
"C11orf52",0.19226099997716,-0.354786287052934,1.22676202107837,0.220784287195796,0.313645582604384,-6.50126763140665
"MRPL54",-0.13695480401102,0.0824783911619325,-1.22658943684872,0.220849093875858,0.313645582604384,-6.50147796639299
"SETD3",-0.0785537852139562,0.0824097943335161,-1.22657731159285,0.220853647515945,0.313645582604384,-6.50149274280251
"ISOC1",-0.157879274743276,-0.273551445957092,-1.22581127195943,0.221141470817948,0.313984498815343,-6.50242598145341
"GDE1",-0.12506800301162,-0.0055718187467131,-1.22446358030578,0.221648493024368,0.314634421511915,-6.50406642366064
"RBBP5",0.0796648640450864,0.128887641598601,1.22378896839345,0.221902606331717,0.31492512590087,-6.50488690567768
"UGGT1",-0.0894448362198692,0.215616172858397,-1.22045665028477,0.22316090169763,0.316640523853193,-6.50893319168053
"KAT8",-0.110927401862821,0.0623195200662577,-1.21926774765599,0.223611074556699,0.317208778281387,-6.51037417710223
"UBTD2",-0.095435033265948,-0.118131262756382,-1.21822184473371,0.224007640334466,0.317700751562765,-6.51164069186212
"PTPN2",0.109517520184774,0.0377160618227652,1.21803893083552,0.224077046044206,0.317728611812626,-6.51186207704667
"CFHR1",-0.212000098034449,-0.128373248480396,-1.21766726865289,0.224218118858769,0.317791070879141,-6.51231180743818
"GOLGA2",-0.0741484236091873,0.234023346969803,-1.21766063311636,0.224220638106583,0.317791070879141,-6.51231983554341
"HABP2",-0.170175651646041,-0.190606796685083,-1.21709050011416,0.224437170708738,0.31796754662088,-6.51300945776479
"TPRG1L",-0.104164457433755,0.0398709856415657,-1.21707054930689,0.224444750606156,0.31796754662088,-6.51303358409207
"B4GALT4",-0.185021308484571,-0.231297870052945,-1.21678537931132,0.224553115148628,0.318050496944097,-6.51337839469832
"CLEC3B",-0.167981086930646,-0.478150743620333,-1.2158689691809,0.224901605087686,0.318473441668856,-6.51448592119883
"SSBP1",0.156633468927053,0.388741599690963,1.21559446701788,0.225006067522351,0.318550718654149,-6.51481750954309
"AHCY",0.141992247208192,0.182249797469231,1.21545170694308,0.225060408960195,0.318557018667889,-6.51498992904364
"TAF9",0.089060556977366,0.170602766768792,1.21499184269084,0.225235519716666,0.318734218393377,-6.51554519693284
"HNRNPH2",0.089618709336014,0.215789151724556,1.21480547303262,0.225306514860444,0.31876403664612,-6.51577017162072
"ITPKC",0.102812597489219,0.0903329506752151,1.21295462077288,0.226012444908141,0.319691949654072,-6.51800255700781
"TMEM120A",-0.16601396527778,-0.125836796647376,-1.21210966534615,0.226335244425956,0.320077638019874,-6.51902056924933
"DLG1",-0.102140967654958,-0.0717220495556699,-1.21197246982891,0.226387688590796,0.320080910463294,-6.51918579767362
"EDF1",0.183974684944953,0.0646356086491188,1.21115769690916,0.226699321986267,0.320450558087738,-6.52016666971164
"RPA3",-0.120744525587188,0.249234253008421,-1.21091093362303,0.226793764332813,0.320513099881587,-6.52046360902679
"MRPS21",-0.154793470616275,0.229029644013929,-1.20950401692675,0.227332764300641,0.321203739778621,-6.52215545784147
"CAP1",-0.0943722915101231,0.137270251685856,-1.20757765383484,0.228072254905452,0.322162490450287,-6.52446879060326
"MRPL46",0.106181442834042,0.334214280047004,1.20747363415686,0.228112234820008,0.322162490450287,-6.5245936018497
"PDLIM1",0.124799469867522,-0.218046848687311,1.20688103150959,0.228340097043427,0.322412985321159,-6.52530445127479
"STUB1",-0.136481651317729,0.0400591466263099,-1.20522790754249,0.228976601998338,0.323165892755489,-6.52728560812283
"GAPDHS",0.182899463726535,0.102607568148171,1.20517193109071,0.228998176885808,0.323165892755489,-6.52735264498565
"RPS6KB1",-0.0865286331208716,0.137145702208021,-1.20510192083844,0.22902516283768,0.323165892755489,-6.52743648424978
"FAM210A",0.169945181799427,0.125324925506971,1.20492151041804,0.229094713802374,0.323192608844047,-6.52765250859915
"MCUB",0.138756711229085,0.077304473258319,1.20464586351545,0.229201009042526,0.323271138223223,-6.52798250768342
"VTI1B",-0.105154197807691,-0.103591873492015,-1.20445994193806,0.229272724219371,0.323300871055805,-6.52820504709928
"PTGES",0.291969866358494,-0.455914378566501,1.20420392162871,0.22937150469795,0.323368747515215,-6.52851143568956
"GPN1",0.0854783282129303,0.080619707315052,1.20318177211068,0.229766184468377,0.323853661772757,-6.52973403486239
"ENO1",0.153992501241368,0.166926311584326,1.20304620678684,0.229818566358739,0.323856002251279,-6.52989610806439
"PPOX",-0.110649227401484,0.0330276726054491,-1.20263237776555,0.229978520989593,0.324009897731365,-6.53039074351394
"NIPSNAP1",0.139683194485218,0.106137091325982,1.20248807804071,0.230034314918205,0.324017008769632,-6.53056318029566
"RFK",0.142179253690624,0.0680747568678681,1.20221025755133,0.230141762286721,0.324096857565222,-6.53089511534712
"CETN2",-0.110503934797724,0.021515656614324,-1.20007480596276,0.230968847380814,0.325189876632083,-6.53344397732694
"AKAP5",-0.208282866353274,-0.6662530021913,-1.19944992465063,0.231211271910111,0.325459429265005,-6.53418898229416
"ASRGL1",0.24578201079903,-0.371156911072993,1.19872401329185,0.231493119268965,0.325784343516055,-6.53505395579023
"TMEM65",0.196737022075753,0.0625316295617512,1.19776545616506,0.231865670711931,0.326236735895918,-6.53619534748051
"PRKAR1B",-0.153855410397001,-0.354479909121017,-1.19741077963341,0.23200362711187,0.326358924677085,-6.53661744536383
"ALDH3A2",-0.188146295981205,-0.447535092815489,-1.19691911527289,0.232194963643221,0.326556132788979,-6.53720236647309
"BOLA1",-0.0980896930938234,0.0466550121047615,-1.1956478983613,0.23269019297194,0.327180551007672,-6.53871359840464
"DSG2",0.156541976149532,0.0916481178293279,1.19401452745061,0.233327611394712,0.328004579206349,-6.54065302470688
"UBR7",-0.130408377300704,0.0459223442785412,-1.19264760161994,0.233862005541728,0.328683448246518,-6.54227406013844
"SPATA5L1",-0.0746719357101695,-0.0265388511899384,-1.19251384691784,0.23391434317001,0.328684656941135,-6.54243258077467
"SRC",0.105321305220139,0.012471183991054,1.19103831016235,0.234492267676953,0.329424230828899,-6.54418015720318
"HPF1",0.0893623795336022,-0.0252145239073484,1.1903671619987,0.234755472633765,0.32972144583515,-6.54497433291193
"POGZ",0.0844310027800424,0.0522107784556083,1.19015970253911,0.234836874758437,0.329763238472096,-6.54521973177649
"CPZ",-0.166736033550079,0.210217779997221,-1.18819105672048,0.235610323607724,0.330776586683227,-6.54754628564508
"SIPA1",-0.081554368447541,-0.0114769198801418,-1.18588774101124,0.236517555408969,0.331977267814084,-6.55026350615699
"RBBP9",-0.129883714056482,0.00590077103915272,-1.1856570581538,0.236608553461601,0.332032003044466,-6.55053535462583
"ACSM3",-0.21273540932055,-0.266813055770818,-1.18519625055456,0.236790403843086,0.332145380665746,-6.55107823685915
"REEP3",0.124825084642657,-0.140944235199223,1.18518869462257,0.236793386498117,0.332145380665746,-6.5510871368378
"PCYOX1L",0.118389837192933,-0.0790549772474994,1.18413885881274,0.237208061749662,0.332625157533853,-6.55232317014775
"CD109",0.17093697994877,-0.818562001698035,1.18405901845982,0.237239619014748,0.332625157533853,-6.5524171264423
"GHDC",0.124346549063599,-0.012898456235092,1.1834446496344,0.237482550798435,0.332892664511088,-6.55313990682315
"AK6",-0.106311309067503,-0.000519234003942697,-1.18286598782949,0.237711524816517,0.33314049296608,-6.55382033917212
"CMC4",-0.188981637602036,-0.0292149743106104,-1.18254885316856,0.237837080079957,0.333243308385017,-6.55419310903934
"APEX1",0.0957718888756921,0.243752336615921,1.18219719016699,0.237976360293361,0.333365305062112,-6.55460634869988
"INTS7",0.0817142847997568,0.113984373065873,1.18178607667577,0.238139259905562,0.333520327812462,-6.55508929419747
"JAK1",0.0692981083472695,-0.188103528110261,1.18075103047585,0.238549736773197,0.334021945021243,-6.55630445181171
"YWHAG",-0.0815779532526077,0.201203231234812,-1.18011171641657,0.238803525326257,0.334303992371882,-6.55705448733097
"ITFG1",-0.117780455380311,0.0220107983975492,-1.17951669831775,0.239039901602488,0.334513861811906,-6.55775219346783
"AASDHPPT",-0.103449018037672,0.118485960704227,-1.17947059715092,0.23905822262298,0.334513861811906,-6.55780623619575
"WDR55",-0.105649614210986,0.0716261946123469,-1.17803318521834,0.239629962390453,0.335225093229846,-6.55949021136844
"WDR24",-0.0917592474980595,-0.0220780614924838,-1.17792884106175,0.239671503616953,0.335225093229846,-6.55961237469395
"FBXO45",0.104844827598559,-0.0604677450458508,1.17691933992242,0.240073666994636,0.33571405251002,-6.56079371732525
"LYRM4",-0.130736747714775,0.147876496456777,-1.17520784787487,0.240756579533072,0.336535722907467,-6.56279425181447
"PPP6R3",0.127219575897015,-8.68414399557348e-05,1.17516851585452,0.24077228977521,0.336535722907467,-6.56284019242123
"MRPL40",-0.110145892100064,0.200219182159403,-1.17505064121925,0.240819376345218,0.336535722907467,-6.56297786328176
"CD36",-0.241794670319988,-1.32836743357492,-1.17405910170156,0.241215717735664,0.337015833203985,-6.56413538286865
"PI4KA",-0.0668041785386505,-0.1095715619573,-1.17347165149473,0.241450752761238,0.337270412684425,-6.5648207129612
"AIF1",-0.158433976164828,0.0682577098892383,-1.17291524725245,0.241673515783741,0.337464069092018,-6.56546951061616
"GAN",0.127935057251663,-0.0671918445609524,1.17284942091891,0.241699879744075,0.337464069092018,-6.5655462475212
"EIF4EBP1",0.115340824424112,-0.0552455371752683,1.17272941412497,0.241747948633812,0.337464069092018,-6.56568613418951
"SH3BGRL2",-0.167477603751495,-0.164694258267503,-1.16950869528505,0.243040537338884,0.33919427998006,-6.56943508252514
"CHMP5",-0.0780496486839031,0.0964178928238483,-1.16915147199532,0.243184203809274,0.339320616547687,-6.56985026401857
"FBXW9",-0.127685857183198,-0.135097588536476,-1.16894021734693,0.243269193470643,0.339365042672069,-6.5700957347901
"CSK",0.0890928277695575,0.0960382813305583,1.16699363555699,0.244053307869893,0.340384528341911,-6.57235552687741
"NFKB1",-0.0782786636223301,0.058442860627915,-1.1660107859047,0.244449892182497,0.340863193183063,-6.57349510060924
"SNX3",-0.0842066869615716,0.131930934066004,-1.16586810001835,0.244507504345054,0.340869086297636,-6.57366045986604
"PYGL",-0.16825559805139,0.0293662637442846,-1.16389851786766,0.245303739322984,0.341904469674144,-6.57594096605346
"TMEM102",0.121018392543709,-0.252646635782436,1.16301202803293,0.245662712603152,0.342330078562008,-6.57696615178679
"FMOD",0.193644771979663,-0.113094116616652,1.162655073185,0.245807361581825,0.342456906764118,-6.57737873527208
"STAP2",-0.14385891617462,-0.120159530252897,-1.16209949646871,0.246032617523502,0.342695956127304,-6.57802064439283
"LRRC8A",0.0975747999321851,-0.0427572495726814,1.16174028045524,0.246178337307069,0.342824140393813,-6.57843551786555
"SCYL1",-0.0764268925521804,0.204747639614446,-1.16086022515797,0.246535597854924,0.343180658380684,-6.57945139261413
"MRPL2",0.113205320823083,0.0514597937491499,1.16082055886063,0.246551709073763,0.343180658380684,-6.57949716265082
"ZBTB8OS",0.09704196923821,0.0986757652220487,1.16071252484053,0.246595592897506,0.343180658380684,-6.57962181277918
"CASP10",0.143631315780858,-0.143654722029384,1.15919855033576,0.247211153436438,0.343942578760082,-6.58136743269372
"RCSD1",-0.14590771716628,-0.328482142919498,-1.15901765415136,0.247284775486923,0.343942578760082,-6.58157585572798
"UBA52",0.155036560305365,0.41431760225223,1.15896875447215,0.247304679575182,0.343942578760082,-6.58163219089883
"ARID2",-0.0900830264196023,0.0035307556903662,-1.15871140640295,0.247409448909058,0.344013356115926,-6.58192863144461
"FGL2",-0.157234836807429,-0.318692684543338,-1.15810606601862,0.24765601295072,0.344281219832429,-6.58262566866255
"UNC13B",0.145292038548816,-0.361028548008029,1.15750267638656,0.247901954324432,0.344548101515345,-6.58332010008299
"OCRL",-0.0887462959334436,-0.0125258072928239,-1.15649407056688,0.248313444952,0.345035034057292,-6.58448008676617
"PSTPIP1",0.127036651476014,-0.0151853861691227,1.15637910634537,0.24836037846943,0.345035034057292,-6.58461224219853
"XPO7",0.0966751162606377,-0.0798231052567647,1.156218646307,0.24842589582832,0.345050977781993,-6.5847966748912
"SPR",-0.151924404257005,0.0886874141714446,-1.15379169195833,0.249418325592534,0.346354068923082,-6.58758311923716
"PMF1",0.0865165356276415,0.139478501934543,1.15306548556969,0.249715826097922,0.346691791614532,-6.58841576523348
"BPTF",0.0995656932725535,0.130849880453527,1.15232652967409,0.250018805183734,0.347036971977857,-6.58926249562547
"LDAH",0.120176398161166,0.0544874630585022,1.15175188627731,0.250254592768389,0.347288757840939,-6.58992057686522
"ANK3",-0.171439801048414,-0.552188797714172,-1.15070593385173,0.250684168086292,0.347809303179265,-6.59111756515088
"PANK2",-0.0674853562041892,-0.0977175864874894,-1.15032275334895,0.250841670636378,0.347952219642249,-6.59155580703619
"EXOC1",-0.063148072300042,0.0817964445606973,-1.14947316579546,0.251191132616504,0.348264396091317,-6.59252696024682
"VPS36",-0.0793320533429152,0.0538703010647986,-1.14941943891175,0.251213243634158,0.348264396091317,-6.59258835086534
"TERF2IP",0.0944897623215375,-0.0411008011489121,1.14937786595387,0.251230353703462,0.348264396091317,-6.59263585193868
"DDX55",0.100856612180554,0.030141180461713,1.14887551874323,0.251437167948599,0.348475432461863,-6.59320969686115
"EZR",0.135764269531906,-0.0923609482801433,1.14866205503717,0.251525086174156,0.348521630907549,-6.59345346693453
"HBS1L",0.104444156368244,0.0133900820461801,1.14847671503915,0.251601438698661,0.348551786958332,-6.59366508400991
"WNT5A",0.216700824002388,0.0128522288464867,1.14721495918402,0.252121662290923,0.349196705797732,-6.59510482839242
"QSOX1",-0.169896078576205,-0.22712972040413,-1.14652473644094,0.252406560577488,0.349515482387175,-6.59589175248805
"EGFR",-0.196818287776582,-0.253220439012964,-1.14635289696401,0.252477524555933,0.349537943254474,-6.59608759391577
"ERLEC1",0.0886662930570364,0.239219362275787,1.14511022892766,0.252991120806771,0.350173055788257,-6.59750296681831
"MAN1A2",0.104314762008754,0.014083612725063,1.14457050204774,0.253214418180699,0.350406168201943,-6.59811723007167
"TXNRD1",0.143634905568485,-0.102240767842411,1.14366764633414,0.253588258465422,0.350847460520416,-6.59914412805301
"GPC4",-0.167591344011656,-0.278157110762111,-1.14168879360655,0.254408980445826,0.351906702804722,-6.60139204092929
"SMOC2",0.228141856439946,-0.32530226939015,1.14100544023073,0.254692829530404,0.352223027193336,-6.6021674111865
"PNPO",-0.116778518015108,0.0123721321527001,-1.14018686843268,0.255033136395227,0.352617274985605,-6.60309560138884
"ARSD",-0.152748659987637,-0.122190559369276,-1.13915294523253,0.255463425584934,0.353097787164001,-6.60426703703505
"FAM136A",0.127886812306201,0.259840784577004,1.13908607432893,0.25549127277959,0.353097787164001,-6.60434276550883
"RAB11B",-0.0899375705419954,0.0137233352302043,-1.13819404203181,0.25586294642831,0.353516704707047,-6.60535253255716
"UBXN1",-0.0825055592654156,-0.0803483966188952,-1.13809287410398,0.255905122812212,0.353516704707047,-6.60546700356432
"AKTIP",-0.09043013135795,-0.0775714348322279,-1.13756208572768,0.25612648524368,0.353743841528188,-6.60606742254053
"CCDC50",-0.100778438048561,-0.226470580646752,-1.13743298022279,0.256180348195198,0.353743841528188,-6.6062134225211
"DTD1",0.152334890739644,-0.150961419172087,1.13641538431588,0.256605166931978,0.354253835861768,-6.60736360339806
"DGUOK",-0.122455973620918,-0.0851666909284433,-1.13622883689041,0.256683098695682,0.354284821697347,-6.60757434574056
"UBE4B",-0.077512551701229,0.0316147106464324,-1.13478754964301,0.257285765086102,0.355039898438461,-6.60920140859804
"WIPF2",-0.110648188381069,-0.114798225561498,-1.13398838256828,0.257620357188989,0.355424801350842,-6.61010270170628
"PDF",-0.129095362662693,-0.0141073420301351,-1.13312727987665,0.257981219496824,0.355845773706464,-6.61107314007422
"PREP",-0.127356443960405,-0.114735300359051,-1.13250857872497,0.258240715886436,0.356126775579891,-6.61176994718266
"AP3D1",0.062017216008324,0.200105429921099,1.1319579395559,0.258471818481007,0.356368508097869,-6.61238978245041
"SHROOM1",0.150659252790614,-0.225349311448486,1.12930663388748,0.259586584108854,0.357741423925554,-6.61537007718696
"COTL1",0.133212528283846,-0.159934693930551,1.12921192116816,0.259626468709973,0.357741423925554,-6.61547641410888
"FOXK2",0.0864955379547017,0.0600825378077787,1.12919007053506,0.259635670864685,0.357741423925554,-6.61550094523932
"RASAL1",0.196552967577601,-0.108370280482892,1.12871944768492,0.259833923586964,0.357937346731988,-6.6160291867955
"KRT14",-0.356423119091872,-1.68523084012814,-1.12846404579289,0.259941557237033,0.358008378550142,-6.61631576626379
"CBLB",-0.0940908810381445,-0.0444727551449883,-1.1281938046418,0.260055478328923,0.358088037336678,-6.61661892638735
"ERCC3",-0.110423907425777,0.101051863036049,-1.12773657003043,0.260248306206734,0.358276290454937,-6.61713169418599
"TDRD7",-0.0974096455115075,-0.110947546587249,-1.12637101044335,0.26082479027288,0.358919034084552,-6.6186618792188
"AK4",-0.224088143876859,0.000809529229406006,-1.12636432581676,0.260827614432627,0.358919034084552,-6.61866936518755
"VPS4A",-0.0716655937916507,0.00546517177386227,-1.12576249789181,0.261081965250348,0.359191628554939,-6.61934315860785
"SCAF11",0.0763653595263074,0.112558342382821,1.12521259374085,0.261314522094485,0.35943412830101,-6.61995850686997
"RAPGEF6",-0.0650170778521252,0.0554164597804459,-1.12501686023631,0.26139733334694,0.359470595179887,-6.62017746262813
"BRI3BP",0.158693512973883,-0.178344328443042,1.12455160274097,0.261594248391407,0.35966392678276,-6.6206977675859
"TEX2",0.102680627903719,-0.0316919260984677,1.12364681137555,0.261977486093581,0.360084121527595,-6.62170899882985
"DUS2",0.0990095406417429,0.0698903104933599,1.12351699922473,0.262032501890149,0.360084121527595,-6.62185401585805
"VPS29",0.114729653882931,-0.0464330150060986,1.12336726400458,0.262095971257864,0.360084121527595,-6.62202126889172
"DYM",0.109401884176371,0.0427489242628112,1.12329772762295,0.262125449782343,0.360084121527595,-6.62209893294739
"AP1S2",0.08871302519166,-0.140466632552518,1.12311124563171,0.262204516361416,0.360115258543266,-6.62230718810251
"MSH3",-0.0977062183224142,0.106726800961988,-1.12112353511088,0.263048315001732,0.361196449738938,-6.62452484659963
"PGRMC2",-0.135583350880652,-0.139534214049888,-1.11981313330915,0.263605619535874,0.36188387029382,-6.62598470982551
"CHDH",0.200465541694483,-0.150248927991814,1.11764057617456,0.2645313945115,0.363076731288893,-6.62840133053616
"DAP",-0.109326907948561,0.219251845111325,-1.11704919912854,0.264783782796414,0.363345036139072,-6.62905833602147
"C2",0.187580051234603,-0.111931943140708,1.11634174309996,0.26508593028475,0.363681492236384,-6.62984384906099
"FBXO3",-0.073852981419569,-0.0613716588707365,-1.11606420364137,0.265204529793604,0.363766041403258,-6.63015187589302
"GPSM3",-0.135083705614821,-0.189312883410758,-1.11534510209743,0.265511990563879,0.364063603627923,-6.63094961625207
"YWHAE",-0.0781887361384088,-0.0660370182452247,-1.11529012833784,0.265535505418205,0.364063603627923,-6.63101058078268
"SPECC1",0.0935968654113934,-0.0226482490517008,1.11408918650281,0.266049564094515,0.364690095908862,-6.63234165116186
"SRSF5",0.096905732518149,0.242089220749819,1.11356134984056,0.266275720167259,0.36486912436946,-6.63292623152602
"PTPN7",0.143099712982598,-0.152826777636888,1.11351762869564,0.266294458819371,0.36486912436946,-6.63297464046805
"CSNK1A1",0.074529183893235,0.0914962463591374,1.11208655013131,0.266908314872521,0.365631750796191,-6.63455811837337
"MANF",-0.12485715763703,0.290205785665202,-1.11158544304308,0.267123493912228,0.365804861053317,-6.63511211191322
"MTMR10",-0.0767592191106424,-0.16997455055251,-1.11152544258804,0.267149266576604,0.365804861053317,-6.63517842815673
"SH3GL1",-0.0795386892439105,0.239338238961541,-1.11083510406566,0.2674459189561,0.366075818461123,-6.63594117772581
"CD59",-0.145605236443061,-0.552263629988861,-1.11067964785542,0.267512752993997,0.366075818461123,-6.63611287518025
"TAOK3",-0.0684395823460213,0.109331575714901,-1.1106647711911,0.267519149403226,0.366075818461123,-6.6361293048295
"OS9",-0.0999314568917401,0.194486780535391,-1.10758637803711,0.268845015897921,0.367774021009308,-6.63952435452793
"NRBF2",0.0985451225115539,0.101590250552437,1.10751606372201,0.268875353182686,0.367774021009308,-6.63960179241465
"MRPL23",-0.126752793557686,0.0746044467893322,-1.10678094349411,0.269192663997245,0.368084952146079,-6.6404110957757
"IARS2",-0.112584906545445,0.199319668482927,-1.10672234663547,0.269217968131901,0.368084952146079,-6.64047558286261
"PRKCD",0.0905412153644297,0.0299933153283802,1.10586242532123,0.269589500301109,0.368514014006119,-6.64142155472973
"BCL2L1",0.14041749616708,0.199298031506564,1.10494825130522,0.269984859924276,0.368975456039492,-6.64242640786691
"GSTM4",-0.329316190205717,-1.08728077505534,-1.1040605530876,0.270369151477404,0.369421577612502,-6.6434013696174
"ASPSCR1",-0.0881690477527417,0.0702147870716061,-1.10341051960568,0.270650794926502,0.36972728404059,-6.64411481012285
"PCM1",-0.132724761226229,0.0507904945334605,-1.1029377930617,0.270855742493103,0.3699281103355,-6.64463338647313
"IGFBP4",-0.137834321915775,-0.0946316874788191,-1.10042543094305,0.271946753601408,0.37133875571963,-6.6473857215117
"INTS2",-0.0658347741024306,0.0990815626474399,-1.09876124918258,0.272671098222735,0.372248227956418,-6.64920543017627
"ZC3H13",0.0853184702422916,0.159447589763656,1.0982433842157,0.27289677217516,0.372403237343456,-6.64977113471959
"NDUFAF8",-0.159666685874101,0.13548391924697,-1.09806678274342,0.272973760478429,0.372403237343456,-6.64996398983189
"CTBS",-0.158161666532019,-0.359313085474187,-1.09800483996233,0.273000767579764,0.372403237343456,-6.65003162626691
"SCAMP3",0.114081528862103,0.0159806590140674,1.09796545338621,0.27301794111272,0.372403237343456,-6.65007463120676
"NOP10",-0.12179394667445,0.214755993749086,-1.09778354939282,0.273097265436387,0.372431875226683,-6.65027322647717
"PCMTD1",-0.11012193978499,-0.0692606702597596,-1.09678069860044,0.27353487082989,0.37288059476079,-6.65136751111993
"DARS2",0.130615800342815,0.123931761962337,1.09676184611527,0.273543101935715,0.37288059476079,-6.65138807295286
"AP3M2",0.0866678300681113,0.0112937847899081,1.09596164259435,0.273892632332207,0.373277365515719,-6.6522605071152
"ANK1",-0.192636293856863,-1.27682590013661,-1.09337726387928,0.275023587361906,0.374681330488526,-6.65507384800332
"RIPOR1",0.070353564353637,-0.220022345432638,1.09333945665048,0.275040155990559,0.374681330488526,-6.65511495581439
"ADGRE2",0.135635525718786,0.0769976318768686,1.0931776827159,0.275111059482057,0.374697976704977,-6.65529083672334
"AIP",-0.0777318647405245,0.185219080470002,-1.09147855054804,0.275856525026337,0.375633165342965,-6.65713657538506
"HSPBP1",0.0935332523627862,0.0101206380915304,1.09083707277088,0.27613832216886,0.375936713656326,-6.65783266070669
"MAP4K5",-0.07693383592656,0.158652330277216,-1.08959090340624,0.276686320023025,0.376602462875083,-6.65918375238883
"OSBPL11",-0.0660273435420861,-0.0399025112875378,-1.08937712593799,0.27678040256086,0.376650228122568,-6.6594153749628
"AOX1",-0.145760395894486,-0.535991312090694,-1.08890675376721,0.276987488424134,0.376851718216087,-6.65992485265403
"OCIAD2",0.178297907823832,0.430479253268658,1.0878091218926,0.277471143830043,0.377429325384495,-6.66111288912747
"ALDH4A1",0.177065259204205,-0.0824194633339569,1.08747511315296,0.277618434490583,0.377549244775798,-6.66147417186394
"RANBP1",0.127645044987485,0.0459175459753268,1.08665682511634,0.277979507901922,0.377889096790766,-6.66235881296089
"VPS72",0.108317210115937,0.0953329087163008,1.08664053041964,0.277986701272706,0.377889096790766,-6.66237642224246
"RHOA",0.088582747765647,0.0214080449252805,1.08643624043112,0.278076896855424,0.377931244449103,-6.66259717120661
"STK38",0.0762360559590422,-0.0235707159036312,1.0861647849387,0.278196777478533,0.378013710193751,-6.66289043322119
"ZCCHC17",-0.111324355441988,0.0506702362547805,-1.08590623701817,0.278310990690602,0.378088441608403,-6.66316968312209
"PTGIS",-0.155770665253048,-0.497607000700634,-1.0844264392368,0.278965306244847,0.378896719926261,-6.6647666985722
"PICALM",0.0628206977518792,0.135059030918744,1.08336848638399,0.279433740357317,0.37945223993651,-6.66590712839029
"PNISR",0.0924322605241476,0.0883233709255725,1.08251022896079,0.279814148970122,0.379888016409574,-6.66683148273192
"HERPUD1",0.146558135537285,-0.0780576920615587,1.07927088963828,0.281253117911971,0.381749608228767,-6.67031373933011
"BTF3",0.118077132617604,0.0248057784160503,1.07915448886457,0.281304918827932,0.381749608228767,-6.67043867610216
"SERPINE2",0.220304933827728,0.204192542942709,1.07725146571138,0.282152728660257,0.382818778685878,-6.67247935574429
"GPKOW",0.0670167802170431,0.169310667808657,1.07657197121766,0.28245586939248,0.383148656484169,-6.67320713544257
"FTO",-0.0869595579580146,0.0868033608709981,-1.07631991933364,0.282568372881028,0.383219851496467,-6.67347698231249
"DPP7",0.151083648420783,-0.258471160759959,1.07562111830446,0.282880442638097,0.383521693284491,-6.67422479092651
"DDRGK1",0.100253368527395,-0.0225508185806496,1.07555256669415,0.282911068969452,0.383521693284491,-6.6742981241512
"HK2",0.16128006177271,-0.194399043435292,1.07518957054786,0.283073279881334,0.383660134163091,-6.67468636266299
"MCCC1",-0.124925365730795,-0.0562580732234223,-1.07492107045216,0.283193304371014,0.383741351529907,-6.67497345024081
"SMS",-0.116347331754612,0.0474082112121238,-1.07263645104111,0.284215972410314,0.385045402894091,-6.67741334682724
"DHRS4",-0.155230262146363,-0.186275444015831,-1.07183737983021,0.284574253978499,0.385392647170121,-6.67826551113065
"MPP1",-0.102602883896021,-0.357603261778574,-1.07179558040798,0.284593004135806,0.385392647170121,-6.67831007049561
"DCAKD",0.10634682559885,-0.0596581217365652,1.07103652446277,0.284933643394675,0.385772118972647,-6.67911894537255
"PLEKHO2",0.0985080727038875,-0.0657288318118839,1.06931963253062,0.285705149441163,0.386734657447918,-6.68094642231701
"GNG12",0.131311728036507,-0.327208323578041,1.06899918901083,0.285849301509348,0.386837796303567,-6.68128718318688
"FUNDC2",-0.134784155249279,0.0252154902445469,-1.06882860037036,0.28592606123794,0.386837796303567,-6.68146854643382
"RHOT2",-0.0951556298677926,0.160747826504537,-1.06874629583857,0.28596310079136,0.386837796303567,-6.68155603915026
"DHTKD1",0.162249253525455,-0.226641258915871,1.06634312459656,0.287046037277934,0.388220493120019,-6.68410774780438
"HOOK1",-0.10841150076875,0.145623463277911,-1.06610981556443,0.287151320786009,0.388280640241141,-6.68435517361793
"APOC2",-0.195497866479465,-0.894069717440063,-1.06486631057166,0.287712909017163,0.388957637957779,-6.68567301210091
"COQ8B",0.106200790189593,0.0953626487164144,1.06377490136408,0.288206421096522,0.389542336727624,-6.68682840426071
"COMMD7",-0.0727358325705033,0.0523538612467845,-1.06332530993486,0.288409883453653,0.389734837217264,-6.6873040104159
"CIRBP",-0.137514738236737,0.120755855539409,-1.06275526201599,0.288667998158097,0.390001093575846,-6.68790675594962
"KHK",-0.136949261574335,-0.34099352095825,-1.06231589045261,0.288867049995814,0.390187458054426,-6.68837111054648
"VAMP2",-0.098314281265973,-0.347395537997612,-1.06068674894282,0.289605923182441,0.391102753705559,-6.69009122188484
"PDCD6IP",-0.0825151668244342,0.0569245413385666,-1.06011318579286,0.289866358336166,0.39137168491783,-6.69069618825152
"FGGY",-0.1108239669976,-0.183620134788011,-1.05805347705874,0.290802906092037,0.392553182959336,-6.69286598919873
"NUDC",0.0979993157729644,0.251801780790555,1.05763497465797,0.290993448413865,0.39272736591049,-6.6933063483989
"ARHGEF35",-0.127040295600486,0.0344502856295321,-1.05749135408042,0.291058857672769,0.392732630228366,-6.69345742985677
"TFG",-0.0694053032776977,0.0942522336392233,-1.0567854524279,0.291380491516615,0.393083549193658,-6.69419970584472
"RTF1",-0.0715760373560592,0.125891946499844,-1.05664830177308,0.291443010059388,0.393084837184029,-6.69434386660495
"FPGT",-0.101583822348405,-0.071845162163304,-1.05623920035285,0.291629548023811,0.393253360957135,-6.6947737678067
"EIF4E",-0.0814225329437303,0.127655032335452,-1.05449577764437,0.292425400048862,0.394243281104727,-6.69660397682266
"RPL37A",0.0794183469456414,0.236612736323066,1.05379389057314,0.292746216582463,0.394592483191688,-6.697339955445
"DCAF7",0.0868800844158892,0.147120837178859,1.05227793826502,0.293439933490998,0.395444064022799,-6.69892787854099
"ADI1",-0.128112743252024,0.127022733393282,-1.05204941658228,0.293544603618544,0.395501644672801,-6.69916705249142
"NUDT15",0.123427183418925,-0.063140975700395,1.05156310832315,0.293767431856445,0.39571836548595,-6.69967585769549
"PRKD1",-0.112953115826838,-0.0910572217701885,-1.05114452552196,0.293959319285594,0.395893324960666,-6.70011361729028
"PDCD2",0.0955112646146529,-0.0887556459948395,1.05066525814111,0.294179129507956,0.396105808078511,-6.70061462905505
"LRCH4",-0.0763629662770935,-0.100159621578048,-1.05044716935965,0.294279189946192,0.396156995109938,-6.7008425373982
"HDAC6",0.0778414865556388,-0.00156105191773621,1.04929647588382,0.294807514485985,0.396784565765812,-6.70204426330075
"EFNB2",0.189059419268612,-0.695161809518549,1.04870142007223,0.295080976202313,0.397068921612596,-6.70266519617616
"RANBP3",0.098720897342201,-0.101794532313933,1.04532351772158,0.296636547100874,0.399078034816494,-6.70618336208109
"DBNL",0.0835329213483647,0.00535252305111795,1.04497996310736,0.296795066926945,0.399207183974835,-6.70654055071182
"LFNG",0.161303543551441,-0.220043346290836,1.04389368748085,0.297296660704561,0.399797636604597,-6.70766916792011
"NANP",0.0862760859888247,0.154099697218249,1.04243424782334,0.297971460748369,0.400620715282867,-6.70918365882892
"C12orf29",0.0887678276161991,0.0946872852486202,1.04149031359288,0.29840845391798,0.401123784898169,-6.71016207805463
"PDLIM5",0.105223522463423,0.158914788116785,1.04107180837366,0.298602337875333,0.401226328294486,-6.71059559088824
"SRPK2",0.0891803553183126,0.0840850718392205,1.04105437342571,0.29861041692332,0.401226328294486,-6.71061364729847
"HMOX1",-0.136062320914929,-0.156494652635868,-1.04088269083016,0.298689979445653,0.401248794184829,-6.71079143341281
"MRPL11",0.103574675577604,0.217035748336745,1.03997681221191,0.299110024363376,0.401728545553252,-6.71172903473735
"KIF1C",-0.073084983663694,-0.171961164079788,-1.03942985952635,0.299363831319843,0.40198487128858,-6.71229474834331
"CHMP4B",-0.088286420727525,0.31316330732088,-1.0392028290635,0.299469224512954,0.402041841571743,-6.71252947930443
"VGLL4",0.0835543134952978,0.228284560670219,1.03802833417358,0.300014851298333,0.40268968373762,-6.71374299770201
"RNF113A",-0.0844686600648435,0.213971729358047,-1.03704782065302,0.300470871198645,0.403217005591288,-6.71475504537781
"PICK1",0.11367086354615,0.00429334111420184,1.03653304394691,0.300710470629872,0.403453741326273,-6.71528599736159
"SAT2",-0.110385453483642,-0.172983933353938,-1.03633062823023,0.300804718713441,0.403495405249017,-6.71549470163088
"QPCT",0.184258362462745,-0.249815789693941,1.03618100248354,0.300874399626655,0.403504104519259,-6.71564894984666
"PROSER2",0.12588140295118,-0.163389105638706,1.03557328475304,0.301157525630696,0.403798992262073,-6.71627521468235
"CDC37L1",0.0808312534982042,0.10705599079605,1.03528304316899,0.301292807434234,0.403895564868273,-6.71657418543267
"PHYHD1",-0.179890058425139,-0.694194640136753,-1.03466360524917,0.301581663825178,0.404197926852175,-6.71721197479917
"NBN",0.0785266635311997,0.245858367360931,1.03392160649749,0.301927916529215,0.40457707178154,-6.71797545675379
"AP2S1",0.0866421700409202,0.0403996107509364,1.03307799304726,0.30232191034293,0.405020016269325,-6.71884283440852
"FAM207A",0.102775456681677,0.0866563413678308,1.03263800583257,0.302527534380862,0.405174381957003,-6.71929493674942
"ATIC",-0.0847439765988449,0.221645634918818,-1.03255989390479,0.302564049047923,0.405174381957003,-6.71937517950242
"TCEAL4",0.143133900679432,0.0309455235034509,1.03239299104426,0.302642080321183,0.405193894495859,-6.71954661511715
"MYL12B",-0.138284747455569,0.0887902497227985,-1.03152131697463,0.303049828270096,0.405654749162382,-6.72044151472965
"MTFMT",-0.123051345723719,0.0515300651812449,-1.03011729384319,0.303707367239939,0.406449704428214,-6.72188136860353
"ZBED1",0.0925654760389281,-0.0162956794823026,1.02873748456185,0.304354493304084,0.407230393911689,-6.72329449225214
"SEC11C",0.22852927359231,-0.535979212215164,1.02839385252317,0.304515798553389,0.40736085769189,-6.72364612829889
"FGG",-0.219739070946767,-0.617935367956897,-1.02808109369625,0.304662661076026,0.407457584739809,-6.72396607055741
"DNAJA4",0.127308045040295,-0.287247591810286,1.02796809233552,0.304715734868064,0.407457584739809,-6.72408164354939
"NPLOC4",-0.0568064439463311,0.235311536899562,-1.02618126894895,0.305555778632635,0.408495319633454,-6.72590745277042
"LGALS8",-0.104573629274875,0.0965769116797263,-1.02315572923902,0.306981698123094,0.410315709130407,-6.72899180861342
"DPAGT1",0.137851980176047,0.0323600031207364,1.02291970984997,0.307093118557484,0.410378727917441,-6.7292320356903
"ZNF24",0.0994393274472444,-0.0667155654683694,1.0227778429916,0.307160104248942,0.410382353134441,-6.72937640521214
"NSMAF",-0.0689830919299541,-0.0613776950391629,-1.02121490360008,0.307898725290524,0.41126330215979,-6.73096559922285
"BCAT2",-0.133956081209887,-0.27337000465915,-1.02108110587046,0.30796201084955,0.41126330215979,-6.73110153229899
"VPS13A",0.0780719818649626,-0.144786403914715,1.02097394543529,0.308012703356009,0.41126330215979,-6.73121039019861
"PDCL",0.0780659986896311,-0.0193388688076988,1.01962999446234,0.308648933585524,0.412026644562737,-6.73257466585458
"HNRNPA1L2",-0.14882316241406,0.307969768490839,-1.01902702670743,0.308934663725521,0.412321870377811,-6.7331861720328
"PPL",-0.176525521356199,-0.436296539562761,-1.0186955948869,0.309091795104171,0.412386671942147,-6.73352214405665
"ALYREF",0.0940698916707455,0.240399711443169,1.01865216249057,0.309112390276447,0.412386671942147,-6.73356616337428
"ARHGAP26",0.102453688405244,0.0264727668281857,1.01760737223812,0.309608093081496,0.412961703431242,-6.73462451029014
"COX20",0.119030128078201,0.154037290732232,1.01688885498617,0.30994930099309,0.413330469265013,-6.73535172432925
"OPTN",-0.0916968278829875,-0.0652958002865673,-1.01638258236584,0.310189868391141,0.413564900747011,-6.73586381823117
"EPX",0.278216398391712,-0.779259041246549,1.01537075586785,0.310671032645243,0.414075367433039,-6.73688651965954
"NDUFAF7",0.100212973453102,0.0356322224260949,1.01530474441274,0.310702440935268,0.414075367433039,-6.73695320541982
"FXN",0.139440459908592,-0.151619060841327,1.0144503806805,0.311109137635652,0.414530852212779,-6.73781590770999
"SUN2",0.0885336924396382,-0.26664949772166,1.01340953617998,0.311605079907523,0.415026409766483,-6.73886593559076
"CRLF3",0.0979666087138557,-0.112031103974626,1.013396995512,0.311611058484028,0.415026409766483,-6.73887858037426
"LENG9",-0.10617381503818,-0.0942131241740211,-1.01303895127208,0.311781782787137,0.41516719146942,-6.73923953158122
"ATM",0.0875748093962358,-0.0404385369761159,1.01224053279947,0.312162711389679,0.415551258617523,-6.74004397593216
"TPBG",-0.123302765639036,-0.0457354989320828,-1.01216162792657,0.31220037393708,0.415551258617523,-6.74012344209663
"HAUS2",0.113563888585551,-0.0355725846070711,1.01064486152055,0.312924935228801,0.416428868577719,-6.74164980146452
"MAP3K8",0.0775924456494971,-0.11575368231658,1.00824993035413,0.314071260008429,0.417867263003505,-6.74405524782526
"KRT80",0.254510727827151,-0.255476347529157,1.00803285197928,0.314175300729162,0.417918603157437,-6.74427299895843
"ACOT8",0.122129397510277,0.15622288218007,1.00654964870793,0.314886775507488,0.418777767468301,-6.74575955198326
"GALNT7",-0.170044106189031,0.0384344905152231,-1.00607296250993,0.315115661846417,0.418994898144392,-6.74623685281777
"PPP1R14B",0.11380645469575,0.229176780815788,1.00487741319494,0.315690201540324,0.41967144218925,-6.74743295512703
"PDPR",-0.0917556995493552,-0.00204227964165956,-1.0045762977474,0.31583501609848,0.419776556575519,-6.74773398701421
"FAM120A",-0.0739992156244728,0.106498110902912,-1.00369067002,0.316261192330821,0.420255507394858,-6.74861884928205
"CD55",0.168289439545266,-0.502511627174674,1.00219984010349,0.316979456127182,0.421074888933984,-6.75010663876724
"NECTIN1",-0.116438373845627,-0.0645996243009049,-1.0021370963348,0.317009708865413,0.421074888933984,-6.75016920637379
"MLYCD",-0.0895527050790576,-0.133818281995836,-1.00194763632597,0.317101071059718,0.421108639500063,-6.75035811081841
"DNAJB12",-0.108306716321283,-0.121896680136938,-1.00161983289314,0.317259186762155,0.421231005921473,-6.7506848691682
"BAZ2A",0.0779884955362716,0.115058387569028,1.00054461324039,0.317778182504333,0.421832369083194,-6.75175591489123
"MARK3",-0.063048592027318,-0.0420929695442537,-0.999213393515119,0.318421520418421,0.422594778850494,-6.75308038276036
"SLC12A6",-0.0984639785360245,0.00164673042726793,-0.999082345291312,0.318484898328673,0.422594778850494,-6.7532106715539
"ATAD1",0.104688679947029,0.023809687422049,0.997768354972572,0.319120832774334,0.423350616510311,-6.75451610825754
"HLTF",0.109833613696266,0.184711525977312,0.995040469601143,0.320443716663543,0.425017268570154,-6.75722078342304
"RALB",0.101144610757543,-0.0863981659780077,0.99483043697933,0.320545720752017,0.425064263136371,-6.75742872381791
"RNF170",0.134029540117771,-0.0675025323718826,0.994042615109964,0.320928522925266,0.425483517208851,-6.75820830906008
"HID1",-0.168132417826064,-0.062180832074721,-0.991275823179557,0.322275281612494,0.427180334875602,-6.76094131032224
"PXK",-0.068827045682389,-0.0509574806648828,-0.990706460613519,0.322552882433616,0.427396677333547,-6.76150277984647
"NXT1",0.0988918847189009,-0.0432255829848556,0.990666501643975,0.322572370880245,0.427396677333547,-6.76154217282478
"STARD10",-0.177719962246983,-0.152729106891636,-0.989300372407132,0.32323911182176,0.428148321928744,-6.76288800170982
"NUCKS1",-0.151587780907577,-0.140357592119949,-0.989229397107742,0.323273776040482,0.428148321928744,-6.76295787188438
"C8A",-0.135863950927796,-0.193420785928172,-0.988892656156299,0.323438272933107,0.428150022061882,-6.76328930168515
"MRPL10",0.129599571036142,0.171998912201499,0.988881901289164,0.323443527554674,0.428150022061882,-6.76329988507577
"HOPX",-0.179430775651609,-0.421328718995064,-0.988814977405517,0.323476226535085,0.428150022061882,-6.76336573934771
"STK11IP",-0.065977752745759,-0.00557336689530997,-0.988259556879987,0.323747688270999,0.428391347686358,-6.76391211188992
"PAWR",-0.0961661809644238,0.000125338329966955,-0.988167409219087,0.323792739848765,0.428391347686358,-6.76400272892051
"RAB4A",-0.0987755862606441,-0.081973663131941,-0.987996935528197,0.323876096336929,0.428412859977479,-6.76417034879265
"DEF6",0.0993122803096601,-0.00988874849707073,0.987415192026099,0.324160657064393,0.42862777231949,-6.76474213716013
"PLEKHA2",-0.0853968420000163,-0.064743405140231,-0.987390315909444,0.324172828900676,0.42862777231949,-6.76476658011814
"PPDPF",-0.14554986141735,-0.0211293268011053,-0.985246247419847,0.325223040954261,0.429927353311171,-6.76687101452404
"ARF4",-0.0899841336353589,0.243242668349163,-0.984764449494887,0.32545934183666,0.430150672247376,-6.76734328041027
"HP1BP3",-0.102941582066186,-0.0987483666934513,-0.984075667506612,0.325797354152875,0.430508300137853,-6.7680180365017
"AP5Z1",-0.0647946722145495,0.0131473636307521,-0.98376879629834,0.325948021689598,0.430618274050917,-6.76831850765485
"RPS21",-0.0586937033906189,0.301936342420971,-0.983281607637287,0.326187314887935,0.430845263872458,-6.76879534422863
"SMAD5",-0.0686380708169629,0.0137341304135798,-0.982573731750129,0.326535207718685,0.431215574205543,-6.76948776026747
"ASL",-0.127734275795056,-0.0941103567339312,-0.981414250323412,0.327105569710708,0.431708627392988,-6.77062084784614
"IKBKB",0.0885935052159278,-0.127010294244163,0.981253896322332,0.32718450077462,0.431708627392988,-6.7707774469368
"SREK1",0.0598433866204043,0.206784367784905,0.981201786880311,0.327210153284063,0.431708627392988,-6.77082833068752
"CLTA",0.0703121922401985,0.28442337450805,0.981138994246532,0.327241066672938,0.431708627392988,-6.77088964277635
"TPD52",-0.146959753259993,-0.0659659793407133,-0.981127686538007,0.327246633763831,0.431708627392988,-6.77090068345358
"AP1S1",0.0967477253118288,0.02821042713496,0.9803888771609,0.327610503474799,0.432099372998676,-6.77162177171462
"LRCH1",0.0657010362556289,0.0877438703513016,0.979532598135547,0.328032557861716,0.432566683590883,-6.77245683632929
"TMEM115",0.102466794044477,-0.102653764590244,0.979224839481434,0.32818433663762,0.432677470458642,-6.77275679300796
"EFCAB14",-0.0860530002729602,0.000788551024643809,-0.978734321166821,0.328426342426561,0.432907142112632,-6.77323468250744
"LMNB2",-0.0747756657117382,-0.000494431269020795,-0.978579078088882,0.328502958527152,0.43291875958635,-6.77338587912548
"RTN4IP1",-0.103723795301733,-0.00517056386462156,-0.97814514157554,0.32871717812525,0.4331116760895,-6.77380837846756
"PYROXD1",-0.0798792764108683,-0.136025438512576,-0.976234853966836,0.329661303251972,0.434266024605703,-6.77566610165667
"COX6A1",-0.113670526290317,0.0624254117084581,-0.972943523053006,0.33129211857146,0.436324293951892,-6.77885839684404
"GALNT10",-0.146313938295464,0.174053392694221,-0.972164216169384,0.331679021891341,0.436665333875649,-6.77961268501953
"BAG5",-0.0694431684986672,0.0761314990647934,-0.972146458039719,0.33168784170664,0.436665333875649,-6.77962986604287
"EML3",0.0601692254561148,0.0450296762044437,0.969150507173699,0.333178001211648,0.438536701244356,-6.78252398684569
"BOLA2",0.101416617839327,0.293572893079775,0.968857364194423,0.333324040721778,0.438638499589562,-6.78280668906986
"DNM1",-0.110977784060948,0.16670313734841,-0.968175707082342,0.333663792658071,0.438995119744855,-6.78346373909959
"FXR2",0.0695987491824193,-0.0501776940859741,0.96786430146729,0.333819078280537,0.439108944132928,-6.78376375029772
"MAN2A1",0.102873854624347,-0.00415178046008233,0.967325429800668,0.334087902802911,0.439372041070358,-6.78428267779135
"IFT20",-0.0781774479124989,0.160187380198081,-0.965581397644749,0.334958901472203,0.440426809287482,-6.78596019155354
"HSF1",-0.101212651264055,0.0255025624200815,-0.9648897184965,0.335304744190323,0.440790774481204,-6.78662465603405
"LIMD1",0.0632350582670568,-0.223318009488468,0.962879313004208,0.336311267147388,0.442022939632786,-6.7885532724872
"STIP1",0.0642883611163164,0.178000373483726,0.962307146025493,0.336598082977476,0.442308861866883,-6.78910143087979
"APOF",-0.163276647490455,-0.588615945961531,-0.961133515821795,0.337186894681981,0.442991424391862,-6.79022480071817
"C12orf4",0.0729512597521384,-0.0310474066389241,0.959828611098867,0.337842347370716,0.443761240066246,-6.7914722227999
"PSMD5",-0.07446277472206,0.0507854073247606,-0.958691288069033,0.338414294049199,0.444421075175676,-6.79255807082871
"BTK",-0.10267911795142,-0.135812789744907,-0.957723155461893,0.338901648560825,0.444969571470464,-6.79348137722513
"SRP14",0.0769629075794775,0.345423712494896,0.956945953252672,0.33929321661288,0.445392102811111,-6.79422192233276
"MRPL44",0.0997470855243549,0.189984505734273,0.956329132478252,0.339604189107659,0.445708683957329,-6.79480922493315
"DDB2",0.101675147298429,0.0746905935555866,0.95471746213825,0.340417584996762,0.446684397904711,-6.79634199075165
"ZMYND8",0.067062498683638,0.252850164436701,0.95454144194239,0.340506496737793,0.446709262722582,-6.79650923757926
"MCUR1",0.10919985014055,0.0646971276590551,0.954331838286171,0.340612391729299,0.446756393013881,-6.79670835396528
"RAD50",0.079328915455744,0.361043012670133,0.95404060491887,0.340759562482274,0.446844551377163,-6.79698494362837
"SPAG9",0.104188554794062,-0.108922922423985,0.953921877092508,0.340819571684696,0.446844551377163,-6.79709767753033
"NOA1",0.105252759465848,-0.0715256995544061,0.953549124515228,0.341008018073423,0.446999834818067,-6.79745152118127
"TAOK2",0.0820050560812767,-0.192742081756196,0.952924418739449,0.341323990556042,0.447322183846537,-6.79804422860016
"CRYM",0.264333588301034,-0.910780425990609,0.952071470665527,0.341755710551072,0.447796062357602,-6.79885286362282
"HPRT1",0.129209784768601,-0.0127187507836655,0.95168300561813,0.341952448560563,0.44791695949524,-6.79922090814031
"EARS2",-0.102766410114191,0.0591417393611033,-0.951506499579926,0.342041864035051,0.44791695949524,-6.79938808639043
"ISG20L2",0.101518811792051,0.135759814105818,0.951434499604937,0.34207834252278,0.44791695949524,-6.79945627253793
"PARP9",0.104530128678375,0.293689669208678,0.951335341985094,0.342128584410068,0.44791695949524,-6.79955016939418
"RPRD2",0.0765264592716127,0.107127630605376,0.951144317585513,0.342225387374285,0.447951844687333,-6.79973103164357
"PIH1D1",0.0562345589656787,0.126888448200925,0.948985138807131,0.343320789816805,0.44929355256821,-6.80177283443645
"BCL7C",0.0616378923580962,0.117406452293611,0.948690707276269,0.343470336036576,0.449397150736381,-6.80205090269232
"MTCH1",0.103087054620226,-0.183746882472537,0.947980199945089,0.343831385536587,0.449777380997973,-6.80272156958184
"PFKFB2",-0.129984760586568,-0.141700177435265,-0.947292434297788,0.344181110465211,0.450142644473653,-6.80337029398523
"RPA1",0.0753380809443209,0.123876171369999,0.947061802595275,0.344298436424378,0.450203873964704,-6.80358772896232
"HVCN1",0.124550915176425,-0.311554940024035,0.946398029986566,0.344636251017576,0.450553329800823,-6.80421322670364
"ME3",-0.132676670259661,-0.123523399572799,-0.945948805133266,0.344864996049355,0.450722900963777,-6.80463630059203
"GSDMD",0.0888259398648641,-0.00791371131964345,0.945866059241791,0.344907140815821,0.450722900963777,-6.8047142077646
"FIP1L1",-0.0595708611452544,0.201156144294983,-0.945362561116171,0.345163657433547,0.450965818030121,-6.80518811680058
"PARP4",-0.104651160267118,0.213268970198758,-0.94371911256965,0.34600179343204,0.451873783482602,-6.806733238226
"PPIF",0.112376897863829,0.185997403460026,0.943653970161746,0.346035041972933,0.451873783482602,-6.80679442808546
"RABL3",-0.0666950135098992,0.239605918974824,-0.943583687457837,0.346070916402494,0.451873783482602,-6.80686044163943
"ZFR",0.0560012419128525,0.19832387439661,0.942895698418438,0.34642221260462,0.452239997440298,-6.80750638224089
"NDEL1",-0.0700307932044816,-0.129700774995083,-0.942525694408185,0.346611235790539,0.452340576439499,-6.80785357860975
"PPP6R1",0.0635061959425228,-0.0964473675827113,0.942467549711756,0.346640946048312,0.452340576439499,-6.80790812685058
"UCHL5",0.0719887654443873,0.204862233325,0.940336490548896,0.347730979299081,0.453670270295184,-6.80990506302183
"GOPC",-0.0752551676031436,0.119431959605565,-0.939986065662371,0.347910430472529,0.453811664671522,-6.81023300266899
"ARL2BP",-0.0894557521227957,-0.137189562124842,-0.938945815686133,0.34844348664885,0.454414146701982,-6.811205788188
"TTI1",0.0740064226255323,0.0608445706561976,0.938657159053068,0.348591495575637,0.454514335154266,-6.8114755343632
"HLA-DRB3",0.28924889823867,-1.17541279220079,0.937923563647511,0.34896782777814,0.454885905342572,-6.81216069926011
"GREM1",-0.246876791953401,0.417017630625038,-0.937823931914233,0.349018958539273,0.454885905342572,-6.81225371240761
"STX2",-0.0840763776699465,-0.410770909019789,-0.937397139491133,0.349238041451893,0.455078549932721,-6.8126520415711
"C2orf49",0.0668508555231674,0.0855501871908323,0.937036620802061,0.34942317277703,0.45520101577566,-6.8129883763522
"ACYP2",0.122300808781056,-0.206349391096717,0.936936476944582,0.349474609135832,0.45520101577566,-6.81308177963408
"SEC16A",0.114075843102475,0.0905749340348946,0.936226194755608,0.34983956617295,0.45558344483261,-6.8137439685175
"DECR1",-0.112362737241108,0.0436468476881134,-0.935427758054765,0.350250108686349,0.456025070139139,-6.8144877465925
"SEC22A",0.0889047644451919,0.058428731585023,0.935057423279037,0.350440632675438,0.456180110016855,-6.8148325150542
"UBE2G2",-0.101462206870315,0.0269028106202119,-0.934746771556991,0.350600502780838,0.456295191654229,-6.81512161598936
"ARHGAP35",-0.0906315527870677,-0.0807251808489411,-0.934423921563263,0.350766699678767,0.45641845882391,-6.81542196771099
"ARHGAP12",-0.0798972358823615,0.171032998177226,-0.934158199179619,0.35090352602947,0.456503466523669,-6.81566909541402
"MRPS11",-0.0849792075337486,0.188185764627094,-0.9337415505906,0.351118136045051,0.456689610643238,-6.81605644707433
"GTPBP6",-0.100231514278552,0.108584776387741,-0.931741043296827,0.352149733553909,0.457938095466744,-6.81791389330059
"C1orf21",0.154495956273023,-0.640190543378541,0.931398279363769,0.352326679155831,0.458074902547338,-6.81823174770508
"ESYT2",0.0761711861780204,-0.117314774158276,0.929639086644146,0.353235719583412,0.459163287772819,-6.81986126460937
"RASSF2",0.0942732144346034,-0.138679670339266,0.927268153619745,0.35446322383732,0.460665109749906,-6.82205258007265
"MOXD1",-0.147095536254232,-0.0197946006436286,-0.927021063759181,0.354591305314985,0.460737786820549,-6.82228063055895
"STK3",0.0975491683738461,0.134126585699764,0.926754122068217,0.354729710171725,0.460823845258691,-6.82252693526179
"CAND1",-0.0619027793139286,0.114234921812424,-0.926159226459876,0.35503827696099,0.461130878436925,-6.82307558623755
"CDK17",0.062994491828039,-0.150388032785234,0.925718072718628,0.355267209142433,0.461334376728581,-6.82348222026722
"POLR3F",0.0595816458198195,0.139451999086563,0.923797979036,0.356264711560211,0.462535620844235,-6.82524982413329
"STAU2",-0.0870971014947537,0.226677429779775,-0.923087692929502,0.356634159225033,0.462913705132958,-6.82590277567278
"GFM2",-0.090292487384165,-0.067396750498816,-0.922959374317569,0.35670092862242,0.462913705132958,-6.82602068307198
"NSUN5",0.0751370742135438,0.0338248312635106,0.922593734539566,0.356891229274277,0.463066551293692,-6.82635656699793
"BGN",-0.144562667690328,-0.568517733688229,-0.921406952043973,0.357509343941344,0.463774311472061,-6.82744585653205
"CASKIN2",-0.0613843832100014,-0.356925017793248,-0.92083630082662,0.357806798422123,0.464017110573261,-6.8279691327225
"ABHD17B",0.0797882727107641,-0.176758637006299,0.920769063845649,0.357841856298001,0.464017110573261,-6.82803076650211
"TSR3",-0.0775329809277243,0.267685409050316,-0.920496634149268,0.357983925447855,0.464107078981636,-6.82828044741585
"FCGR1A",0.123235605196449,-0.0483902552245507,0.920126798749088,0.358176847666524,0.46426292577157,-6.82861928270864
"STAT5B",-0.0735263869627913,-0.16135701392778,-0.919437143303914,0.358536777384817,0.464635137731288,-6.82925076845778
"PGPEP1",-0.105800254038085,0.0523805074185267,-0.918931260796955,0.35880094161821,0.464883119365315,-6.82971368228377
"SDC4",0.145063016566809,-0.437833270719008,0.918092109301369,0.359239404889493,0.465356786410917,-6.83048099893551
"NCOA2",-0.0813215755891945,-0.0190722149518926,-0.917616290084929,0.359488174387405,0.465584582852653,-6.83091577620435
"RANBP6",0.116294188830624,-0.0631617036295458,0.916275969649743,0.360189509777627,0.466398300533391,-6.83213928136594
"MCTS1",-0.0624984581163414,0.293674745126729,-0.915801876377199,0.360437790031057,0.466625160046289,-6.83257162916598
"LDB1",-0.0867284008899995,-0.107857338473044,-0.915090177489368,0.360810705659376,0.467013248659054,-6.83322024268037
"LYRM1",-0.129666645863246,-0.0839497162123276,-0.913173940965017,0.361815982510442,0.468219507160351,-6.8349641290292
"MB21D2",0.0914439924676858,0.0333288973260433,0.912912704626226,0.361953166161185,0.468302120757684,-6.835201587527
"LDHA",0.0981648966013157,0.437795211169725,0.912390713222823,0.362227378787945,0.468561955745752,-6.83567586457214
"DPF2",0.0567388107876558,0.140746653331651,0.909137735839151,0.36393917807263,0.470602477104171,-6.83862541085442
"CHCHD7",-0.100362737747415,-0.0254718970097541,-0.909112957003865,0.363952236795677,0.470602477104171,-6.83864783814401
"FBXO4",-0.0915046352890704,0.0585587469668288,-0.908771967891574,0.364131971761235,0.470739550454643,-6.83895640514437
"VTN",-0.165654161280572,-0.428550938168198,-0.907373254052485,0.364869815363304,0.471597929371395,-6.84022092048268
"MRPS18B",-0.0851987064833581,0.107380333189294,-0.90545420732018,0.365883668278709,0.47281263346682,-6.84195269218733
"CGREF1",-0.168527018187682,0.00525285520246704,-0.905144739619074,0.366047328577234,0.472928408127406,-6.84223161810264
"YAP1",0.0761366855593285,0.0440960846828168,0.903824877273742,0.366745845566979,0.473735024063354,-6.84342015625093
"CLSTN1",0.119129833163764,0.115652644091896,0.903338557329676,0.367003433304155,0.473971869265176,-6.84385765304446
"LENG8",-0.067656002699945,0.090630024176422,-0.902634025289766,0.367376801706139,0.474358115044226,-6.84449103936515
"PTRH1",0.101785035369152,0.0290982842431418,0.899666318854566,0.368952153136818,0.476295895224137,-6.84715365966546
"PLSCR3",-0.0931579869446305,-0.133521458009214,-0.899342836660471,0.369124122359762,0.476421572926437,-6.8474433598624
"F10",-0.148386658216354,-0.497430704568366,-0.899005460081707,0.369303531436569,0.47655680036833,-6.84774539297379
"RIDA",0.161732603543456,-0.0444327037189915,0.898443725499136,0.369602369734675,0.476846055921581,-6.84824803021777
"WIPI1",-0.0838442884606993,-0.02904338987039,-0.897724193625954,0.369985375429432,0.477243762043823,-6.84889140697719
"INPP4B",0.179972133351062,-0.189015988249191,0.896952816001935,0.370396253566055,0.477677252882097,-6.84958057242312
"PARP12",-0.0778303770606998,-0.012981857417554,-0.894986681310498,0.371444811849524,0.478932779414219,-6.85133449329089
"SLC25A11",0.094038539995916,-0.308562100220162,0.894496117183659,0.371706722425342,0.479173717481488,-6.85177151156476
"UQCC3",-0.139167206680574,-0.00100659441555671,-0.89270520420453,0.372663861346658,0.480310608538234,-6.85336491932118
"ACSS1",0.150037779207284,-0.0971669424938476,0.891193360501233,0.373473046801561,0.481256388259933,-6.8547075602997
"MRPL43",0.0819041732136024,0.136197673734308,0.890267909164961,0.37396891562041,0.481798128780532,-6.85552831934486
"NDUFAF4",0.103635830157923,0.03115286678035,0.889661997514499,0.374293792474846,0.481987123258888,-6.85606522713289
"SLC26A6",0.155210505806007,-0.252210204056245,0.889533236209083,0.37436285411346,0.481987123258888,-6.85617927767084
"GRK2",0.0629051327698428,0.0549049084471213,0.889428697232937,0.37441892983142,0.481987123258888,-6.85627186115723
"BAG1",0.111070167098283,-0.12903760975963,0.889358897191671,0.374456374153542,0.481987123258888,-6.85633367256133
"SNTB1",-0.0886264399162189,-0.199097725825317,-0.889290535552707,0.374493049097469,0.481987123258888,-6.85639420550914
"MYO9B",0.0595373643303854,0.0424318760760762,0.888931975460752,0.374685447485534,0.482045795991494,-6.85671162789622
"WAC",-0.0570205090207865,0.0859216746464941,-0.888924182653059,0.374689629679841,0.482045795991494,-6.85671852521831
"EML2",-0.111084909871944,-0.285638980107876,-0.888692740228849,0.374813851938706,0.482108469909073,-6.85692334474259
"MRPL33",-0.106911170088484,0.199120864083596,-0.8881511370016,0.375104646953504,0.482385331479984,-6.85740243972759
"C8orf82",-0.109255374080477,0.0367752806997736,-0.887238791597534,0.375594815632872,0.482918424852172,-6.8582088310594
"CHMP1A",0.073117623135639,0.0411153359835225,0.886628161712577,0.375923105862413,0.483243211381419,-6.85874808544659
"S100A14",-0.227277003599937,-0.671953684121599,-0.886221387655248,0.376141896718435,0.483427135778423,-6.85910710731647
"PAG1",-0.0943333805477503,-0.134630274899806,-0.883745589329662,0.377475252113317,0.485043164569034,-6.86128872960652
"MRPL9",0.0920478834978354,0.0802771288084779,0.881978060331848,0.378428953081335,0.486170797872098,-6.86284252329149
"PAPOLA",0.0635366316198904,0.206796838978802,0.881340065085676,0.378773560234899,0.486515627056896,-6.86340260962907
"ARNT",0.0742167878054816,0.0342447833333162,0.879844295731348,0.379582246387466,0.487456283826221,-6.86471414132116
"PPP3CA",0.0657212308474288,-0.0192526029076084,0.878727593050809,0.380186685360974,0.488134322547722,-6.86569185130245
"DEGS1",0.0999092019971353,-0.11447527580867,0.877859862987651,0.380656772630118,0.488639624697085,-6.86645072426532
"ATP6V1B2",0.0545273163722728,0.0625160208333731,0.877604174403037,0.380795358682578,0.488719269384575,-6.86667419426742
"STARD13",-0.0648690835291294,-0.348462187484923,-0.877388562930236,0.380912246683203,0.488771040006482,-6.86686258680295
"HIGD2A",-0.14564667875946,0.314339119738687,-0.877040089055888,0.381101209271486,0.488869752081009,-6.86716697169161
"POSTN",0.192751181666133,0.183176403933549,0.876964314364152,0.38114230632095,0.488869752081009,-6.86723314342332
"CMC1",-0.119007851862623,0.224932739573574,-0.876526317861588,0.381379911007475,0.488986337328691,-6.86761552092205
"MSTO1",0.0884897887771,0.129380671227041,0.876514417435639,0.381386368033968,0.488986337328691,-6.86762590751877
"ALG9",0.101605617399492,-0.149225605588095,0.876122906270114,0.381598834816578,0.489160522044539,-6.86796753706803
"PCYT1A",-0.0639840976997161,0.200689994435707,-0.875177723662632,0.382112070742258,0.489720106722063,-6.8687916698426
"MAP3K11",0.0616685431376094,-0.185649013780928,0.874817562883965,0.382307750559443,0.489872564182629,-6.86910547173613
"ALDH2",-0.152499601174463,-0.0265601834983689,-0.873978570890726,0.382763824604509,0.490358551384388,-6.8698359724509
"RABEP1",-0.0928128080518954,-0.117310335980742,-0.87278292775809,0.383414351841569,0.490997469226181,-6.87087579963954
"NIT2",-0.0795769547955059,0.116047320968717,-0.872779260940539,0.383416347934493,0.490997469226181,-6.87087898641888
"MCU",-0.104401199021368,0.161091481578099,-0.872446634548909,0.383597445216606,0.491130877823948,-6.87116801187941
"INTS8",0.052942850386649,0.154965389766144,0.872233744871542,0.383713379867258,0.491180820058629,-6.8713529382543
"TPT1",0.0694646112176718,0.343850180416622,0.870821952348354,0.38448275360844,0.492051786669634,-6.87257815346928
"MFAP2",0.14256228303977,0.296470909100108,0.870702467941219,0.384547911586761,0.492051786669634,-6.87268175658035
"RUNX3",0.0817689060771496,0.0201873988881195,0.869906624625702,0.384982078868401,0.492508630249397,-6.87337145918248
"APOO",-0.098324149717329,0.0983007032704345,-0.86974549407573,0.385070019250299,0.492522450503438,-6.87351102351395
"EPHB2",-0.133170437698543,0.104145891529438,-0.868162629873642,0.385934556256703,0.493461162868906,-6.87488066406283
"RAP1GDS1",-0.0813451033815882,-0.0585965445310854,-0.868118815589654,0.385958503894646,0.493461162868906,-6.87491854091139
"HDHD5",0.0963054755095796,0.0727346954102371,0.867321965601554,0.386394198406247,0.493919310675453,-6.87560707480558
"MXRA8",0.115909159524607,0.055699421342524,0.867099371854566,0.386515960092821,0.493975017626236,-6.87579929883941
"EHMT1",-0.0768571057697445,0.0305395407177383,-0.866959456018561,0.386592507921426,0.493975017626236,-6.87592010003453
"BASP1",-0.159556133584888,0.0203441913659536,-0.865276648308688,0.387513898424529,0.494913375282181,-6.87737149024566
"MUC1",-0.192510208870547,-0.268049846832061,-0.865194879780668,0.38755870351776,0.494913375282181,-6.87744194255929
"BRF1",-0.0738608255709509,-0.0818786889078171,-0.865193578058763,0.387559416822381,0.494913375282181,-6.87744306407801
"AFG1L",-0.0929368861935887,-0.0612233909363638,-0.862904974619216,0.388814745946834,0.496417147144678,-6.87941224841695
"FAM120B",-0.0618687217834278,-0.178265173244052,-0.861466388831981,0.38960510046138,0.497326782576151,-6.88064739392304
"SAP130",0.0563600676694753,0.0187971618096677,0.860661168037593,0.390047914419853,0.497792511207428,-6.88133784736402
"ATG16L1",-0.060950102613477,0.0581892150909977,-0.858825830314612,0.391058367221081,0.498982349062071,-6.88290919391638
"EPS8L1",0.141174115673553,-0.0282949653271884,0.858363352193151,0.39131323813796,0.499117866369211,-6.88330462337967
"ZPR1",0.0721644724237458,0.213286583423506,0.858349425848441,0.391320914494013,0.499117866369211,-6.88331652743694
"ZC3H14",-0.0485289156984972,0.221710621120116,-0.85710134470829,0.392009243559783,0.499895949696267,-6.8843825900969
"PFDN4",-0.0842494786866778,0.227267221326434,-0.856279085409624,0.392463130584492,0.50037481804752,-6.88508408833376
"PTGES2",-0.0747420503012803,0.213595913443248,-0.856135641707476,0.392542344267153,0.500375897014528,-6.88520639651736
"NEDD4",0.0823690465648921,-0.215124177367118,0.855766292700221,0.392746354079689,0.500536022115532,-6.88552123040594
"ABCC3",-0.198426051650371,-0.56110072012842,-0.854478705461761,0.393458057162991,0.501342984431391,-6.88661771494562
"PLEKHG3",0.0881681143561727,0.0107798029036353,0.854101533700889,0.393666684197931,0.50150873475734,-6.88693859590072
"RPUSD4",0.102205111656051,0.053836786552607,0.853658008882571,0.393912099520897,0.50165882006481,-6.88731574663989
"METAP2",0.0902222901007774,-0.0480932272856222,0.853604646896065,0.393941632545804,0.50165882006481,-6.88736110978981
"CCDC115",-0.0682033515495727,-0.0172871199243025,-0.852907002614456,0.394327865452148,0.502050532584639,-6.88795391909733
"MRPL34",0.0863168314601503,0.128640540948187,0.850860891979726,0.395461968993083,0.503336173388425,-6.8896897776684
"CTSG",0.177110625204411,-0.234466792850002,0.850756623411127,0.395519815200557,0.503336173388425,-6.88977812482266
"BCR",-0.0627373949119169,-0.00521836974012634,-0.850599184628069,0.395607168958024,0.503336173388425,-6.88991150287502
"KRI1",0.0831596170425957,0.288288371277398,0.850516633750729,0.395652976387863,0.503336173388425,-6.88998142801499
"NNT",-0.12376481179016,-0.127683206230293,-0.849637923503102,0.39614077162862,0.503856340009709,-6.89072532524012
"MECR",-0.0870561932531052,0.180439883670608,-0.848751207250478,0.396633380834457,0.504382421156743,-6.89147522409143
"CCDC43",-0.074888935174581,0.182537430162852,-0.848137418901229,0.396974584196471,0.504715794522992,-6.89199385031642
"MOV10",0.0795417228962737,0.130450918297863,0.847584955758459,0.397281849092407,0.505005894177786,-6.89246033979901
"POLR2H",0.0652649631548553,0.229379756303926,0.847294664863815,0.397443358678726,0.505110637970474,-6.89270533467888
"ESRP1",0.109902170143684,0.0980512087410557,0.846349167596327,0.397969682085345,0.50567888957511,-6.89350272044209
"PLG",-0.120585655118054,-0.364693952221116,-0.846016883957762,0.398154752264166,0.505813389018444,-6.89378274157006
"JPH1",-0.144807423644537,-0.249962495068599,-0.845505972030093,0.398439413648132,0.506074329847489,-6.89421308223769
"CANT1",-0.110735434137249,0.202337489576983,-0.843668338127519,0.399464293338366,0.507275161687643,-6.89575877990384
"TNRC6B",-0.0523330720496187,0.0773408198199537,-0.841722483309632,0.400551264546255,0.5085543495979,-6.89739185572363
"HEXIM1",-0.0778484241342879,0.184733698832947,-0.840918714953691,0.401000776979332,0.50902384910796,-6.89806532960982
"HSPA4",0.0589341044873331,0.14375037324269,0.83818768623434,0.402530393981379,0.510848977741798,-6.90034885965957
"PDXK",0.0829795105956704,0.0587728899308812,0.837960028808324,0.402658060698224,0.510848977741798,-6.9005388797963
"ARL1",-0.0597067517884342,0.119778115926062,-0.83792339456112,0.402678606887152,0.510848977741798,-6.90056945271381
"MISP3",0.129382287444989,-0.380485403752333,0.836109448346849,0.403696741580291,0.512038874650409,-6.90208160742176
"CLDN3",0.181938705011075,-0.361469731003913,0.835478076951181,0.404051481674446,0.51238703286819,-6.90260717015556
"ATL2",-0.0900634023888639,-0.158036520995686,-0.835078318905575,0.404276185176886,0.512570183152188,-6.90293973016833
"ARFGAP3",0.0793190669537472,0.214582167873031,0.834922473079332,0.404363806267561,0.51257949236021,-6.9030693358788
"HBE1",-0.202839099625395,-1.42005754783485,-0.833961703017871,0.404904231372718,0.513162667192299,-6.90386780691895
"PYCARD",0.138402589374034,-0.0241253099254156,0.832705669964484,0.405611393345233,0.513956885594227,-6.90491028263225
"ADK",-0.0938108370910248,0.172000989939948,-0.832082990952939,0.405962243886426,0.514299390320403,-6.9054265103752
"WNK1",-0.0647068512485279,0.026159467923555,-0.83126943392699,0.406420919503105,0.514778331884016,-6.90610040478326
"LIMK1",-0.0728787493023136,0.0992139176936008,-0.83092931528564,0.406612767188203,0.514919182565783,-6.90638194097157
"RPP25L",0.0727691706331822,0.123626860351006,0.83029560544353,0.406970363012321,0.515269833002909,-6.90690619381463
"ANKRD27",-0.0667725623937997,-0.138323946545909,-0.828965708115309,0.407721422577236,0.516118414582801,-6.90800509072143
"IFT74",-0.0733561940281348,-0.0987312990135014,-0.828599318525702,0.407928486827082,0.516278174111183,-6.90830753098108
"IWS1",-0.0569652435129384,0.134264518757599,-0.827678745943338,0.408449024026232,0.516834526041913,-6.90906684005776
"TAB2",-0.0556126342277043,0.0617072378270669,-0.82731959120055,0.408652215558407,0.516989180966996,-6.90936285106969
"DDR1",-0.0786665852428058,-0.0785952864263576,-0.827112986523885,0.408769129388407,0.517034645630938,-6.90953307418614
"ACTR8",-0.0407837685367811,0.0403978745805827,-0.826584474860215,0.409068295542585,0.51731056982361,-6.90996832616297
"RHOG",-0.0582559507924151,0.0435619960179528,-0.825298937359317,0.409796525375079,0.518128874162352,-6.91102586477167
"MVK",0.0978687984695995,-0.159687910352372,0.824791667916273,0.41008409572237,0.518389814133307,-6.91144271546831
"TRAPPC5",-0.0566239567748863,-0.000386588922350346,-0.823905725410635,0.410586624195297,0.518922326897659,-6.91217013011309
"PDIA6",0.0768323861329888,0.274833332965668,0.823758492255512,0.410670174073821,0.518925205118019,-6.91229094237082
"SCPEP1",0.112891656133967,-0.126711793911687,0.823417998510738,0.410863431710275,0.519059875163244,-6.91257025236336
"PLS1",-0.115068866382183,0.0690441084912286,-0.823284289210702,0.410939337345372,0.519059875163244,-6.91267990382328
"GPATCH8",0.0521271897537753,0.112423111782937,0.822338518295909,0.411476482268179,0.519635549699826,-6.91345499918038
"OMA1",0.106592340758445,-0.170015912419159,0.822158480741451,0.411578780919462,0.519661956925205,-6.91360244630007
"CYP4X1",0.196576451556298,-0.826632506138738,0.821775047270585,0.411796701130782,0.519820923552555,-6.91391636340928
"DIP2B",0.0631659753881532,-0.0837977131433853,0.821650483918033,0.411867510141328,0.519820923552555,-6.91401831208298
"HIP1R",0.0877879362771136,-0.00390166155018004,0.82063559716468,0.412444700754256,0.520446524568364,-6.91484837094398
"SLC25A13",0.120484697154256,0.149320543979002,0.820214670513661,0.412684233152475,0.520645885927396,-6.9151923400375
"TASP1",-0.0708100363746238,-0.000137903904262987,-0.819323376523624,0.413191705902352,0.521183137531908,-6.91592009963163
"SPG7",-0.0747401055329378,-0.161115585007459,-0.819063993847532,0.413339459370264,0.52126653132118,-6.91613174280361
"RALGAPA1",-0.0726317860766869,-0.0528656650709049,-0.818087693326206,0.413895876098298,0.521865159732945,-6.91692775638314
"APOBEC3F",0.105342433494025,-0.256115818912343,0.815888635407299,0.415150801015169,0.52334409960155,-6.91871726535944
"PIAS1",0.0743845059243132,0.0503719959982235,0.81402203357247,0.41621777510893,0.524585569299353,-6.92023247006762
"NUDT1",-0.0905453132475918,0.185745237431211,-0.812843478611959,0.416892289112048,0.525332004337957,-6.92118737596969
"PDCD5",-0.081601900183609,0.0853981886879041,-0.81184369876052,0.417464993377657,0.525949878199752,-6.92199635180492
"PTPN23",-0.0439616984034274,0.0107015127896091,-0.81060457398108,0.41817544768026,0.526686807476886,-6.92299761836001
"ELF3",0.0901171119299386,0.10022203460117,0.810535806686436,0.418214896461677,0.526686807476886,-6.92305314070087
"UBE2H",-0.0819404530557671,-0.0556690645833308,-0.809851035352564,0.418607839827475,0.527077708006001,-6.92360576539607
"CCDC90B",-0.083448936675307,0.0734862688526065,-0.809198697383316,0.418982374848927,0.527445280640851,-6.92413178300303
"ORC5",0.0723693001455015,-0.0210096955196405,0.809008129298054,0.419091825471317,0.527479066752289,-6.92428536932218
"KAT7",-0.062816643356223,0.0256285977805565,-0.807251973552278,0.420101248608707,0.52864534339113,-6.92569902839764
"DLAT",-0.0782030567014343,0.149333791075455,-0.807106740967928,0.420184791235389,0.52864628414541,-6.92581579981041
"FBLN1",0.118506908473882,0.0289467111949726,0.806126951297591,0.420748655069423,0.529251411075309,-6.92660303366371
"SLC25A25",0.0921380681986943,0.0246879306128632,0.804512442050109,0.421678769597664,0.530281979769091,-6.92789816922302
"PLBD2",0.0810148249634496,0.0350667979142163,0.804416555794094,0.421734047496859,0.530281979769091,-6.92797500640481
"LSR",0.0965773006082743,-0.0644033445484476,0.803223624755734,0.42242212251027,0.531042577717675,-6.92893018315225
"HINT3",-0.0758066185194732,-0.103769112180851,-0.802789997481185,0.422672399612956,0.531252612505654,-6.92927703745582
"TBC1D9B",-0.0513356289174954,0.100046044426681,-0.800448034073035,0.424025620468412,0.532763344643029,-6.93114712661856
"RSPRY1",-0.0758735452111312,0.0649670714318289,-0.800421027640562,0.424041240011883,0.532763344643029,-6.93116865987596
"C4A",0.174486373856458,-0.872021084801508,0.799206132338076,0.424744241055072,0.533466492414422,-6.93213659362285
"GOLM1",-0.149977142013389,-0.207674956875941,-0.799165102622261,0.424767994899753,0.533466492414422,-6.93216925733169
"CALB2",-0.198721209577318,-1.68387897377345,-0.798364565680782,0.425231615733993,0.533943729884276,-6.93280622960293
"HDGF",-0.102124730436622,0.270633961647605,-0.797164091061556,0.42592741149824,0.534656196102573,-6.93376023297771
"NDOR1",-0.057035067175456,-0.0810364745225865,-0.797096693663871,0.425966494843193,0.534656196102573,-6.93381375051778
"OLA1",-0.0667151172154473,0.0678290449771542,-0.796583699288002,0.42626404607657,0.53492451536928,-6.93422095082181
"CDC42EP5",-0.0955257393437035,-0.174796823341227,-0.796433682723385,0.426351082932181,0.534928603757511,-6.93433998034285
"RAB2B",0.0697372801096906,-0.236750067741572,0.796037130615674,0.426581205314314,0.535112179947328,-6.93465451410722
"CEP170B",-0.101089582908259,-0.157851294044985,-0.795802036810248,0.426717666485966,0.535178216561165,-6.93484091009635
"SMNDC1",0.0528838081031917,0.270853807163832,0.795620507619623,0.426823053344105,0.535205262294208,-6.93498479943105
"ESYT1",0.0646180169995919,-0.118289373569186,0.794638059583129,0.427393678400228,0.535815557939419,-6.93576297067633
"PPP2R2A",-0.0896422849094538,-0.00848782224994515,-0.793815323640618,0.427871882806723,0.536309770655855,-6.93641390126311
"SEC23IP",-0.0465725895491985,0.287223791859334,-0.793541509159647,0.428031103232436,0.536404042029265,-6.93663038828161
"DAP3",0.0790174162020854,0.14512277344084,0.793243196246337,0.428204608680939,0.536516174730729,-6.93686615990734
"GTPBP10",0.0970821739760247,0.133755520554726,0.792521232945387,0.428624688771821,0.536937146911531,-6.93743639814763
"ITPA",-0.113601110537039,0.0744334663885739,-0.790890545639744,0.429574402833763,0.537995215860158,-6.93872248281038
"MRPL35",0.0958429639141795,0.00749472659139171,0.790781697897618,0.429637839572584,0.537995215860158,-6.93880823450839
"HECA",-0.0518649330720907,-0.0651678858434789,-0.789639686564235,0.430303736167917,0.538723403025912,-6.93970721739277
"MRI1",-0.0951058695280611,0.0143864131252966,-0.788740659040028,0.430828374198712,0.53927448917051,-6.94041401470074
"PROS1",-0.119589276735695,-0.328041993621768,-0.787691108303739,0.431441323169136,0.53993587778027,-6.94123813549645
"RELL1",-0.0915903372252827,-0.540535836556807,-0.787311732276483,0.431663007764522,0.54010744749686,-6.94153575745199
"OTUD7B",-0.0639809131916666,-0.213834520964335,-0.78617417676224,0.432328124379588,0.540833674405108,-6.94242731785094
"P4HB",-0.0798345223004749,0.443066775133125,-0.785511421027453,0.432715905301347,0.541212743457219,-6.94294616130724
"PDCL3",-0.0632758069047233,0.197414984488108,-0.784285886923286,0.43343350251138,0.541877941315825,-6.94390443178651
"ATP9A",-0.105931656005935,-0.0163094682621499,-0.78427053325845,0.433442497053569,0.541877941315825,-6.94391642768028
"COPS7B",-0.0552228585195365,0.0770590771722886,-0.78416836390621,0.43350235305266,0.541877941315825,-6.94399624713855
"MGME1",0.103678239282923,0.136818663719384,0.783933660072817,0.433639872669597,0.541943743784572,-6.94417956947254
"PLA2G4A",0.167907785463042,-0.574741250180434,0.783268106595104,0.434029977055027,0.542242726299421,-6.94469912225881
"SFXN2",0.132314731905662,-0.0299455403271917,0.783197208933559,0.434071544680656,0.542242726299421,-6.94475444137872
"PGGT1B",-0.0671039142521266,-0.0663078538662388,-0.783090899178481,0.434133878910358,0.542242726299421,-6.94483738204491
"UBL4A",0.0563370855494596,0.234868259041663,0.78239511135904,0.434541979126567,0.542620924304896,-6.94537994431607
"ARHGAP25",0.0901407149194927,-0.17159102685838,0.782284900222936,0.434606641643734,0.542620924304896,-6.94546584080698
"NDUFB5",-0.0910249317634514,-0.122542050778328,-0.782029864339716,0.434756296402453,0.542701652498467,-6.94566456476037
"TCF12",0.0768049346565185,0.0679389984269786,0.781019689039509,0.435349359679561,0.54333574307154,-6.94645105905881
"ARL2",-0.0732102732785978,0.100044631680252,-0.780761072607403,0.435501266018607,0.543419109542468,-6.94665224775518
"IFITM3",0.077955549927485,-0.0720142505740178,0.780461013898483,0.435677553245354,0.543468295841127,-6.94688559296454
"MCRIP2",0.12672606258326,-0.0405295438438152,0.780404232963237,0.435710917213897,0.543468295841127,-6.94692973946536
"ARHGAP9",-0.0787102301690444,-0.0467853079624235,-0.779325768474146,0.436344894281348,0.544022615157007,-6.94776762515701
"NDUFAF2",0.0980834676901234,0.216866611323606,0.779309404067457,0.436354518235159,0.544022615157007,-6.94778033017722
"ALCAM",0.149236469901109,-0.687388955497868,0.779213474209392,0.436410937327202,0.544022615157007,-6.94785480298393
"ENPEP",0.0994242868029004,-0.685475778893069,0.778969812219923,0.436554260892154,0.54409505285895,-6.94804392296423
"MTG2",-0.0815502068073588,0.0382955357049371,-0.778574233267608,0.436787001006175,0.544278883962613,-6.94835082887652
"PITRM1",0.0887182598433983,0.227381332417895,0.778392977958106,0.43689366711445,0.544305573566002,-6.94849140207854
"FTSJ1",0.0532266891768174,0.0263747832903631,0.777664490732417,0.437322523198768,0.544651826416914,-6.94905605403672
"CPNE1",0.116404491909767,0.197541985880401,0.777631084917777,0.437342194837826,0.544651826416914,-6.94908193432145
"GTF2E1",0.054870220781975,0.165918031757938,0.777173553991739,0.437611671972536,0.544881147727114,-6.94943628301102
"MRPL30",0.080418462711968,0.199178108835036,0.776474856402327,0.438023376889188,0.545287436427659,-6.9499770095949
"SERPINF1",-0.146339391342554,0.083347858122569,-0.776273573379545,0.438142023656229,0.545328815018523,-6.95013269392294
"DDI2",0.0528409542280925,-0.148361880073571,0.775251326709599,0.438744875922966,0.545972721256701,-6.95092273988218
"CPD",0.129692533739618,0.050364062099124,0.775057311028255,0.438859347346936,0.546008755418976,-6.95107256828296
"CLPB",0.0504262833950022,0.0926394202607106,0.774782119573819,0.439021742946376,0.546104388995249,-6.9512850205023
"SCAMP1",0.0696184416794426,-0.0361257143164078,0.774018398198301,0.439472610753996,0.546558749447655,-6.95187423186514
"RAPH1",0.071395819648134,-0.0797676253570564,0.773571431342562,0.439736604329615,0.546780568382588,-6.95221879840621
"GATC",-0.0700344782335512,-0.0406824363352375,-0.772708220722628,0.440246704100678,0.547308256558183,-6.95288368575008
"COPE",-0.0446046166215806,0.283197639369106,-0.772367504086049,0.440448138661784,0.547452085916973,-6.95314591889598
"SMIM12",-0.0852437396199042,0.134246987927968,-0.771955826398082,0.44069159681121,0.547582946603579,-6.95346261360184
"ARMCX1",0.0891613371745661,-0.196375613334955,0.771899449160036,0.440724943241315,0.547582946603579,-6.95350597028978
"UNC119B",0.0635874989846563,-0.039320838709392,0.771006284177502,0.441253432960205,0.548132912344535,-6.9541924342826
"UFL1",-0.0498834898108168,0.126772108544862,-0.769987236477219,0.441856853225828,0.548751647482688,-6.95497468135866
"MRM3",0.0850874942709111,0.0510607861492638,0.769874885748523,0.441923409766011,0.548751647482688,-6.95506086155918
"DERL2",-0.0997503979886682,-0.0483517938217149,-0.769278904429356,0.442276565313091,0.549067897635753,-6.95551780784477
"RDH13",-0.0937623695768101,0.00347484501140003,-0.769154875049026,0.442350080726439,0.549067897635753,-6.95561285838698
"ADAM10",-0.0697904562979269,-0.330705483801084,-0.767817078836346,0.443143473311449,0.549945787578931,-6.95663711458781
"SNUPN",0.0712997577946573,0.0875557173840088,0.767532552567605,0.443312319582048,0.550048418292145,-6.95685472716686
"KRT19",-0.148957580128182,-0.0631963302433453,-0.766687686391239,0.443813905638712,0.550563782300986,-6.95750042764887
"MRE11",0.0662934254913698,0.32552564784667,0.764390302956253,0.445179477379481,0.552150536726493,-6.95925265093252
"UBE2Q1",0.064668957566552,0.0602580334794311,0.76424482215282,0.445266032554346,0.55215063465906,-6.95936343329853
"PCBD1",-0.12338626906006,-0.374875127712299,-0.762506854881827,0.446300797513087,0.553326328567196,-6.96068525538261
"FN1",-0.12756608492356,0.0206002233063514,-0.761196390448185,0.447081941014174,0.554187185667929,-6.96167995441815
"OSBP",0.0430851229766781,0.172182265593046,0.760430608937398,0.447538770527066,0.554645778302662,-6.9622604263566
"HAUS5",0.0499934238559679,-0.0422020411789879,0.759943023793063,0.447829779908253,0.554898727870016,-6.96262971860958
"HSD17B11",0.0938540129811575,-0.345597427942125,0.759373936516962,0.448169569434866,0.555212010252545,-6.96306044127095
"ZFPL1",0.0739518952618456,0.0258210645638684,0.759049002032302,0.448363646644655,0.555344691333875,-6.96330622884034
"PLPBP",0.0779255256632033,-0.156577072951041,0.75878416429566,0.448521864662285,0.555432914249164,-6.96350648037348
"NEIL2",-0.0852833920838121,-0.00821733247269139,-0.757982103883202,0.449001221727215,0.555917119775357,-6.96411251683293
"CTU2",-0.0709923238794356,0.0582914104465521,-0.757764596291264,0.449131266990508,0.555917119775357,-6.96427675537421
"CD2BP2",-0.0512029247370183,0.284356935047699,-0.757693018040069,0.449174067489595,0.555917119775357,-6.96433079336505
"SPCS1",0.111987912722105,-0.191182409744564,0.757075197552985,0.449543592302016,0.556266635048134,-6.96479700541325
"MAP7",0.101504175552067,0.0247732714953719,0.756820000041575,0.449696279090471,0.556319675357224,-6.96498946879847
"TUFT1",0.0970868519970868,0.002423590168798,0.756597938756989,0.449829164227535,0.556319675357224,-6.9651568890827
"MAT2B",-0.0574088431711808,0.0609460637070636,-0.756566726433747,0.449847843988935,0.556319675357224,-6.96518041729275
"LACTB2",0.11189458864849,0.184861740354976,0.756242304052714,0.450042028475428,0.556451448812124,-6.96542491335669
"SUMF2",0.0860321978996099,0.225989991463604,0.756002205127983,0.450185771495327,0.556451448812124,-6.9656057930237
"HMGN5",-0.140526676369209,-0.421516338438152,-0.755951974111318,0.450215847229981,0.556451448812124,-6.96564362755909
"WWP1",0.0824331023763696,-0.270412672313195,0.755668785892524,0.450385427083524,0.556553309837101,-6.96585688105968
"KEAP1",0.0737407777177122,-0.12634432187776,0.753889765655499,0.451451577792545,0.557762833631076,-6.96719474220345
"USP14",-0.0603334251919341,0.0749734666817247,-0.753361563848677,0.45176840025756,0.558046282771236,-6.96759135620308
"NUBP1",-0.0608631700683439,0.129449959801789,-0.751677966375758,0.452779086826176,0.559186551138323,-6.96885368022342
"SORL1",-0.106101978569729,-0.120947607929321,-0.75075504556571,0.453333672692335,0.559763198634802,-6.96954447144753
"ZFX",-0.082100915364728,0.240572108990763,-0.750253423518122,0.45363526034248,0.560000331882915,-6.96991957262162
"MAPKAPK5",-0.0902423001922519,0.00668097939495564,-0.750025357163062,0.453772417098648,0.560000331882915,-6.97009003265687
"WDR70",-0.0634258681612847,0.0760008484996211,-0.74999805836217,0.453788835890713,0.560000331882915,-6.9701104327076
"MDK",0.171479096045012,0.217157288793677,0.749798460482472,0.453908893738615,0.560040248603103,-6.9702595672089
"ROGDI",-0.0493597623199462,-0.162595049242549,-0.749191962387319,0.454273811893837,0.560325023365318,-6.97071248455786
"IKZF1",-0.0948732199514759,-0.0518905963145406,-0.749123167860358,0.454315214716092,0.560325023365318,-6.97076383549546
"MRPS25",0.0646574162205154,0.16732669880187,0.748527360016492,0.454673880961179,0.560627669653539,-6.97120837327872
"THUMPD3",-0.058223176999768,0.130741963628072,-0.74842384756084,0.454736210044743,0.560627669653539,-6.97128556894596
"RUFY1",-0.0561049508892663,0.231897692334533,-0.74805408645427,0.45495889781537,0.560793930994428,-6.97156123588271
"GNG5",0.0689218261044943,-0.158455002511234,0.747336912786497,0.4553909898352,0.561218195347954,-6.97209552127834
"STX17",-0.0602980782027736,0.0890701602292386,-0.746918022168307,0.455643475760407,0.56131418110813,-6.97240735326117
"EDIL3",0.136701630978534,-0.571622643713026,0.74691599368522,0.455644698619176,0.56131418110813,-6.97240886288752
"SNX30",-0.0819533770069122,-0.0206584718762767,-0.745420112196045,0.456546986722709,0.562317228052564,-6.97352100694166
"PPIL1",0.0515252941930296,0.297464415510281,0.744925280535522,0.456845681966188,0.562576601611207,-6.97388841068219
"ABHD11",0.118646587272866,0.0412942353972547,0.744140436316363,0.457319663634077,0.563051687679056,-6.97447064493174
"PRKCSH",0.0526406708966946,0.234181134258463,0.743097526945734,0.457949924529553,0.563718964357277,-6.97524337754739
"PCOLCE",-0.113172237811486,0.166472329070524,-0.742881591360589,0.458080481925383,0.563770986332609,-6.9754032377533
"AAMP",-0.0686220788595944,0.161613123812205,-0.742357611897568,0.4583973737483,0.56405227045344,-6.97579095474717
"SEPHS1",0.0543032378021319,0.0364636299282174,0.740789148485198,0.45934668534049,0.5651114809054,-6.97694990483106
"RNF123",-0.0512518799174462,-0.408158399497769,-0.740583337226107,0.459471334533407,0.565155937390831,-6.97710179908586
"EXT2",0.0775804753603121,0.0125823822465756,0.740437056565662,0.45955994070127,0.565156051883207,-6.97720973258045
"USO1",0.0499435067774502,0.244531215263188,0.739370827172882,0.460206075067255,0.565841669421226,-6.97799581024436
"GPATCH11",-0.107303077286515,-0.120540740660239,-0.739044094534546,0.460404177004712,0.56597625532828,-6.97823646790059
"MANBAL",0.106265543575199,-0.15832820946613,0.738645050916057,0.46064618694421,0.566164755272142,-6.9785302430023
"PTPRA",0.0540034014068329,-0.136969836654072,0.738444890059147,0.460767606386354,0.566204997455133,-6.97867754146265
"RNF141",-0.074267099752973,0.0314862681174868,-0.737900156837702,0.461098137644247,0.566502137552148,-6.979078209384
"HMBS",-0.0718031812974521,-0.182847660336653,-0.737230167462181,0.461504853858704,0.566799778537152,-6.97957060290111
"CDKN2AIP",-0.055709203300864,0.1471670817179,-0.73720861553758,0.461517940268544,0.566799778537152,-6.97958643459914
"PARD3B",-0.0716720822978189,-0.380311823882898,-0.736926023898858,0.461689550238992,0.5669014958223,-6.9797939792028
"DAPK3",-0.0642117147847671,0.124961511904023,-0.736377872661591,0.462022529138462,0.5672012783213,-6.98019633339323
"TMEM168",0.0805821366150561,-0.0597699534456082,0.736096939210556,0.46219323661348,0.567301771583443,-6.98040242861619
"ABHD6",-0.06372153291768,-0.266780201834934,-0.733647936043537,0.463682854991657,0.569020762852533,-6.98219571867328
"SLC22A18",0.122960720533589,-0.187055624017111,0.731707993095848,0.464864739248581,0.570361521925863,-6.98361201968343
"WARS2",-0.0784065815048782,0.121670175519866,-0.731348974662097,0.465083650838582,0.570520482344735,-6.98387371965988
"APTX",0.0619813012179248,-0.0650666688038056,0.729586310190574,0.466159270891495,0.571730108459892,-6.98515672472149
"NCALD",-0.119423216561959,-0.976221926646267,-0.729241276081697,0.466369981230252,0.571878688334004,-6.98540750637685
"MRPL13",0.0654421149109185,0.156415142629195,0.728701175252015,0.466699924299802,0.572099186991162,-6.98579983125049
"TLK1",0.052667878099891,0.109618663837817,0.728653589935749,0.466729000005789,0.572099186991162,-6.98583438295105
"RB1CC1",-0.0594726684181687,-0.120669528514226,-0.728220291257586,0.466993801759315,0.572313901004458,-6.98614889766257
"TSNAX",0.0517698123089103,0.152308335787688,0.727746633716439,0.467283363759267,0.572558871157727,-6.98649249396234
"PRMT5",0.0542404674752803,0.134796036483528,0.72716714051843,0.467637762451642,0.572837961122328,-6.98691256149923
"CTHRC1",0.162613510103257,0.655959134230031,0.727080812980505,0.467690570294549,0.572837961122328,-6.98697511073048
"MAX",0.059419360436943,0.14826528570603,0.726200703771699,0.468229135623411,0.573387616217007,-6.98761237768697
"MINPP1",0.070540239535296,0.162898490716893,0.725222579031084,0.468828084157556,0.574010990862127,-6.98831971275745
"ABAT",-0.183653011352944,-0.295470682060155,-0.724843427087783,0.469060369951049,0.574185287986474,-6.98859364251719
"GDAP1",0.144314592979506,-0.449615751028844,0.724406124706577,0.469328360756748,0.574386636882911,-6.98890940749157
"PGK1",-0.0711364832711507,0.232961795713651,-0.7242814631662,0.46940477231872,0.574386636882911,-6.98899938763942
"PI4KB",0.0518925123397558,0.0301185044688472,0.723679180781634,0.469774039934684,0.574728347381291,-6.98943389494875
"NTMT1",0.0621172552625388,0.228050946236399,0.722983345282558,0.470200866970778,0.575140332492034,-6.98993544608377
"ERAP1",-0.0973154540629914,0.0817501625498305,-0.722058408008228,0.470768558502166,0.57572442942661,-6.99060138688635
"ELP3",0.0519271396988406,0.151708891682072,0.721451953637493,0.471140983439469,0.575977250497735,-6.99103756356415
"PPP3CC",0.0497304855394725,-0.0878741044036483,0.721331043433344,0.471215254173191,0.575977250497735,-6.99112448143231
"ARF5",0.0673326423424616,0.135026997969215,0.721281134461336,0.471245913328139,0.575977250497735,-6.99116035490968
"PAFAH1B3",0.100960207880298,0.0502044874452754,0.720599421273648,0.471664801384596,0.576378900830746,-6.99165010771619
"CASP1",0.100493772831886,-0.0496226729918255,0.719934263426955,0.472073715461379,0.576768211485057,-6.99212752195498
"ITGA4",0.0608104357379588,0.025426394022385,0.718521188585863,0.472943071699892,0.577719822614083,-6.99314029184494
"SART1",0.0398007258597738,0.24451851120942,0.718354736335017,0.473045535205924,0.577734457209224,-6.99325945984117
"TOLLIP",0.0554712384375309,0.0727936006223642,0.718127551070065,0.473185404116141,0.577794761002402,-6.99342206394567
"AIFM1",0.0770853473349568,0.200997583670336,0.717534915372359,0.473550373848771,0.578129854115564,-6.99384599184426
"TGFBI",0.103287466219173,0.153324980039428,0.717161894588465,0.473780175299041,0.578299831635324,-6.99411264450388
"CTTN",0.075116020920226,0.24677510543274,0.714677617954445,0.475312197037958,0.579950785137594,-6.99588499556249
"UBE2A",0.0549644003150832,0.176709656419198,0.714674045174109,0.47531440229053,0.579950785137594,-6.99588754006682
"MACROD2",-0.134149019370304,-0.554183734642159,-0.714480748044706,0.47543372085543,0.579985538338158,-6.99602518576956
"CTNNA1",0.0673467877541779,-0.0202912456480324,0.714072078844306,0.475686038747749,0.580182494251074,-6.99631607441004
"THOC5",0.0470294184200365,0.211479634307915,0.713530131648677,0.476020758024846,0.580409301768606,-6.99670157374034
"HSDL2",0.0971550759810341,-0.19229215348266,0.713476644360199,0.476053800056725,0.580409301768606,-6.99673960464182
"SON",0.0417988612144918,0.226336745547695,0.712765392245129,0.476493299530305,0.58069691557166,-6.99724505385444
"KIF3A",0.0493135501485585,0.0995522382289663,0.712753044868834,0.476500931236901,0.58069691557166,-6.99725382404283
"GPRIN3",-0.078646993426874,-0.0677969021451114,-0.712653366737345,0.476562543084651,0.58069691557166,-6.99732461863789
"DECR2",-0.11861826420586,0.220552298888939,-0.710678881511923,0.477783891134331,0.582061001772986,-6.99872492682349
"COG4",-0.0518877030694679,0.227514173262459,-0.710533163376497,0.477874095402527,0.582061001772986,-6.99882811689707
"TNC",-0.157221012383587,0.12147288862326,-0.710401682314971,0.477955494486416,0.582061001772986,-6.99892120690403
"CNOT7",0.0637518674622981,0.0126447811017105,0.709764682083709,0.478349965054329,0.582430306421032,-6.9993719667561
"COG5",-0.0488743898029771,0.174037673600991,-0.709213895468725,0.478691190759058,0.582633602724068,-6.99976139436871
"C6",-0.107133981282835,-0.215644796956735,-0.70920059394316,0.478699433029047,0.582633602724068,-6.99977079533866
"MPDU1",-0.102273966158597,-0.307458377758653,-0.708915122064092,0.478876344010517,0.582737841911026,-6.99997251272646
"SCRIB",0.0682031762638683,0.06764425040449,0.708287490188091,0.479265422484644,0.583090189578803,-7.00041571922601
"VAMP5",0.0949301286381655,-0.687215305228789,0.708153453300454,0.479348536428996,0.583090189578803,-7.00051031956695
"CDH1",0.100034083294939,-0.145989863467509,0.707308276941199,0.479872797558317,0.583616726173305,-7.00110641566684
"UBE2E2",-0.0729139859956141,-0.0413805920941459,-0.706319810398364,0.480486339603136,0.58425162414131,-7.00180267279659
"FCGR3A",0.0989464629567082,-0.0344512212216259,0.706026676228819,0.480668370756317,0.584361680746208,-7.00200896433191
"BSDC1",-0.0573443608970815,0.154849822017779,-0.70553568374164,0.480973352968182,0.584621141957328,-7.00235430629521
"YTHDC2",-0.0601753956778439,0.126907389452269,-0.704167311186511,0.481823882134124,0.585530518548243,-7.00331549385653
"MST1R",0.0848459325576189,-0.069029771400401,0.704037012335116,0.481904913856072,0.585530518548243,-7.00340692282423
"LILRB2",0.103192418607671,-0.188783023402785,0.703618829634024,0.482165028326622,0.585735103855686,-7.00370024210719
"ZNF598",-0.0463934411859617,0.121556770704545,-0.70326074140288,0.482387824274047,0.585894285331898,-7.00395127218152
"LIMD2",0.0819579185866777,0.0762640092518275,0.701127648118885,0.483716159894659,0.587395907365424,-7.00544399154628
"CYB5A",-0.11857528716261,-0.435436173991597,-0.70059929346541,0.484045488609538,0.58768405491004,-7.00581303075149
"DPP3",0.0600547602846349,0.187882046450923,0.698325440116872,0.485464197100561,0.589294467392981,-7.00739808062434
"MRPL12",-0.0869086347652623,0.232920870591004,-0.697887698054813,0.485737573571028,0.589514238215361,-7.00770263064158
"CPEB4",-0.0534110150600918,-0.0102425506312172,-0.696991374234416,0.486297602208144,0.590081754104713,-7.00832563538215
"RASGRP2",0.0720854929509033,-0.323484447157651,0.696564113536572,0.48656468070109,0.590293651202064,-7.00862232905267
"MTMR2",-0.066711895298519,-0.128013038697598,-0.69595870216205,0.486943256613377,0.590640709247039,-7.00904242153835
"SSBP2",-0.110731910386527,-0.382669934325402,-0.695739481221835,0.487080379287619,0.590684479679179,-7.00919444823888
"SDF2",0.0845004723459261,0.219288230686369,0.695605228143719,0.487164364916297,0.590684479679179,-7.00928752732065
"PNKD",0.0657887203132338,-0.0247204037909894,0.695318414127053,0.487343815466344,0.590789873125614,-7.00948631851548
"ALDH1B1",-0.118923580319535,0.0867539605002595,-0.693895304491777,0.488234740650999,0.591757558666787,-7.01047146876215
"DDA1",0.0528311917139522,0.235602590185629,0.693137966725445,0.488709224726842,0.592163456696697,-7.01099491675036
"SLPI",-0.169175223824066,-1.19038912234724,-0.692982298389101,0.488806784320089,0.592163456696697,-7.01110243918082
"NDUFB8",-0.0882670561528818,-0.339769398155878,-0.692916763580711,0.488847859083523,0.592163456696697,-7.01114769784304
"ADD2",0.100587697428407,-1.04108969108986,0.692550066237091,0.489077725714318,0.592240134328827,-7.01140086208759
"LYPLA1",-0.0916449932478476,0.190302894347613,-0.692519851718144,0.489096668491136,0.592240134328827,-7.01142171593618
"SEC23B",0.0647595917423548,0.176950344328598,0.692285980625441,0.489243305730197,0.592305367289972,-7.01158310143312
"TSPAN13",-0.109251638667293,-0.250906754441295,-0.691974102209231,0.489438890583189,0.592429823009225,-7.01179823223116
"TRAPPC1",-0.0490335319306959,0.0787520964693479,-0.69159125332937,0.489679040162165,0.592608163653417,-7.01206218563413
"BOK",0.091965852049561,-0.375113233312217,0.691072407164635,0.490004598392443,0.592889778422541,-7.01241966928676
"NFATC2",-0.068480665988849,-0.00610758980734236,-0.689670661050589,0.490884730750577,0.593842176173254,-7.0133841310329
"UBE2G1",-0.0562601417770262,-0.0573440152872174,-0.689500730870064,0.490991484961841,0.593858804978473,-7.01350091761869
"ABCD1",0.0857602193925091,-0.165526128002828,0.688803954349038,0.491429347658957,0.594275830455008,-7.01397948570128
"PRSS8",0.115365726678521,0.150718234499738,0.688620695777386,0.491544544508825,0.594302578430003,-7.01410527333199
"SLC27A1",-0.0669851523429011,-0.226141831563358,-0.688166132241989,0.491830347266711,0.594535548522899,-7.01441713906904
"ZNF384",0.069341129852961,0.101059581192467,0.68792503756565,0.491981969738037,0.59460626098379,-7.01458246532352
"MANBA",0.0978398323502132,-0.340718903432876,0.687335874564401,0.492352595513697,0.594941582580424,-7.01498622999412
"AFAP1L2",0.0950719338366339,-0.249054758389494,0.685959995688583,0.493218707429693,0.59587539204136,-7.01592780266605
"EPPK1",0.133355106529552,-0.288367511210379,0.684694254579574,0.494016211345567,0.596725976057784,-7.0167923419216
"ABR",0.0626444382895836,0.0155216182999838,0.683145780669799,0.494992798184211,0.597778377852227,-7.01784783078664
"NPC2",0.104889360414835,-0.00353763129309805,0.683015966462752,0.495074716066183,0.597778377852227,-7.01793620800138
"LAMTOR4",0.0665855175376918,0.207025218572681,0.682591817649426,0.495342421403067,0.597948375536949,-7.01822485078402
"GBE1",0.0627294707802349,-0.0232210710662968,0.682496164501138,0.495402804477754,0.597948375536949,-7.01828992019007
"SFT2D3",0.0803748288910991,0.0375058453415534,0.681983545868559,0.495726473114588,0.598225955554081,-7.01863848131371
"SLC4A7",-0.0969779934681863,-0.108463807169742,-0.681609272470418,0.495962861836033,0.598398124116227,-7.01889280800387
"CTPS2",0.0674295228019013,0.118620196772868,0.681026061429069,0.496331334659274,0.598724133048537,-7.01928883474957
"STEAP4",-0.160064743418841,-0.827510422606192,-0.680884801760789,0.496420604598113,0.598724133048537,-7.01938470561539
"ERGIC1",0.110029216757083,-0.105634840089562,0.680642656959868,0.496573649539876,0.598795609501815,-7.01954899960676
"SRSF8",0.0495310747784657,0.249802612038532,0.67966474388378,0.497191985698901,0.599393664215752,-7.02021191565794
"DUSP23",-0.067718137133772,0.246875140234804,-0.679561392011916,0.497257359334509,0.599393664215752,-7.0202819211726
"SRBD1",0.0499797982289918,0.0386024373744051,0.6787465554269,0.497772932709753,0.599709206386653,-7.02083347991466
"ANKLE2",0.0528887315886902,0.0515326483687486,0.678736863931152,0.497779066551078,0.599709206386653,-7.02084003606782
"MEMO1",0.0503589337725922,-0.00250927719260911,0.678702355789312,0.497800907415702,0.599709206386653,-7.02086337955616
"SLC7A6OS",0.0543244333294482,-0.0450674161013414,0.678474467392846,0.497945155215067,0.599769820043049,-7.02101750795592
"OSTM1",0.0670501123843365,-0.121046165028076,0.678013792619739,0.498236819340679,0.600007938794839,-7.02132891978668
"CHUK",0.0451807844216628,0.0400871653873079,0.677054693916241,0.4988443402294,0.60062627048175,-7.02197658482585
"HTRA1",-0.146030296240573,0.0702146691531871,-0.676697986083319,0.499070390158321,0.600785151048432,-7.02221723105163
"KIF5B",0.0378874481349701,0.133373504422793,0.676496688492688,0.499197978925246,0.600825465680999,-7.0223529768617
"CLUH",0.0698480361770636,-0.0139694678606332,0.676322075134465,0.499308668480001,0.60084542937143,-7.02247069543631
"ZNF512",-0.106413936880809,-0.127760294419312,-0.676063506934319,0.499472602091844,0.600919710243226,-7.02264495793704
"TMX4",0.0745448644670191,-0.276249845757607,0.6759278430285,0.499558625210813,0.600919710243226,-7.02273636228989
"BANF1",-0.068086973305055,0.0608381538093996,-0.675631937908617,0.499746283084603,0.601032212751025,-7.02293566663736
"CINP",0.0429521164270476,0.144383927290819,0.675426869550778,0.499876355914073,0.601075429851479,-7.02307373761038
"IL33",0.114689092302312,-0.818290606270758,0.67429369861564,0.500595440333433,0.60182675325343,-7.02383593939523
"RBM3",-0.0935983496544695,0.214954817582986,-0.674022235928558,0.500767786123674,0.601920616415599,-7.02401834313056
"ARRB2",0.058898587280719,-0.0274024516005797,0.673681394047804,0.500984223994087,0.602067432750281,-7.0242472610615
"DHODH",0.0857468033921591,0.0761798212778018,0.672269335076801,0.501881425232132,0.602986879043972,-7.0251944050591
"STAT5A",0.061934472788259,-0.0608070671416493,0.672180061060428,0.501938177309117,0.602986879043972,-7.02525421933918
"CCDC174",0.0480683529004699,0.140481242271557,0.671442687157083,0.502407061158955,0.603436622554539,-7.02574796260894
"TMCO3",0.106279961931813,-0.0201952251539885,0.671123647407822,0.502610005346355,0.603566839220703,-7.02596142312757
"LSM2",-0.0533586112062152,0.26690183374518,-0.670855930838889,0.502780335965665,0.603657849782018,-7.02614046668085
"ZNF579",0.0669699672005223,0.10164992224484,0.670634786970217,0.502921058520783,0.603713284199135,-7.02628830960295
"CA3",0.139141483310042,-1.59596313351632,0.669240127652427,0.503809016705814,0.604665520989966,-7.02721957137997
"MAVS",-0.0633033756407096,-0.142399000793356,-0.668774302062356,0.50410578579155,0.604907995166143,-7.02753018834376
"GLA",0.105302457559743,-0.0232780122917463,0.668414323417069,0.504335185142748,0.605006533658235,-7.0277700778054
"PLEKHA5",-0.0699252275179734,0.00785455972295024,-0.668348068786364,0.504377412476552,0.605006533658235,-7.02781421579929
"TNPO2",0.0582603653674303,-0.0258269559392216,0.668196350298855,0.504474117183749,0.605008872693133,-7.02791527229315
"FAF2",0.06168178758208,0.201396159165163,0.666788174206756,0.505372150946147,0.605972053294112,-7.02885213703484
"RABL6",-0.0530962407312971,-0.0223126077896127,-0.666579461185256,0.505505325077187,0.606017931020999,-7.02899082685123
"PLCB3",0.0529208891253845,-0.0414400645482347,0.666036819308433,0.505851657024132,0.606281660071171,-7.02935120977046
"VMAC",-0.0955588059239598,-0.218767156929478,-0.665937247260891,0.505915220808019,0.606281660071171,-7.02941730643573
"SLC43A2",-0.096523810105575,-0.400156244907795,-0.665222883061168,0.506371373090576,0.606714433699254,-7.02989121770794
"YIPF5",0.0820008462741171,-0.00666499910375372,0.664352032218637,0.506927742575944,0.607267098751858,-7.0304682565312
"NAPRT",0.0964443521959741,-0.212061180261467,0.663187362722883,0.507672331089913,0.6080449885592,-7.03123880567812
"SPARC",0.091577344026503,0.384682256560127,0.662589156350815,0.508054996344222,0.608389188232907,-7.03163405681145
"NDUFA4",-0.0808565322566643,0.273972668193497,-0.662324931512563,0.508224066110025,0.608477528991657,-7.03180852404621
"COPS2",0.0834723601016,-0.0343487366038424,0.661596586405936,0.508690266339297,0.608921513043946,-7.03228908981523
"SLC35E1",0.0779751160574805,0.0687294512010578,0.661038144765688,0.509047866958893,0.609235357175733,-7.03265719524462
"EIF2A",0.050447601569223,0.304757639410915,0.659489371216147,0.510040322924006,0.610308744728219,-7.03367647105635
"CETN3",0.0730023621392712,-0.113315691978912,0.658458663259132,0.510701364943062,0.610985237991653,-7.03435347702491
"RPL9",0.044647009734846,0.329422281884522,0.65783675349366,0.511100442731362,0.611348131667244,-7.03476145879826
"CTDSPL2",0.0634651767330369,-0.0286864185689778,0.656387131370166,0.512031296149544,0.612346848832148,-7.03571093913297
"MLX",-0.0581414498045639,-0.00445868705834034,-0.656195829927127,0.512154203867639,0.612379137021512,-7.03583608261609
"NUDT14",0.082076307298435,-0.154891387791288,0.655372564109597,0.512683313620951,0.612897015066425,-7.036374222441
"HLA-DPB1",0.104998006848957,-0.24956079376623,0.653865553402285,0.513652604479343,0.613940823586785,-7.03735755653372
"AMACR",0.132151629710885,0.0299731224031649,0.651730946900338,0.515027195200244,0.615468583446296,-7.03874653674442
"ACP1",-0.0540880731355639,0.00596072551488283,-0.651346368052705,0.515275050606696,0.61564955054711,-7.03899629910879
"GTF2H4",-0.0366255577121472,-0.0381531892547037,-0.650900746169649,0.515562325144829,0.615877539017724,-7.03928552158787
"ARHGEF16",-0.0788932886777451,0.029845344851527,-0.649899073768898,0.516208367809316,0.616533937235781,-7.03993491749567
"HCLS1",0.0749173725742838,0.0350914621288768,0.648162930483949,0.517329115806141,0.617756948166015,-7.04105811651899
"ZNF185",0.104188394839624,0.0831573619147264,0.648013146139967,0.517425866686272,0.617756948166015,-7.04115487916816
"LSP1",0.0842535032641222,0.064794041982528,0.64735560457761,0.517850706770883,0.618148581553952,-7.04157939573263
"OSGEPL1",0.0711628327858586,-0.0705593048823895,0.647065345520538,0.518038301895521,0.618256926654748,-7.04176665362788
"HMGN3",0.0981182048296814,-0.172875981231305,0.646545415507617,0.518374422148101,0.61854245662785,-7.04210187216166
"SURF2",0.0652343427361638,0.106229328729689,0.646204330333908,0.518594985696679,0.618690019370945,-7.0423216366677
"MAPK13",-0.0685334998339592,0.222616734098468,-0.645835532925167,0.518833524230231,0.61875942660709,-7.04255912628446
"LMTK2",-0.0603570525759718,-0.0451489105187407,-0.645814731310671,0.51884698043138,0.61875942660709,-7.04257251759756
"ZC3HAV1L",0.0601691821172677,-0.0496328566572767,0.645410992244622,0.519108188044987,0.618922160887342,-7.04283234472306
"GPD1",-0.179158502943751,-1.06107626583758,-0.645304178013904,0.519177305201661,0.618922160887342,-7.04290105813456
"INPP1",0.0662125042548499,-0.192063001724816,0.644876305488094,0.519454220017244,0.619136680009353,-7.04317619406092
"RAPGEF2",0.0447867307027005,-0.011724540717341,0.643632168185573,0.520259848039674,0.619899567564617,-7.04397518056582
"KTN1",0.066017614529424,0.0642350925326715,0.643588009227914,0.520288454593388,0.619899567564617,-7.04400351121981
"CPT1A",0.101608684297552,-0.406188319124,0.643254963071242,0.520504230999399,0.620040954278202,-7.0442171181054
"PMPCB",0.0597407579504965,0.252920842155688,0.643011050343965,0.520662288360688,0.62011354433557,-7.04437348723275
"UBA3",-0.0442078245838574,0.0294811669204678,-0.642369747292177,0.521077976246883,0.620492890402153,-7.04478433565127
"TFE3",-0.0663811716359141,0.00707143997675211,-0.641999616469419,0.52131797040276,0.620662920197953,-7.04502127246931
"DHRS7B",-0.0732379454034492,-0.116380508996306,-0.640647665688813,0.5221950655004,0.621591255261009,-7.04588555740418
"RPS6KA1",-0.0624359987949452,-0.0944329396122306,-0.637522534366836,0.524225446291861,0.623891793955924,-7.04787645787814
"CKMT2",0.139038618115558,-0.0817045013693968,0.636385378285057,0.524965257599833,0.624614140906395,-7.04859848629335
"ARFGEF1",-0.0727674532255685,0.0581048555274755,-0.63628889992553,0.525028049216073,0.624614140906395,-7.0486596853021
"YWHAB",0.0508492122732151,0.183724246397931,0.635748652230544,0.525379733360885,0.62491609491603,-7.04900220898076
"ACADSB",0.119466336184749,-0.35531219938001,0.634452455339893,0.526224009918615,0.625803744334207,-7.0498228302032
"TCEA1",0.0575068298710592,0.182657296298854,0.634255069746824,0.526352637900084,0.62584014767077,-7.04994764828326
"DPH2",0.0522753681550105,-0.0869547283904672,0.633944146318415,0.526555286487905,0.625964532531237,-7.05014418417983
"BCAR1",0.0511168721106098,0.00118394971454049,0.632602992014689,0.527429860574247,0.626868577065348,-7.05099083130948
"PAK1",0.0696177243764127,0.0302064181336638,0.632476911521178,0.527512116612704,0.626868577065348,-7.05107033172813
"FAM83B",0.116710901327274,-0.07668745738071,0.632263845692571,0.527651137595328,0.626892382795877,-7.05120464507128
"NDRG1",-0.095110155559781,-0.184569170820539,-0.632145270853428,0.527728513316811,0.626892382795877,-7.05127937322977
"TOMM70",0.0560715235896337,0.213272410533149,0.631422338688877,0.52820038661629,0.627336210666854,-7.0517346765848
"BCAS3",-0.0391913024054575,-0.0147382422936211,-0.628658744192117,0.530006232248054,0.629363919081984,-7.05347040001037
"NRAS",0.0818356582089373,-0.167669183135583,0.62700926578941,0.531085568570724,0.630528329364833,-7.05450276397298
"RASA2",-0.0396660938818334,-0.0280899087543429,-0.625267094714224,0.53222677331306,0.63167415983854,-7.0555902036009
"AZGP1",-0.133863459553738,-1.06150784867725,-0.625233871593258,0.532248548148997,0.63167415983854,-7.05561091169346
"DNAJA3",0.0716199037021656,0.235643529820917,0.624997332809354,0.532403591630691,0.631740741973976,-7.055758315451
"C8B",-0.0812587095726967,-0.155394774724449,-0.624532123990918,0.532708587877258,0.631985197621013,-7.0560480570655
"CNOT4",0.0436472658426096,0.0874883495228338,0.6243364200217,0.532836920182857,0.632020014001029,-7.05616988120242
"MBP",-0.097747165255652,-0.339071860944675,-0.62342192420792,0.533436806315737,0.632614043151186,-7.05673864258296
"MALT1",0.0484208516390171,0.0440799146004734,0.622500002879049,0.534041910317788,0.632968139538865,-7.05731118029097
"PPP2CA",-0.0557909752677094,0.111757538396415,-0.622438896451624,0.534082029884785,0.632968139538865,-7.05734909913952
"SAR1A",0.0442435994973581,0.0546629016962612,0.622431901959514,0.534086622232355,0.632968139538865,-7.05735343924945
"CD276",0.0673306059198146,0.135712830373246,0.622362905320164,0.534131924171559,0.632968139538865,-7.05739624932898
"VDR",-0.0647161904025179,0.162283796228752,-0.621203073431243,0.534893740346066,0.633753299704886,-7.05811517702143
"BICD2",-0.0456702127407128,-0.0325782034218123,-0.619516278999347,0.53600266465813,0.634949353217469,-7.05915835732631
"UQCC2",0.0849331187014704,0.30837967369666,0.619364515564018,0.5361024932336,0.634949808810338,-7.05925207507251
"ADAM15",0.0763008372411608,-0.201426432497551,0.618814920198194,0.536464090611538,0.635228698375058,-7.05959127237327
"POMP",-0.0801924593583774,0.204014745902637,-0.618704216363246,0.536536941321329,0.635228698375058,-7.05965955981868
"DNAAF5",0.0597771348627965,0.0722206632082062,0.618467950557778,0.536692437131773,0.63529499649358,-7.05980525915459
"HSPA4L",0.115279679179751,-0.415388190560518,0.618287766039918,0.536811038944688,0.635317605868737,-7.05991633721762
"DCXR",0.0816479755924356,-0.112294072532237,0.617301070354442,0.537460740610168,0.635935104570376,-7.06052403136584
"PSMF1",-0.0484956974133296,-0.0802322629834895,-0.617192900468852,0.53753199050373,0.635935104570376,-7.06059059301661
"GTPBP2",0.057546425876186,-0.00314235294875141,0.616585660168937,0.537932059108823,0.63629051452572,-7.06096403842787
"CAPN2",-0.0618690044048316,-0.2171772920261,-0.616334834227007,0.53809735477194,0.636368144141293,-7.06111818630312
"TTC39A",-0.120426384230566,-0.474640117727538,-0.615988729896807,0.538325481449994,0.636520036862631,-7.06133078582817
"RAB24",0.0596030528042874,-0.0255167184791921,0.615629458623656,0.538562338362509,0.636682194120463,-7.06155134730621
"PIP4K2B",-0.0483447209160621,-0.182928100855276,-0.61439444491049,0.539376946579378,0.637527175844007,-7.06230855967608
"MAPKAPK3",0.048889887789527,0.0533272793700751,0.613492278831767,0.53997240194428,0.638112860709647,-7.06286073741829
"RECQL5",-0.0505092447616319,-0.0312449664223889,-0.612616201158646,0.540550954311175,0.638678357379136,-7.06339617277439
"CPB2",0.0945871258200464,-0.160401275255378,0.612133766578237,0.540869681849233,0.638936710195625,-7.06369069800206
"FUCA2",-0.0803351464065841,-0.0862991333999565,-0.611975141687751,0.540974500334517,0.638942320502384,-7.06378748756848
"SLC25A35",0.0885347224985455,-0.285126208979642,0.610779453652523,0.541764932579015,0.639757554007214,-7.06451626586236
"QDPR",0.0780025537031562,-0.68371614998918,0.610461992246068,0.541974893686771,0.639887147964133,-7.0647095213929
"ACP2",-0.0631796289481,0.0727574361501628,-0.610086806009237,0.542223085131289,0.640061822622163,-7.06493778783176
"NFKBIA",-0.0582432294317753,-0.0995951644130461,-0.609576329457966,0.542560864602679,0.640342166448817,-7.06524814117237
"HYOU1",-0.0641595274300698,0.237135905543723,-0.609347573640435,0.542712265221935,0.640402478921096,-7.06538713325568
"COMTD1",-0.0767495857423693,-0.153548030556131,-0.608740639016347,0.543114063604119,0.640758184795326,-7.0657556546013
"TPRKB",-0.0473202766471427,0.153779217679721,-0.608291261621767,0.543411652963418,0.640990837644822,-7.06602827354165
"UBFD1",-0.0524691586907972,0.28330133193282,-0.607935622116264,0.543647224445904,0.641150263776707,-7.06624388313647
"DDX60",0.0794891114738128,-0.217743190196685,0.607583334324038,0.543880626107677,0.641210681614035,-7.06645733668732
"TACC2",-0.0783795030115637,-0.241908617380954,-0.607555146917102,0.543899303308005,0.641210681614035,-7.06647441029347
"ARHGAP17",0.0454096190887833,-0.129003134991377,0.607242256672656,0.54410664839606,0.641336708511879,-7.06666388031692
"YIPF3",-0.063603330764454,0.104525028807247,-0.606995392623732,0.544270267319026,0.641411158514577,-7.06681329959092
"SELENOK",0.111411254596084,-0.184872676458822,0.606427089738932,0.544647025919571,0.641736715352733,-7.06715704557172
"RPL26L1",0.0722737158576703,0.344729915298229,0.60598405651535,0.54494082677059,0.641964424156866,-7.06742479759136
"ISLR",-0.0859827457587618,0.15914182707744,-0.605680236479357,0.545142353026292,0.641966523863794,-7.06760830172687
"CASP8",0.0549070532666627,0.167373233392282,0.605678213557664,0.545143694970946,0.641966523863794,-7.06760952324279
"MRPL53",-0.0659181368138444,0.297859397153375,-0.605285127237379,0.545404487723281,0.642155200832223,-7.06784680624105
"SWAP70",-0.0420403181367936,0.135551592898421,-0.60418868558008,0.546132249426587,0.64289351264542,-7.06850785101969
"VCAN",0.123231477046382,0.575832336486556,0.602563751961469,0.547211685489425,0.643929333733368,-7.06948532421429
"TTC37",-0.0441161167574787,0.0481650389747484,-0.602560463964798,0.547213870765427,0.643929333733368,-7.06948729943447
"PIK3CB",-0.0396427292860186,-0.00354418551901275,-0.60010788929202,0.548845114002937,0.645611896044438,-7.07095765513767
"CHCHD2",0.0711537226042293,0.42476206030672,0.600106637773824,0.54884594702102,0.645611896044438,-7.07095840391426
"EP300",-0.0368202817525156,0.0343613177047426,-0.597800060950084,0.550382282826694,0.647299848194592,-7.07233576868664
"PPIB",-0.059866601441844,0.366482808873064,-0.596538061303919,0.551223759041695,0.648170110770023,-7.07308712751753
"DPH5",0.0563574015732278,0.0342996779291595,0.596255854016068,0.551412016138365,0.648272090414926,-7.0732549289724
"COMMD4",-0.0369247631515466,0.0938586049682671,-0.595976877329217,0.551598149338832,0.648371535995663,-7.07342073162558
"TXNDC9",0.0538347890147501,0.210723750540632,0.595044435649663,0.552220499260185,0.64898359797097,-7.07397434259236
"C6orf132",0.0686781301391468,-0.0408926682516705,0.593798171513073,0.55305284752409,0.649842184659793,-7.07471292615917
"PEX6",0.0452073171479434,-0.0135136490821153,0.593474236964688,0.553269296335171,0.649976901030371,-7.07490464908819
"CLU",-0.101599002720069,-0.504902871182524,-0.592734731282703,0.553763580544715,0.650437906876013,-7.07534193950577
"SRP72",0.0415643644793778,0.285670109629831,0.59249017103493,0.553927091940999,0.650510296494993,-7.07548643511307
"TRIM65",-0.0442327252893192,-0.0135328233506174,-0.591797154172424,0.554390567458948,0.650934860835855,-7.07589557293251
"RAB11A",-0.0567813017992244,-0.00929810370770707,-0.591402910845028,0.554654314359241,0.651124801835586,-7.07612810996582
"PFKL",-0.0407927476313549,0.0371070132927603,-0.589362111687468,0.556020583753865,0.652608718247873,-7.077329365031
"ACP6",-0.0792474929733465,0.174578482076044,-0.588508430683004,0.556592593039827,0.653110428250805,-7.07783062949162
"NMNAT3",-0.104628562041806,-0.255930801419442,-0.588398254074256,0.556666437909189,0.653110428250805,-7.07789527017128
"ICA1",0.0706924832086165,0.0574851591385331,0.588255919455732,0.556761843493107,0.653110428250805,-7.07797876009437
"CTTNBP2NL",-0.0387006431882588,-0.0200864829571898,-0.588028076688833,0.556914581062548,0.653110428250805,-7.0781123649989
"GPX7",0.0878251420264891,0.335554227321354,0.587961105072458,0.556959480317249,0.653110428250805,-7.07815162671717
"LIN7C",-0.0431780715103483,0.140562890037927,-0.587480342955901,0.557281845882163,0.65336845133265,-7.07843333969765
"USF1",-0.0524305124104995,0.125629123891843,-0.586384252762627,0.558017148632002,0.654110426659691,-7.07907475768657
"HTATIP2",0.0798337274582662,0.134723446419927,0.584608387170065,0.559209478099121,0.655387760217124,-7.08011143433365
"CCL21",-0.114470783755621,-0.155138813747034,-0.58335275107243,0.560053270642626,0.656256218214933,-7.08084252893797
"FAM120C",-0.0601791082840531,-0.0164601644978111,-0.581934612184051,0.561007010646761,0.657253167519187,-7.08166635447828
"EFNB1",-0.0647703061654649,-0.617683239775642,-0.580793456892415,0.561775043999929,0.658032224534864,-7.08232782168286
"TTI2",-0.0579568250820276,0.163595418212154,-0.580220728894448,0.562160700267888,0.658363182540437,-7.08265931338698
"MRPS9",0.0577722379864001,0.150863358761814,0.579200687035048,0.562847881053019,0.659047078768298,-7.08324889951065
"ACSL1",-0.0839325604369282,-0.107795142865905,-0.577892305127025,0.5637299061373,0.659958828508739,-7.08400363107151
"RIN3",-0.0455213765278241,-0.0630749122775171,-0.577564655201878,0.563950890885295,0.660096505646674,-7.08419236709947
"MYL4",-0.0622346420788322,-0.600287362037236,-0.577364359248485,0.564086001899332,0.660120914324756,-7.08430769087019
"CUL2",-0.0347095535167961,-0.00511584187417294,-0.577227223557764,0.564178516753359,0.660120914324756,-7.08438662603294
"MTIF2",-0.047064896509049,0.125853162139516,-0.575897997859734,0.565075622732435,0.661020215596419,-7.08515075724213
"PHC2",-0.0492831850525527,0.11691865572276,-0.575713276244654,0.56520034745958,0.661020215596419,-7.0852568089124
"CARD19",0.0509215590085448,-0.117287585491793,0.575628350425559,0.565257694151362,0.661020215596419,-7.08530555480681
"KIAA2013",0.049390790164633,-0.0929543479075084,0.574657663135459,0.565913356311351,0.661665771845445,-7.0858622020656
"GBP2",0.0857549709381016,-0.272134143764485,0.573843547236839,0.566463543152545,0.662185064353952,-7.08632833945265
"ZC3HAV1",0.0290946573173138,0.169545464427323,0.573682045802303,0.56657271790256,0.662185064353952,-7.08642073174594
"MAPRE2",0.0604317793990118,-0.0800216937891728,0.573540178616524,0.566668628289741,0.662185064353952,-7.0865018701978
"TOR1B",-0.0582980272786722,0.041794063534845,-0.572958696680364,0.567061825264349,0.662523285327149,-7.08683422933203
"ZFYVE27",0.0716609151745528,-0.0385267682407542,0.572767052773135,0.567191443277777,0.662553487985475,-7.08694369401725
"POLE4",0.0664951535879987,0.183545516854774,0.57159128088354,0.567986986435619,0.663252641964378,-7.08761448077862
"ATG13",0.0387302927108988,0.0901271510167714,0.571575421703431,0.567997720636056,0.663252641964378,-7.08762351915805
"RILPL1",-0.0439296767943378,-0.116669975096357,-0.571374913556531,0.568133441901101,0.663289820175266,-7.08773777010737
"SFRP4",0.135495935830245,0.50066248820576,0.571208926430035,0.568245808140835,0.663299723030938,-7.08783232046908
"NOS3",0.0723284635507942,-0.494956555226113,0.570086471085731,0.569005942861282,0.664065608694806,-7.08847097914711
"MAP1S",0.03728182175661,0.0843565649606145,0.569390052010146,0.569477807931799,0.664494847157261,-7.08886659991964
"LYRM2",0.0763425687344219,-0.0632081817740606,0.568437364638824,0.570123613620177,0.665126854186887,-7.08940701951285
"WASHC3",-0.0366111158797572,0.184065613667631,-0.566626685804168,0.571351998655804,0.666438164307144,-7.09043165205816
"NCKAP1L",0.0615343958742638,-0.0585322450933026,0.566470653036454,0.571457912225032,0.666439957909923,-7.09051979567242
"OSGEP",-0.0401543619002225,0.0344211881372311,-0.56543416284334,0.572161710031927,0.667089568724827,-7.09110469862998
"EFHD2",0.0732138226420661,0.0619289028738078,0.565342612069617,0.572223894738587,0.667089568724827,-7.09115631036426
"C9orf64",-0.0454491213669555,-0.0274558774115915,-0.563227265560482,0.573661614600972,0.668643557726762,-7.09234651371175
"TIMMDC1",-0.0576060289275121,0.0590503334309204,-0.562221439263644,0.574345838890865,0.669318886898736,-7.09291088148334
"SLC27A4",0.0549725257587536,-0.144576748829216,0.562009664760579,0.574489950243666,0.669364659179892,-7.09302957956077
"NME1",0.0778577237971532,0.167231298176503,0.561279023702501,0.574987279277103,0.66975367008007,-7.0934387559572
"CCDC124",0.0451355634642912,0.102298698240531,0.561210968642042,0.575033613058566,0.66975367008007,-7.09347684136472
"ABCC4",0.0754561391258297,-0.233247701095816,0.558744908133016,0.57671377098398,0.671393013489936,-7.09485380419464
"UQCR11",0.120758751929646,-0.0528300434087313,0.558712243789972,0.576736041204094,0.671393013489936,-7.0948720022183
"NRBP1",-0.0438883687633486,0.102481280969405,-0.55868213887003,0.576756566795975,0.671393013489936,-7.09488877339084
"CHMP4C",0.0684390613203094,-0.098039777604376,0.558199831392634,0.577085452113308,0.671653410817257,-7.09515733944462
"HAPLN3",0.0841368917343449,0.249228706543612,0.557934362172914,0.577266513358226,0.671702388412191,-7.09530506341765
"COPB2",-0.032822932375939,0.293576896224286,-0.557829657385998,0.577337933845905,0.671702388412191,-7.09536330853903
"C9orf78",0.0419136738531668,0.108160355133116,0.557356016675449,0.577661062510024,0.671955890713519,-7.09562664882067
"SH3KBP1",-0.0625430098152242,0.0387401635413601,-0.55540487149145,0.578993079875851,0.673381062153042,-7.09670911492867
"GNPNAT1",-0.0919291159835191,0.083681989293017,-0.555202415185171,0.579131376677939,0.673381062153042,-7.09682121768091
"MROH1",0.0527241015249977,0.0138864510832008,0.55509811430221,0.579202630124434,0.673381062153042,-7.09687895454658
"QTRT1",-0.0450092948612175,0.0917994323334201,-0.553652530492609,0.580190610317049,0.674291233527121,-7.09767805792232
"EIF3J",0.0407075672057238,0.243263290784034,0.553643599219395,0.580196716836022,0.674291233527121,-7.09768298857057
"JUP",0.0610585019255885,0.0893058037794202,0.55328090084883,0.580444727698837,0.674456703613662,-7.0978831547697
"NDUFAB1",0.0586004767209459,0.115553261216714,0.551929889429691,0.581368979546984,0.675407739157113,-7.09862759960736
"ANPEP",0.114413462909167,-1.147686431557,0.550572161630858,0.582298522239026,0.676364574221608,-7.09937391512705
"MYO5B",0.0637132587339779,-0.18964324630461,0.550381120427485,0.58242937092021,0.676393512791114,-7.0994787793679
"NFKBIE",0.045360151790996,0.218543339395517,0.550134978802565,0.582597979521512,0.676466284641726,-7.0996138351749
"C12orf45",0.0827263153677771,0.045342126620884,0.549279858956262,0.583183919913913,0.677023514300061,-7.10008256347632
"BIN2",0.0631342207435907,-0.220322148388017,0.549119814311376,0.583293615457506,0.677027764896596,-7.10017021003612
"CLDN7",-0.0951977447730662,-0.588292970120025,-0.546929166051953,0.584796069014335,0.678648291649678,-7.10136732991696
"C1orf35",0.0630956837565894,0.159633359819892,0.545915920923895,0.585491612832489,0.679331991265753,-7.10191942066629
"TREX1",0.0487288859964332,-0.215528389092314,0.545078439407687,0.586066794560321,0.679875814547175,-7.10237497104267
"RNF169",0.0455290461731221,0.0507442460271939,0.544656587895251,0.586356621579295,0.680088470260454,-7.1026041739382
"PPP2R5A",-0.0568775540950863,-0.28595589649605,-0.544146137288381,0.586707408568224,0.680371740593554,-7.10288127817848
"TINF2",-0.04151653892228,-0.104878320480801,-0.543709737563049,0.5870073844529,0.680595995956377,-7.10311797736032
"PGM2L1",0.0809680610587542,0.16458124343427,0.54126360379832,0.58869014661661,0.682423127477679,-7.10444122844366
"CLIP2",0.0431331151109256,-0.0624208662211014,0.54089501002343,0.588943906202388,0.682593363786939,-7.10464010514922
"PHYH",-0.0816424738492801,-0.0893659608887837,-0.539973857226113,0.589578298493953,0.683204616312865,-7.10513652667169
"HPS6",-0.0353151953997324,0.0852086605426906,-0.539732336685048,0.589744684565318,0.683273418789613,-7.10526654554933
"NCDN",-0.0427481029624112,0.021589814754171,-0.538962278214003,0.590275331150174,0.683545525908155,-7.10568070700611
"KCTD9",-0.0428837898368713,-0.0619082619802414,-0.538928221537041,0.590298804674037,0.683545525908155,-7.10569901011875
"TNFAIP8L2",-0.0542719011397462,-0.0693797554798207,-0.538920188570499,0.59030434144955,0.683545525908155,-7.10570332711538
"PLEKHF1",-0.0582184476974797,-0.0123835091447783,-0.538770145057261,0.590407764351367,0.683545525908155,-7.10578395019662
"IRF4",-0.109550761378634,-0.513900484542678,-0.538385736210837,0.590672770237604,0.683728360762709,-7.10599040286001
"TK2",-0.0546300410393483,-0.0674581829275771,-0.533206117921904,0.594248872994124,0.687743167313301,-7.10875785200524
"BRD2",0.0415807099794196,0.00302732522032576,0.532706224565952,0.594594534011175,0.688012006046161,-7.10902352985891
"APOM",-0.0768842430224758,-0.682344246343031,-0.532558536206006,0.594696673667778,0.688012006046161,-7.10910197404868
"AGK",-0.048371674023602,0.132658079590059,-0.531913757369766,0.595142689951985,0.688403274518737,-7.1094441918882
"GPRC5C",0.114018073981437,-0.124844567720454,0.529885015459484,0.596547041907065,0.689902710120741,-7.11051825153743
"VPS16",-0.0262763735170974,0.0705977392726763,-0.529318637449455,0.596939375099149,0.690231421587843,-7.11081737263724
"SLC4A1",-0.101833436270342,-1.59381154406321,-0.52801763956467,0.597841029837844,0.691148827723091,-7.11150325908389
"GOLGA5",-0.0469071210223245,0.0987387306324856,-0.526088963731309,0.599178838162775,0.692570036507842,-7.11251695691313
"PNPLA8",-0.0407655556900029,0.000772291446002818,-0.525280539575577,0.599739999200392,0.692974162468233,-7.11294075725326
"TOR2A",-0.0515419183407176,0.0200253891978983,-0.525272570589055,0.599745531996782,0.692974162468233,-7.11294493159806
"RPS6KB2",-0.0427804309402094,0.109166791279936,-0.524836521295339,0.600048312514064,0.693198566202696,-7.11317324821598
"KIF16B",0.058375344711037,-0.0165991609054071,0.523132832823299,0.601231971865936,0.694440329298842,-7.11406348956562
"NAA20",-0.0463209554990317,0.0144782703059578,-0.521741635283953,0.602199308767565,0.695431829712588,-7.11478829935009
"CLC",-0.154179802514109,-1.0470398737605,-0.521238368834146,0.602549416862063,0.695710312235854,-7.11505002506499
"XPC",-0.0435595106468801,0.0413115077702185,-0.520999790496098,0.60271542116505,0.695776164190715,-7.11517401057184
"DCTPP1",-0.0824516798115467,0.0888151915216906,-0.519707223622421,0.60361515666082,0.696688860318029,-7.11584475256406
"FBXO6",0.0676301515765215,-0.0567425473359798,0.518530359528006,0.604434880304732,0.697508894044047,-7.11645400706152
"SEC22B",0.0487146294665377,0.0656226163732231,0.518230447209804,0.604643859084317,0.697623968242386,-7.11660904913568
"PCBD2",-0.0573148072548924,0.0164234815608287,-0.517792294689882,0.604949222096761,0.697850186646399,-7.11683539460288
"MRM2",0.0466384675344472,0.207514153703548,0.517626800889456,0.605064578280541,0.697857177081152,-7.11692083741053
"TIMM8B",-0.0746682640818145,0.22414772426072,-0.516406709874983,0.605915338876304,0.698712197710891,-7.11754991671482
"WDR77",0.0386385653793119,0.1111663785034,0.516005407952791,0.606195281279989,0.698908788546899,-7.11775650419262
"NFYB",0.0475009232571954,0.120625357294268,0.51565734983648,0.60643812862885,0.699062547625061,-7.11793555228088
"PSMG4",0.0516607080214063,-0.035081547325601,0.515366664590073,0.606640979218548,0.699170153846648,-7.11808499417884
"ARHGAP27",-0.0376547478539293,-0.0783785572718396,-0.514987125601537,0.606905880981101,0.699349223978403,-7.11827998933713
"RAD23A",-0.0352954055096467,-0.152181394607408,-0.512847334713338,0.608400332541623,0.700944807520437,-7.11937666264758
"DAAM1",-0.050333716690733,-0.325569530780484,-0.512561918283774,0.608599794676271,0.701048112756267,-7.11952259803302
"NDUFAF5",-0.0540668120609447,0.0133650483962852,-0.512048106652522,0.608958943597035,0.701335291281939,-7.11978510901724
"MMP2",0.0835479984233491,0.391299250562561,0.511624847728271,0.609254868278563,0.701549564284693,-7.12000115835226
"CHPF2",0.0724955518817348,0.00362412999316285,0.51091398078029,0.60975202079837,0.701995429642552,-7.12036361366977
"C5orf24",0.0437535004136506,-0.0313614203445391,0.510459925300319,0.610069664167501,0.702234506167206,-7.12059486317373
"LYPLAL1",-0.0551778635226256,0.120714118109079,-0.510246983425204,0.610218657232939,0.702279402745551,-7.1207032433136
"S100A6",0.0882451064949254,-0.212886947621328,0.510016435184962,0.610379987569771,0.702338479119298,-7.12082053358849
"ILVBL",0.0493293261878159,-0.0452359520917218,0.509772309723301,0.610550839540645,0.702408488372436,-7.12094467351621
"RPL36",-0.0636953599807481,0.0926549576105133,-0.509458615202321,0.610770410921136,0.702476150739138,-7.12110410280058
"WFDC2",0.15300567386321,-1.25375754434283,0.509373929632309,0.61082969285884,0.702476150739138,-7.12114712583746
"ETF1",0.0367736797091877,0.267347849021385,0.508367730697177,0.611534252387061,0.70315976976254,-7.12165776130424
"ZNF22",-0.0545642996927631,-0.102774777686711,-0.507677767536442,0.612017586489146,0.703588817020741,-7.12200732777195
"IMPA2",-0.110120660297908,-0.524179098373625,-0.507208486949273,0.612346424660195,0.70384012987495,-7.1222448156475
"PPP2R1A",-0.0242268993193494,0.0390055244564161,-0.506930488008089,0.612541263383745,0.703917001497304,-7.12238539857993
"RPS11",0.0329859920913678,0.420813513098514,0.506798477040061,0.612633794411984,0.703917001497304,-7.12245212904137
"RPS15",0.0458621168080845,0.129669652100737,0.506431061869486,0.612891361005425,0.704086243256502,-7.12263776303886
"LAMTOR3",0.0413423338351159,0.0850534056065867,0.505957284842096,0.613223560644349,0.704250704476548,-7.1228769372156
"MRC2",0.0699871592808169,0.137380405357852,0.505832168776252,0.613311301971273,0.704250704476548,-7.1229400615453
"CCAR2",0.039651669033327,0.16648291247726,0.505717438394597,0.613391764923028,0.704250704476548,-7.12299793232517
"FAR1",0.0641152386900062,-0.11095950682093,0.50559774781511,0.613475711558115,0.704250704476548,-7.12305829109302
"DEFA3",-0.186333697402845,-1.03654157708349,-0.504668599941151,0.614127555318685,0.704872270485314,-7.12352636592486
"NDRG3",-0.04204010578823,0.0667083586316372,-0.504463559295006,0.614271442884412,0.704910705035401,-7.12362954302773
"NDUFAF6",0.0590993605843855,0.0219191355692219,0.504300159569371,0.614386119555756,0.704915610667296,-7.12371173631358
"FCN2",0.0829301346983909,-0.152810953399617,0.503432992893348,0.614994870145917,0.705487288156967,-7.12414749331788
"MPST",-0.0641851570137174,-0.143393884122036,-0.503146763048095,0.615195861857629,0.705591086394999,-7.12429116134356
"AKAP13",-0.0346429752930679,0.0341861383099033,-0.500136785677284,0.6173112340941,0.707882063298657,-7.12579702661492
"PHIP",0.0416759798594719,0.00992655685701897,0.499910524608092,0.617470376631449,0.707882063298657,-7.12590985846689
"FAHD2A",0.054527338001295,-0.043763609869699,0.499831541014832,0.617525934623887,0.707882063298657,-7.12594923399484
"GCLC",0.0634781351323782,-0.384393650532164,0.499380484885144,0.617843254949871,0.708118682975216,-7.12617397904063
"ACSF3",-0.0508000042262172,-0.0224752278605994,-0.498271657824622,0.618623624985132,0.708885830138203,-7.1267256064883
"SH3D19",-0.0454078429687675,-0.153716011339048,-0.497942583568257,0.61885530399324,0.709024065314343,-7.12688908117406
"HACL1",0.0570847924033254,0.0308597142868263,0.497339463067743,0.619280019261783,0.709276335542844,-7.12718841426434
"RPL22L1",-0.128458064487289,-0.527283305167936,-0.497314413543047,0.619297661809139,0.709276335542844,-7.12720083869081
"IQSEC2",-0.0373372590502451,-0.114732421585549,-0.49641710577123,0.619929786870749,0.709791040695044,-7.12764548631781
"PCIF1",0.034301576254786,0.0424948193787808,0.496360884562743,0.619969402342406,0.709791040695044,-7.12767331921566
"POLRMT",0.0575976992853955,-0.0222430961485477,0.495114908630456,0.620847645706731,0.710669096062652,-7.12828934477081
"STXBP5",0.0397503659073157,-0.100504912312541,0.494446475001316,0.621319024329249,0.711081192031234,-7.12861918926597
"SLC44A4",0.108260221774117,-0.317625050398847,0.494200236302581,0.621492710946036,0.711152501682874,-7.12874058578671
"CSDE1",-0.0370509080275105,0.104547604569605,-0.49324895497418,0.622163904485648,0.71179296365183,-7.12920900350787
"SERPINA4",-0.0627085259702921,-0.320231091654296,-0.492771572233319,0.622500849415155,0.712050864119628,-7.12944373058188
"PGS1",-0.0432349978066365,-0.145568818936502,-0.490460613874795,0.624133085705882,0.713790032640527,-7.13057681046642
"PLXNC1",0.0394703403535358,-0.0443109963414361,0.489993040908494,0.624463559670153,0.714040083899342,-7.1308054180252
"PTPRK",0.059185738206498,-0.110361223379937,0.487608364092288,0.626150194992897,0.71572064961453,-7.13196795642699
"LSM12",0.03478100939466,0.184023263416715,0.487598061482727,0.626157486099729,0.71572064961453,-7.131972966699
"HMGN2",-0.0822783699737197,-0.23202287631341,-0.486547231422138,0.626901346166533,0.71640041696244,-7.13248344161903
"ZNHIT2",-0.0392911493580388,0.0283858687108301,-0.486440965965134,0.626976590444184,0.71640041696244,-7.1325350022965
"TOX4",-0.0332654640412246,0.130034595578426,-0.486259083865157,0.627105386281956,0.716419375811467,-7.13262322655379
"SLC25A5",0.0655293541032674,0.138549382078347,0.485919028636812,0.627346219593698,0.716566299124465,-7.13278808634416
"MON1B",0.0269847621115324,-0.0271702737496048,0.485481649010944,0.627656038463915,0.71672554720715,-7.13299995996874
"TMED1",-0.0512788777494449,0.195488388264156,-0.485405278411422,0.627710142518776,0.71672554720715,-7.13303693556003
"PIGK",-0.0495135810169976,0.0655636881460065,-0.484065460990017,0.628659650742494,0.717681364203616,-7.13368467673623
"ISYNA1",0.0605093969933404,-0.27850681108336,0.483585628783469,0.628999850753499,0.717941374161797,-7.13391621913382
"CALR",-0.0442160479111875,0.207713666328961,-0.482179537858971,0.629997221698417,0.718921641215823,-7.13459340593468
"GLYR1",0.0340786984106538,0.13555815331635,0.481948439538794,0.630161209689127,0.718921641215823,-7.13470451667942
"STIM2",-0.0504459512139406,-0.173861259981427,-0.481898760432046,0.630196464508216,0.718921641215823,-7.13472839516232
"USP47",0.0260827119501621,0.095333849087102,0.481486850727953,0.630488809149894,0.719126660668466,-7.13492628670531
"ADAM9",0.0603871666368093,0.0709808154696417,0.480408592877043,0.631254356115815,0.719871238399621,-7.13544350811939
"PRRC2B",-0.0367913035567377,0.168223922477132,-0.480136851957842,0.631447350860554,0.719962738436543,-7.135573674795
"SRF",-0.0554612598467716,-0.251463277385679,-0.479454691234287,0.631931943498963,0.720301511657478,-7.13590011270032
"RCC1L",0.0484305021439812,0.0863891382580244,0.479400992305958,0.631970096837148,0.720301511657478,-7.13592578984871
"ATP11C",0.0475242963298994,-0.239964473539327,0.478704774218342,0.632464852120946,0.720736762590084,-7.13625843956304
"TIMM23",0.0437168559052451,0.14457686919881,0.475782440511444,0.634543358770211,0.722976328648786,-7.13764945067601
"ALG12",-0.0494170188660039,-0.118012891934933,-0.474751117551185,0.635277578809875,0.72368373607512,-7.13813832283136
"CDH11",-0.067215910956081,0.199120186281928,-0.473816709303048,0.635943114495156,0.724312662513658,-7.13858034031248
"SFXN3",0.051498929788452,0.229624716271424,0.472328547421368,0.637003672936613,0.725391198805114,-7.13928251294148
"SCO1",0.0589529195920754,-0.00702641200047903,0.472082645453471,0.637178990268186,0.725461457357769,-7.13939832668902
"GSTO1",0.0522933766370743,-0.0239277970976326,0.47048592674762,0.638317876711701,0.726628568872208,-7.14014887646244
"MRPL27",-0.0417857264048181,0.19750957039907,-0.469591740770867,0.638956044774003,0.727225373597506,-7.14056808610761
"MZT2B",-0.0604301572137343,-0.211902543919515,-0.469028283321315,0.639358314505692,0.727537823738929,-7.1408318355309
"RPTOR",-0.0367688062334581,-0.0235391642642836,-0.468888033235705,0.639458459956596,0.727537823738929,-7.14089743619559
"WDSUB1",-0.0382977001433063,-0.126509654523832,-0.468584342196503,0.639675332898913,0.727562087215587,-7.14103941769068
"FES",-0.0400681696684033,-0.160276155327166,-0.468539045120727,0.639707683262068,0.727562087215587,-7.14106058708568
"FAM98B",-0.0333753496192325,0.126558907504694,-0.468225801110156,0.639931415376874,0.72768692558884,-7.14120692440178
"SLC25A40",0.0583622672800126,-0.145431810208942,0.467543987974045,0.640418508839828,0.728111142974056,-7.14152510721951
"DDX19B",0.0462116309451808,0.111029960115304,0.467219473659475,0.640650399485344,0.728245113176771,-7.1416763861851
"B3GLCT",-0.0424972160905622,0.0917494168390233,-0.466937274357892,0.640852081423835,0.728261193896582,-7.14180785387244
"AHR",-0.0488770219721279,0.112556789153023,-0.466880496968476,0.640892662256052,0.728261193896582,-7.14183429506849
"EXOC6",0.040032513925439,-0.0271254956460925,0.465155775010379,0.642125896161348,0.729418131766309,-7.14263596675058
"XPNPEP1",-0.0338594376679481,0.084157632263374,-0.465137061373639,0.6421392824837,0.729418131766309,-7.14264464882649
"TCF25",0.0391480983228718,0.106031246867477,0.464924053614163,0.642291660377082,0.729461446372762,-7.14274344787476
"NUP43",0.0384340790186117,0.0530022358102686,0.464695006341339,0.642455529224766,0.729517793722235,-7.1428496360762
"SIGIRR",-0.0702567381270371,-0.293355147517518,-0.463779457793887,0.643110720899276,0.730131926198769,-7.1432735699921
"DNAJC17",-0.0364036548011001,0.131274800724417,-0.462929177759778,0.643719454447279,0.730693105181489,-7.1436665342871
"FCGR2A",0.047642474424481,-0.0136518459622062,0.461802865383556,0.644526175221024,0.731478782222935,-7.14418596050828
"MICALL2",-0.0433925135711541,0.245040345784458,-0.460720490327789,0.645301822329215,0.732228920485522,-7.14468393327907
"SUB1",-0.0665199823954299,0.164157383632351,-0.460178084638387,0.64569066474776,0.732539959917279,-7.14493304116477
"MRPL49",0.051089957155541,0.271551766579083,0.459484482532105,0.646188039337327,0.732973997365222,-7.14525116125812
"COA4",-0.0866534112022848,-0.0315399125622892,-0.458055463648413,0.647213274143717,0.734006528491587,-7.14590506891301
"ICAM2",0.044648978112552,-0.311625279984055,0.457139266930848,0.647870944115231,0.734582088336372,-7.1463232430141
"ELP6",0.0327365380927182,-0.154483142746047,0.457027945196101,0.647950872593648,0.734582088336372,-7.14637399594366
"CASK",0.0428381376531525,0.0971844167686277,0.456826867224532,0.648095255955906,0.734615339832853,-7.14646563854243
"SYNE3",0.0509088473616053,-0.239769284675366,0.455959936937342,0.648717904505379,0.73519059642649,-7.14686028650867
"MYO18A",0.0359091163812509,0.0153604376241181,0.45575865487288,0.648862505056805,0.735219092914544,-7.14695180795442
"ZNF768",-0.046586763454487,0.206265335463624,-0.455604379696171,0.648973344975156,0.735219092914544,-7.1470219283986
"UTRN",0.03525564129088,-0.274071099369738,0.455440771520556,0.649090898774698,0.735221818108292,-7.14709626492957
"GPC6",-0.0721678607293991,-0.118222119994311,-0.455181560800807,0.649277161751768,0.73530235505233,-7.14721398456163
"SEC61G",0.0523532827079029,-0.0509509643127615,0.454515015561223,0.649756227266371,0.735714401683947,-7.14751638637264
"ATP2B1",-0.0509690803078717,-0.212359860148233,-0.453399484759907,0.650558317255766,0.7364919956876,-7.14802149615817
"MRPS31",-0.0441626336782244,0.247319083385435,-0.452349928735589,0.651313341399262,0.737143171641313,-7.14849560084108
"NAALADL2",-0.065762104223954,-0.0509349683772908,-0.45227895292162,0.651364412592058,0.737143171641313,-7.14852762236952
"USP12",0.0381159730435333,-0.250250896897247,0.4520157851616,0.651553791319674,0.737226822182548,-7.14864630963223
"MUC5AC",-0.200720234970559,-2.48966980889949,-0.450866489463359,0.652381103041269,0.73803213021235,-7.14916382729276
"CD58",-0.0405466381988198,-0.090354098276438,-0.450477445497088,0.652661250787986,0.738130341843416,-7.14933871223054
"MED18",-0.0383998326682554,0.107093263570825,-0.450424855116293,0.652699124518078,0.738130341843416,-7.14936234134549
"ADGRG1",0.0775070397763258,0.166541842533165,0.449865509319731,0.653102001187819,0.738455158063436,-7.14961348764767
"SH2D4A",-0.063159175486046,0.103245383249662,-0.448769228281557,0.653891907717571,0.739217392134683,-7.15010481381394
"NCKIPSD",-0.034145107984127,-0.0564729508729883,-0.448525438596243,0.654067619186918,0.739285138698614,-7.15021391161452
"SERF2",-0.0516119635917795,0.267714635763826,-0.448164842473716,0.654327554233208,0.73944804137682,-7.15037517265386
"SCAMP2",0.0470122615104342,-0.116211218591346,0.447195154412247,0.655026760885239,0.740107214342993,-7.15080818119261
"CSRP2",0.0719018967831996,0.0865627605166753,0.446031219210681,0.655866433458809,0.740856515853742,-7.15132669260918
"CDH5",0.0402871963495741,-0.608535981455428,0.445954234143719,0.655921986549914,0.740856515853742,-7.1513609404327
"COX11",-0.0517775702454584,0.0533151422371349,-0.445785452372062,0.656043787628478,0.740863032190985,-7.15143600456933
"ATF7IP",-0.0426521918261804,0.197748212947856,-0.445319705214514,0.656379940917326,0.741111569010986,-7.15164299410986
"NSMCE3",0.0363068484026884,-0.0209230222072302,0.444813979311856,0.656745028040994,0.741376882677285,-7.15186750645938
"C17orf97",-0.0601772830491743,-0.192570649939877,-0.444672544322301,0.656847145701707,0.741376882677285,-7.15193024962334
"ENTPD1",0.0517843299191638,-0.30896446487608,0.44363622573248,0.657595575740198,0.742090447349093,-7.15238937162844
"MRPS14",-0.0445668466313318,0.0557554130046393,-0.440679083101623,0.659733120932747,0.744371086261811,-7.1536935969143
"NOS1AP",-0.0635886351119196,-0.132376113477414,-0.440450353225157,0.659898572975319,0.744426217040179,-7.15379411348477
"PPM1F",0.0288463767930267,-0.31378546953862,0.43947912251799,0.660601299955368,0.745056133097535,-7.15422034545725
"FIS1",0.0562480380593031,0.124837497753305,0.439356089978249,0.660690340735825,0.745056133097535,-7.15427427215496
"SRP54",-0.0295710640966762,0.290898352741022,-0.438924845829661,0.661002477685539,0.745276500092207,-7.15446317277344
"DOCK8",-0.0453228863617352,-0.0627916597511821,-0.438239458894432,0.661498686478633,0.745704292578755,-7.15476301591976
"TSPYL1",-0.0346803929717018,0.0536417257952424,-0.438044966352868,0.661639523084941,0.745731395392295,-7.15484801728622
"APOC3",-0.0815140062455648,-0.77695117263052,-0.436760612486558,0.662569855595609,0.746648169427809,-7.15540838739025
"EXD2",-0.0394821112055415,0.0353155415417494,-0.436408608918535,0.662824923753067,0.746803800628787,-7.15556168138564
"SUPV3L1",0.0439707840147654,-0.0741348015380533,0.435364317019708,0.66358186760332,0.747524739704869,-7.15601573354787
"ZFAND6",0.0406584491259933,-0.0528918072833101,0.434705470017385,0.664059603396958,0.747930952141396,-7.15630163746283
"SNAP23",0.0356074489558907,-0.0125719776601782,0.433225085970984,0.665133543127679,0.748962125919305,-7.15694246628883
"GPR107",-0.0379347089556686,0.153730265856842,-0.433120082090565,0.665209744101547,0.748962125919305,-7.15698783744829
"PLP2",0.051615758757432,-0.216769938245626,0.432495834158069,0.665662830489186,0.749340122121554,-7.15725734214222
"COASY",-0.0462649697719649,-0.0238848441235205,-0.432309298411737,0.665798244102738,0.749360442199186,-7.15733779931693
"DENND6A",-0.0246588904598277,-0.0175109134213549,-0.431899521931547,0.666095755353044,0.749439565457573,-7.15751442364074
"DNM1L",0.0373989092046719,0.00800074183976009,0.431889139152741,0.666103294279049,0.749439565457573,-7.15751889671522
"GRHL2",0.0488151790616958,0.0739129186037877,0.431662332048104,0.66626798716085,0.749492793872803,-7.15761658220248
"MED28",0.0309274902278414,0.0727851452331617,0.43017838505523,0.667345933555434,0.750573152325426,-7.15825445125611
"RABGGTA",0.0246610097658966,-0.00603424415746487,0.428619946950578,0.668478733486475,0.751647153760299,-7.15892197791143
"ASMTL",0.0463945587158377,-0.0933950872899352,0.428540797520411,0.668536286014838,0.751647153760299,-7.15895581545709
"NAPA",-0.0287322185510069,-0.115590959863734,-0.427934854278641,0.668976954959631,0.752010186165008,-7.15921465828905
"P3H4",0.0687763378088432,0.405540800899401,0.42748954079058,0.669300879827149,0.752241879545211,-7.15940465113566
"PPIL2",-0.0272353694344565,0.097587598213656,-0.426502378924696,0.670019170222069,0.752848793960537,-7.15982511890141
"POLR3K",0.0352581826287794,0.175336523347292,0.426423339742938,0.670076694765502,0.752848793960537,-7.15985874254874
"INPP5K",0.0350096314855222,-0.190089745237015,0.425451620248645,0.670784068829934,0.753510956980846,-7.16027160799192
"YEATS4",0.0312250824782433,0.214918419326895,0.424985995895687,0.671123129231807,0.753759222540912,-7.16046910963837
"AFMID",-0.061687823277391,-0.232660617522074,-0.424405448977159,0.671545968669031,0.753989863073005,-7.16071505484633
"SPTLC2",0.044906063382169,-0.0204771535084066,0.424136046667991,0.671742222443526,0.753989863073005,-7.16082907143246
"MRPL15",0.0474645200629769,0.164726404187184,0.42403368389366,0.671816797412428,0.753989863073005,-7.16087237449974
"HMGCS2",-0.150019655851474,-2.30397536745778,-0.424017544819149,0.671828555605813,0.753989863073005,-7.16087920094514
"B3GAT3",0.0478376686231456,0.0431132020808062,0.423893512463703,0.671918922613218,0.753989863073005,-7.16093165502542
"TYSND1",-0.0502704918292659,0.0284734590327756,-0.423653042412161,0.672094136908914,0.754053956099704,-7.16103330768596
"CDC42BPB",0.0269433978965484,-0.0097323350272728,0.423297760166897,0.672353039849402,0.754147459757349,-7.16118338885769
"CS",0.0349532908404652,0.0727671647731357,0.423214523405506,0.672413702176756,0.754147459757349,-7.16121853221165
"BCS1L",0.0377700271142679,-0.0561245693658121,0.423047222739383,0.67253563612717,0.754151745112747,-7.16128914726437
"QPCTL",-0.0376698936402387,-0.0421013325923111,-0.422477528710518,0.67295091180136,0.754273519612924,-7.16152939721738
"GATB",-0.0388823192399406,-0.0325205205349562,-0.422419691314935,0.672993077692931,0.754273519612924,-7.16155377017752
"DSC2",-0.075799512283124,-0.349579531521958,-0.422328231225372,0.673059758048929,0.754273519612924,-7.16159230510146
"AVL9",-0.0433541588498412,0.261245556518096,-0.422250048571535,0.673116760337422,0.754273519612924,-7.16162523922893
"DPY30",-0.0563121366832018,0.178916559479624,-0.421954708498411,0.673332107220245,0.754382436322383,-7.16174959508082
"SPTY2D1",0.0491044444932108,0.27517716796291,0.421351912756243,0.673771718538928,0.754671111914987,-7.16200313843965
"CDK4",-0.0440486809480141,0.0282652654995341,-0.421277278068667,0.673826156464737,0.754671111914987,-7.1620345055238
"ARPC3",0.0330328798707501,0.191994779154246,0.419201167241605,0.675341141429078,0.756235213613585,-7.16290481805112
"TLR3",-0.0546730448922911,-0.294667794446197,-0.418974276672431,0.675506788854173,0.75628806712851,-7.16299967098634
"LGALSL",-0.0462258264642981,-0.345109572980978,-0.418693187288423,0.675712027441794,0.756385220058881,-7.16311711091225
"FCF1",-0.0433121943529491,0.118728794509242,-0.418476569189453,0.67587020857383,0.756429672523033,-7.16320756083975
"MED11",-0.0317540690930291,0.016416044043876,-0.418099181632966,0.676145822794039,0.756605516743768,-7.16336502913576
"IFI35",-0.0457852057450774,0.139763731725328,-0.417731956345697,0.676414057146021,0.75677304273302,-7.16351812089578
"GDPD3",-0.100712693625008,-1.25302533015077,-0.414181230831591,0.679009756168528,0.759544024726008,-7.16499144383029
"SORBS3",0.0357912467062769,-0.435656554797113,0.412339542934702,0.68035760164038,0.76079293349763,-7.1657506777424
"CYTH2",0.0293052367827454,-0.0471116932116041,0.41221913900816,0.680445755448381,0.76079293349763,-7.16580019642456
"BTN2A1",0.0492429261119049,-0.279257268463221,0.41216731069549,0.680483702929517,0.76079293349763,-7.16582150747554
"NR2F2",0.0485480451587338,-0.191267818256623,0.410082935742949,0.682010506263755,0.762366436010867,-7.16667635364305
"ABHD17C",0.0578570412202425,-0.189298886845502,0.409448996983433,0.682475125838564,0.762752262993039,-7.16693548667067
"DNAJC3",0.0426901872592006,0.327362324609304,0.408653240356061,0.683058514360789,0.763177291178641,-7.16726019856664
"AKAP1",0.0487260075897927,0.150293052973242,0.408604198440902,0.683094474406568,0.763177291178641,-7.16728018968608
"CNPY2",0.0372586560835935,0.330321597650273,0.408367569623308,0.683267992934536,0.76323760232453,-7.16737661379781
"NMI",-0.0478949459790517,0.205658047235736,-0.407606065344631,0.6838265136243,0.763727879917991,-7.16768654119971
"RABL2B",0.0416600621942516,-0.132576129502883,0.406775605345198,0.684435807607506,0.764274681982149,-7.16802387438397
"SLC25A6",0.0532300396628399,0.31592809999618,0.405766377437815,0.685176538246364,0.764968035793502,-7.16843289801892
"PAPLN",-0.0524764262942116,-0.502668828996295,-0.404477710316296,0.686122807528072,0.765890581480199,-7.1689536982773
"PPP1R9A",0.0513120604784005,-0.262842290401679,0.403825972977991,0.686601567178254,0.766291034160662,-7.16921646040384
"RAB1B",0.0336916399696932,-0.102524637066432,0.403655330987295,0.686726939933812,0.766297013540264,-7.16928518851848
"MAPKAPK2",-0.0286227996703299,0.163240691814714,-0.403155102595976,0.687094513723988,0.766573208129943,-7.16948649429887
"GRAMD4",0.0465809651105505,-0.0835229958589798,0.402107354553514,0.687864652264022,0.767298358613868,-7.16990732899154
"CASTOR2",-0.0389900785798378,-0.0143315525099935,-0.401610515263795,0.688229963643015,0.767455216756457,-7.1701065052643
"ACTR1B",-0.0318381097634453,-0.122149154648716,-0.401589162940914,0.688245665019181,0.767455216756457,-7.17011505961342
"PRDX1",0.0317119497092802,0.0689698029321291,0.399616508793203,0.689696832692844,0.768939108912836,-7.17090340101831
"EPS8",0.0427754673519438,0.136993789174261,0.396870979010788,0.691718468928626,0.77105838409729,-7.1719941554152
"MRPS10",0.0397980826329091,0.184092265640027,0.396202090932291,0.692211331461833,0.771473093276977,-7.17225875569881
"TRIM21",-0.0329810246781116,0.0270541984446672,-0.39537769023135,0.692818961851803,0.771886373930774,-7.1725842605547
"ZW10",0.0245652838796781,0.164754114324589,0.395210313168821,0.692942352568708,0.771886373930774,-7.17265026468388
"SMAD3",-0.0451651405877665,-0.0807520847685921,-0.39520696208142,0.692944823080845,0.771886373930774,-7.17265158587978
"SPCS3",0.0544058500870294,0.0722825331489795,0.39358453263193,0.694141306683776,0.773084291501118,-7.17328992861226
"C11orf58",0.0377796566957175,0.194717627660088,0.392087226045751,0.695246196584522,0.774179555448385,-7.17387671411431
"PLEKHA6",-0.0579935188083019,-0.114828937124444,-0.391923262339536,0.695367227955597,0.774179555448385,-7.17394083477036
"ATPAF2",0.0411785722362797,-0.0632387476223631,0.391325749882311,0.69580835343046,0.77453562354489,-7.1741742749297
"PKM",0.0376292154903387,0.231424714942641,0.389919966484447,0.696846608685928,0.775556143709195,-7.17472209235539
"COPB1",0.0207298393400599,0.289500745236857,0.388141492989616,0.698160935427426,0.776883508662272,-7.17541232058977
"KIAA1671",0.0341188728119382,-0.265046360653172,0.386623685547866,0.699283344635416,0.777864063180608,-7.17599889063182
"POLR3C",0.0279695098797181,0.0246899755566698,0.386620389558968,0.699285782718354,0.777864063180608,-7.1760001618972
"TWF2",-0.0267593410261551,0.089073087876557,-0.386127074261154,0.699650729132455,0.778134454887776,-7.17619031188805
"CENPC",0.0301351073958758,0.0556077199060381,0.385860928426225,0.699847648324561,0.778217909187099,-7.17629279793667
"COG7",-0.0302610899174994,0.194400660016505,-0.385577123316028,0.70005765581241,0.77831588583706,-7.17640200634357
"C3orf38",-0.0311894136724477,0.00311284749745683,-0.382561109339286,0.702290838660469,0.780581328581462,-7.17755761079738
"DIABLO",-0.0358834103546189,0.227511943198205,-0.38249500082531,0.70233981718097,0.780581328581462,-7.17758283913993
"ERAP2",0.110446093881901,-0.588100988295598,0.380643083470841,0.703712370888486,0.781874608275912,-7.17828779792989
"CNNM3",0.0333129553806116,-0.153089107509337,0.380594522712147,0.703748374903941,0.781874608275912,-7.1783062372819
"GALK1",0.0284263382626045,0.0330169162500845,0.380111452727863,0.704106569940316,0.782105882095888,-7.17848953924017
"PRDX5",-0.0549962754892092,0.089472382824917,-0.379853531354671,0.704297844924058,0.782105882095888,-7.17858731281849
"CHCHD1",-0.0351776152374614,0.232403796157055,-0.379818247646658,0.704324012850643,0.782105882095888,-7.1786006831124
"THNSL1",0.0530828664958875,-0.106982519218578,0.379574358067117,0.704504901542849,0.782170717501494,-7.17869306790557
"RPS26",-0.0262037725221331,0.232544742509568,-0.379013004745891,0.704921311393893,0.782220818032948,-7.17890548192879
"FYTTD1",0.0391778402245282,0.0154398168341488,0.378840220999117,0.705049499633331,0.782220818032948,-7.17897079944211
"LTBP4",-0.0501016381550659,-0.298533971303148,-0.378785429533039,0.705090151171995,0.782220818032948,-7.17899150606895
"PHF14",0.027928016016395,0.225281273245881,0.378676312501052,0.705171111102703,0.782220818032948,-7.17903273433724
"SERPINE1",-0.0762490759527338,-0.372291769139444,-0.378614107038378,0.705217266259692,0.782220818032948,-7.17905623244662
"MRPS7",-0.0372109060029854,0.238323829399663,-0.378522711080948,0.705285082132448,0.782220818032948,-7.17909075026679
"POU2F1",-0.0299123712014348,0.195905389504821,-0.377264355112369,0.706219022187759,0.783120607271421,-7.17956515132705
"RBM45",-0.0230637391321873,0.176381867310941,-0.376429222929344,0.706839095040042,0.783672099640679,-7.17987912537989
"IDNK",-0.0416091156037076,-0.30232726133046,-0.376162002734107,0.707037543237654,0.783756026661879,-7.1799794419556
"MPZL1",0.0478520698645009,-0.321341472934087,0.375723378581624,0.707363326089082,0.783917561649221,-7.1801439506307
"STX12",0.027441077192806,-0.113665354041496,0.375635213688962,0.707428816009837,0.783917561649221,-7.1801769942662
"NVL",0.0333742664439799,0.211906135966942,0.374778388754956,0.708065388854491,0.78448681378378,-7.18049772320262
"COA3",-0.0429364821562897,0.188915497634027,-0.374414225660506,0.708336003694947,0.784637067602699,-7.18063381607241
"AP1M2",-0.0436842249861336,0.0201875759392963,-0.37426516876429,0.708446780693745,0.784637067602699,-7.18068948260387
"PFDN2",0.0291548783258121,0.254049970924303,0.372853386988959,0.709496304114298,0.785663181021469,-7.18121562593545
"TMED10",-0.0319980437173586,0.252290865900133,-0.371039588565196,0.710845500993533,0.787020725480095,-7.18188867703657
"GLUD1",0.0326814921279124,-0.04859745849561,0.37084728610269,0.71098859895078,0.787042684518157,-7.1819598429582
"CORO2A",0.0517538657980137,-0.247818342764662,0.370473603108499,0.711266696788567,0.787214050787831,-7.18209802747797
"MRPL39",0.0379445155117025,0.0987092298043048,0.370202276687066,0.711468644248071,0.787301090732051,-7.18219827425653
"MVB12B",-0.0335578675349402,-0.362148433194484,-0.369994828178202,0.711623061285184,0.787335513135661,-7.18227487060564
"LAGE3",-0.0391470558441496,0.0379627260312623,-0.369714865751291,0.711831473854282,0.787429653596603,-7.18237817330446
"THUMPD1",0.0320597578043095,0.258402095531077,0.368356155997904,0.712843245784722,0.788412285524935,-7.18287841081342
"S100A4",-0.0561901202299255,-0.462303185667517,-0.367284826098686,0.713641376617632,0.789158328663592,-7.18327154582938
"NAAA",-0.0447460240697491,-0.459482153191531,-0.366541368543797,0.714195430752214,0.789567435701904,-7.18354369239304
"ARIH2",0.0239323310063437,0.00379571224985476,0.366456544751936,0.714258654442318,0.789567435701904,-7.18357470757171
"H6PD",-0.0358289104462634,0.199676235520901,-0.3656074081144,0.714891669734158,0.790130398347343,-7.18388479268672
"TOMM6",0.0459695624481535,0.0938258854419104,0.363282676561441,0.716625720224125,0.791909869095022,-7.18473005342485
"NRF1",0.0253101402467175,0.092494377654798,0.362517739919773,0.717196618986069,0.792403601354222,-7.18500700255476
"ATG4A",0.0329048278548946,-0.186296745404271,0.362180860868056,0.717448093882292,0.792544304401114,-7.18512878628792
"TFDP1",0.0443068086749489,-0.0138384326241562,0.36173365751654,0.717781971651056,0.792775971110879,-7.18529027812126
"AFAP1",-0.0353118602287366,0.142111949150931,-0.361546285799835,0.717921877695082,0.792793356811328,-7.18535788159142
"VAV1",0.0361440178068976,-0.022691918045904,0.361191509249845,0.718186807009605,0.792948774469363,-7.18548578863547
"HIRIP3",0.0384830328476444,0.0881627119442662,0.360376899504666,0.718795245431367,0.793483340608451,-7.18577900382091
"PDIA5",0.036700159194181,0.212094625196975,0.360207190784221,0.718922024764674,0.793486106849169,-7.18584000646266
"UBQLN4",0.0249461169535836,0.112260144697463,0.359603144421745,0.719373335054087,0.793847000401027,-7.18605690095957
"FABP5",0.0584571310938746,-0.609505802118478,0.359398016143495,0.71952661801158,0.79387894522273,-7.18613047348974
"SPATS2",-0.0329127287434345,0.251172167984088,-0.35797882454582,0.720587424893373,0.794912008974462,-7.18663834016589
"TMED3",0.0453760805714178,0.352612921722876,0.357192785386284,0.721175200354662,0.795356350925942,-7.18691876522786
"CTDP1",-0.0236634217532498,0.082707857458953,-0.357040169443799,0.721289340970215,0.795356350925942,-7.18697314064556
"STIM1",-0.0338473982649424,-0.251585175368943,-0.356940455497291,0.721363919845283,0.795356350925942,-7.18700865510994
"FAM118B",0.0357837517109331,0.00467856700746503,0.356456820520706,0.721725681842515,0.795617831243864,-7.18718076758886
"AP1B1",-0.0287137090847263,0.0623644113568725,-0.355462912019866,0.722469327869629,0.796300130924837,-7.18753374047114
"MYO5C",-0.0483388627234422,-0.351879739567684,-0.354957955963284,0.72284723883498,0.796579154290878,-7.1877126913782
"TTC33",0.027584235555928,-0.0830951132332311,0.354638918578833,0.723086042602589,0.796704811392154,-7.18782562370196
"ITPK1",0.0339624704563368,-0.180986634785402,0.353474044150679,0.72395819664436,0.797473639293003,-7.18823710238723
"ECE1",0.0401237427612401,-0.369720526582658,0.353306622098978,0.7240835769636,0.797473639293003,-7.18829613114311
"SASH1",-0.0306152535829621,-0.259739424011523,-0.353206552201719,0.72415852163208,0.797473639293003,-7.1883313999
"TBC1D24",0.0414977171062655,-0.135215090710402,0.352436195239502,0.724735548713518,0.797821867723726,-7.18860257120616
"SPAST",-0.0211336952809601,0.0947775933057157,-0.352397267704365,0.72476471111134,0.797821867723726,-7.18861625828078
"SARNP",0.0206092920190651,0.320720460901228,0.352283965144207,0.724849593526285,0.797821867723726,-7.18865608730941
"ARL5B",-0.0296227159853679,0.0691898423171728,-0.351518848401023,0.72542288178075,0.798315253390226,-7.18892471229065
"DUSP22",-0.0371961441713612,-0.331226037494521,-0.350157127102799,0.726443577406299,0.799300748188733,-7.18940135561609
"PARL",-0.0417888386095202,-0.144450359931711,-0.34886271878008,0.727414270251323,0.800230895167936,-7.18985272355534
"MED8",-0.0287626543784956,0.171151530394721,-0.348670939057584,0.727558125667286,0.800251271728789,-7.18991945621649
"PRG2",-0.083867122079943,-0.70608729974272,-0.347495077476408,0.728440358996248,0.80108365349484,-7.19032781343597
"PHGDH",-0.0733585759195103,-0.447818290790236,-0.346927465182577,0.72886636040489,0.801414105594148,-7.19052444245887
"ARHGAP15",-0.0406991146842047,-0.136873730774208,-0.346151459522276,0.729448900202951,0.801879078919516,-7.19079274217539
"TOR1AIP2",0.0268197738338872,0.0569581075236682,0.345948402125183,0.729601359303734,0.801879078919516,-7.19086284905802
"MRPL18",0.0320576686406239,0.134770417673064,0.345755483535143,0.729746215955979,0.801879078919516,-7.19092941737151
"RANBP10",0.0226040727182096,-0.0994672853844809,0.345614007883489,0.729852451841477,0.801879078919516,-7.19097821124844
"FBLN2",-0.056830888946652,0.159104937291608,-0.345527809407236,0.729917181938955,0.801879078919516,-7.19100793066473
"MZB1",0.0898055340346108,-0.747373653260313,0.345136072358888,0.730211378277773,0.802064278393872,-7.19114290000511
"YPEL5",0.0274048580057658,0.0880659327017254,0.344278604139458,0.730855480029176,0.802633684208168,-7.19143779870564
"HDHD3",-0.035740708182511,0.0188753876442535,-0.343795858141115,0.731218186768649,0.802893916168155,-7.19160350119475
"GYS1",0.0292722994165955,0.0160563462909523,0.343124982547316,0.73172234315456,0.803309346809124,-7.1918333933325
"ZCRB1",-0.0245265690233704,0.208867009152221,-0.342005335124893,0.732564006226718,0.804063817885461,-7.19221606888098
"PEX1",-0.0290419344082812,0.0561361614931782,-0.341875749129875,0.732661439695789,0.804063817885461,-7.19226027836701
"KIAA1191",-0.0304494605615225,-0.199146559398098,-0.340533152372672,0.733671169437492,0.805033582549989,-7.19271733261172
"RAB19",-0.0453577396318875,0.0453881685631976,-0.339813096966825,0.734212893956054,0.805489575242166,-7.19296171747703
"MISP",0.0581289899126378,-0.048632954202396,0.339398786006509,0.734524655793131,0.805590587834492,-7.19310209921114
"CUTC",0.0278809845055905,-0.185079621637073,0.339256127803166,0.734632013802047,0.805590587834492,-7.19315039673909
"SMARCA1",-0.0582638127093728,-0.0817393726870397,-0.33918774713733,0.734683475796436,0.805590587834492,-7.19317354010382
"TEAD3",0.0262828026241718,0.00968493073724851,0.33857920512955,0.735141505682479,0.805954415141249,-7.19337929515387
"TNK1",0.0280825396556329,-0.122811537509409,0.335887744543648,0.737168413807173,0.807923425482411,-7.19428488119087
"COQ7",-0.0384824497048753,-0.15732129054961,-0.335858319449408,0.737190583689981,0.807923425482411,-7.19429474183355
"NF2",0.0217837449889554,-0.026085905965383,0.335540406154375,0.737430124557353,0.807980381342692,-7.19440122270252
"TGFB1",-0.0289073821825453,-0.0346837265269412,-0.335453461222055,0.73749564016683,0.807980381342692,-7.1944303262137
"MAP4K4",-0.0355136166773027,-0.0721596686562989,-0.33423593669075,0.738413282423292,0.808846939144402,-7.19483708250876
"CAST",0.0474688990926048,-0.354374549067218,0.333309208233033,0.739112004187775,0.809438642289114,-7.19514569764706
"CTNNBIP1",-0.0308654560665742,-0.0549870271819953,-0.333183229738321,0.739207004414695,0.809438642289114,-7.19518758435116
"VAMP3",0.0273352145967407,-0.118151512523598,0.332404207551176,0.739794552838594,0.809904499184738,-7.19544625067322
"RBM7",-0.0259357514876919,0.185568590280659,-0.332282804144565,0.739886130578634,0.809904499184738,-7.19548650693152
"GID8",-0.0224273343561435,0.100812421397781,-0.330419220199597,0.741292344441897,0.811304699907698,-7.19610261013211
"LBP",-0.0599633919803895,-0.279693995697383,-0.329826584796616,0.741739714520706,0.811655197466102,-7.19629781045068
"SUN1",-0.0310405420550086,-0.113375653046157,-0.329314243050767,0.742126543003929,0.811939338087746,-7.19646628166924
"ANAPC2",0.02219323692833,0.00791727161752734,0.328790908364976,0.742521738949734,0.812222395574545,-7.19663809743831
"GPALPP1",-0.034086461389467,0.0663269610465982,-0.328625397699135,0.742646738450123,0.812222395574545,-7.19669237932901
"STX4",-0.0240896647962219,-0.0796894269551792,-0.328466319828115,0.742766886101765,0.812222395574545,-7.19674452573875
"IREB2",0.0330347229780394,0.109413935384013,0.328030862945496,0.743095808299968,0.812349715884518,-7.1968871413057
"SDCBP2",-0.065469780848844,-0.241307827122962,-0.327975308729449,0.743137774546823,0.812349715884518,-7.19690532215086
"RAB18",0.0300217210529374,-0.031142645429411,0.327240151827465,0.743693192065556,0.812734630279083,-7.19714562207656
"GUK1",-0.0350852377219006,0.0528746585153297,-0.327172287939731,0.743744470590553,0.812734630279083,-7.19716777750181
"ZNF316",-0.0305391588433268,0.164702799294913,-0.326715739889957,0.744089471804779,0.812972497856522,-7.19731670672071
"APOBEC3C",-0.0418684878147552,-0.172545952493044,-0.325230045164845,0.745212528644154,0.81406022162411,-7.1977999122917
"CHCHD4",-0.0365992943995488,0.0129824187505073,-0.323398344830018,0.746597884727303,0.815434056446088,-7.19839262285826
"MRPL28",0.0404653733569393,0.189822098105603,0.322538151516225,0.747248752529924,0.816005350590656,-7.19866981398709
"SNAPIN",0.0193561320764918,0.229040338574345,0.321595036165916,0.747962571641172,0.816645181246389,-7.19897287822883
"GNAS",0.0234956954925393,-0.318507225197713,0.320459682085532,0.748822179138149,0.817443941493774,-7.1993365406753
"HEATR5A",-0.0264460913109319,0.0173969801430941,-0.320009026291576,0.749163469929143,0.817676710341466,-7.19948053276521
"RCOR3",0.0329719852012964,0.0775617119582298,0.319232185496167,0.749751903085364,0.818059949187286,-7.19972827101674
"UBP1",0.0277004711191678,0.0584612043274955,0.319207186559624,0.749770841447767,0.818059949187286,-7.19973623330345
"RIN1",0.0364210890983858,-0.0964697439123818,0.31761091873624,0.750980434131112,0.819200999826222,-7.20024336231742
"LIN7A",-0.0430871223854683,-0.45922481970598,-0.317370022648223,0.751163029755221,0.819200999826222,-7.20031967355655
"SPAG7",-0.0270877064927704,0.00165386589551251,-0.317211472588914,0.751283215963027,0.819200999826222,-7.2003698675844
"DUSP12",0.0235976074217113,0.167589904127325,0.317149962659524,0.751329844163251,0.819200999826222,-7.20038933374616
"TELO2",0.0338477156675795,0.0348814291912182,0.315051295173462,0.752921304865482,0.820796061390832,-7.20105124264076
"BNIP1",0.0303563803684067,-0.0230560175796961,0.314211829485374,0.753558184040519,0.821307974739306,-7.20131477605132
"FLII",-0.0171606825838264,-0.0244841074799593,-0.314093266772903,0.753648147846139,0.821307974739306,-7.20135193980363
"TPRN",0.0366904071501787,-0.249979800579055,0.31343455915095,0.75414802755561,0.821712483949244,-7.20155815793456
"ATOX1",-0.0348116328946929,0.248480018559502,-0.31240443916904,0.754929971902812,0.822424137621473,-7.20187978478716
"NT5C3B",-0.0283243113599251,-0.0788215013499725,-0.312060693094869,0.755190959158415,0.822568112287015,-7.20198687465303
"GNAZ",0.0344912990683444,-0.510927998547596,0.310866794064119,0.756097638124263,0.823380393366098,-7.20235790391298
"NUDT5",0.0368672448513344,-0.000428641574101993,0.310739120890651,0.756194616554236,0.823380393366098,-7.20239749691206
"ARHGAP45",0.0319911156597507,-0.0628599513286425,0.310410781670873,0.75644403530791,0.823511537159592,-7.20249924423194
"INTS12",0.0196868977618177,0.235672310627119,0.308933144835321,0.757566818671014,0.824593272624348,-7.20295581081871
"SLIRP",0.0397137877431143,0.174352469459718,0.308195799137254,0.758127283704277,0.8250626736751,-7.20318282474648
"TNKS1BP1",-0.0222946054701328,0.0450231792769383,-0.306918297889717,0.759098629439724,0.825978996075774,-7.20357485832569
"TARS2",0.034814918791224,0.07515389252175,0.304680506865339,0.760801049453777,0.82757557376624,-7.20425765882598
"SCFD2",-0.020811835606282,0.131516108396724,-0.304545310430187,0.760903938753394,0.82757557376624,-7.20429875034268
"AGPAT1",-0.0354421107062257,-0.218868741509573,-0.304478522932018,0.760954767984588,0.82757557376624,-7.20431904296517
"MPG",-0.0246160930801188,0.169334706086008,-0.303297145751999,0.761854036928458,0.828412470331779,-7.20467725576531
"HSD17B10",0.0322250713209593,0.2349865996642,0.302780184797791,0.76224765134786,0.828699345114266,-7.20483356897307
"NAT1",-0.0664135549853836,-0.287366460545322,-0.301488812236378,0.763231173017378,0.829627347585284,-7.2052228762139
"NAIP",0.0384203813547094,-0.0793528874008196,0.301230706538224,0.763427794878942,0.829661130449916,-7.20530048735701
"SYNPO",-0.0299309563599753,-0.311892412255984,-0.301106879373612,0.763522130387425,0.829661130449916,-7.20533769800867
"MRPL41",0.0368059534486246,0.241275535781131,0.30005238620893,0.764325619900648,0.83039290166167,-7.20565395866247
"MED20",-0.0222840274645698,0.19324925890227,-0.299105798234923,0.765047106355252,0.831035347750644,-7.20593691219544
"STX6",0.0282647048993545,-0.0501600655946984,0.297341058492725,0.766392732118024,0.832355433674703,-7.20646204135006
"PGLS",0.0211811731918779,0.0925496805185801,0.296574306648739,0.766977606414692,0.832848982475817,-7.20668923390451
"SUDS3",-0.0193061280491127,0.120126958438212,-0.296094473177367,0.76734368875009,0.83310482106263,-7.20683111279452
"GEMIN6",-0.0279268137447591,0.168276414192996,-0.295136769169886,0.768074511692845,0.833756504107245,-7.20711360367557
"TRMT10A",0.0302446538733264,0.00859184294991527,0.293488552066069,0.769332749197414,0.834980384774008,-7.20759763127185
"NEMF",-0.0193882982085749,0.163285673683129,-0.293034993020915,0.769679100269797,0.835057660541223,-7.20773035142205
"IGBP1",-0.0218015946600816,0.200632621419911,-0.292860637858504,0.769812255304815,0.835057660541223,-7.20778131652362
"AP3S1",-0.0231023331170281,0.13429808464109,-0.292755600598009,0.769892475550323,0.835057660541223,-7.20781200493652
"BTN3A3",-0.0325356885298477,-0.433287126211637,-0.292561938725218,0.770040387672117,0.835057660541223,-7.2078685576845
"PDIA3",-0.0257676594869701,0.209995214845173,-0.292539048687481,0.77005787083269,0.835057660541223,-7.20787523951525
"LUZP1",0.0220824069298305,0.16740443410251,0.2921671896651,0.770341909127291,0.83522382234297,-7.20798371568292
"SYNJ2",-0.0256984432312342,0.0974450868256811,-0.291272470010818,0.771025452507621,0.835823007514628,-7.20824415209003
"WDR45B",0.0238159375867415,0.117136916580006,0.290745948139267,0.771427785547319,0.836117197541951,-7.20839703975979
"CLPX",0.0221695404923582,0.224523070702379,0.290200961856788,0.771844292915028,0.836426648041828,-7.20855499780284
"TXNL4A",-0.0234112110479383,0.114925674109255,-0.2891417730695,0.772653969913907,0.837161988443966,-7.20886114429024
"SERPINB6",-0.0342744932966045,-0.258957589206557,-0.288561648654002,0.773097540601065,0.837500474505904,-7.20902834843941
"FDX1",-0.0281359622726371,-0.00135066050669883,-0.288323121050957,0.773279943525793,0.837531122590449,-7.20909699977577
"FCN3",-0.0361714998208067,-0.666789487014213,-0.288181594654642,0.773388175222128,0.837531122590449,-7.20913770608573
"PARVB",-0.0307193613382767,-0.554924681603443,-0.287200741480262,0.774138399963727,0.838117295200904,-7.20941927348921
"LSM6",0.0232714207163259,0.309035698737498,0.287130697855118,0.774191982317139,0.838117295200904,-7.20943934377021
"STK25",-0.02347457949717,-0.0713067007804491,-0.286491796284936,0.774680782569236,0.838483473562368,-7.20962218858315
"SCP2",-0.0312960536721245,-0.0134848547254941,-0.286345301556716,0.77479287298637,0.838483473562368,-7.20966405597865
"CLCC1",0.0311107453305086,-0.198531078148396,0.282122386550803,0.778026053875094,0.841839748177,-7.21086174088259
"CHD2",0.0178657590757755,0.103785231819437,0.281840504106715,0.778242009088903,0.841856556199806,-7.21094105394062
"COMP",-0.0816368949082287,-0.0326747865657075,-0.281757914123111,0.778305286021528,0.841856556199806,-7.21096427721314
"BCAP29",0.0360290707586665,-0.384187188514433,0.280983488445385,0.778898689819269,0.842355713837404,-7.21118170508008
"RANBP9",-0.0171190107788782,0.0531408131086228,-0.27869028220763,0.780656617690751,0.84411388720668,-7.21182203794744
"RAP1B",0.0230109863825271,-0.0918778137339118,0.278453820247965,0.780837949128925,0.844167000539822,-7.21188776701646
"NOL4L",-0.0308446801677295,-0.0503424092139211,-0.277132916627425,0.781851107323264,0.844930841993339,-7.21225391127616
"PTPN18",-0.030285545879335,-0.0413252265070648,-0.276979016871961,0.781969175588495,0.844930841993339,-7.21229645790972
"YWHAH",0.018134481711815,0.0813349453011878,0.276915294638444,0.782018063261861,0.844930841993339,-7.21231406743888
"NFX1",0.0191864639429933,0.149722178850305,0.276842633526234,0.782073809895166,0.844930841993339,-7.21233414226983
"CLASRP",-0.0242901345871045,0.144984996993913,-0.27545861673491,0.783135861549166,0.845840368596338,-7.21271551340113
"PHKG2",-0.0215122815702972,0.0782525128264652,-0.275400301129753,0.783180620069154,0.845840368596338,-7.21273154054468
"CEACAM6",-0.0486790053177934,0.328105345004123,-0.275052462426459,0.783447608954711,0.845985622049016,-7.21282706818762
"SRP9",-0.0235302709017974,0.353609348217879,-0.274467431671351,0.783896715964783,0.846327448670129,-7.21298746419659
"RNF2",0.0201695507882703,0.185510053674286,0.274174191678123,0.784121852950157,0.846427393252198,-7.21306773243131
"CLPTM1L",0.0367492872934585,-0.168938657405116,0.273807938624988,0.784403071697504,0.846572089746053,-7.21316786598912
"PGM3",-0.0285906962639355,0.195135288677086,-0.273607029754926,0.784557346837539,0.846572089746053,-7.2132227376343
"SLC25A10",0.0371881075422979,0.18518769765465,0.273481607379268,0.784653661255621,0.846572089746053,-7.21325697221686
"MTIF3",-0.0327369329215957,0.164254476664641,-0.272511668918714,0.785398608688419,0.847232660327008,-7.21352119130483
"OSBPL10",0.0264235395234394,-0.0569115597814284,0.271906885645666,0.785863203873219,0.847590634582856,-7.21368546422206
"SUMO1",0.0296946437444882,0.266026416360077,0.271687299533933,0.786031909137543,0.847629410546058,-7.21374501853895
"SGTA",-0.0205806740651963,0.249926971144521,-0.270675727601894,0.786809217435565,0.848324358886539,-7.21401874757192
"ECD",-0.0200264834143789,0.0588335718426606,-0.269615390048409,0.787624227158252,0.849059714740071,-7.21430457685955
"HOOK3",-0.0197175614800166,0.0404522146980132,-0.269149704270346,0.78798224220494,0.849302264766803,-7.21442975477786
"ATP6V1H",0.0171968466005396,-0.00445088631003133,0.268667657804667,0.78835288260177,0.849558338466211,-7.21455910267035
"FDXR",0.0382756583903974,0.0643501738633559,0.26832160045621,0.78861899210266,0.849701698375883,-7.2146518175851
"GLT8D1",0.0334721658146069,-0.0930632700008587,0.267924973991309,0.788924018471734,0.849886934020924,-7.21475793396164
"TMEM126A",0.0258085983334592,0.147832756795861,0.266643915906027,0.789909440558454,0.850804955797187,-7.21509960588017
"PRG3",-0.0676381082400289,-0.689598804948909,-0.265726462094438,0.790615376656053,0.851410930080095,-7.21534329472506
"GULP1",-0.037867615962804,0.056741307288235,-0.265566166812938,0.790738733809704,0.851410930080095,-7.21538578528601
"COPA",-0.0153496499961897,0.321770600756168,-0.264792132997779,0.791334474858749,0.851908720615935,-7.21559060302441
"PTRHD1",0.0304027992219299,-0.094682296921359,0.264510130186105,0.791551550932915,0.851998761413801,-7.21566507550518
"GABPB1",0.0237040100451682,-0.0088758307038602,0.264114339327177,0.791856244520746,0.852183064430299,-7.2157694638208
"MRPL14",0.0290206355111164,0.153191582923523,0.263450824593124,0.792367112908844,0.852568006410927,-7.21594411274657
"DLGAP4",-0.0202846942210484,0.178476318125469,-0.263302937771404,0.792480989514307,0.852568006410927,-7.21598297935458
"MTMR1",0.0154697632585515,-0.0183200190108307,0.262801340545812,0.792867265212022,0.852839873379171,-7.21611464325111
"EPS15",-0.0158009322443494,0.0723091421512463,-0.262295884463313,0.793256564238357,0.853114900229394,-7.21624706619654
"TOR4A",0.0270996807806626,0.106010901415811,0.262113864428479,0.7933967675804,0.853121987369629,-7.21629469068036
"ACYP1",0.0292780994555992,-0.313008395001889,0.260685297212443,0.794497372975494,0.854161597314115,-7.21666731950667
"DUT",-0.0271625982816502,-0.0168670034144233,-0.260371919391752,0.794738862466837,0.854277379941205,-7.21674878902674
"SDHAF3",-0.0384836874050576,0.0617920276230651,-0.25991441460393,0.795091451925319,0.854512526602115,-7.21686755165873
"AK2",0.0283869888187059,0.137374791511803,0.258552760944396,0.796141098717391,0.855496619877237,-7.21721978486639
"THOC7",-0.0161171852607705,0.237123236785599,-0.25773451570108,0.796772031120747,0.855964437617757,-7.21743055934803
"MRPL1",-0.0291773026625625,0.232288310110518,-0.257640444726406,0.796844575912286,0.855964437617757,-7.21745474859708
"PXDN",-0.0343985382685958,0.05207212949852,-0.2556327565832,0.798393265851431,0.857483768286188,-7.21796889758359
"AARS2",-0.0217575044823147,0.0751583058915938,-0.25507510378454,0.798823569648629,0.857712063672093,-7.21811099344717
"CGN",0.0395391455962545,-0.278716676774824,0.25500911387926,0.798874493760053,0.857712063672093,-7.21812778785167
"RPS6KA3",-0.0246522965093782,-0.186894119066817,-0.254695373090775,0.799116617859545,0.857827774887894,-7.21820757533842
"TBC1D10A",-0.01967363876051,-0.00784583132139271,-0.254129682419687,0.799553228998539,0.858018437168912,-7.21835118813711
"THYN1",-0.0254850056451688,0.1771598322729,-0.25411703458245,0.799562991566958,0.858018437168912,-7.21835439541572
"OTULIN",0.0218634906096768,0.088887890841836,0.253936683150845,0.799702204022554,0.858023621691145,-7.21840011214232
"OGFOD3",-0.0310449248881846,0.101479807630065,-0.253625014644012,0.79994279460488,0.858137557720457,-7.21847903954758
"TIMM29",-0.024317428626242,0.101548984783472,-0.253419639141494,0.800101343384005,0.858163460021312,-7.21853099619066
"SASH3",-0.0275094757695532,-0.0984940247503197,-0.252178259531786,0.801059857698038,0.859047227309704,-7.21884414919831
"MRPL47",0.026714490956805,0.267622270021387,0.251655763451045,0.801463385986801,0.859335637199954,-7.2189754954958
"ZNF143",0.0167046147059911,0.138728886340826,0.251278108542609,0.801755085309505,0.859504066437406,-7.21907026173044
"ERH",0.0167247625486178,0.306964453022734,0.250931436456967,0.802022878047887,0.859646814896048,-7.21915712810203
"NPNT",-0.0410561530400215,-0.607134318417448,-0.25008966170212,0.802673218425201,0.860199479631573,-7.21936755446559
"ATP6V1F",-0.0176436543589169,0.183298316403678,-0.249625521167641,0.80303186399888,0.86043941124901,-7.2194832777397
"RTCA",-0.0162785661713905,0.09135863943917,-0.246943450627563,0.805105137990762,0.862516158736748,-7.22014778461035
"LOXL2",0.0459263469067226,0.289465566047282,0.246175816970334,0.805698782551102,0.863007335445191,-7.22033665192646
"MRPS22",0.0224859478358509,0.218609784758612,0.2459066662675,0.80590695517658,0.863083357939376,-7.2204027341411
"DTX2",-0.030367962063129,0.1697644849273,-0.245734524892771,0.80604010389859,0.863083357939376,-7.22044496061702
"NSUN4",-0.0226535551230906,0.119684891355816,-0.244473271975155,0.807015835816213,0.863880293499513,-7.22075344570163
"EPB41",-0.0298703153807869,-0.642009141366807,-0.244422701024471,0.807054964874643,0.863880293499513,-7.22076578157134
"MMAA",-0.0252802749696655,0.120494566539141,-0.244110496032888,0.807296542898513,0.863994037279082,-7.22084188184802
"CAT",0.0299253298727115,-0.654689812822471,0.243690053550034,0.807621902116021,0.864197393164202,-7.22094421148332
"KDM2A",0.0180754350861837,0.132576286352137,0.242958989879277,0.808187714966896,0.864468093700189,-7.2211217219622
"RIT1",0.0180079675541231,-0.280163253569253,0.242850124003417,0.808271981252603,0.864468093700189,-7.22114811021381
"PZP",0.0410619568120624,-0.568007275622559,0.24283840495397,0.808281052371202,0.864468093700189,-7.22115095011648
"LACC1",-0.0213230540467094,0.0162275805720048,-0.242533660671765,0.808516948466786,0.864575567904946,-7.22122475135874
"GTF2H1",-0.0145806452037978,0.12598053190469,-0.242136085512052,0.808824729262078,0.864759862079432,-7.22132089458819
"UBE2M",0.0158486282996624,0.0835223185818212,0.241732270504513,0.809137371021854,0.86478548529883,-7.22141838535468
"DHRSX",-0.0268051773481546,-0.0801028441258991,-0.241698110719407,0.809163819624274,0.86478548529883,-7.22142662489569
"OPA3",-0.0288568961367051,-0.143051817970471,-0.24158032839512,0.809255015608537,0.86478548529883,-7.22145502575867
"PSME1",0.0271521412707001,0.124005055435129,0.240615193050527,0.810002394313386,0.865252943533794,-7.22168722763992
"CMPK2",0.0343489738588734,-0.483644693005369,0.24057124792272,0.810036428562294,0.865252943533794,-7.22169777827919
"LRRFIP1",0.0165373193732155,0.101842791494261,0.240490460455945,0.810098997093973,0.865252943533794,-7.22171716924684
"SPATS2L",0.0273467293565229,0.306984745682938,0.240123206995773,0.810383444072066,0.865411990366306,-7.22180523698787
"POLR3D",0.017853807467484,0.151425993181356,0.239126838464037,0.811155282991834,0.866091384933589,-7.22204348947363
"DOCK1",0.0197412144679318,-0.0773928445542745,0.238299255255496,0.811796512269479,0.866401065967166,-7.22224062898343
"TNFAIP8",0.0301540384235766,-0.0523914908297116,0.238296963520177,0.811798288131605,0.866401065967166,-7.22224117395159
"PITPNC1",-0.026257147050355,-0.227179016441559,-0.238111092298484,0.811942322689039,0.866401065967166,-7.22228535616013
"SMYD3",-0.0309719040897723,0.0192675980206317,-0.238052028148793,0.811988093774083,0.866401065967166,-7.22229938868948
"IFITM1",0.0301636428881223,-0.00846445793666479,0.236815285832855,0.812946641050526,0.867216134632522,-7.22259241603535
"TUBGCP4",-0.0131505009194221,-0.155972745788452,-0.236656565000734,0.813069679350213,0.867216134632522,-7.22262991205654
"THOC1",0.0155065937792692,0.236267283952522,0.236540781819102,0.813159435872343,0.867216134632522,-7.22265724868539
"KPNA3",0.0164700890174239,0.0538577805547783,0.236252478643742,0.813382942688608,0.867229227870977,-7.22272525950439
"CYFIP2",0.027411036318888,-0.22257880963031,0.236174550859332,0.813443358765745,0.867229227870977,-7.22274362846076
"FAM83H",-0.0273859207531136,0.11246545449867,-0.234469583634778,0.814765469152493,0.868493742994769,-7.22314400318713
"LAMTOR2",0.0162245178628375,0.161509303728571,0.233341813716949,0.81564028560966,0.869149777757201,-7.22340724213784
"PWP1",0.0187459007983607,0.222237252658145,0.23332521049561,0.815653166534245,0.869149777757201,-7.22341110810953
"HSP90B1",-0.0238694161413837,0.239732438444483,-0.232208147370109,0.816519908668183,0.869928185691031,-7.22367057865772
"N4BP1",-0.0158103806346561,-0.105465338714819,-0.231791388783175,0.816843334265069,0.870121367776688,-7.22376706417318
"PLIN3",-0.0209702011508557,0.286552613480269,-0.231623307988421,0.816973782274275,0.870121367776688,-7.22380592822649
"MAP3K4",-0.0142752885774313,-0.0660137948156693,-0.230260425573443,0.818031707180826,0.871102810265106,-7.22412001649761
"ARVCF",0.0271085007997372,-0.217469291679565,0.228932321968174,0.819062955732454,0.87205552315353,-7.22442430704157
"TRPT1",-0.019970791303017,0.0655017836770949,-0.22842400229629,0.819457740124779,0.872330388578979,-7.22454030588046
"MIF",-0.0227951216511325,0.0212410549799102,-0.228040359823282,0.819755724928367,0.872502134300321,-7.22462768262564
"KRAS",-0.0201715525173741,-0.204002888540588,-0.227510733031809,0.820167142393996,0.872786556766848,-7.22474806686092
"MTHFS",0.0229096424536995,0.157247555388922,0.22734442806506,0.820296339413916,0.872786556766848,-7.22478581027095
"PTK2",0.0234308801347594,0.0513347961713005,0.226334861123799,0.821080744755294,0.873475600676866,-7.22501434237351
"MTERF4",-0.0295134531385706,0.153405119608414,-0.225675769702058,0.821592937436874,0.873679063888033,-7.22516298998905
"RRBP1",-0.022279968590822,0.378836330751014,-0.225593454659323,0.82165691141904,0.873679063888033,-7.22518152439985
"PRCC",0.0220036995617001,0.181900317249148,0.225560527119484,0.821682502528996,0.873679063888033,-7.22518893661423
"ZFP91",-0.0169696355762883,0.00345612450156884,-0.225008214917112,0.822111785046896,0.873989967952785,-7.22531310463712
"GNS",0.02349718535596,0.117698385389789,0.223680851872928,0.823143691399933,0.874941313399129,-7.22561027112681
"TRAF5",-0.0226691102927261,0.164759414534825,-0.222253434004998,0.824253724327384,0.875975371143533,-7.22592787619986
"NDUFAF1",-0.024184476002192,0.0111665657188905,-0.222052203795587,0.824410239657758,0.875995902848192,-7.22597248709315
"DHX29",0.018121856309028,0.207858445279087,0.220359745742982,0.825726897670607,0.877248958673349,-7.22634609084686
"FRA10AC1",0.0191392824222255,0.0213953204137867,0.219351276260651,0.826511677040891,0.877936625836981,-7.22656734802408
"FBXO2",0.0445723574466658,-0.471471038731195,0.219067214433802,0.826732762155423,0.878025396933196,-7.22662948775494
"PIP4K2C",-0.0212176430003793,0.174222786263857,-0.218464332942915,0.827202030080499,0.878377675380673,-7.22676110391282
"YIF1A",-0.0224280717698043,-0.0386940918010878,-0.218141568202059,0.827453287596846,0.878498377337191,-7.22683141824232
"CYB5R2",-0.0291095549778606,0.00283302712636568,-0.217172405113201,0.828207843038417,0.879066933894398,-7.22704192594756
"C4B",-0.0390485530778863,-0.613066683385525,-0.217100076364614,0.8282641619904,0.879066933894398,-7.22705759858489
"JUND",0.0166358038529768,0.0309159790442922,0.216790227642685,0.82850543646847,0.879176867517231,-7.2271246794394
"SGTB",-0.01619527701679,0.00290569262117729,-0.215684328142351,0.829366715939173,0.879944579805852,-7.22736332071352
"FUT8",0.03007692033938,0.205818548707038,0.214244059652379,0.830488712242498,0.880792364552757,-7.22767228596713
"IRF8",-0.0204091746062053,-0.0376745461334042,-0.214172108561971,0.830544772624167,0.880792364552757,-7.22768766658279
"RAC2",-0.0312738405770999,-0.174163957278907,-0.214127393405927,0.830579612681621,0.880792364552757,-7.22769722251023
"B3GNT2",0.0171863951122877,-0.0562838277700655,0.213732903929303,0.830886995794206,0.88093682011217,-7.2277814411177
"DSN1",0.018161275088565,0.186679955683138,0.213446082548154,0.831110501091796,0.88093682011217,-7.22784257644493
"CFP",-0.0298967199898389,-0.0995773716251365,-0.21342139143088,0.831129742264011,0.88093682011217,-7.22784783546382
"TPP1",0.0191079721583785,-0.128902135731701,0.212300422914659,0.832003392013813,0.881716457760697,-7.22808595255371
"PLCG2",-0.0276908687718901,-0.287275551770614,-0.211560839756053,0.832579915528493,0.881996643570117,-7.22824236903388
"UNC119",0.0166820003337172,0.00853941786397937,0.211301191357336,0.832782339402682,0.881996643570117,-7.228297153368
"ANXA1",-0.0305733164177324,-0.207398104422846,-0.211294937758002,0.832787214893886,0.881996643570117,-7.22829847201236
"GON7",-0.0181483827269286,0.0929816385960386,-0.211252471174302,0.832820323270828,0.881996643570117,-7.22830742555495
"ELMO2",-0.0148586466142908,0.00302430634958052,-0.208042674536992,0.835323646711842,0.884501075332522,-7.22897896323593
"SNX8",-0.0157166718045804,0.204097220819361,-0.207786434530927,0.83552356114646,0.884566064984272,-7.22903212945983
"HDDC3",0.025085840185294,-0.13273763984639,0.207208971515952,0.835974127853042,0.884637053510909,-7.2291517048161
"CLIC2",-0.0249520857783876,-0.527842787993653,-0.207026488420336,0.836116521914451,0.884637053510909,-7.22918942244139
"HTRA2",-0.0167612290205485,-0.0539559622713112,-0.2069975549005,0.836139099632312,0.884637053510909,-7.22919539968999
"CD4",-0.0248389466946221,-0.0976441358287229,-0.206990235825777,0.836144810953537,0.884637053510909,-7.22919691157307
"YOD1",0.0243919112719746,-0.734731618971121,0.206588535233285,0.836458284793771,0.884822092181615,-7.22927980790582
"KALRN",0.0281209910415971,-0.271158983792425,0.206122914784614,0.836821672218096,0.885059860379748,-7.22937569350946
"PAIP2",0.0211067741707938,0.0187551133461173,0.204998040482636,0.837699709918627,0.885774512361035,-7.22960644732166
"URI1",-0.0167209477715524,0.144741908819301,-0.204877074268503,0.837794144044759,0.885774512361035,-7.22963118684078
"MYCBP",0.0157772746829555,0.205369569201297,0.204724116871631,0.837913555937455,0.885774512361035,-7.22966244816581
"ERP29",-0.0186892478319746,0.193928812189223,-0.204179398234159,0.838338841283451,0.885920354003836,-7.22977358779774
"CRAT",-0.0357478149727635,-0.413398434556756,-0.204158396203135,0.838355239425933,0.885920354003836,-7.22977786694174
"C1orf198",0.0191442940732506,-0.301999841792295,0.204014276799174,0.838467768088517,0.885920354003836,-7.22980721926323
"ARHGEF5",0.0198393323132029,0.0941847880799765,0.203073848943139,0.839202137042493,0.886441828192359,-7.22999824429611
"CDC34",0.0171277043062843,0.161289628302752,0.203026680050362,0.83923897438102,0.886441828192359,-7.23000780227058
"CPE",-0.0418562412610176,-0.657941505689446,-0.202299643503919,0.839806810480595,0.886894886688488,-7.23015484308095
"CRELD1",0.0217146019367065,-0.129189526089,0.200893720494742,0.840905113458185,0.887824109247541,-7.23043769056375
"NTHL1",0.0212897638601934,-0.0135696758767388,0.200817335050993,0.840964794475979,0.887824109247541,-7.23045300151549
"TRAF2",-0.01759487424232,0.188329937981333,-0.200224756420856,0.841427815628827,0.88816607749877,-7.23057158219021
"ACTBL2",-0.0208112093274204,-0.17980062126672,-0.199689252610992,0.841846287822115,0.888225647931316,-7.23067844029211
"LARP7",0.0141277863946188,0.231968015081209,0.199650940816407,0.841876228491813,0.888225647931316,-7.2306860743235
"MED1",0.0129695611601297,0.0369348564910256,0.199618494889402,0.841901585165282,0.888225647931316,-7.23069253837333
"PPFIBP2",0.0214630625579236,0.0251272738513299,0.199207072350369,0.842223128458313,0.888418086107109,-7.23077441305625
"PIK3CD",-0.0178664509843495,-0.103306258160557,-0.198627488472518,0.842676141444848,0.8887491184548,-7.23088946597078
"CPNE3",-0.0147330169083028,0.100837480283365,-0.19722644115171,0.843771440513183,0.889757332399121,-7.23116620289012
"PPP2R5C",-0.0252715256581762,-0.124601926955417,-0.196016788917158,0.844717356609697,0.89060771498562,-7.23140355975868
"GGA1",-0.013380347429287,-0.109579396603234,-0.195777504645988,0.844904497283792,0.890614366598658,-7.23145033894365
"MYO1E",-0.017477222753796,0.214953449023645,-0.1955876081996,0.845053018731944,0.890614366598658,-7.23148742233553
"IRF2",-0.0144824626235578,0.0748659429092147,-0.195473686352492,0.845142121726119,0.890614366598658,-7.23150965197572
"MRPL57",0.0217837636755566,0.233085560579075,0.192858271342253,0.847188291141981,0.892623306756031,-7.23201643846112
"HIRA",0.0133203959246179,0.0898781488116257,0.19219920225488,0.847704077569368,0.893019392060785,-7.23214306904731
"RPS27L",0.0231028490305913,0.189730339698013,0.191948191107533,0.847900535740276,0.893079003744913,-7.23219118324505
"OCLN",0.0253434056526537,-0.197769491542218,0.191020305793242,0.848626843379238,0.893696585020028,-7.23236849600845
"ELP5",-0.014266221209246,0.00347249236237552,-0.190652059774655,0.848915125920887,0.893816046882263,-7.23243862728606
"KRT10",0.0412238287598994,-1.18808573874133,0.190458673998918,0.849066526708812,0.893816046882263,-7.2324754028061
"SH3BP1",0.016544717663811,-0.0690374386093025,0.190214959566551,0.84925733752317,0.893816046882263,-7.2325216960134
"SRGAP2",-0.0192406513137754,-0.0855100991485699,-0.1899823105623,0.849439493182486,0.893816046882263,-7.23256583207091
"SAMM50",-0.0153583327082383,-0.0206373901625814,-0.189981388736995,0.849440214954044,0.893816046882263,-7.23256600684381
"BOD1L1",0.0129463278582569,0.141386636268811,0.189749635864817,0.849621677034765,0.893859681638981,-7.23260991899043
"MTPN",0.0184752186375202,-0.0208624472755345,0.188905510302579,0.850282693420201,0.894407742584511,-7.23276940942656
"LRIF1",-0.0164300523527388,0.095314007880921,-0.188174819145376,0.850854967169843,0.894862290459471,-7.23290689332933
"NT5C3A",-0.0257231172699699,0.111918777846414,-0.187566765400352,0.851331252072969,0.895215751726928,-7.23302089617325
"CHCHD6",0.0197957787080261,0.0717220988706354,0.187039608828597,0.851744214796332,0.895502521237376,-7.23311943321587
"AGO2",0.0113931524912512,0.00811211703454328,0.186113824203163,0.852469552632274,0.896117565616903,-7.23329181147867
"GGT5",0.0244044671839639,0.0735529906537801,0.185721175142913,0.852777224947637,0.896293429019039,-7.23336466327185
"ASAP2",-0.0185612841634705,-0.239470801559793,-0.183457109568963,0.854551741095123,0.898010675920402,-7.23378173544453
"SEC24A",0.0127057458299724,0.207990751407047,0.183054295850309,0.854867533816527,0.898194701895429,-7.23385540337354
"RPS27",-0.0179753376725908,0.249939756629509,-0.182793236099824,0.855072208559737,0.898261936764383,-7.23390306039795
"C2CD5",0.0129436186398504,0.00673282752206781,0.182146153715841,0.855579573016312,0.898610082617833,-7.23402089352731
"CALU",-0.0222853973292407,0.229316330136008,-0.182011588569236,0.855685090417608,0.898610082617833,-7.23404534524753
"KLHL36",-0.013571135798405,-0.242978086891773,-0.181354094167863,0.856200692809621,0.899003687483873,-7.23416455819866
"SELENOF",0.0127534304946183,0.299886981937947,0.1810744486707,0.856420007505294,0.899086114423101,-7.2342151311058
"LDHB",0.0296981268798755,-0.311806184756969,0.180154877717178,0.857141268394753,0.89969538035517,-7.23438088213259
"YTHDF1",0.0164200568455893,0.209942989271405,0.179727186327629,0.85747676687112,0.899899598368195,-7.2344576852789
"TBC1D10B",0.011810879719005,0.113034033498972,0.178680759085005,0.858297735791355,0.900613154154117,-7.23464482902434
"RAB3GAP1",-0.0105539969545312,0.141108254235698,-0.178370005087171,0.858541565875077,0.900720982272817,-7.23470019407005
"GGA2",-0.0142676481951629,-0.0241571317780113,-0.177600205135542,0.859145640206751,0.90120665561362,-7.2348369294053
"CIB1",0.0240524331652724,0.0803511274587442,0.177363080474958,0.859331732423632,0.901253796242591,-7.23487892943711
"C4orf33",0.0353386436058283,-0.214049252340573,0.176892407535568,0.85970113340528,0.901493141204255,-7.23496212984273
"CRCP",-0.0141842803194857,0.207474777617789,-0.17631314726462,0.860155799948728,0.901821803394521,-7.23506422170832
"CCNH",-0.014594702341828,0.165477182297015,-0.175206447501479,0.861024587812006,0.902584467768783,-7.23525834141174
"MAZ",-0.017996513708473,-0.040283352660133,-0.174555116731642,0.861535978319814,0.902972295070915,-7.23537201625079
"MRPS16",-0.0159018520280606,0.075000649345353,-0.174365476834014,0.861684884518527,0.902980139118791,-7.2354050339783
"NFKB2",0.0133866251548778,0.102168787479166,0.171573778201163,0.863877508970662,0.905129290249044,-7.23588693730477
"UBE2O",-0.0125394920625864,-0.0406810902313493,-0.171319200515749,0.86407750917384,0.905190302883506,-7.23593049562918
"FAAH",0.026244259965553,-0.320242302016772,0.169997185340189,0.865116245323768,0.906129794355685,-7.23615565300211
"CDK16",0.0107927447575164,-0.0571697128248824,0.167695925784863,0.866924952652613,0.907875319450047,-7.23654342925536
"PLEC",-0.0172426275988821,0.0836254992245772,-0.166996046427335,0.867475171966414,0.908176453274901,-7.23666031527006
"HSD3B7",0.0225227304000742,-0.213704162867883,0.166968314017996,0.867496975493128,0.908176453274901,-7.23666493675939
"GUF1",0.0175083720202218,-0.0623125931430778,0.166128369082744,0.868157397384846,0.908718849557744,-7.23680454644401
"FKBP8",0.0128676782009481,-0.0333587456718835,0.16591869883516,0.868322268841991,0.908742449853485,-7.23683928654773
"C19orf33",-0.046659840681799,-0.597383151967062,-0.165113341788321,0.868955604244969,0.909256232891532,-7.23697231770486
"RAB25",0.0251510107131869,-0.0992833534115878,0.164714988744243,0.869268901624573,0.909435021607882,-7.23703787955998
"GALK2",-0.0164479164950376,0.0852955007753495,-0.164044477824132,0.869796292728057,0.909837701354627,-7.23714787621826
"CFDP1",-0.0211192681754764,0.0136178247033374,-0.162327977833098,0.871146672268449,0.91110098319968,-7.23742742215781
"SAA1",-0.0355369613407028,-1.03494265083918,-0.161804115874237,0.871558872567081,0.911382804019131,-7.23751215177844
"SPRYD4",-0.0185996859845568,-0.0922506831930356,-0.161370552273283,0.871900048194489,0.911590274721109,-7.23758206940804
"SDC1",-0.0231301047726036,0.0125641493680401,-0.161033397111352,0.872165375587082,0.911614980730764,-7.23763631030964
"IRAK4",0.0110038006009221,0.128891934502947,0.160977675712554,0.872209227452504,0.911614980730764,-7.2376452637436
"RAB9A",-0.0135837449831033,-0.0470374368072308,-0.160220138320509,0.872805436562384,0.912088823641705,-7.23776667910723
"NCOR2",-0.0107287033479005,0.216039128096858,-0.159285077216404,0.873541463254922,0.91266199803026,-7.23791575770213
"PPP4C",0.0117620951539985,0.131810644880681,0.159160157318187,0.873639801403437,0.91266199803026,-7.23793560785914
"LNPEP",0.013277754751234,-0.150760130155899,0.158912930378585,0.873834426613714,0.912715984611249,-7.23797484707916
"C7orf26",-0.0127640703519318,-0.0426382572401818,-0.158470028535469,0.874183112737461,0.912930843118856,-7.23804499081381
"CDK5RAP3",0.0103928405448969,0.168851434061741,0.157372455670304,0.875047311483592,0.913683905776408,-7.23821797325538
"CTSS",0.0216597116560543,-0.182024957488217,0.156180706029204,0.875985831950664,0.91451431278695,-7.23840443717251
"PIGR",-0.0503587595108731,-0.98752337140076,-0.153859334259754,0.877814448418598,0.916139656960091,-7.23876357553124
"BPGM",-0.0201628955027623,-0.903405162923779,-0.153726053284754,0.877919457952014,0.916139656960091,-7.23878403214159
"ANO10",-0.0189251688463007,-0.332473622532568,-0.153657907285709,0.877973149716335,0.916139656960091,-7.23879448467145
"HSPA13",0.0189309629892819,0.0885160590717943,0.153288774493659,0.87826399669987,0.916164728516148,-7.23885102333157
"EMC10",0.0123562880331611,0.048938108908701,0.153263196315823,0.878284150860977,0.916164728516148,-7.23885493600618
"PTK2B",0.0135485688611374,-0.127524724704048,0.152240967797117,0.879089673991361,0.916855205559432,-7.23901077113331
"RPL23",-0.0105903551588908,0.299291360053231,-0.151800899343393,0.879436489736378,0.917067121830275,-7.23907753694832
"ARPC4",-0.0112128332720463,0.21645546843191,-0.15137206029781,0.87977447799717,0.917151344219473,-7.23914241316039
"ACAT2",-0.0164954530787385,-0.304930556042112,-0.151237801664607,0.879880298078956,0.917151344219473,-7.23916268653815
"MTFR1",0.0198035781412843,0.188459523984401,0.151151677228274,0.879948180843929,0.917151344219473,-7.23917568206604
"GALE",-0.0199364397694238,0.0365799775152988,-0.150210064301034,0.88069041222469,0.917614723283986,-7.23931728152393
"PIBF1",-0.0136082264473777,0.00745753935017455,-0.150077277346688,0.880795090731799,0.917614723283986,-7.23933717880385
"SETMAR",0.012191275018808,-0.116046274108796,0.150040725179998,0.880823905874322,0.917614723283986,-7.23934265282512
"MRPL19",-0.0154882295727747,0.172513371094272,-0.149436121455303,0.881300555646354,0.917752827164166,-7.2394330043538
"ITGB3",-0.0229369478721061,-0.716083982097741,-0.14938491800641,0.881340924754574,0.917752827164166,-7.23944063940496
"THOC6",0.00961339409426251,0.190981242596422,0.149325615112188,0.881387679901435,0.917752827164166,-7.23944947891128
"RNASE3",-0.0339427844390336,-0.447200232444695,-0.148246486175951,0.882238551081705,0.918357997797791,-7.23960971759163
"CEP170",0.0129843939900067,0.0540613391564221,0.148222924127173,0.882257130803753,0.918357997797791,-7.23961320333146
"AFG3L2",0.0175414298937622,-0.0845286990624903,0.148035403484684,0.882405001478909,0.918357997797791,-7.23964092514999
"RBM4B",0.0152264432847163,-0.213040114320941,0.147727853671997,0.882647530881698,0.918357997797791,-7.23968631532436
"TUBA8",0.0135062373997008,-0.248907821111384,0.147676506152317,0.882688023881761,0.918357997797791,-7.23969388432611
"TLE1",-0.018541034573478,-0.13319576776863,-0.146540347529197,0.883584084835395,0.919140498806451,-7.23986068929377
"NEO1",0.0164925338306907,-0.367949727079934,0.146299004001522,0.883774445973412,0.919188766499468,-7.23989595623745
"MED21",-0.0113884356696212,0.0455932827495,-0.14514794946421,0.884682439622262,0.91998328615442,-7.24006335738099
"MCRIP1",0.0134144774690833,0.293634576823695,0.143522247291063,0.885965111517019,0.921042079425597,-7.24029753558163
"VWA8",0.0165410366228853,-0.0572459840737153,0.143491837512642,0.885989107569619,0.921042079425597,-7.24030189090404
"AP1G1",0.00921746637042212,0.0926623590562157,0.142851613571933,0.886494326236222,0.921417267299085,-7.24039337026814
"CBX5",0.0144566231680469,0.196142287889289,0.140761611606695,0.888143926922263,0.922794213723724,-7.24068915629718
"RIOX1",0.011752180044475,0.0709570576018173,0.140751828960668,0.888151649337696,0.922794213723724,-7.24069053053011
"HAX1",0.0131554975136442,0.0448920398721458,0.140623870650453,0.888252660539704,0.922794213723724,-7.24070849688548
"BRPF1",0.0104357278885888,-0.0145317493204158,0.140436783951431,0.888400351393988,0.922797501813993,-7.24073473592457
"USP54",0.0134817271448833,-0.0824089310108398,0.140041162004639,0.888712677926627,0.922971771073766,-7.24079010715349
"HLA-DMB",-0.0214411932393347,-0.180048491781017,-0.139644833014358,0.889025580041944,0.923018471899,-7.24084542073449
"YRDC",0.0122909167197508,-0.0633613725188448,0.139617998938547,0.889046766198724,0.923018471899,-7.24084916016163
"BET1L",0.0167562595155281,0.229865532237223,0.139281301926308,0.889312603456221,0.923144362391151,-7.24089601905712
"CD14",0.0153563562577671,-0.167701900922919,0.138630665461339,0.88982634526752,0.923527505613315,-7.2409862491053
"ATP1A1",-0.0177248444754056,-0.204042551281406,-0.138024272208955,0.890305194537671,0.923677783236094,-7.24106996319447
"TFAM",-0.0149781934311313,0.215478809624292,-0.13789151782296,0.890410031780951,0.923677783236094,-7.24108824130663
"PPP5C",-0.00917644547431683,-0.0637380671316613,-0.137832955624852,0.89045627944804,0.923677783236094,-7.24109629877531
"LDLRAP1",0.0125905848747848,-0.150134644016856,0.137714542284311,0.890549793829506,0.923677783236094,-7.24111258060015
"SLC38A10",-0.0131999465045226,0.00166867875560895,-0.137440336985179,0.890766347419294,0.923752335272404,-7.24115023009084
"UIMC1",-0.0113310096555472,0.0572526849154786,-0.136952643185441,0.891151523733085,0.923885174963886,-7.24121700701524
"PHB2",0.0122541165268998,0.179726289075154,0.136911732310876,0.891183835959683,0.923885174963886,-7.24122259790055
"TSC22D4",-0.0100418310152963,-0.0936604577249969,-0.136340779709755,0.891634804658591,0.924202634374206,-7.2413004500498
"KLHL9",0.00997941273051295,-0.145648182780158,0.133745040616734,0.893685499075714,0.926177878850581,-7.24165029029991
"NRGN",-0.0203487411330042,-0.59156080298607,-0.133044881493642,0.894238763976693,0.926600861407203,-7.24174350270436
"ECM1",0.0238078982655424,-0.218876563444563,0.132411099389422,0.894739622418838,0.926969412484875,-7.24182745648518
"CHMP4A",-0.0119695367973191,-0.0203373335244855,-0.131004567967364,0.895851311115349,0.927970574541126,-7.2420123404172
"GTPBP3",0.0132004194192597,-0.0592146828769053,0.129846504926065,0.896766770689861,0.92876818018731,-7.24216308211433
"USP6NL",-0.0131491634073245,-0.192738594742123,-0.129058806148325,0.897389532853091,0.929262433873984,-7.24226484983234
"EPB41L1",-0.0200144281631678,-0.0360312144697175,-0.128669418194951,0.897697410159242,0.92943051141021,-7.24231492859604
"G3BP2",0.00867897057666564,0.189165325362957,0.127940645771677,0.898273670065308,0.929876359171042,-7.2424082486349
"IGFBP3",0.0206279708787685,0.190748197905304,0.127029766086229,0.898994002808866,0.930335817710338,-7.24252414248049
"KHNYN",0.0105482364944921,0.00817848408955114,0.126872349450404,0.899118497943944,0.930335817710338,-7.24254408714326
"FAM8A1",-0.0146926736707686,-0.0986108030589039,-0.126629984572422,0.899310180451901,0.930335817710338,-7.24257474638896
"MRPS24",0.0127936020970105,0.167072731994617,0.126609161176809,0.899326649618055,0.930335817710338,-7.24257737782153
"GGA3",0.00870891313420284,0.0585102487440723,0.126458199813307,0.899446045845876,0.930335817710338,-7.24259644172531
"LMBRD2",0.0160251219964,-0.087642109681706,0.125407818492608,0.900276861737621,0.931044341139409,-7.24272845775191
"ANGEL2",0.0105278135365142,0.141237093173572,0.124680398412512,0.900852290663077,0.93136834920364,-7.24281923748475
"SFXN1",0.011149260840191,0.251448754094684,0.124514158767629,0.900983802640942,0.93136834920364,-7.24283990954144
"PAN2",0.00719244048164677,-0.0653027318203503,0.124458585598874,0.901027767115252,0.93136834920364,-7.24284681396679
"RHOT1",-0.0101368926885905,-0.0301380269020131,-0.12326712291812,0.901970417974464,0.93219082524523,-7.24299410024754
"TP53BP1",0.010955205427098,0.169301613067568,0.123083833175318,0.90211544388258,0.93219082524523,-7.24301663243787
"EFNA1",0.020672678734549,0.000856675038637286,0.122076275004103,0.902912721208435,0.932744129726141,-7.24313989498091
"PCDH1",-0.0137415532352654,-0.386166152446464,-0.122037931367997,0.902943064344131,0.932744129726141,-7.24314456585016
"ELAC2",-0.0105144339297701,-0.0760626353547412,-0.120613269122986,0.904070567636643,0.933757776505979,-7.24331707254424
"SAFB2",-0.00831565972995951,0.200138915880117,-0.120025566901623,0.904535742480035,0.934087128535504,-7.24338764495688
"SMARCAL1",-0.00721011640418291,0.0367650805909505,-0.11964959386047,0.904833347874596,0.934243358049692,-7.24343261173789
"EVL",0.0174443842071041,-0.181555289261436,0.118122913160333,0.906041945487514,0.935339987378784,-7.24361375501406
"MFN1",-0.00920636790942815,0.0178269069956912,-0.11751605642209,0.906522424835655,0.935684720752612,-7.24368511356013
"AKR1C3",0.0278104452597248,-0.781003468570053,0.116492384203793,0.907332995995237,0.936369998291513,-7.24380465139668
"VCAM1",-0.0170377878826266,-0.255512972418947,-0.115837317479562,0.907851746349081,0.936753943186632,-7.24388059714815
"ZNF687",0.00895768978466921,0.174774332697003,0.115274254136674,0.908297670363847,0.937062631325442,-7.24394553416616
"YWHAZ",-0.00909446350770871,0.0982379612806683,-0.115003089852608,0.90851243217385,0.937132775352186,-7.24397669414987
"CEP41",-0.0100981823245118,0.0162706367353692,-0.11393806681397,0.909355994085457,0.937851400781077,-7.24409836781785
"GGCT",-0.0192700284634759,0.165861994503258,-0.113123296480984,0.910001410265223,0.938169597711665,-7.24419068710801
"SEC24D",-0.0103698474841835,0.3769097239161,-0.113031253559705,0.910074325356582,0.938169597711665,-7.24420107458002
"PNPLA4",-0.01563990217926,-0.00480159877614117,-0.112992124417313,0.910105323136422,0.938169597711665,-7.24420548792479
"EPB42",0.0197758514068069,-1.22943372699422,0.112257008554051,0.910687701281859,0.938510231060848,-7.24428811705875
"TKFC",-0.0124075098816491,-0.0120627830784188,-0.112203946541543,0.910729740274552,0.938510231060848,-7.24429406051298
"FAM98A",0.00722357867615395,0.124870132595155,0.109111387864958,0.913180285439188,0.940760273140596,-7.2446356026641
"TTC17",0.00987313423440173,0.114287959503668,0.109076597712484,0.913207857936635,0.940760273140596,-7.24463939059874
"CORO1B",-0.00864977408890796,0.0451140134721515,-0.1087020658157,0.913504695116621,0.940914256867176,-7.24468009295095
"C1orf122",0.0108414757733609,0.139695103419158,0.108471775713802,0.91368721874115,0.940950466397136,-7.24470505028788
"MED10",-0.00844563643797885,0.145737247616607,-0.10567245305045,0.915906272292143,0.94308362338096,-7.24500419079109
"TUBB8",-0.0145871559950613,-0.131569410502544,-0.10498012775828,0.916455188321712,0.943496674852327,-7.24507696765856
"HBG1",0.0288673285902483,-2.1742326643397,0.103943998394236,0.91727676702746,0.94419025591977,-7.24518499139419
"DNAJC21",0.00903059751254921,0.0727319233252746,0.101876218952324,0.918916637107713,0.945725778196768,-7.2453973692759
"PARP10",0.00753919863394249,-0.0166714213089506,0.100926490843852,0.91966994361376,0.94612681910847,-7.2454934841258
"FLOT1",-0.00923462861694758,-0.176162461752498,-0.100883269597332,0.919704227623216,0.94612681910847,-7.24549783680874
"DOK3",0.0110564127242872,0.0183394529222368,0.100824496072354,0.919750848270364,0.94612681910847,-7.24550375272409
"ADSL",0.00788224912748478,-0.108718769487455,0.100585962252624,0.919940062174452,0.946169023354362,-7.24552772722708
"TMEM141",-0.0180871032995492,0.000682073624799894,-0.0994171182188514,0.92086729838918,0.946970156259448,-7.24564438429796
"CDKN2AIPNL",-0.0138545274559291,-0.108921474448985,-0.0979921894824637,0.921997830963069,0.947980056473301,-7.24578475579399
"SAMSN1",-0.0110637268003371,0.0526739870106141,-0.0976984102429942,0.922230933961314,0.948067060592979,-7.24581344440014
"PIGS",-0.00924391295635008,0.0654204600938263,-0.0975036321464405,0.922385486902441,0.948073299077928,-7.24583241770211
"CCL18",0.0213332841661603,-0.158971299563092,0.0964749289988149,0.923201793174333,0.948648913579385,-7.24593199547381
"MALSU1",0.0117675302025189,0.216843514366506,0.0964234385575176,0.923242654499968,0.948648913579385,-7.24593695196007
"COQ6",-0.00972183287695155,-0.177228748000433,-0.0962231097126589,0.923401631614638,0.948659600620992,-7.24595621050581
"GNAI2",0.00755726353227909,-0.212770629744673,0.0920026996774201,0.926751572393962,0.951948003496694,-7.24635262830045
"UBE2D3",-0.00883629570839051,-0.00189524784826996,-0.0915045705723887,0.927147048475663,0.952201046246921,-7.24639824407965
"TERF2",-0.00675535477015449,-0.0537967682400822,-0.0895894948099145,0.928667638408735,0.953609339215145,-7.24657130952811
"KLF3",-0.00731698522793565,0.102837012718661,-0.0890483071693868,0.929097394650483,0.953860021287161,-7.2466195533519
"COG8",-0.00638090833094165,0.0690241005108615,-0.0889058219390459,0.929210545404251,0.953860021287161,-7.24663220649693
"LSM3",0.00960298083639191,0.189436301402266,0.0881836711316648,0.929784043803236,0.954295309384932,-7.2466960242286
"POLD4",-0.00737590219622163,0.108381059280519,-0.0875730346737992,0.930269011316713,0.954639607402317,-7.24674958113185
"NQO2",-0.0162626594317269,-0.144232826526317,-0.0870467230215301,0.930687028942996,0.954915102008843,-7.24679544358918
"NR2F6",0.00962492608357016,0.0260432448707298,0.0867306214074401,0.930938098644881,0.954952342699793,-7.24682285560171
"SCAI",-0.00651075972704063,-0.422916945587329,-0.0864929485314029,0.931126879382565,0.954952342699793,-7.24684340067623
"IDUA",0.0107618814348629,-0.147261529067155,0.0864361299511593,0.93117201028174,0.954952342699793,-7.24684830387559
"PTX3",0.0155085088045334,-0.5768846435644,0.0822952925239075,0.934461659344565,0.958172104531082,-7.24719696679608
"CRTAC1",0.00898577901169761,-0.479261103504533,0.0807360569853813,0.935700673729283,0.959288503815265,-7.24732382106661
"BOLA3",0.00795612203729271,0.0689345111026951,0.0800977342786514,0.936207949017664,0.959654479768467,-7.24737505292058
"NUTF2",0.00732433592971787,-0.018270589241012,0.0798343527651061,0.936417265996033,0.959714966835421,-7.24739607344124
"HSPA5",-0.00662728973597204,0.279930804361418,-0.0796005195476434,0.936603103780722,0.959751375002393,-7.24741467769055
"SMPD3",0.0145694552586393,-0.668929491939626,0.0791792604102186,0.93693790613009,0.959940393235017,-7.2474480562221
"AAR2",0.00552106761649607,0.134403270639056,0.0783538462492701,0.937593949484815,0.960397956379235,-7.24751294454941
"MRPL22",0.00749983573512472,0.148349838132569,0.0780648546156167,0.937823651579975,0.960397956379235,-7.24753550235689
"L2HGDH",0.00929083063504216,-0.0356269539089824,0.0780496347224822,0.937835749103294,0.960397956379235,-7.24753668806501
"CAMK4",0.00766341821990045,-0.170432861995514,0.0771654163795356,0.938538594197604,0.960963586265507,-7.24760517636986
"CDC26",0.00649988348242228,0.188532944620374,0.0762986731126085,0.939227595439088,0.961514862414394,-7.24767155380801
"CCDC9",-0.00515442278546734,0.0660038852914699,-0.0755442024449118,0.939827384916068,0.961974647753943,-7.24772872275413
"TAX1BP1",-0.00987996493348908,0.0717542955861917,-0.0750085769533468,0.940253217575674,0.962256258089546,-7.24776896419758
"DENND2D",-0.00839660516764958,-0.15402884180448,-0.0748014679393394,0.940417877867919,0.962270536888888,-7.24778444749813
"SLC30A1",0.00830125224390674,-0.0750465515323953,0.0745845689075196,0.94059032437485,0.962292776980198,-7.24780061680004
"KRT8",-0.013443611625313,0.116195614111904,-0.0743207887845813,0.940800047664549,0.962353140714217,-7.24782021770345
"ABHD10",-0.00718889758327889,0.0984975368690306,-0.0736054890753059,0.941368780705943,0.962713952485051,-7.24787302053008
"DPYSL2",-0.0117277566098647,-0.754415278788193,-0.0734978919932887,0.941454333487339,0.962713952485051,-7.24788091907372
"METTL17",-0.00757402142687461,0.0832957618924583,-0.0732455887918596,0.941654947912848,0.962764906713136,-7.24789939496874
"MBL2",0.0129071567232359,-0.550732360621469,0.0725878813052243,0.942177929830525,0.962794541134936,-7.24794725952003
"SCO2",-0.00788359733764704,-0.00956978445811125,-0.072574464099766,0.942188598901385,0.962794541134936,-7.24794823146149
"FASTKD1",0.00723636590942239,-0.0939867031524792,0.0723861116677757,0.94233837377034,0.962794541134936,-7.24796185673464
"TOM1L1",-0.00970108440610657,-0.0600809941575502,-0.0722904904180618,0.942414411056912,0.962794541134936,-7.24796876035378
"MTX3",-0.00828423924252122,-0.0624269315510378,-0.0722609734068278,0.942437882865051,0.962794541134936,-7.2479708895662
"PLA2G12A",-0.0096340192201296,0.0578978100485347,-0.0718654599870987,0.94275239837547,0.962858907932489,-7.24799933607822
"PARD3",-0.00620797710828705,-0.184023140384785,-0.0718024704248962,0.942802489020191,0.962858907932489,-7.24800385206468
"POLR2K",-0.00822038041058037,0.284877731464556,-0.0709679434212867,0.943466144082512,0.963382589151901,-7.24806330905206
"YTHDF3",0.00502524347929026,0.191814351399665,0.0706208749720468,0.943742160845385,0.96351034489891,-7.24808783176372
"ME1",-0.0101499989332312,-0.141298128425019,-0.0703607526406918,0.943949035508443,0.963567480690873,-7.24810613233359
"MRPS6",-0.0070429611165945,0.15635675233654,-0.0700917124701275,0.944163006502613,0.963614378554039,-7.24812498926406
"MRPL42",0.00731323645873951,0.102372097996869,0.069923468045005,0.94429681544442,0.963614378554039,-7.24813674474369
"PHB",0.00633254212749507,0.192792913792208,0.0696290131368679,0.944531006494455,0.963699341078155,-7.24815725074342
"NT5E",-0.0110093494056576,-0.295372527053339,-0.0689380516330835,0.945080573009701,0.964102581392691,-7.2482050299075
"POFUT1",0.00724329825814735,0.307229864918509,0.0687524279472123,0.945228216056107,0.964102581392691,-7.24821778436708
"PUM1",0.00463478415770138,0.143998392874449,0.0681148072493862,0.945735386939022,0.96446581146872,-7.24826133422408
"PIGT",-0.00591797516246498,0.116130366711041,-0.0678161690574781,0.945972934823158,0.964554006522814,-7.24828159185709
"C6orf47",-0.00782746216786187,-0.143995400998456,-0.066962978072789,0.946651621061926,0.965091904914641,-7.24833897627506
"HTT",0.00415996348798799,-0.0160433238120009,0.0664075522601661,0.947093465527192,0.965388214781468,-7.24837594300893
"RPL29",-0.00898756771776811,0.115536127476929,-0.0660382754879792,0.947387236403096,0.965533520260777,-7.24840035007057
"C1QTNF5",0.0132034178904643,-0.187104608360338,0.0656736587056834,0.947677307166042,0.965675008977845,-7.24842431560236
"CTCF",-0.00492367816037076,-0.0415354349204724,-0.0648767132637161,0.948311341056506,0.966166892076877,-7.24847623529276
"PKN2",-0.00453049492532804,-0.0586554302738174,-0.0641380083526521,0.948899069316016,0.966466611225097,-7.24852379462809
"NCBP3",0.00457525010988602,0.11336823702314,0.0641264677242151,0.948908251491015,0.966466611225097,-7.24852453331676
"GSTK1",0.00762395651483715,0.152753348110947,0.0635927479146928,0.949332907255855,0.966744914326736,-7.24855855025297
"ETNK1",-0.00590200792850311,-0.0271227598360513,-0.0633802778458164,0.949501963732314,0.966762882862514,-7.24857201303831
"CADPS2",0.00808188571811473,-0.0700587073579782,0.0630911368456814,0.949732028785682,0.966798211174895,-7.24859026156431
"TMCC3",0.00988009785543385,-0.306614935264972,0.0629560767296138,0.949839495489447,0.966798211174895,-7.2485987570094
"ANKS1A",-0.00359691956044669,-0.211292322799366,-0.0624682805589789,0.950227640243595,0.96703912702508,-7.24862928836541
"DDX28",-0.0072912532591535,0.0119457987398382,-0.0617867679235815,0.950769947154948,0.967329439933881,-7.2486715468456
"RETREG2",0.00709521259208218,-0.117519421087917,0.0617290121220537,0.950815906816764,0.967329439933881,-7.24867510679673
"RNF41",-0.00452918489521459,0.00535160248583538,-0.0594653700358694,0.952617346841904,0.968900644514352,-7.24881201088376
"GOLIM4",0.00727756115405366,0.0333050253915132,0.0594070252855149,0.952663781716696,0.968900644514352,-7.24881547194394
"ZNF740",0.00603080994809555,-0.0179677322317389,0.0589951742079938,0.952991566486968,0.968944635880509,-7.24883980666444
"MTHFR",0.00491864859773313,-0.0539550675164222,0.0589713318675747,0.953010542416539,0.968944635880509,-7.24884121023427
"ADIRF",-0.0140392667418632,-1.69998279896051,-0.0584182368824624,0.953450753815481,0.969237870261399,-7.24887361103129
"ABI3",-0.00472611989339794,-0.133232557817774,-0.0558299666891339,0.955510959968696,0.971177567558122,-7.24902117682371
"ARHGEF6",0.00531309201336198,-0.0210826956723286,0.0555012373764419,0.955772642931963,0.97128892648744,-7.24903944025017
"UHRF2",0.00511487974645206,-0.0522997079761975,0.0544589521435732,0.956602379258438,0.971977433412656,-7.24909663406782
"CD9",0.00781364525910139,-0.628176281211826,0.0532762926319148,0.957543921082469,0.97277930566612,-7.24916021760929
"ACY1",0.00685079216839501,0.0401162679755159,0.0517769451640263,0.958737670678236,0.973837102653602,-7.24923882060579
"NT5DC1",0.00653195466971795,-0.262000459365575,0.0513420489819607,0.959083943578172,0.974033876212284,-7.24926120017719
"SPTA1",-0.00961735060566138,-1.466399591713,-0.0491694772005959,0.960813902824759,0.975635618564899,-7.24937017286897
"VAV3",-0.00424188576244783,-0.358456602115862,-0.0487195164773797,0.961172217633286,0.975844269293772,-7.24939215330584
"DOCK2",0.00558952454708141,-0.173221388806004,0.0472260730163461,0.962361539520792,0.976896411739309,-7.24946365918892
"TBL1XR1",-0.0035347373526213,0.240914444036252,-0.0466698340963962,0.962804528805266,0.977038204235923,-7.24948972289306
"PTDSS2",0.00456442791640886,-0.040447586020591,0.0466663996167394,0.962807264064593,0.977038204235923,-7.24948988286341
"VANGL1",-0.00540037156152008,-0.319373960585121,-0.046093443118432,0.963263579378095,0.977345932675852,-7.24951640508045
"TANK",-0.00366986838154665,0.0479419097546216,-0.0455574865274316,0.963690438086359,0.977530539046018,-7.24954091798251
"CHD8",-0.00333342022659637,0.136189107527043,-0.0454805408901668,0.963751721737617,0.977530539046018,-7.24954441369029
"RBM33",-0.00267230373979563,0.165466478394367,-0.0447936793402025,0.964298784771329,0.977924024450417,-7.2495753566088
"RFLNB",-0.00499845446044406,-0.0985088856109729,-0.0446088729953177,0.96444597994742,0.977924024450417,-7.24958360169442
"UBQLN2",0.00395696521186,-0.0612225978833351,0.0436427081144913,0.965215533884805,0.978548933606618,-7.24962615195098
"MFAP4",-0.0115471948548583,-0.616490076119884,-0.0428984877600139,0.96580833040654,0.978926761805396,-7.24965829247667
"NMT2",-0.00431609650807199,-0.0930090402683309,-0.0426974483006849,0.965968468362106,0.978926761805396,-7.24966687990343
"ACAA1",0.00467358630918675,-0.0189534925146701,0.0425429074218417,0.966091568816978,0.978926761805396,-7.24967345371494
"CDK13",0.00523411139516364,0.102096969419919,0.0423719193362106,0.96622777133795,0.978926761805396,-7.24968069937592
"MDH2",-0.00567451568532704,0.24311062400596,-0.0420501781953919,0.966484060614548,0.978926761805396,-7.24969425412228
"ARFGAP2",-0.00296878195087175,0.26098268986509,-0.0420199825032529,0.966508113769964,0.978926761805396,-7.24969552094412
"RAB3IP",0.00520460100155017,-0.184963666345747,0.041251731567101,0.967120094054713,0.979391245129159,-7.24972744582792
"CCNT1",-0.00396832055982549,0.0788883670139711,-0.0402264679592781,0.967936838061211,0.979795546099812,-7.24976913332166
"TDP1",0.00374044907821502,0.160764349301938,0.0400943621007202,0.968042078513802,0.979795546099812,-7.24977442848239
"RAB1A",0.00306546707876026,0.162882530548532,0.0399413798570831,0.968163950571642,0.979795546099812,-7.24978053866093
"VDAC2",0.00512428508167642,0.0849047237258236,0.0398774603651967,0.968214871735419,0.979795546099812,-7.24978308471508
"TDRKH",-0.00427598322860168,0.164576808575649,-0.0397874316191539,0.968286592934974,0.979795546099812,-7.24978666384192
"FAHD2B",-0.00505440752517478,-0.0549712176809959,-0.0395472709880021,0.968477917624606,0.979833862150706,-7.24979617194645
"ABCB1",-0.0065552493455292,-0.510966360307811,-0.0388732245666404,0.969014908435797,0.980221829905349,-7.24982255034169
"MPV17",-0.00536083523886682,0.103859268206598,-0.0381303483234294,0.969606750061066,0.980533533623505,-7.2498510970739
"MRPS18A",-0.00400450912567099,0.15236119819081,-0.0381009333439266,0.96963018501156,0.980533533623505,-7.24985221607589
"HSPA6",-0.00442592858982242,-0.136245106114496,-0.0372623125263852,0.970298326256021,0.98105381047422,-7.24988375554441
"HABP4",0.00347119062070309,-0.0401724145958602,0.0370313272525239,0.970482359238128,0.981060065132616,-7.24989231931682
"UBA7",0.00348849135932742,-0.0703498808020391,0.0367600747702423,0.97069847634305,0.981060065132616,-7.24990230801059
"ERBB3",0.00398191883561741,-0.196065326533893,0.0366759971433373,0.970765464605775,0.981060065132616,-7.24990538920509
"DNAJB11",-0.00327063308292472,0.238682837310447,-0.0352132371380581,0.971930941179769,0.982082459160124,-7.24995786587166
"ELMO1",-0.00317303875912847,-0.196777445855776,-0.0340518911683057,0.972856304480102,0.982718141044618,-7.24999800848913
"TRIP10",-0.00258424022774645,-0.0299594451040959,-0.0340373726966782,0.972867873068603,0.982718141044618,-7.24999850180952
"ALDOC",0.00364986055314127,0.0137698493334148,0.0338284832909853,0.973034320669772,0.98273080314402,-7.25000557633369
"EEPD1",-0.00367184133783741,0.179409308357425,-0.032437956401923,0.974142352317203,0.983694277960674,-7.25005155989362
"GALC",-0.00482381413121859,-0.18341627045076,-0.0318464644291745,0.974613693889967,0.984014616617243,-7.25007053500082
"MRPL16",-0.00311760475267989,0.168717942152277,-0.0313315274363093,0.975024038435162,0.984203454745521,-7.25008676990027
"SIPA1L3",0.00270791969666204,0.0106296209819966,0.0312248934874864,0.97510901405171,0.984203454745521,-7.25009009877233
"PFDN6",0.00220975073248633,0.32347815361731,0.0308501943625308,0.975407610594595,0.98434923243978,-7.25010170603362
"CRABP2",0.00926136864676813,-0.273941987425858,0.0304644023976745,0.97571505060328,0.984503887184251,-7.25011351051266
"SYAP1",0.00330099211587576,0.275841563928662,0.029612785605721,0.976393722069803,0.985033009229846,-7.25013904244191
"FAM160B2",0.00285248523344088,0.0682378596705799,0.0292653531730815,0.976670603295575,0.985117224867278,-7.25014925076242
"MRPL4",-0.00262171400877644,0.0919624354995436,-0.0289300731690238,0.97693780249779,0.985117224867278,-7.25015898779
"DST",0.00294266114873271,-0.343410903391121,0.028927243477398,0.976940057613094,0.985117224867278,-7.25015906949097
"DAGLB",0.00292654938697768,-0.133860349873121,0.0282375790288663,0.977489689360659,0.985515816606317,-7.25017874367052
"MRPS28",0.0033068527322403,0.122452505186411,0.027767217990523,0.977864552263951,0.985738106442268,-7.25019188945607
"TMEM238",0.00405140773996063,-0.371177202662592,0.0275277524238867,0.978055400654894,0.985774859223599,-7.25019849728368
"TPD52L2",-0.00240794222548113,0.277542781769461,-0.0272290971897573,0.978293423577421,0.985859139763547,-7.250206658194
"C4BPB",0.00418468531348881,-0.395724075661386,0.0262623502880167,0.979063916910078,0.986451783172377,-7.25023246458095
"PDCD6",0.00225983061955477,0.169879256190191,0.0261035157564569,0.979190509279018,0.986451783172377,-7.25023661529983
"MORC3",-0.00175550901804133,0.0882981223275741,-0.0258872902806141,0.979362843526762,0.986469751682974,-7.25024222530851
"BACH1",0.00199705442042331,0.0831125256520411,0.0254470706787874,0.979713706709376,0.986667510621351,-7.25025350267452
"CCDC186",0.00211947509688795,0.131541360342,0.0251600542931585,0.979942466216247,0.986742256235726,-7.25026075118085
"MRPL37",0.0022271607594643,0.127904818027076,0.02480081116618,0.980228794642747,0.986874937526638,-7.2502697078928
"NR2C2AP",0.00223347721095437,-0.0178483013196286,0.0223794561938117,0.982158758003935,0.988407395513008,-7.25032671764239
"HUS1",-0.00189937327024486,0.140027743702384,-0.0219386798503848,0.982510094481293,0.988407395513008,-7.25033646597022
"MRPL50",-0.00190192038053735,0.0795978575305843,-0.0218909151108947,0.982548167273327,0.988407395513008,-7.25033751070307
"C6orf89",-0.00257789568566816,-0.156566752615929,-0.021841564651559,0.982587504068592,0.988407395513008,-7.25033858772782
"GCSH",0.00290115190854123,0.0307558162300198,0.0217513688284114,0.982659398435873,0.988407395513008,-7.25034054988099
"FAF1",0.00141206007246533,-0.041439665103601,0.0217258478013287,0.982679741067592,0.988407395513008,-7.25034110360105
"PHF3",-0.00165857913560109,0.0179720145498919,-0.0211666795375199,0.983125452985654,0.988661385205099,-7.25035307250976
"RTN3",0.00247530638291462,-0.1937243068636,0.0209572721564902,0.983292372564582,0.988661385205099,-7.25035747452472
"EFEMP2",0.00283205712360786,0.191358515016724,0.0208262858965863,0.983396782684038,0.988661385205099,-7.25036020577564
"MAGI1",0.00183129101438073,-0.437866769400803,0.0205672349782487,0.983603274932223,0.988713304540656,-7.25036555693579
"C9orf40",0.00215366029983266,-0.521407272405348,0.0190989282451025,0.984773698324413,0.989630867137367,-7.25039462174488
"P4HA2",-0.0030919192587725,0.442890381625445,-0.0190332141819379,0.984826081408117,0.989630867137367,-7.25039587223442
"LGALS9",0.00237087821740103,-0.0748181264261546,0.0185076268511745,0.985245048642218,0.989896087424163,-7.25040571867878
"APOB",-0.00255885876500284,-0.732225223806862,-0.0179123261388893,0.985719592204962,0.990068964191103,-7.25041653815795
"SP140L",0.00168058963197609,0.0696085045829539,0.0179027365910047,0.985727236548605,0.990068964191103,-7.25041670955149
"DNAJC11",-0.00178549743949799,-0.00661061092392816,-0.0175434299872421,0.986013660082159,0.990200883866717,-7.25042306527605
"COPZ1",-0.00121840194588085,0.1920142272784,-0.0162039527706114,0.987081448486251,0.991117321683395,-7.25044562356014
"RBM38",-0.00251118523928641,-0.0912511356269965,-0.0153734272170782,0.987743528697008,0.991434609827427,-7.25045871115296
"APEH",-0.00151938076425964,-0.145717155054871,-0.0153385205800948,0.98777135583651,0.991434609827427,-7.25045924614346
"SFN",-0.00246965477973854,0.113840121577838,-0.015222063224331,0.987864194308832,0.991434609827427,-7.25046102221012
"CTCFL",-0.00150562820994302,-0.19789665673445,-0.0150284424274597,0.988018546958797,0.991434609827427,-7.25046394511949
"TRAF3IP3",0.00189188217641042,-0.296664825167365,0.0135212535329857,0.989220078503558,0.992484318234635,-7.25048541847498
"TIMM17B",-0.00138133038763644,0.206678540409039,-0.0126004520615384,0.989954154038224,0.993064771961361,-7.25049742171027
"NIPSNAP3A",0.00193786436704912,-0.619761443325273,0.0119001581659021,0.99051244366822,0.993349163387056,-7.25050598396323
"MMRN1",0.00156366607206271,-0.5141742652602,0.0118463093278052,0.990555373337951,0.993349163387056,-7.2505066220888
"BTF3L4",0.000986471244849491,0.146961310429024,0.0116594018558226,0.990704380963002,0.993349163387056,-7.25050881454483
"METTL3",-0.000703145408343032,0.064942062423387,-0.0112277897997991,0.991048474849157,0.993538155426577,-7.25051374420419
"PITPNM1",-0.000877053141522172,0.0451464521531558,-0.00989889228210829,0.992107921444801,0.994444125341453,-7.25052775470466
"ZDHHC13",0.000992823385277869,-0.079384341635294,0.00835232028596139,0.993340923713874,0.995523747906621,-7.25054184086945
"RP9",-0.000872484498048234,0.00657013374827436,-0.00725219769224694,0.994218004744649,0.996204359479412,-7.25055040774327
"IQSEC1",-0.00106552463155568,-0.349674063073948,-0.00692970019943523,0.994475119679738,0.996204359479412,-7.25055269014268
"DCAF11",-0.000572384554069202,-0.145644889280358,-0.00691340557296605,0.994488110778664,0.996204359479412,-7.25055280270907
"TMLHE",-0.00117347990734488,-0.0297317100338795,-0.00667166826722072,0.994680839101584,0.996241122770763,-7.25055444154939
"APAF1",0.000464316166784162,0.011793161474708,0.00637924405307589,0.994913978660544,0.99631834280859,-7.25055634606765
"MICAL3",0.000482111921016493,-0.27060161335412,0.00612673916735294,0.995115292292211,0.996363672774936,-7.25055792193114
"IVNS1ABP",0.0005270935873187,-0.11272977967748,0.00485964461009167,0.996125508516511,0.997218778908423,-7.25056486889056
"SAMD4B",-0.000316611845008634,0.111733421168391,-0.00422227452694506,0.99663366689574,0.997571086867738,-7.25056775757624
"TADA3",0.000173258411569382,0.0717686480595891,0.00284510895921737,0.997731649139148,0.998513570494272,-7.25057261466235
"THBS2",0.000658825606315638,0.135704476402788,0.00220414775959003,0.998242674272025,0.998868433666648,-7.25057422972807
"ELF1",-0.000138422274220094,0.17330569616363,-0.00164798149807395,0.998686094745505,0.999155549193051,-7.2505752988728
"ARHGEF12",9.99084491198066e-05,-0.00860766561991529,0.0013698500826325,0.99890784364018,0.99922083372122,-7.25057571773971
"PLEKHA1",-1.07758603146157e-05,-0.190751124030242,-9.69236995399919e-05,0.99992272448697,0.999959157815798,-7.25057664948546
"GADD45GIP1",-4.56020685540848e-06,0.154834538970373,-5.12267784503167e-05,0.999959157815798,0.999959157815798,-7.25057665286398
