"","logFC","AveExpr","t","P.Value","adj.P.Val","B"
"EHD3",-2.19256536368326,-0.758607072996624,-26.9332577357119,2.10953442032575e-85,1.34693772737799e-81,183.627627141235
"HSPA12B",-2.28873092636728,-0.855959020648961,-24.7024232747228,4.29417710845059e-77,1.37091604187285e-73,164.737820547827
"RASIP1",-1.81253725388223,-0.633374988623301,-24.3794281455824,7.17003859702553e-76,1.5260232147336e-72,161.95603592215
"CLIC5",-3.06997524786805,-1.18625379164881,-22.0427828765019,6.78309053026235e-67,1.08275082589313e-63,141.519527616795
"KANK3",-2.12541096688078,-0.825603096861915,-21.8388662365167,4.21254486704943e-66,5.37941979522212e-63,139.712650549705
"GCOM1",-1.59454274325333,-0.572459880745214,-20.1878947350172,1.23447630805938e-59,1.31368853782652e-56,124.974145048343
"CDH5",-1.73205562244557,-0.608535981455428,-19.8010765213768,4.13328050178472e-58,3.77014228627077e-55,121.497738011795
"PECAM1",-1.60321641340655,-0.531288851940914,-18.5206956687592,4.78104612779412e-53,3.81587244074568e-50,109.951331928069
"EHD4",-1.19571775841558,-0.327742814131229,-18.4615962522069,8.19597720825584e-53,5.81459049719039e-50,109.417441613119
"ESAM",-1.66057939794416,-0.599449971125491,-17.6485144739122,1.36313967427749e-49,8.7036468202618e-47,102.07042299519
"PDLIM2",-1.73389437077425,-0.477961774627211,-17.4519624076702,8.18241353280888e-49,4.7495191279077e-46,100.294866345628
"VWF",-1.65864645809145,-0.511928841674167,-17.3437538956918,2.19411750919401e-48,1.16745335801698e-45,99.317627013116
"OLFML1",-2.53318301811899,-1.23134874241512,-17.1660012495315,1.1084215025117e-47,5.44405484118248e-45,97.7128644975001
"MMRN2",-1.68800243943676,-0.64236911848763,-16.9636349947808,7.00000043472818e-47,3.01122088876477e-44,95.8868999492036
"ACTN2",-2.55187176745265,-0.715276916027367,-16.9624778972139,7.07412894776376e-47,3.01122088876477e-44,95.8764629650233
"ACP5",-1.99025717621111,-0.773295774897722,-16.9481752992689,8.05787665735566e-47,3.21559640357599e-44,95.7474576093227
"SPTBN1",-1.24796234499827,-0.353552837088188,-16.3174800708493,2.4896416603422e-44,9.35080117722642e-42,90.0669588249749
"EHD1",-1.1380689189998,-0.659339935760236,-16.1533830061987,1.10291310446923e-43,3.91227787335334e-41,88.5922316245952
"UACA",-1.40472224826174,-0.219330321000223,-15.9667862827983,5.97982616258549e-43,2.00953631832149e-40,86.917326221134
"EHD2",-2.03795694589044,-1.43149233692178,-15.414534091105,8.76846577060322e-41,2.79933269726508e-38,81.9752835688838
"SORBS3",-1.28429715791797,-0.435656554797113,-15.2808460833758,2.92159199256221e-40,8.88303089167128e-38,80.782836942358
"CD93",-1.79744408174424,-0.366222720473412,-14.884035434477,1.02917194607364e-38,2.98693767076371e-36,77.2540199278831
"STX11",-1.58241345407346,-0.585211998683462,-14.5717741415557,1.67628287065886e-37,4.65350701267688e-35,74.4896055921722
"CDH13",-1.55470070494825,-0.646945903804783,-14.0490129596196,1.74058662198633e-35,4.63068565890947e-33,69.8904731024038
"AGRN",-1.38593736777486,-0.433704772955562,-14.0230194621772,2.19031610625541e-35,5.59406733537631e-33,69.6628285979267
"RGCC",-1.6476778652894,-0.338963906554342,-13.9307284942647,4.94905503495406e-35,1.21537370762237e-32,68.8554216916959
"GIMAP8",-1.39036435170285,-0.61493719934442,-13.6946303161499,3.95775365142592e-34,9.35935446827945e-32,66.7962186497447
"OLFML3",-2.00761747045682,-0.740792176394457,-13.6079823131202,8.46839692163811e-34,1.93109694088069e-31,66.0428639897691
"SLC9A3R2",-1.1797895609937,-0.375314923300287,-13.4814970055109,2.56452349659064e-33,5.6463732847349e-31,64.9455402012101
"CAV1",-2.2835528212863,-2.04182290330876,-13.4459672197425,3.49906661525298e-33,7.44718011279675e-31,64.6378251923638
"PPM1F",-0.844913656233737,-0.31378546953862,-13.2942250764913,1.31563942207506e-32,2.70979280966104e-30,63.3262886564757
"S100A10",-1.83922680536142,-0.52706250017628,-13.1546495636209,4.43109810068725e-32,8.84142542902753e-30,62.1238465476066
"ASPA",-1.70702840672261,-0.990932218579343,-13.1405898728206,5.0065927354426e-32,9.68699836842455e-30,62.0029375714065
"SPTAN1",-1.06665256851144,-0.358560539426821,-13.03936471916,1.20458080514951e-31,2.26213189437636e-29,61.1336228162207
"TJP1",-0.984110135413844,-0.3566553724571,-13.0283821281489,1.32480026128595e-31,2.41681419094595e-29,61.0394322098738
"CAT",-1.54399276517801,-0.654689812822471,-12.9851759554302,1.9256562400543e-31,3.41536530354075e-29,60.6691256909205
"ENO3",-2.31792673987045,-0.539529541988411,-12.9761457638568,2.08211803876326e-31,3.59306045337929e-29,60.5917803987297
"NEBL",-1.64876754620406,-0.264712698508079,-12.9316083090653,3.06002204679603e-31,5.14164230757701e-29,60.2105619681958
"ABLIM1",-1.45515387341181,-0.50324496446874,-12.9269549654907,3.18555708335457e-31,5.21532871210741e-29,60.1707560909057
"RIPOR1",-0.795136064053898,-0.220022345432638,-12.7618633123887,1.32237121149227e-30,2.11083504634453e-28,58.7615683092085
"UTRN",-0.953846172549563,-0.274071099369738,-12.7258075157682,1.80308253642184e-30,2.80797121830571e-28,58.4546068038773
"TMOD3",-0.630669203815136,0.0717172260638665,-12.636242143175,3.89025812528267e-30,5.91411860236425e-28,57.6933687309873
"FCN3",-1.51523028324562,-0.666789487014213,-12.4675777680791,1.64702845611406e-29,2.44564574239262e-27,56.2649219640019
"PXN",-0.800984223146493,-0.0760777675252056,-12.4508805417319,1.89926834293857e-29,2.75609735674154e-27,56.123879320321
"IL33",-2.04663223391177,-0.818290606270758,-12.4271206968848,2.32593647410942e-29,3.30024541937526e-27,55.9232948445053
"LMO7",-1.38923132614103,-0.169976549058553,-12.3425904312499,4.77787459010139e-29,6.63189766473856e-27,55.2107985051997
"PALMD",-1.41058813570644,-0.512007794827658,-12.331012236998,5.27227267942162e-29,7.1624385230015e-27,55.1133449089848
"CD36",-2.4540682261581,-1.32836743357492,-12.3064726053297,6.49509466726882e-29,8.63982905218987e-27,54.9069057578882
"EPB41L2",-1.26794368115939,-0.333905093855421,-12.063891374561,5.06428173936019e-28,6.599069164452e-26,52.8744811692682
"LIMD1",-0.765732674926082,-0.223318009488468,-12.041894930851,6.0963356067898e-28,7.78502056987057e-26,52.6909492864169
"ACE",-1.24271531310579,-0.866331008856285,-11.9942646930263,9.1054265625318e-28,1.13996369807383e-25,52.2939812454155
"CKM",-2.13893538036556,-1.57926225224494,-11.8699953635141,2.58601779676033e-27,3.12521987249523e-25,51.2611827951045
"F9",-1.61580094118828,-0.48633021325419,-11.8696206908151,2.5941527524236e-27,3.12521987249523e-25,51.2580753450399
"LYVE1",-1.54290318793967,-1.18905150345876,-11.8394358938331,3.34065288732887e-27,3.9500127195546e-25,51.0078582875023
"PALD1",-1.04104628201666,-0.178919606717183,-11.8076401521402,4.35923842704296e-27,5.06067951939441e-25,50.7445637287063
"MYL4",-1.2281111992732,-0.600287362037236,-11.7668221092406,6.13206835518875e-27,6.99165293712146e-25,50.4069762070811
"ARHGAP6",-1.16405222716545,-0.71082312169025,-11.7327261071041,8.15158414695638e-27,9.13120434707307e-25,50.1253476617162
"PEAK1",-0.827421294406865,-0.35289371041837,-11.57798788291,2.95475783348451e-26,3.25278082186183e-24,48.8514668294681
"STARD13",-0.817678046137756,-0.348462187484923,-11.4219502745044,1.07500419992176e-25,1.16337318923736e-23,47.5741023232971
"GPRC5A",-2.39534719894268,-0.740195417393049,-11.3644928517369,1.72640520945006e-25,1.83718287705644e-23,47.1056153049006
"EFNB1",-1.22195292205158,-0.617683239775642,-11.3162871804881,2.56690053366863e-25,2.68682949302856e-23,46.7133568182541
"RALA",-0.957690503132932,-0.101237241302069,-11.2892768458528,3.2047614354584e-25,3.30038738151643e-23,46.4938880606214
"CASKIN2",-0.728318441430516,-0.356925017793248,-11.2836488603664,3.35634663679674e-25,3.40163067872178e-23,46.4481876787549
"LMCD1",-1.45266989434626,-0.0774527481419267,-11.2601465192571,4.07039717344765e-25,4.06085718007238e-23,46.2574525764289
"RNF123",-0.752812604837746,-0.408158399497769,-11.2345256355383,5.02194730345969e-25,4.93309746655232e-23,46.0497248154264
"AHNAK",-1.11672217969637,-0.714862077878776,-11.0949784566591,1.57110226369703e-24,1.51992241722811e-22,44.9220326097374
"PKLR",-1.52187135482079,-0.928521347422197,-11.0720307365596,1.89407884203388e-24,1.79704098628303e-22,44.7372002546246
"ABLIM2",-1.27474171771981,-0.519597220334449,-11.0700324518482,1.92515124318979e-24,1.79704098628303e-22,44.7211133241287
"SERPINC1",-1.31058026325401,-0.641334451793718,-11.0689631401121,1.94198634382974e-24,1.79704098628303e-22,44.7125055132023
"SLCO2A1",-1.57811509254295,-1.0509297696717,-11.0485051932248,2.29381625043436e-24,2.09228810843191e-22,44.5478950078957
"SYNPO",-1.05962384023135,-0.311892412255984,-11.0091940304463,3.15750312934024e-24,2.83952922265316e-22,44.2319778886521
"KRT1",-2.06267314214049,-1.23563207554959,-10.9046879229008,7.36565411781616e-24,6.53190299198003e-22,43.394667665567
"SAA1",-2.31832278804678,-1.03494265083918,-10.9015160868339,7.55703613717683e-24,6.60981859395535e-22,43.3693128639463
"SLMAP",1.19453505820692,-0.897557040930954,10.8307847403763,1.33779691689634e-23,1.15430179924097e-21,42.80480666564
"SNTB2",-0.808178089123423,-0.269393181477247,-10.715770518938,3.3738422412397e-23,2.8722643613754e-21,41.89060896298
"BGN",-1.62710070817096,-0.568517733688229,-10.7105922430691,3.51694038910477e-23,2.95469268216236e-21,41.8495591624306
"APOC3",-1.93479894406649,-0.77695117263052,-10.7065805973512,3.63193521353809e-23,3.01167614784945e-21,41.8177641735881
"SH3D19",-0.938380563563369,-0.153716011339048,-10.6275001834077,6.84040900583734e-23,5.59948865413737e-21,41.192176981364
"MYO1C",-1.5040745561668,-1.0899178325099,-10.6167977780695,7.45105460337223e-23,6.02214982816857e-21,41.1076860453515
"LRRC57",-0.715615605211099,-0.19085705945532,-10.5712126290444,1.07199208806816e-22,8.55583685289398e-21,40.7482777280478
"MYO1B",-1.02868439263052,-0.0667658484161185,-10.558610445353,1.18524125824913e-22,9.34292028879095e-21,40.6490520352172
"ADD1",-0.802081997605241,-0.377874400012558,-10.5568204052873,1.20226424324903e-22,9.36153316237205e-21,40.6349625425971
"PRDX2",-1.10060783407422,-0.757506412174867,-10.4775579304873,2.25800576344407e-22,1.73703214452896e-20,40.0122700889966
"HSPA12A",-1.20913922858269,-0.505040023382628,-10.4659707777154,2.47546397265874e-22,1.88164731731262e-20,39.921436028819
"ARAP1",-0.701264739359014,0.0684331559375099,-10.4016088378663,4.12162619903202e-22,3.09606862127288e-20,39.4178067681851
"ITIH5",-1.26163156342011,-0.756671785687828,-10.3979216755386,4.24358232138636e-22,3.15061315372697e-20,39.3890022061351
"LIMCH1",-1.224090874872,-0.620710493309065,-10.356928905975,5.86649931920436e-22,4.30547105208274e-20,39.0691094807534
"CLIC3",-1.45899977847844,-0.759061223141761,-10.301899036437,9.05223151204384e-22,6.5680111595909e-20,38.6406860596677
"GIPC2",-1.37000742646691,-0.378230029965039,-10.2997958424227,9.20333817555723e-22,6.60261957875651e-20,38.6243351913544
"MRAS",-0.932064460150086,-0.451717644882153,-10.251854935105,1.34162829558311e-21,9.51810740810903e-20,38.2520923864796
"SLC39A10",-1.36367454025455,-0.845696360258249,-10.2040112054557,1.95256858513783e-21,1.37001652924231e-19,37.8814965440776
"FBXO7",-0.90085298066313,-0.460784569617095,-10.1992921077952,2.02609874063135e-21,1.40615657162295e-19,37.8449911871661
"TNS2",-0.80030317291512,-0.523742950807701,-10.1913436499153,2.15621818331239e-21,1.48037130112361e-19,37.783524387281
"TJP2",-1.01327345836472,-0.233298300063182,-10.1826943839673,2.30725783005903e-21,1.56721715371563e-19,37.7166663917791
"TTC7B",-0.770392148523431,-0.288394845749422,-10.1730836636609,2.48744374908341e-21,1.67182403556816e-19,37.6424110663425
"ASAH1",-1.43144691750493,-0.356754762669577,-10.0984850647938,4.45355384553565e-21,2.96207721914012e-19,37.0672861622119
"SERPINA5",-1.39067568498634,-0.372321186332578,-10.0704171685414,5.54160230774494e-21,3.64774543659293e-19,36.8514697818692
"DENND3",-0.883339117594151,-0.398329555038996,-10.0606951345549,5.97702105930145e-21,3.89421219016732e-19,36.7767901626974
"APOC2",-1.78804838686615,-0.894069717440063,-10.0585656154079,6.07684235477429e-21,3.91925640759938e-19,36.7604373911934
"MPP5",-0.829407363368471,-0.283054546614675,-9.97452414869303,1.166622217117e-20,7.44888285629207e-19,36.1165442168144
"ALDH3B1",-1.07850827616219,-0.453868111331696,-9.96853104681948,1.22203139125276e-20,7.72541627044441e-19,36.0707374501738
"ALAD",-0.900435643989146,-0.433962285649715,-9.94737562861387,1.43935610684148e-20,9.01008700214003e-19,35.909159269068
"NOSTRIN",-1.73597974618477,-0.882878167720294,-9.93710297257532,1.55832423927945e-20,9.66009734737797e-19,35.8307665187926
"CLIC2",-1.15935321850367,-0.527842787993653,-9.93432934925355,1.59208718938147e-20,9.77449683096218e-19,35.8096078914926
"PATJ",-0.775894895373003,-0.283746772725254,-9.93123289139664,1.63063886125022e-20,9.915837265793e-19,35.7859902682408
"ABCA8",-1.07984773649465,-1.25813966539964,-9.9071981235079,1.9631566421693e-20,1.18252407172179e-18,35.6028046568184
"ANXA2",-1.08965210902803,-0.280370427946916,-9.89142557978414,2.21712615074464e-20,1.32302340864528e-18,35.4827213543619
"RAN",-1.15268391255767,-0.138235416920432,-9.88851276529948,2.26747774297703e-20,1.34054123971374e-18,35.4605561317941
"SUSD2",-1.55466032688885,-0.934020912975872,-9.87313581736456,2.5527180207684e-20,1.49533069381709e-18,35.3436029765569
"EML1",-0.848995945198951,-1.04757649057791,-9.85848557981894,2.85753477098371e-20,1.65866904661191e-18,35.2322688022989
"ARHGEF10",-0.810746538450768,-0.246652541464949,-9.74131615012729,7.02110875576842e-20,4.00956085760485e-18,34.3450938635296
"RPIA",-1.42889907325226,-0.730952614617164,-9.74109087632272,7.03321559987069e-20,4.00956085760485e-18,34.3433937630685
"ANXA3",-1.86404584277572,-0.647773866891594,-9.69300281004469,1.0154597268302e-19,5.73779677505381e-18,33.9809796367893
"BPGM",-1.22116901863483,-0.903405162923779,-9.61554880657734,1.83098171665216e-19,1.0255103737565e-17,33.3993487862599
"AOX1",-1.24325549415916,-0.535991312090694,-9.59213451229386,2.1870560380282e-19,1.21429154807044e-17,33.2240363353517
"CRTAC1",-1.03318697593001,-0.479261103504533,-9.58725868024803,2.2694377417625e-19,1.24916896389255e-17,33.1875591896552
"CNRIP1",-1.17122113401451,-0.578413622310642,-9.56429327056236,2.70081032426654e-19,1.47390375388392e-17,33.0158904984168
"GNAO1",1.62134348948505,-1.15075719447091,9.51113355008949,4.03695880118175e-19,2.1844052496225e-17,32.6194095553139
"ICAM2",-0.89737649590128,-0.311625279984055,-9.48889006726725,4.77459409268907e-19,2.56183052788401e-17,32.4538833505075
"MPRIP",-0.777210113309831,0.00670495664836851,-9.43293298702928,7.2755580280653e-19,3.87120316743308e-17,32.0384539705631
"CROCC",-0.927622028572231,-0.300296652157108,-9.3188522052315,1.70978154305981e-18,9.02227698548504e-17,31.1958955298604
"UBAC1",-0.769955368401626,-0.445209292396202,-9.31362717450298,1.7777702268068e-18,9.30414991652575e-17,31.1574477129695
"TANGO2",-0.781228711598721,-0.402009300477082,-9.19530747210088,4.28474393874222e-18,2.22423496332269e-16,30.2901871031348
"GNAS",-0.65178160077428,-0.318507225197713,-9.18101950320012,4.76290610547898e-18,2.45251253899059e-16,30.1859007584323
"ENTPD5",1.5647190753436,-1.07520899832465,9.17486355417722,4.98489125292218e-18,2.54628245199265e-16,30.1409987149382
"GPD1",-2.46415741801204,-1.06107626583758,-9.1664087937436,5.30658081251781e-18,2.68908876888303e-16,30.0793580005446
"DMTN",-1.2035575460761,-0.947656315879257,-9.13334118659025,6.77484610457996e-18,3.40609388801126e-16,29.8385974995381
"MCAT",-1.00839822656965,-0.3967654761752,-9.07366018758153,1.05148699946669e-17,5.23353578112044e-16,29.4053817618127
"MMRN1",-1.15958730184873,-0.5141742652602,-9.07290215703329,1.05736274982699e-17,5.23353578112044e-16,29.3998902509221
"UGT8",-1.44766099657024,-0.558011664493569,-9.0360623370174,1.38579193907383e-17,6.80637040845109e-16,29.1333381694294
"LIPA",-1.20212440439939,-0.591249381073736,-9.00915769146806,1.68777839915395e-17,8.22630922030381e-16,28.9390838783617
"LAMA3",-1.56031521628,-0.517331453694643,-9.00515086481926,1.73801466564799e-17,8.40698760618364e-16,28.9101840789804
"PODXL",-1.25826755157084,-1.06429934919311,-8.97408479818213,2.18123554713242e-17,1.04715706529628e-15,28.6863796114481
"EPB41L5",-1.04155570966291,-0.515887295201022,-8.94287243016646,2.73914621477553e-17,1.30518272995088e-15,28.4619936469007
"NID2",-0.873874492519224,-0.137422316625485,-8.93733899495708,2.85186971846457e-17,1.34882875202936e-15,28.4222633381398
"ODF2",-0.685178102624379,-0.267938890656926,-8.91954485938009,3.24644903696956e-17,1.5241600809596e-15,28.2946022149562
"SBSPON",-1.65383698087393,-0.837370441705559,-8.91475276415278,3.36165887662755e-17,1.56672933775671e-15,28.2602486293732
"RAP1B",-0.712722997522977,-0.0918778137339118,-8.90722532104337,3.5508626098794e-17,1.64291722928116e-15,28.206308632625
"APOB",-1.23055362847085,-0.732225223806862,-8.89631062654936,3.84409264580025e-17,1.76579363621831e-15,28.1281458000223
"ADIPOQ",-1.24784246004136,-0.737541118357733,-8.86537592159787,4.8119987196744e-17,2.19461513036579e-15,27.9069336482067
"SERPINF2",-1.10886752362262,-0.575374172282198,-8.85962817018415,5.01677928338764e-17,2.27178267549149e-15,27.8658839091747
"FBP1",-1.57380365831107,-0.446998571175731,-8.83595858675476,5.95506341875324e-17,2.67768168512249e-15,27.6970111543139
"CD34",-1.351720813673,-1.27811545988079,-8.76225885182747,1.01385458670455e-16,4.52689617909687e-15,27.1729815100397
"CHGB",2.98860970621924,-4.01901127596455,8.73763179936682,1.21042211008026e-16,5.36704525893228e-15,26.9984820745909
"MYL6",0.73586482803565,-0.600468254967851,8.72437693722712,1.3313901127219e-16,5.86270749636507e-15,26.9046889735629
"SOD3",-1.25184849955889,-0.831175838181193,-8.71920810804622,1.38174222618906e-16,6.04275624261448e-15,26.8681377449368
"MVB12B",-0.765403775582408,-0.362148433194484,-8.71556646608868,1.41834521057716e-16,6.16063548947971e-15,26.8423940957213
"RABAC1",0.916424108203949,0.017969901441824,8.70320305063707,1.54992506853022e-16,6.68666997470638e-15,26.7550442406667
"HOMER1",-0.964203782637231,-0.379283923398674,-8.69991481237344,1.58691060324262e-16,6.80028469913029e-15,26.7318252688822
"APOA2",-1.5466980747532,-1.07861225632018,-8.66030299149964,2.1073965495633e-16,8.95986196436963e-15,26.4525496342111
"SPARCL1",-1.03872677735462,-0.56891841877774,-8.65953951232312,2.11893368303808e-16,8.95986196436963e-15,26.4471747252624
"ITGA2B",-1.46734137008004,-0.887984618537422,-8.65139732252933,2.24593037899764e-16,9.43438517756573e-15,26.3898720699568
"FABP6",2.62406246269518,-1.63668798446732,8.63874159376928,2.45844050711035e-16,1.02595703515684e-14,26.3008716036486
"SERPIND1",-1.1316120015036,-0.627964821760631,-8.60621767946069,3.10029054588305e-16,1.279454438676e-14,26.0725264900586
"KRT2",-1.58876263213754,-1.10886381112704,-8.60596129675974,3.10595830845389e-16,1.279454438676e-14,26.0707286293993
"SERPINA4",-1.06003179850977,-0.320231091654296,-8.60283646948539,3.17586775970691e-16,1.29986638754671e-14,26.0488187800887
"ENPEP",-1.06225948562816,-0.685475778893069,-8.59532855256434,3.35026941181668e-16,1.36251402512417e-14,25.9961972973374
"CORO2B",-0.962075046475128,-0.34751670563122,-8.59122686484494,3.44951853979725e-16,1.39399847320288e-14,25.9674616719386
"SESTD1",-0.601993388573097,-0.361082142893468,-8.55590545375034,4.43391843296609e-16,1.78053894304959e-14,25.7203667149543
"DDI2",-0.564142336153765,-0.148361880073571,-8.5479954043504,4.68993226854219e-16,1.87157609591512e-14,25.6651196772715
"TUBAL3",1.12792244433429,0.0446828675958205,8.47109119290411,8.08097200178038e-16,3.20478299573712e-14,25.1296896043449
"GNAQ",-0.763952883757359,-0.629040825630543,-8.46864429073417,8.22167647963721e-16,3.24045705694343e-14,25.1127043873689
"HPCAL1",-0.76201501879442,-0.393466073969901,-8.45608721148867,8.98279542259827e-16,3.51872078363742e-14,25.0255887551089
"NOVA2",-0.910657538178484,-0.435490345479311,-8.4372583527403,1.0256550563025e-15,3.99317532590944e-14,24.8951179439822
"FBP2",-1.84903985865215,-0.415262491569249,-8.42592415905665,1.11078408889909e-15,4.2983978228004e-14,24.8166702041797
"CD109",-1.17634200138105,-0.818562001698035,-8.41539775911113,1.19609073013474e-15,4.60062609151224e-14,24.7438743712728
"ADH1C",-2.50983658674654,-2.35132356524785,-8.41140927561412,1.23008027088305e-15,4.70303145484327e-14,24.7163071591705
"PTGDS",-1.21582212118713,-0.440451664708801,-8.40671973167646,1.27126828600138e-15,4.83157619411833e-14,24.6839052196997
"TPP1",-0.728705125107963,-0.128902135731701,-8.36164652357613,1.74366620873607e-15,6.58775665253245e-14,24.3730728595708
"APBB2",-0.784504498116514,-0.131227174921335,-8.34490342196509,1.96029167429458e-15,7.36262490610054e-14,24.2578858038347
"PROC",-1.11062774764065,-0.389772917757431,-8.34040872328958,2.02284466649069e-15,7.55313637166261e-14,24.226989303528
"FBLN5",-1.50510448347201,-0.154859598627687,-8.31919302078462,2.3458058477608e-15,8.70812228950738e-14,24.0812991714191
"GIMAP1",-0.983303270911084,-0.564211077664961,-8.31485345972787,2.4178963476724e-15,8.92385443924177e-14,24.0515288112999
"CPN2",-0.972327698163512,-0.591852845511668,-8.29993644218303,2.68282417146158e-15,9.84473122688632e-14,23.9492720615895
"SASH1",-0.6965209955465,-0.259739424011523,-8.29905845237134,2.69928251174277e-15,9.84852504998718e-14,23.9432571434451
"MTURN",-0.943914940200556,-0.378787477308774,-8.27678518477991,3.15189116860589e-15,1.14345597224708e-13,23.7908070237027
"SERPING1",-0.958947288145473,-0.503993247655364,-8.24912703580815,3.81954500023734e-15,1.37784151562234e-13,23.6018736784264
"EPB42",-1.39496719365112,-1.22943372699422,-8.17797897678136,6.24945029097582e-15,2.24172697235284e-13,23.1177738879177
"PLCD3",-0.764073216330414,-0.358258165795729,-8.1652421914698,6.82334151176045e-15,2.43391260070338e-13,23.0314037728578
"PZP",-1.33219238698173,-0.568007275622559,-8.13670176680418,8.30533874958057e-15,2.94608821755955e-13,22.8381909830799
"TRIOBP",-0.546564424678167,-0.239482917535692,-8.08633013737381,1.17366758047668e-14,4.14025828803516e-13,22.4982843535123
"SNCA",-1.30553424549236,-1.32881867450681,-8.04702724967588,1.53572869131525e-14,5.38770752420212e-13,22.234049277056
"SERPINA7",-0.948303059072979,-0.457471424412145,-8.04485110582045,1.55872375141497e-14,5.43849789769648e-13,22.2194441716591
"TNS1",-0.914545502006734,-0.814871572799363,-8.04314073760698,1.57703554784212e-14,5.47248476791954e-13,22.2079669616655
"MPP1",-0.744364681865131,-0.357603261778574,-8.03048682326086,1.71928070186985e-14,5.9338417737508e-13,22.1231053713173
"TNS3",-0.638253603692671,0.0903865830908279,-8.01731505421038,1.88081683557267e-14,6.45645994361908e-13,22.0348662578044
"PON1",-1.06359463429167,-0.563233939657617,-8.00104914769119,2.10111793615904e-14,7.17413797987993e-13,21.926033725899
"PARVA",-0.868121527393047,-0.594138867371526,-7.99081840263872,2.2525472742562e-14,7.65027358836482e-13,21.8576577901962
"MB",-1.77427591659699,-1.78056483996103,-7.98163260079589,2.39766833879699e-14,8.10005944085649e-13,21.7963159000855
"ADD2",-1.12090225153589,-1.04108969108986,-7.97035693689646,2.58848492872722e-14,8.69867172101227e-13,21.7210832695705
"SPTA1",-1.50796089094156,-1.466399591713,-7.96221574381481,2.73551044169365e-14,9.1446252200073e-13,21.6668089192898
"ZFAND6",0.720647936551688,-0.0528918072833101,7.95739954127327,2.82634133368944e-14,9.39905698729534e-13,21.6347187296896
"ADD3",-0.744023441103277,-0.309768008954848,-7.92866367633387,3.43360818563271e-14,1.13593721581683e-12,21.4435261580444
"PLXDC2",-0.966028300094175,-0.0992391968571417,-7.92524609383924,3.51390697316559e-14,1.15634399726374e-12,21.4208186773143
"ATP11B",0.944078794528082,-0.517610003380965,7.92450710158861,3.53151259931762e-14,1.15634399726374e-12,21.4159094572169
"TNXB",-1.07587774742673,-1.05733367119174,-7.89495977072253,4.31157830701221e-14,1.40456262705474e-12,21.2198778405644
"FUCA1",1.31806718592419,-0.543357126186708,7.88873275983999,4.49651353873341e-14,1.45737253526969e-12,21.1786283765144
"TUBB1",-1.16604530665116,-0.783008464211518,-7.86980537548464,5.10809045782417e-14,1.64723018046502e-12,21.0533843753473
"HBZ",-1.69128136942621,-1.79401006590028,-7.85389085600251,5.68536022183446e-14,1.82417211137754e-12,20.9482357768369
"C1orf198",-0.712400076311072,-0.301999841792295,-7.84059247844132,6.21678913100946e-14,1.98470993007477e-12,20.8604839263958
"CTSH",-1.39767891812965,-0.251578416491297,-7.83045111400968,6.65475801747702e-14,2.11396168863636e-12,20.7936326794007
"PPBP",-1.46389944586441,-1.1593461980059,-7.78863275020999,8.80609572537576e-14,2.78351095081803e-12,20.5185962641579
"AKAP12",-1.10015241158189,-0.603388233501023,-7.78266642034904,9.16441323849393e-14,2.88250140530954e-12,20.4794387096775
"PRAM1",-0.893704081801259,-0.17885732885758,-7.76827763878862,1.00888498760223e-13,3.15771110090209e-12,20.3850889271393
"PPFIBP1",-0.710344080700468,-0.105374820263089,-7.75386390233742,1.11070785212761e-13,3.45944860284624e-12,20.2906962911561
"FETUB",-1.00909422920547,-0.324200347166864,-7.72783291016443,1.32094378584415e-13,4.09428450126937e-12,20.1205316726115
"GOLGB1",0.83583388474223,-0.0681364188792241,7.71101169570596,1.47721530018681e-13,4.55653125202551e-12,20.0107821703113
"COL18A1",-0.718416681617516,-0.349334240242471,-7.68928290540777,1.70634294964986e-13,5.23798064111266e-12,19.8692590152882
"A2M",-0.985233769781189,-0.861446269583205,-7.6355047072064,2.4352786374701e-13,7.43983449772565e-12,19.5201888182475
"NID1",-0.792818310598043,-0.6490304126386,-7.62171424702605,2.66714203288188e-13,8.10938184759563e-12,19.4309515475269
"ADIRF",-1.772016781468,-1.69998279896051,-7.61509930658293,2.78596165950093e-13,8.43050483218646e-12,19.3881867015526
"GPSM1",-0.555329590792873,-0.148943851611848,-7.57823959705055,3.55016987412923e-13,1.06923748331675e-11,19.150369534973
"LAMTOR3",-0.597543570032551,0.0850534056065867,-7.552524837479,4.20231835003993e-13,1.25733718363565e-11,18.9849392490916
"IGFALS",-0.871690002191097,-0.295629264079753,-7.55209751026473,4.21409799996914e-13,1.25733718363565e-11,18.9821934759028
"TMOD1",-1.13901707527044,-1.23625397384625,-7.53528809124094,4.70422510176681e-13,1.39704545464098e-11,18.8742721281215
"UBQLN1",-0.464108865915084,-0.0633866743970037,-7.53434000789413,4.73348531373568e-13,1.39922702445381e-11,18.8681902098578
"MME",-1.37180206899373,-0.977673296206177,-7.51849703791522,5.24985852091507e-13,1.54471643576234e-11,18.7666381113588
"SULT1A4",-1.27697882724842,-0.90599835485925,-7.51403826971992,5.40494450271099e-13,1.57651536707152e-11,18.7380850135386
"RECK",-0.743830234301909,-0.521488532178574,-7.51397118834491,5.40731190898452e-13,1.57651536707152e-11,18.7376555286652
"LAMA4",-0.780939964260896,-0.424415953507584,-7.50002195133737,5.92248533390279e-13,1.71886676622588e-11,18.6484052085571
"PPP1R3D",0.904316281725094,-0.48638494000494,7.49004412147171,6.32038924898865e-13,1.82604911107659e-11,18.5846368504992
"C3",-0.88725825691613,-0.454957011073363,-7.48178139107001,6.66975996815388e-13,1.91830708993975e-11,18.5318752300191
"TOLLIP",-0.558435843909274,0.0727936006223642,-7.4663910816116,7.3720149774857e-13,2.11077648570611e-11,18.4337106217746
"CES1",-1.43175756000447,-0.941046579273041,-7.45570437950889,7.90204077762373e-13,2.25243439130034e-11,18.3656316517751
"PPP1R12B",1.00141291415045,-0.854442178240628,7.44467050131121,8.48869840826956e-13,2.4089039705245e-11,18.2954137528198
"ITIH4",-1.09166302621224,-0.497127697558705,-7.44333437050212,8.56259116072643e-13,2.41912144076276e-11,18.2869158435841
"SAR1B",0.650769320819423,-0.0422318997667132,7.43891173833271,8.81173089259812e-13,2.47854192727925e-11,18.2587952578577
"PGLYRP2",-0.797213139757201,-0.274475033726639,-7.43528409582672,9.02141066163536e-13,2.52639066116411e-11,18.2357383665002
"MCMBP",-0.581461314288834,-0.19824495523972,-7.42502194574122,9.64157615767309e-13,2.68827352693199e-11,18.1705566724842
"ERBB2",1.45105194923374,-1.04149988274368,7.40243888777859,1.11581447638194e-12,3.09759801378203e-11,18.0273428979541
"PI16",-0.946478434954655,-0.842061207308119,-7.39937816794742,1.13810023281872e-12,3.1457878729643e-11,18.0079568615748
"TES",0.714917927542781,-0.368824722910737,7.3890084154986,1.21691567391089e-12,3.34914076634528e-11,17.9423193522238
"ITIH3",-1.04193571964562,-0.348992119459267,-7.38296174487189,1.2653315775556e-12,3.46744297111266e-11,17.9040760756652
"ANK1",-1.2574357297491,-1.27682590013661,-7.37091566198817,1.36751270823708e-12,3.73143959063836e-11,17.8279552143625
"HRG",-0.886146463887486,-0.280114989025797,-7.35813603174203,1.48481038557248e-12,4.03426140931076e-11,17.747296333807
"ALDH1A2",-1.29810377945732,-0.542308872363571,-7.35077193106699,1.55684799202347e-12,4.21206543604655e-11,17.7008632611002
"ATP2B4",0.894430095688957,-0.918040997252622,7.329791767992,1.78150510057013e-12,4.79954011271741e-11,17.5687595305377
"FKBP2",0.728952877378081,-0.0761315905686576,7.29599491417069,2.2123225682544e-12,5.93515949508586e-11,17.3565257186028
"SELENOP",-0.788282622632852,-0.471000567254232,-7.2699975589167,2.61215521369214e-12,6.97849834285536e-11,17.193751920621
"STX2",-0.631100445985847,-0.410770909019789,-7.26694443669162,2.66354881961818e-12,7.08614967219254e-11,17.1746633622414
"ENG",-0.619060370837197,0.0395054793037293,-7.26551323434171,2.68798210134115e-12,7.12147955064865e-11,17.1657172759776
"NDUFB7",0.718364098201794,-0.129104914654406,7.24853780422823,2.99517604151295e-12,7.90256158060337e-11,17.0597054056043
"GOLM1",1.31653229041261,-0.207674956875941,7.24513820347917,3.0607292742096e-12,8.04228659087584e-11,17.0384964219436
"PRKG1",-0.877656475819789,-0.545099123240244,-7.22257984792488,3.53296347632083e-12,9.24507040832316e-11,16.8979451204841
"ALOX5",-0.801681403588597,-0.122142384321475,-7.19762147047332,4.1392928771727e-12,1.07875040901011e-10,16.7428113774132
"PID1",-0.836854068045651,-0.479749166391247,-7.18008347501323,4.62554795469324e-12,1.20057413376896e-10,16.6340343238565
"NDUFB10",0.569029171516366,0.00156784987885151,7.17203143690279,4.86723548702423e-12,1.25819022609918e-10,16.5841574293808
"FHL1",-1.26436514072288,-1.68021019180142,-7.16170393333963,5.19549606983972e-12,1.33763074217446e-10,16.5202453482026
"NEO1",-0.781509747224238,-0.367949727079934,-7.15965516885406,5.2631608130492e-12,1.34960971049475e-10,16.507574496183
"DPT",-0.921935789645461,-0.846967639825768,-7.13842790917102,6.0173546220855e-12,1.53683237048064e-10,16.3764476758278
"PRKCZ",-0.565720962302182,-0.333625573758845,-7.13299449336455,6.22691385979891e-12,1.58401772887713e-10,16.3429296971697
"SLC44A2",-0.912059028094905,-0.803757638637454,-7.11612255261829,6.92450197547977e-12,1.75448194894597e-10,16.2389682080781
"CDC42EP2",-0.618695165792166,-0.383291478175734,-7.11486857788312,6.97931754758817e-12,1.76138112811662e-10,16.2312486721844
"APOL1",-0.922846415208522,-0.476088781001728,-7.0990979857269,7.70626670640958e-12,1.93718554804823e-10,16.1342492645914
"ADPRH",-0.622354783971386,-0.217335576960185,-7.0888182787228,8.21971788635266e-12,2.05815289036713e-10,16.0711074567323
"PF4",-1.62826001109905,-1.51939106942955,-7.07746900696954,8.82574558314404e-12,2.20126506048339e-10,16.001474095893
"AHCYL2",0.932174315194928,-0.400669567336213,7.06123599093825,9.76966995915712e-12,2.42721177779059e-10,15.9020192698039
"VAT1",-0.597836657550121,-0.13255213054995,-7.04427046603615,1.08623464369157e-11,2.68822023254678e-10,15.7982564309954
"NDUFV2",0.504064380551873,-0.030046101179539,7.03539393937478,1.14810915087389e-11,2.83037719240533e-10,15.7440400868636
"PDGFRB",-0.654500553982736,-0.0119051649937524,-7.03297505711366,1.16556307384292e-11,2.86235393326425e-10,15.7292747076403
"ECHDC1",-0.790621670660523,-0.272013203687884,-7.02403804139714,1.23234371214544e-11,3.01475655250905e-10,15.6747537649513
"YOD1",-0.802835803458809,-0.734731618971121,-7.02248528605586,1.24432428004418e-11,3.03244676644353e-10,15.6652862866889
"GPATCH1",0.82494607388842,-0.243098638489452,7.00991019045367,1.34566640426307e-11,3.2669505670037e-10,15.5886702944129
"CLEC3B",-0.93444683398287,-0.478150743620333,-6.98529425657671,1.56810825110215e-11,3.79256484215424e-10,15.4389877182141
"PLXNA1",-0.450122935034483,-0.067936883389106,-6.9687977778848,1.73703212690555e-11,4.18526420011017e-10,15.338895812268
"SERPINA6",-0.837227627685606,-0.616359334128993,-6.954130003427,1.90218098778428e-11,4.56594947631678e-10,15.2500471542557
"FABP4",-1.90690602250686,-1.53707078488966,-6.94972503253633,1.95472661544269e-11,4.67450540809047e-10,15.2233916342956
"FMNL3",-0.553716955837141,-0.169251297016309,-6.94222606418332,2.04748248497655e-11,4.87805062185645e-10,15.1780425099751
"CWC25",1.01942149917143,-0.517007633332067,6.91867082906444,2.36790374034948e-11,5.62047040227933e-10,15.0358322192178
"STAP2",0.827922027859179,-0.120159530252897,6.90716272468753,2.5418980471927e-11,6.01111815975014e-10,14.966485288995
"PARVB",-0.711453823778358,-0.554924681603443,-6.86947920577654,3.20434233936571e-11,7.54971433094099e-10,14.7400113422036
"UAP1",0.82154747782955,-0.106703305796585,6.86007923063639,3.39443322098532e-11,7.96818239558503e-10,14.6836630354901
"GOLGA5",0.592116255180241,0.0987387306324856,6.858531183478,3.42678419857452e-11,8.01465828128144e-10,14.6743887872615
"HLA-DRB4",-2.4428926462788,-1.27561068953883,-6.85571580529572,3.4863984551539e-11,8.12432632706483e-10,14.6575260649266
"NDUFS1",0.517196616893652,-0.0382332161985675,6.85501638052259,3.5013658210107e-11,8.12953482441939e-10,14.6533376616796
"PNPLA6",-0.432300156855809,-0.180611723448349,-6.85287492524448,3.54758582121092e-11,8.20700560450425e-10,14.640515861858
"NES",-0.771396407302842,-0.650288524774513,-6.84202898196812,3.79104840307225e-11,8.73857186051131e-10,14.5756227722852
"FCGR3B",-1.37736384596837,-0.639333711849199,-6.81113418101375,4.57818120726524e-11,1.05149953267585e-09,14.3911974274673
"SULT2B1",-1.14828502937346,-0.298884899124921,-6.80103774562732,4.86868245075309e-11,1.11421281175837e-09,14.3310633088326
"LIN7A",-0.893669644804016,-0.45922481970598,-6.79828144308865,4.95108747047537e-11,1.12806434587383e-09,14.3146585157779
"S100A4",-1.00698711879715,-0.462303185667517,-6.7978356599489,4.96454316664914e-11,1.12806434587383e-09,14.3120058016585
"VAMP5",-0.881792782534413,-0.687215305228789,-6.79349982724128,5.09730652358111e-11,1.15412418982501e-09,14.2862114751118
"VKORC1",1.41894276379867,-0.344629924638547,6.79179898457649,5.15033376970018e-11,1.1620099335525e-09,14.2760963704118
"CPN1",-0.87050278410582,-0.588986714120588,-6.76755323338941,5.96786725226626e-11,1.34171945090564e-09,14.1321119629835
"PLVAP",-0.642810358040736,-0.493287853846886,-6.76563933945685,6.03757963128734e-11,1.35262968230771e-09,14.1207627826881
"SLC30A1",0.72892650575972,-0.0750465515323953,6.76383238593073,6.1041307558636e-11,1.36275786280382e-09,14.1100499733894
"KCTD12",-0.608913925926047,-0.293892272548907,-6.76054916724272,6.22690310252777e-11,1.38532321636376e-09,14.0905904280289
"UGP2",0.573858659055638,0.00463047124256164,6.75870684344655,6.29685403725234e-11,1.39602128568945e-09,14.0796741547568
"DHRS11",0.810387165682738,-0.681344352634754,6.74718460464796,6.75218591245027e-11,1.4917891713147e-09,14.0114527823269
"ABI2",-0.5849064446382,-0.373222327581404,-6.73717461399523,7.17390292568553e-11,1.57949552346559e-09,13.9522567145152
"RASAL2",-0.500189121503289,-0.220238936404875,-6.73521332229966,7.25951203644277e-11,1.59285169596863e-09,13.9406660247589
"LMNB2",-0.497964091501836,-0.000494431269020795,-6.73034591277666,7.47633084637551e-11,1.6348072758256e-09,13.9119120318459
"OGN",-1.39551843646973,-1.77025173408218,-6.71771819344398,8.06893077297391e-11,1.75836597219926e-09,13.8373878559346
"LIMS1",-0.596124632579413,-0.187763585525751,-6.71207741442043,8.34832788312226e-11,1.81306372563727e-09,13.8041323504994
"GAB1",-0.619968960727095,-0.505066480313239,-6.70623037947975,8.64796898387274e-11,1.87177226989924e-09,13.7696832362323
"SBF2",-0.46463497328639,-0.235490923211891,-6.7038630520117,8.7722685994855e-11,1.89226131782821e-09,13.7557420806967
"SERPINA3",-0.94842553489938,-0.504983585696532,-6.69669302181329,9.15954375341018e-11,1.9691477059099e-09,13.7135406961538
"RPL10A",0.412217445720182,0.294845695994086,6.68924697746134,9.57949651912798e-11,2.05251964008833e-09,13.669751080494
"ATL2",0.697922476750268,-0.158036520995686,6.68328166495569,9.9295289336627e-11,2.12040275054971e-09,13.634696266193
"NDUFS4",0.679313714345744,-0.036989852805879,6.67978759801358,1.01403550356305e-10,2.1582055634167e-09,13.6141746344582
"WFDC2",1.94091702049636,-1.25375754434283,6.67328798229151,1.05442888060758e-10,2.23672039956125e-09,13.5760223060449
"APOF",-1.09534959942316,-0.588615945961531,-6.65910897349876,1.14810969008837e-10,2.42737760636233e-09,13.4928906191032
"CCDC117",0.737737718027553,-0.249801657088962,6.65751023981401,1.15917197939157e-10,2.44267758693569e-09,13.4835256802169
"COBLL1",-0.696475133272948,-0.261223383880902,-6.6566583504607,1.16510922083946e-10,2.44711262337499e-09,13.4785362486481
"MYL9",0.892943347780116,-1.00941705199565,6.63701763118678,1.31058244901864e-10,2.74362915966688e-09,13.3636376112491
"PARD6B",-0.789421118938595,-0.0946606888455294,-6.63058950577802,1.36195934659633e-10,2.84186615294691e-09,13.3260892488001
"MDH1",0.430358978341218,-0.226266980256255,6.6265047815298,1.3956286123502e-10,2.90263475239611e-09,13.3022437531382
"ALDH2",-1.1137201265463,-0.0265601834983689,-6.59191904840331,1.7154551951647e-10,3.55622773413202e-09,13.1007925318651
"FAM8A1",0.74046606579437,-0.0986108030589039,6.59089817937646,1.72591425076982e-10,3.56633090328974e-09,13.0948585550536
"PLAC9",-1.12258823362245,-0.758694086343383,-6.58350506595656,1.80354914583374e-10,3.71472945037045e-09,13.051905845065
"STX5",0.54809453762588,0.0740791206464443,6.57356040064652,1.91340574005825e-10,3.92832657565013e-09,12.9941874011861
"F13B",-0.782019201496509,-0.391407686877073,-6.54416928818328,2.27790450709785e-10,4.66167316596787e-09,12.8239944569935
"SELENOK",1.16213130330521,-0.184872676458822,6.53293668415035,2.43451156288818e-10,4.96624802844762e-09,12.7591056333614
"BNIP2",-0.590738924092673,-0.37147330464785,-6.53216442534751,2.44565844372587e-10,4.97309845961454e-09,12.7546475808676
"RNF121",1.0472313237676,-0.0938573155151037,6.52813471399159,2.504641147404e-10,5.07686784957922e-09,12.7313916752798
"CRELD2",0.954314434936631,0.0632621443078353,6.52628555484587,2.53217220784944e-10,5.11643023642995e-09,12.7207236768511
"ACO2",0.582809589445186,-0.0423285727679302,6.52364078134839,2.57206537334922e-10,5.18064271572075e-09,12.7054697417561
"RAB34",0.656612626651931,-0.130126756593271,6.52095703838053,2.61317649594545e-10,5.23790525549174e-09,12.6899959194221
"DIAPH2",-0.630719177727814,-0.145358148893716,-6.52071590237951,2.61690176429423e-10,5.23790525549174e-09,12.6886058270582
"PBX1",-0.601957385884798,-0.389669324434646,-6.5187074043017,2.64813380223732e-10,5.28385447727665e-09,12.6770288478162
"PDIA4",0.724066219699125,0.303553112283209,6.50989268565002,2.78958161457712e-10,5.5487472302414e-09,12.6262533570888
"CRP",-2.16840532961706,-1.6607615676512,-6.5084467136547,2.81348184602024e-10,5.57890732510535e-09,12.6179291751485
"SPECC1L",-0.403555110229351,-0.124699118893399,-6.50567269111403,2.85989686041343e-10,5.65338744697824e-09,12.6019636579366
"RRAS",-0.587897520296718,-0.944905849292754,-6.50309370395439,2.90372185582118e-10,5.72230371895625e-09,12.5871253541617
"SHBG",-0.902716983633207,-0.564364249027431,-6.49548718979564,3.03685264840429e-10,5.96624743386505e-09,12.5433874409528
"PTGFRN",0.644656732616011,-0.249569661891467,6.4845665986055,3.2385125686747e-10,6.34291495429078e-09,12.4806625528941
"SLC39A7",1.23690114733063,-0.287874269446208,6.48391567120523,3.25093883222163e-10,6.34778117545416e-09,12.4769263808421
"HSD17B4",-0.813417292475894,-0.07216410856281,-6.47906755301311,3.34497270117376e-10,6.50566550800746e-09,12.4491084351738
"CA3",-1.30424422084053,-1.59596313351632,-6.47870173601313,3.3521753361542e-10,6.50566550800746e-09,12.4470100723017
"DDAH2",-0.670977063282075,-0.288560568633919,-6.47498688022937,3.42618474785095e-10,6.62914836819039e-09,12.4257064805687
"MYH11",1.29418942769868,-1.50671781981477,6.4657041808886,3.61819648750861e-10,6.96102260286284e-09,12.3725143111229
"YIPF3",0.655997841442605,0.104525028807247,6.46564218402009,3.61951371049407e-10,6.96102260286284e-09,12.3721592523281
"DNAJC1",0.877333216659322,-0.214589200010134,6.45797019038411,3.78619992912033e-10,7.25972568991991e-09,12.3282417644627
"MTMR10",-0.431638212736613,-0.16997455055251,-6.4552410868696,3.84729067649215e-10,7.35477573934203e-09,12.3126290528793
"LTBP4",-0.826112873816327,-0.298533971303148,-6.45036737085097,3.95880182691708e-10,7.5453581089151e-09,12.2847601233538
"TLN2",-0.71297533016851,-0.0357120563914452,-6.44079017946698,4.18723953839915e-10,7.95671518622657e-09,12.2300432976006
"VIM",-0.63581616954547,-0.116563303193115,-6.44028870338889,4.19955053681809e-10,7.95671518622657e-09,12.2271799805899
"NDUFC2",0.686571262897781,-0.0561002663050227,6.43205701533581,4.40678135747235e-10,8.32464466492927e-09,12.1802036066572
"TMEM119",-0.942465724953131,-0.400872829701826,-6.43124737307254,4.42769744685779e-10,8.33948324430294e-09,12.1755856819194
"PRKAR2A",-0.455504571371778,0.0433452206270515,-6.42958028553527,4.47107156531753e-10,8.3964093954566e-09,12.1660786021183
"CFD",-0.767602442104257,-0.381359611908594,-6.4268888337268,4.54197822472766e-10,8.49114609861737e-09,12.1507338101521
"STOM",-0.768835049598901,-0.528385186687748,-6.4266578047261,4.54811584295559e-10,8.49114609861737e-09,12.1494168755741
"ZYX",-0.576456033391838,-0.268532502179529,-6.42511316714295,4.58936080384707e-10,8.54316872669492e-09,12.1406129231931
"NDUFS7",0.535289805869434,0.0642810276159854,6.4122588897233,4.94712360268358e-10,9.18237912881822e-09,12.0674113581353
"CISD2",0.68614460284949,0.0718004703744692,6.40626814546316,5.12306501106392e-10,9.4813826364183e-09,12.0333346710684
"ILK",-0.570551991556761,-0.539071957146095,-6.39823101276893,5.36877182317582e-10,9.90740118236347e-09,11.9876566077849
"PLSCR3",-0.639962354449793,-0.133521458009214,-6.38062664324205,5.9480231986335e-10,1.09447055110302e-08,11.8877604026651
"SCAI",-0.464786657398736,-0.422916945587329,-6.37685302190022,6.07993998401061e-10,1.11361822334045e-08,11.8663748685352
"HIP1",-0.560259657752353,0.0164102471225902,-6.3766543011858,6.08696570001282e-10,1.11361822334045e-08,11.8652489694985
"EPB41",-0.754397319143191,-0.642009141366807,-6.37537284529302,6.13246269764335e-10,1.11873640927008e-08,11.8579892364074
"APOM",-0.890274287017203,-0.682344246343031,-6.36879923300309,6.3711446058569e-10,1.15896747317368e-08,11.8207661561931
"CPS1",-2.47349922769479,-2.60491325090838,-6.36256594279673,6.60586749161813e-10,1.1982518163063e-08,11.7854978343253
"OSTC",-1.43652596917282,-0.484374859064862,-6.36197750384727,6.62845882295559e-10,1.19894361429381e-08,11.782169805016
"UBA52",0.823481697477766,0.41431760225223,6.35763037947401,6.79771556766593e-10,1.22608513840528e-08,11.7575912571864
"UBE2J1",0.945713375462985,-0.242689393860245,6.3562718764275,6.85147268893103e-10,1.22984444286035e-08,11.7499130013357
"GBA",0.585746214408997,0.273561103906197,6.3561307503536,6.85708099699743e-10,1.22984444286035e-08,11.7491154306127
"F2",-0.883242615883423,-0.368636635238873,-6.3284468856004,8.04883720783368e-10,1.43954693479042e-08,11.5929285160492
"KBTBD11",-0.60905584225176,-0.234364001290184,-6.32446664297545,8.23607930938929e-10,1.46892084889527e-08,11.5705166389631
"C4BPB",-0.974617141815026,-0.395724075661386,-6.31696617481753,8.6005919631353e-10,1.52965960124287e-08,11.5283131576417
"RBP5",1.25192684968763,-1.4349021687233,6.31610010404432,8.64368633842914e-10,1.53246577746178e-08,11.5234424953052
"LSR",0.735284464237628,-0.0644033445484476,6.31568588637735,8.66437189763043e-10,1.53246577746178e-08,11.5211131773998
"SPON1",-1.06436426827462,-0.627442228059035,-6.31196303925738,8.85247660888551e-10,1.56141058419155e-08,11.5001834365626
"ARL6IP4",0.493131590790516,0.10913400140842,6.30199457930519,9.37607344289944e-10,1.64920740862019e-08,11.4441886849459
"GOLPH3L",0.759570723118436,0.122611061998418,6.2917199491633,9.94748114231097e-10,1.74490843663889e-08,11.3865467936819
"RFLNB",-0.682565678294144,-0.0985088856109729,-6.29120271477036,9.97713085486734e-10,1.74531453447474e-08,11.3836469994915
"SPCS1",0.90097947574091,-0.191182409744564,6.29051912720454,1.00164493578204e-09,1.74740516802414e-08,11.3798148592833
"YBX1",0.565345894403663,0.239024114083358,6.28880813099315,1.01155287900331e-09,1.75574391665276e-08,11.3702245774074
"GFPT1",0.785342497913907,0.173065923380777,6.28874428444873,1.01192445000504e-09,1.75574391665276e-08,11.3698667516508
"CRIP2",-0.824088460608518,-0.380235655422648,-6.28270418808517,1.04768756663354e-09,1.81286859429678e-08,11.3360281444521
"LBP",-1.10537676762418,-0.279693995697383,-6.27933306802736,1.06818305241381e-09,1.84333751071951e-08,11.3171531293964
"C7",-0.821821131847418,-0.436842912926024,-6.27775330455944,1.07792221373436e-09,1.85513027889323e-08,11.3083107200425
"PLBD1",-1.09875921646476,-0.190317646954452,-6.27338124839491,1.10533137550722e-09,1.89718839586388e-08,11.2838481301888
"GSKIP",0.613609084376653,0.152955975191422,6.26579249031115,1.15453604418978e-09,1.97633046706481e-08,11.2414192263354
"ACTR2",-0.369358732512664,0.118862668602859,-6.2584943677862,1.2038767960727e-09,2.0552816424931e-08,11.2006533887126
"WFS1",-0.750572080574499,-0.509055379762869,-6.25581358060283,1.22251463927119e-09,2.08153492579908e-08,11.1856884446357
"PAPLN",-0.785710888365935,-0.502668828996295,-6.25456103542819,1.23131937371568e-09,2.09095058541877e-08,11.1786980986434
"ITIH1",-0.9600912655387,-0.2386088674011,-6.24781608499571,1.27981104661119e-09,2.16753144101125e-08,11.14107406791
"EIF5B",0.409339014058949,0.228904185127149,6.23776748071817,1.35554031713539e-09,2.28971558860039e-08,11.085081244818
"PPP2R5B",-0.378447778195708,-0.136094765257436,-6.22666606008104,1.44430882260188e-09,2.43322211934381e-08,11.0233045547591
"PYGM",-0.804771326399657,-1.05098198151279,-6.22450428672258,1.46224501135855e-09,2.45506553345285e-08,11.0112849145711
"NDUFB6",0.613390344428094,-0.0851728645806678,6.22417876141955,1.46496471142606e-09,2.45506553345285e-08,11.0094752520861
"PODN",-0.795289072666472,-0.311400689736738,-6.22277991208629,1.47670829863897e-09,2.46826766670414e-08,11.0016996095551
"PRCP",-0.632830996221158,-0.122157988695471,-6.22084635628709,1.49309270856334e-09,2.48913758333601e-08,10.9909540196407
"BZW1",0.500798304062852,0.269614477019919,6.21942286528546,1.50526858365242e-09,2.50290101734914e-08,10.9830447611223
"SELENOW",0.99203508009564,-0.388857425916712,6.21660577204899,1.52965190091904e-09,2.53683828243326e-08,10.9673965262642
"FGG",-1.28624589789466,-0.617935367956897,-6.21509558502229,1.54288208082964e-09,2.55215079950706e-08,10.9590101274404
"ATP8B1",0.904519137156289,-0.508309654943696,6.21099172986139,1.57940282276766e-09,2.60581060035439e-08,10.9362286516671
"DST",-0.611570663014667,-0.343410903391121,-6.20893567757389,1.59801675504758e-09,2.62972602602546e-08,10.9248194867049
"ITIH2",-0.819938859278952,-0.369297635744084,-6.20587182316323,1.62615363875825e-09,2.66914935307749e-08,10.9078235021343
"KANK2",-0.7824264670314,-0.665269729976084,-6.20106474324376,1.67127953212493e-09,2.73618456733787e-08,10.8811707632477
"GIT1",-0.372291689054015,-0.021879297532703,-6.19151000454471,1.76464271952933e-09,2.88164802153319e-08,10.8282432428943
"RIT1",-0.444490707983244,-0.280163253569253,-6.1907039747056,1.77274827732456e-09,2.8874994262034e-08,10.8237812742738
"POLR2H",0.460461069365324,0.229379756303926,6.17377806401045,1.95162588495924e-09,3.17077131691214e-08,10.7301901354127
"PROS1",-0.907399362626208,-0.328041993621768,-6.17256816361636,1.96506827488742e-09,3.18450785156248e-08,10.7235078126556
"BLVRB",-0.634870886372181,-0.604013146231802,-6.17008457338896,1.99294629929349e-09,3.22150939771872e-08,10.7097941075946
"CFB",-0.7731720527985,-0.242282963650423,-6.16208941219432,2.08534532522172e-09,3.36235603574259e-08,10.6656767288021
"GRK5",-0.772552321947072,-0.515606424520296,-6.15257049388767,2.20083078591779e-09,3.53962331689801e-08,10.6132104106581
"AHSG",-0.739534765297237,-0.499334943235254,-6.15155258891953,2.21354449052275e-09,3.5511260231125e-08,10.6076037370921
"PM20D2",1.2755060116688,-0.677536812128893,6.14447116034386,2.30400279197129e-09,3.68698191146282e-08,10.5686192420009
"WASHC1",-0.324409524223822,0.155780581267947,-6.14266879314033,2.32759771967652e-09,3.71542786003364e-08,10.5587025894862
"RMDN3",-0.532047282645177,0.00712059486314196,-6.14099324443123,2.34974441734158e-09,3.74142596127831e-08,10.5494857667473
"ARL1",0.422911266256833,0.119778115926062,6.12962416384884,2.50555715867248e-09,3.97959762639896e-08,10.4869997410752
"ARHGEF17",-0.475955592613497,-0.214438313398024,-6.12773173040024,2.53245606934539e-09,4.01234044733755e-08,10.4766076022796
"RAB1A",0.454543537958502,0.162882530548532,6.11653713624077,2.69745055726434e-09,4.26317371488437e-08,10.4151856368428
"TPK1",-0.589833746518038,-0.274218562299515,-6.11574401171767,2.70953114444663e-09,4.27169292772635e-08,10.4108373487118
"SRXN1",-0.950339477861196,-0.209239560312826,-6.11456936206853,2.72752028107907e-09,4.28946231396301e-08,10.4043981817521
"NDUFB11",0.65841571773493,-0.121894975188377,6.10990289395389,2.8001458720847e-09,4.38613226402108e-08,10.3788273707633
"IGLL1",-0.863116146791576,-0.66067973714923,-6.10973915696309,2.80272821256163e-09,4.38613226402108e-08,10.3779304246077
"GMPR",-0.824412841462404,-0.78084917243144,-6.10817502575413,2.8275142604348e-09,4.41079607642846e-08,10.3693631270277
"ABI3BP",-1.02111078097552,-1.17355591574507,-6.10787428644832,2.83230445001671e-09,4.41079607642846e-08,10.3677160721153
"FGA",-1.25869127789237,-0.617511508350139,-6.10604231929189,2.86165603142547e-09,4.44566271548701e-08,10.357684357071
"AHSP",-1.49419298553148,-1.79211609799957,-6.08933463880465,3.14344610281405e-09,4.87157848700672e-08,10.2663050095352
"CYP27A1",-0.839548416047157,-0.435875696389218,-6.07953621699526,3.32114577607227e-09,5.12844594496637e-08,10.2128073630433
"MACF1",-0.502324871495997,-0.19954597114158,-6.07931564070365,3.32525704184194e-09,5.12844594496637e-08,10.211603846667
"TRPV2",-0.642281512171393,-0.300066134318223,-6.07800372648116,3.34981251268164e-09,5.15386816710175e-08,10.2044464525996
"ADH1B",-1.4984112705749,-1.96946475300166,-6.07351704325718,3.43513874021128e-09,5.2724425135214e-08,10.1799778296495
"NOS3",-0.745619904244442,-0.494956555226113,-6.06949711048768,3.5133912168865e-09,5.37961700715115e-08,10.1580669348278
"SLC4A1",-1.13215335239456,-1.59381154406321,-6.06271300589232,3.64942226932187e-09,5.57453616976558e-08,10.1211160260749
"GRB7",1.18067192035329,-0.751183698950293,6.05363468554241,3.83953908647063e-09,5.85094440742601e-08,10.0717209014461
"DAZAP2",-0.480274001883414,-0.0728726949743895,-6.04954232814318,3.92837538170891e-09,5.97206590766938e-08,10.0494737433985
"SRPRB",0.697500528002008,0.122844004653891,6.04597332546309,4.00748897892812e-09,6.07786630177103e-08,10.030081505583
"MAPK3",-0.458924109873116,-0.132924759586486,-6.03668005927023,4.22087249493547e-09,6.3863201137827e-08,9.97962935009355
"VMP1",0.785098951161618,-0.229095359063473,6.03420313181222,4.27959532111104e-09,6.44823709677549e-08,9.96619285933555
"SYNC",-0.786856561709231,-0.346032778316175,-6.03410270529736,4.28199299770213e-09,6.44823709677549e-08,9.96564817271006
"MYH14",-0.873904772508884,-0.322383433497061,-6.02971856401128,4.38795389421172e-09,6.59225543871572e-08,9.94187683594047
"HBB",-1.38924751146055,-1.94725966767622,-6.0244335862622,4.5190982592603e-09,6.77334328295236e-08,9.913239454196
"PHLDB2",-0.63362483941167,-0.301701711229923,-6.0175025359507,4.69690979088919e-09,7.0233651088589e-08,9.8757131024566
"USE1",0.505803186053213,-0.0571860056182341,6.00998266045249,4.897563470782e-09,7.30629503760351e-08,9.83503788597216
"NUCB2",0.844876088174023,0.071713340442781,6.00869500988674,4.93275209741873e-09,7.3416368629414e-08,9.8280770387845
"RNF5",0.809963406185298,-0.0900212146270965,6.00570181248517,5.01550712537777e-09,7.44744488268304e-08,9.81190088311537
"FGR",-0.886205147854381,-0.168691313126133,-6.00071411471256,5.15642956809201e-09,7.63893336247506e-08,9.78496020524962
"ARHGAP18",-0.473380647567797,-0.0731857801667735,-5.99772130480294,5.24283839673309e-09,7.74896369517148e-08,9.76880339030423
"C9orf40",-0.654333767711061,-0.521407272405348,-5.99286988806895,5.38592429297673e-09,7.94206157289986e-08,9.742626553779
"TPPP3",-1.22408293476422,-1.57006188360954,-5.99030014873729,5.46325416717162e-09,8.03752946022829e-08,9.72876787844039
"PRRC1",0.531907965168032,0.265712630604722,5.98982985434286,5.4775234865515e-09,8.03999711761639e-08,9.7262320846084
"VPS29",-0.591982114333812,-0.0464330150060986,-5.98629875306118,5.58583111672064e-09,8.18016781657368e-08,9.70719774742226
"SNX5",-0.446840187397497,0.0434847007682225,-5.97940558295261,5.80332545084276e-09,8.4792295202817e-08,9.67006623224793
"ARHGEF10L",0.608275996479904,-0.0237576672234782,5.9751615641871,5.94132638138752e-09,8.66104313816422e-08,9.64722203648897
"MST1",-0.740919633799022,-0.217344371541986,-5.97252502073941,6.02866708525405e-09,8.76834609096745e-08,9.63303693508829
"IVNS1ABP",0.626973263658032,-0.11272977967748,5.96993386252745,6.11572618186079e-09,8.87475265254117e-08,9.61910092138949
"SMAP1",0.474274274397646,0.0497304517805109,5.96583870016848,6.2558283136455e-09,9.05747478064093e-08,9.59708585089197
"PCYOX1",-0.468088489778583,-0.404292311719657,-5.96368517198871,6.33075719695212e-09,9.14522278337993e-08,9.58551363552447
"CLASP1",0.461202029230773,0.136562783221978,5.96095062671611,6.42716631302088e-09,9.26353429088901e-08,9.57082410863297
"GOLPH3",0.539624046511783,0.329859539377863,5.96052820982392,6.44218638596075e-09,9.26427028701789e-08,9.56855543824607
"KLKB1",-0.738538827961801,-0.326044672431815,-5.95742602521488,6.55354784663315e-09,9.40323662938262e-08,9.55189853079769
"F12",-0.780576267171589,-0.326823387634558,-5.95647669109988,6.58800108100928e-09,9.43147688391126e-08,9.54680256007336
"PRKCSH",0.407871466646934,0.234181134258463,5.9463633876446,6.96619452935886e-09,9.95059330424078e-08,9.49255553846123
"GANAB",0.485347782914627,0.101606551160963,5.94421093650369,7.04938242421688e-09,1.00469434773716e-07,9.48101953468357
"MFSD6",0.692021897186071,-0.197365386678592,5.94358788884499,7.07364253279541e-09,1.0059066274365e-07,9.47768095580553
"TXNDC5",0.82256558487215,0.0757934175344084,5.94234216097822,7.12239325113692e-09,1.01058846463354e-07,9.47100661287726
"EGLN1",0.520604956070513,0.144350311813227,5.92982097381606,7.63099311583989e-09,1.08035235132234e-07,9.4039834396852
"HLA-E",-0.730949712226692,-0.301527376067448,-5.92594858068853,7.79534788583252e-09,1.10117912059824e-07,9.38327845909733
"CAMK2G",0.700582575565872,-0.543952206115148,5.9156081287344,8.25135299177156e-09,1.16302182897266e-07,9.32804345639194
"CAPNS1",-0.432161555335496,-0.0924823137158012,-5.91201471995431,8.41583882688472e-09,1.18181205255808e-07,9.30886699125479
"SLC25A24",-0.680868744402618,-0.0123979565870919,-5.91188830357161,8.42168338158068e-09,1.18181205255808e-07,9.30819253322048
"SNTB1",-0.570346566889262,-0.199097725825317,-5.91048226735991,8.48695587447563e-09,1.18835993987998e-07,9.30069181934727
"ARF4",0.522770801689185,0.243242668349163,5.90855749877206,8.57711119553735e-09,1.19835568891698e-07,9.29042618631617
"TNFAIP8L3",-0.774836016541613,-0.450603769168046,-5.90606019063032,8.69547905717176e-09,1.21224091222798e-07,9.27711097668808
"CTSD",-0.764013186284963,-0.201409668880086,-5.90521373984205,8.73596011702135e-09,1.2152310533155e-07,9.27259888171
"DENR",0.418802248883135,0.300287294347126,5.89914427885768,9.03166881287072e-09,1.25127422046724e-07,9.24026029734541
"KIF1C",-0.401619150162094,-0.171961164079788,-5.89909198377975,9.03425866304457e-09,1.25127422046724e-07,9.23998178173341
"USO1",0.385600706957411,0.244531215263188,5.89555669727014,9.21103131102213e-09,1.27299642685879e-07,9.22115801523889
"F10",-0.94171864728997,-0.497430704568366,-5.89240197198794,9.37162358084005e-09,1.29228480066731e-07,9.20436826841967
"FGB",-1.18513184823571,-0.588010674872574,-5.89202344926872,9.39107513719081e-09,1.29228480066731e-07,9.20235422315796
"CISD1",0.699456117105757,0.0154596806689182,5.8671735633381,1.07580914161994e-08,1.47721319768673e-07,9.07036206648636
"FERMT2",-0.673944068543465,-0.734819222376569,-5.86571872947278,1.08438790978398e-08,1.4857975974186e-07,9.06264860526179
"PLG",-0.807949347012724,-0.364693952221116,-5.85424964674457,1.15439720679136e-08,1.57833536731538e-07,9.00189438131284
"CD55",-0.951286836887224,-0.502511627174674,-5.85076525084953,1.1765269734888e-08,1.60299101314937e-07,8.98345588327579
"TM9SF2",0.675433423588584,-0.0217881457836482,5.85062107684838,1.17745150378552e-08,1.60299101314937e-07,8.98269314465366
"TINAGL1",-0.711810713637709,-0.630055305009168,-5.8439116784014,1.22126954829404e-08,1.65910767358669e-07,8.94721459558213
"CCDC47",0.49353338000185,0.0811948402237422,5.83290042795664,1.29665469737758e-08,1.75777924474646e-07,8.88905998649658
"SPINT1",0.706691052852354,0.00313117304133683,5.82833743285686,1.3292079487133e-08,1.79809168485898e-07,8.86498718685833
"MIEN1",1.04894722757256,-0.76820992088218,5.82755060088591,1.33490140630416e-08,1.80197578842539e-07,8.86083767862813
"BSG",0.653487427931496,-0.207072073525829,5.82566306997561,1.34865664059516e-08,1.81670309075951e-07,8.8508852815495
"LAMTOR2",-0.392031630698071,0.161509303728571,-5.82298403396084,1.36841766041027e-08,1.83944142351991e-07,8.83676401055346
"KXD1",-0.352397568232715,0.00114105600345948,-5.81871191112636,1.4005155152764e-08,1.87863268173106e-07,8.81425646349292
"TGM2",-0.744123527930534,-0.39294771670564,-5.8163533037519,1.41855007107762e-08,1.89883484357036e-07,8.80183597019426
"PSMF1",-0.442451260148697,-0.0802322629834895,-5.81549745205074,1.42515001941452e-08,1.90367842551501e-07,8.79733004379826
"RRBP1",0.555315773936247,0.378836330751014,5.80705115158116,1.49191216300566e-08,1.98869711081234e-07,8.75289052233177
"ERGIC3",0.724052733332587,0.03416289320149,5.80160098491372,1.53660163209816e-08,2.04400029603057e-07,8.7242428260123
"RAD23A",-0.386312306975522,-0.152181394607408,-5.79711868495088,1.57433137612918e-08,2.08983489326088e-07,8.70069894207041
"SSR3",1.30395718942289,-0.393079004771387,5.79643346636109,1.5801782847027e-08,2.09324447050347e-07,8.69710104539346
"FBLN1",-0.824948910819719,0.0289467111949726,-5.79549515252497,1.58821921326205e-08,2.09954030573047e-07,8.69217477641475
"SEC61B",0.605440755273948,0.122519266156285,5.79429814450327,1.59853500020438e-08,2.10881115212912e-07,8.68589127268859
"YTHDF2",0.385019541406855,0.293391518737477,5.78940264817112,1.64140887061881e-08,2.1609063172992e-07,8.66020414987103
"ATP2A2",0.618656315846002,-0.0572604715764094,5.78611730122308,1.67080824339077e-08,2.19508449260289e-07,8.6429755534103
"APOA4",-0.828854982531013,-0.513856102327068,-5.78313502794207,1.69793989915429e-08,2.22614912856266e-07,8.62734320105566
"DAG1",-0.42234684606936,-0.498677357423567,-5.77762658686962,1.74918828197431e-08,2.28864081565696e-07,8.59848657259452
"TPD52",0.836734014291041,-0.0659659793407133,5.76923543155736,1.83016855520864e-08,2.38969861452089e-07,8.55457162209098
"LEO1",0.477354941268476,0.166635253909969,5.76522891572832,1.87011283177217e-08,2.43687151650313e-07,8.53362197412167
"NDUFS6",0.540986179126221,0.0259541999773531,5.75955463611501,1.92814275315504e-08,2.50737097329835e-07,8.50397209989905
"ATP6V1B2",-0.345872491340963,0.0625160208333731,-5.74915873256824,2.03904987831471e-08,2.64620599045517e-07,8.44971215912207
"SEC11C",1.23316905960337,-0.535979212215164,5.7311790062566,2.24572093470734e-08,2.90850469941305e-07,8.35605874217749
"RBP7",-0.775385099755933,-0.102502163552193,-5.72707860952202,2.29563924726063e-08,2.96599131387324e-07,8.33473406866159
"NEK6",0.439587715728561,0.261705762133027,5.72677337668035,2.29939812117032e-08,2.96599131387324e-07,8.3331471632077
"AK1",-0.7517623462169,-0.575024234207291,-5.72309023805367,2.34523094324345e-08,3.01901201060674e-07,8.31400398613453
"DACH1",-1.11967804771773,-0.590577757427099,-5.722552318942,2.35199889591397e-08,3.02163238438847e-07,8.31120898620879
"ENTPD1",-0.645609288427756,-0.30896446487608,-5.71218325596423,2.48624353369343e-08,3.18768372743625e-07,8.25737393055656
"MBL2",-0.981866710737975,-0.550732360621469,-5.70282170461881,2.61384053034781e-08,3.34456348422259e-07,8.20883850719446
"GMDS",0.918301992217541,-0.12637892278872,5.70195959133872,2.625907028125e-08,3.35328327491562e-07,8.20437212095467
"CASP3",0.534358398634698,0.148946929163542,5.69849901585546,2.67489147262394e-08,3.40901837379319e-07,8.18644934671872
"TMEM214",0.611414543613393,0.0467133118749038,5.6948383531839,2.72767747920917e-08,3.46634515823889e-07,8.16750001013827
"SERBP1",0.511354368360676,0.0448835307552607,5.69462872634399,2.73073079811145e-08,3.46634515823889e-07,8.16641518404106
"PPT1",-0.620881034950695,-0.194346057634336,-5.67946428536652,2.96067265221835e-08,3.75077279452662e-07,8.08802564717256
"GNE",0.660394865880307,-0.145317380146501,5.67667671113364,3.00494736313814e-08,3.79932453735387e-07,8.07363451958946
"SAA2-SAA4",-0.86681477260625,-0.65505837995842,-5.66535462087162,3.19150147833539e-08,4.02722073896669e-07,8.01524279534287
"HSPB1",0.849865752666281,-0.604175317977547,5.65832052394386,3.31303607362776e-08,4.17233438463772e-07,7.97901393172153
"PDE5A",-0.715219081404816,-0.808459822055663,-5.65282995266039,3.41102440214459e-08,4.28728165505772e-07,7.95076067339951
"C8B",-0.71175940847098,-0.155394774724449,-5.64965331181574,3.46900031697897e-08,4.35158487699621e-07,7.93442469410125
"SERPINA10",-0.682187748181609,-0.303060319138703,-5.64198950259237,3.61285059909482e-08,4.52314726965107e-07,7.89504442541833
"QKI",-0.453253337923507,-0.0954059832532052,-5.64021723562058,3.64693449133345e-08,4.55688389964071e-07,7.88594394830703
"CDK17",-0.371069099841298,-0.150388032785234,-5.63163730732371,3.81642116088424e-08,4.75934552973552e-07,7.84191987300631
"TTR",-0.673632168153357,-0.44474395698817,-5.6221816102615,4.0120979634144e-08,4.9936151065109e-07,7.79346617121397
"NDUFB3",0.608963876117629,-0.0365177560600001,5.62005155074873,4.0575079515793e-08,5.04030900210775e-07,7.78256040192095
"ASAP2",-0.550137920089671,-0.239470801559793,-5.61567323703891,4.15242520942408e-08,5.1482009635287e-07,7.76015441923311
"KNG1",-0.752264620477129,-0.418945689543106,-5.61115410865804,4.2526624503051e-08,5.26225770255776e-07,7.73704292970329
"FAM107B",0.643606169920275,-0.0507816420162613,5.60898434052565,4.30162291016426e-08,5.31254589582181e-07,7.72595187158239
"STK17B",0.561073973217244,0.0722248296850284,5.60843207042095,4.31417218092402e-08,5.3177585666409e-07,7.72312943486614
"MMP9",-1.20439603473019,-0.729989806582799,-5.60794959278439,4.32516472874995e-08,5.3210359909573e-07,7.720663867942
"CTDSP1",-0.440948621475874,-0.229882537685202,-5.60645635515596,4.35935910453253e-08,5.35278997739234e-07,7.71303420459772
"PECR",-0.679468311149331,-0.226211228223534,-5.60486624277053,4.39606130877155e-08,5.38749548109527e-07,7.70491140617914
"NUCKS1",0.831486804575091,-0.140357592119949,5.60391966665382,4.4180524286292e-08,5.40407370819874e-07,7.70007689848639
"LRP1",-0.558770246586547,0.0825885759263943,-5.60274195934984,4.4455628613201e-08,5.42732674369576e-07,7.69406286127105
"RBP4",-0.814500468164579,-0.532900338234325,-5.60106162485975,4.48510333295328e-08,5.46514976734861e-07,7.68548393357367
"NCAM2",1.00394164530454,-1.22626737337272,5.5967553125311,4.58800657200926e-08,5.57988989757698e-07,7.66350781096076
"COMMD5",-0.314729349429988,0.0558784313484963,-5.59260127650429,4.68944778144851e-08,5.69241902748075e-07,7.64232202279396
"ZDHHC13",0.643054851904659,-0.079384341635294,5.58710562753962,4.82701266201241e-08,5.84828763699226e-07,7.61431391936718
"HERPUD1",0.734360830514795,-0.0780576920615587,5.58513605623174,4.87726432406638e-08,5.89797967976588e-07,7.60428170901194
"DMD",-0.64704376781341,-0.786810549039654,-5.57346148662081,5.18575540985193e-08,6.25917737087043e-07,7.54487617499317
"MT1G",1.50613558555829,-1.13518850497978,5.56278493887322,5.48444964436362e-08,6.60720961872862e-07,7.49063908814376
"ARG1",-1.13406636403366,-0.66057495190226,-5.55385686791895,5.74702899885292e-08,6.91050473779207e-07,7.4453504230839
"C1S",-0.604611571505328,0.0632791041225173,-5.5522456919222,5.79570058827203e-08,6.95593012333025e-07,7.43718396722413
"HBG1",-1.49089497284248,-2.1742326643397,-5.54426007440509,6.04292003709885e-08,7.23903272736888e-07,7.39673681192774
"LTN1",0.345679786579488,-0.0276999328043731,5.54137391032868,6.13477117203792e-08,7.33530223473074e-07,7.38213026422043
"NEDD4",-0.516115050335966,-0.215124177367118,-5.53785247081688,6.24868125887301e-08,7.45753828745873e-07,7.36431720281539
"TMEM263",0.467095411634517,0.308224314229801,5.53655454913138,6.29118291616416e-08,7.49425427606495e-07,7.35775408656467
"HYOU1",0.563573763012949,0.237135905543723,5.52787758613695,6.58263290717443e-08,7.82683633376327e-07,7.31391064375809
"TP53BP2",-0.448198307161279,-0.0996757544427732,-5.52560297924132,6.66118261681405e-08,7.90551133984344e-07,7.30242682484946
"TCEAL3",1.03610337937046,-0.556511343515418,5.52492296049522,6.68484250294229e-08,7.91887187036855e-07,7.29899437272629
"PEX11B",-0.769111333268429,-0.21975290956394,-5.52345558946405,6.73617568623003e-08,7.96314258518052e-07,7.29158888831458
"S100A2",-2.22059047763269,-2.89834981565175,-5.52314308169148,6.74715761720073e-08,7.96314258518052e-07,7.29001194434912
"C5",-0.767280903936885,-0.256637453007078,-5.52274138986228,6.76129918431287e-08,7.96510983244238e-07,7.2879850779574
"LCLAT1",0.589182283775922,-0.110126994813636,5.51980323040441,6.86561777473186e-08,8.07310672037991e-07,7.2731633639435
"TAGLN",1.11893854000894,-1.31969274545245,5.51103556339178,7.18630730409935e-08,8.4346639957122e-07,7.22897331162813
"SRPK1",0.607356761609384,0.0786653680607877,5.49583407264128,7.77719020885709e-08,9.11144210707386e-07,7.15249443821802
"SNX15",-0.33331096844419,-0.111133261173751,-5.49309321953106,7.88864289145283e-08,9.22508880255061e-07,7.13872386958504
"LDB3",-0.860956684502685,-1.40722618841344,-5.48397044828769,8.27091252689595e-08,9.65443811411894e-07,7.09293050682771
"SYNRG",0.324199278458929,0.11415465821321,5.48311163062999,8.30781364065149e-08,9.67981571086857e-07,7.08862278279527
"CD5L",-0.875853267767462,-0.531496645685323,-5.48016033494529,8.43584773483091e-08,9.81109067156564e-07,7.07382372767002
"CALML3",-0.601026684937199,-0.236557854120927,-5.47918766060678,8.47846358209001e-08,9.84272544938995e-07,7.06894777739832
"GPX3",-0.765551137860076,-0.28062577772985,-5.46971538360111,8.90457365503206e-08,1.0318639344352e-06,7.02150159528808
"MRPL48",0.502769397253257,0.208556654377957,5.46573976844002,9.08955767543859e-08,1.05139177097238e-06,7.0016083099667
"NFYA",-0.634837826642823,-0.179326764254695,-5.46466320291517,9.14028953552578e-08,1.05534807747436e-06,6.99622343809079
"SP3",0.408195007216877,0.231852770073716,5.46362653316615,9.18940154591701e-08,1.05910340921805e-06,6.99103895653144
"ZNF384",0.532565354752998,0.101059581192467,5.45665924467422,9.52619729277467e-08,1.09594179665525e-06,6.95621617949516
"GDPD3",1.28465200179981,-1.25302533015077,5.45626458156077,9.54563016937137e-08,1.09620231351504e-06,6.95424474697379
"LRRC59",0.658373206209717,0.214213637502836,5.45226536276176,9.74473540189764e-08,1.11705808870945e-06,6.93427444372729
"PPP3CC",-0.363725949540783,-0.0878741044036483,-5.44866278962179,9.92754634929054e-08,1.13597461362402e-06,6.91629527007275
"ANXA4",-0.569523541447589,0.0555788537394558,-5.44577630453095,1.0076421969635e-07,1.15094730368729e-06,6.90189699565011
"C8G",-0.666400797659533,-0.16326486995699,-5.44123354563597,1.03151293750502e-07,1.17610894749456e-06,6.87924984665586
"EPN3",0.721153672710981,-0.156699941528094,5.43896762260277,1.04362425917429e-07,1.1877969509497e-06,6.86795937237296
"PARD3B",-0.51190233519531,-0.380311823882898,-5.43581544038772,1.06070282016827e-07,1.20508674497765e-06,6.85225944260717
"LTBP2",-0.929017206353337,0.218604274846568,-5.43481084233024,1.06620261705718e-07,1.20918360744407e-06,6.84725748433055
"ASCC2",0.394828518602498,0.0538812575005043,5.43356026982861,1.07308777846775e-07,1.21483430239656e-06,6.84103188245134
"MPI",0.503617747145856,-0.0311635784830038,5.43129657939245,1.08566086621711e-07,1.22689285500819e-06,6.82976581927892
"RUFY3",0.469437796478325,-0.321608689331472,5.42835205575769,1.10222993543291e-07,1.24341663210939e-06,6.81511721590737
"ACTBL2",-0.547745724472992,-0.17980062126672,-5.42800315226672,1.10420945787597e-07,1.2434528022113e-06,6.81338190848712
"B3GNT2",-0.420819176341845,-0.0562838277700655,-5.40487727854014,1.24341222755339e-07,1.39774420298035e-06,6.69857097411873
"BCAM",-0.749656251683022,-1.21707645575641,-5.40091035140486,1.26894542719938e-07,1.4239396401877e-06,6.67891794045387
"SFN",0.848379970625012,0.113840121577838,5.40046802895356,1.2718238224986e-07,1.42466580818484e-06,6.67672732578226
"CYB5R3",-0.436054124110146,-0.231109203441273,-5.39901806882619,1.28130394040547e-07,1.43277156908738e-06,6.66954740971864
"ATP12A",-0.747020044679436,-0.00345524397585879,-5.39547459648939,1.30476174150635e-07,1.45645169921644e-06,6.65200762802318
"EMC3",0.484533973748494,-0.0918280912694198,5.3933833002324,1.31880140927759e-07,1.46955444995417e-06,6.64166047656425
"VPS16",-0.259120697967425,0.0705977392726763,-5.39085418500567,1.33597652434838e-07,1.48609932194502e-06,6.62915160733662
"RBM47",0.585177077424971,-0.00711615788788041,5.3844672141749,1.38032339054938e-07,1.5327591041144e-06,6.59758387140642
"GULP1",-0.743003447963402,0.056741307288235,-5.38145026678389,1.40176529400987e-07,1.55386656289115e-06,6.58268345200341
"SEC62",0.652850628419584,0.0174036093751718,5.38108558503053,1.40437896391913e-07,1.55406580322767e-06,6.58088279731505
"CDC42EP1",-0.490172330458172,-0.0239479314313221,-5.37629720544287,1.43913959277575e-07,1.58977617644864e-06,6.55724915749452
"KDF1",0.652791887603478,-0.0188068230315006,5.37455824853482,1.45196908315617e-07,1.6011783412698e-06,6.54867068719173
"TDP2",0.51172015228797,-0.311956214272082,5.36958978878542,1.48924016706939e-07,1.63944801150656e-06,6.52417354066462
"RERG",-0.736527972277149,-0.62059346294982,-5.36889827235318,1.49450072960982e-07,1.64240742832335e-06,6.52076550383512
"COX6B1",0.500003769758127,-0.0834077441117824,5.36574044638328,1.51875354269914e-07,1.66619267528076e-06,6.50520730429437
"UBE2R2",0.324748365138758,0.199997927301066,5.35880116872941,1.57339956988608e-07,1.72318289086151e-06,6.47104536993602
"ZFYVE21",-0.464279119683587,-0.282442307997955,-5.35694956320662,1.58830060717373e-07,1.73652386589114e-06,6.46193622247552
"C8A",-0.71239997999778,-0.193420785928172,-5.3551609913898,1.6028244847621e-07,1.74940757866769e-06,6.45313968482111
"ZBTB7B",0.535188895731476,0.0639673758740293,5.35421440533239,1.6105632410662e-07,1.7548543164177e-06,6.44848519197902
"RAB1B",0.432483511511361,-0.102524637066432,5.35133102838754,1.63436042673685e-07,1.77774979978105e-06,6.4343114920018
"C4A",-1.13106715268819,-0.872021084801508,-5.35043880762423,1.64179307661617e-07,1.78279741397862e-06,6.42992693738577
"DNAJC25",0.597349311703217,-0.16972011042516,5.34863992250101,1.65687865812071e-07,1.79612397828536e-06,6.42108871656086
"AKR1C1",-1.36316326041649,-1.73926986142224,-5.34748098211804,1.66666883414704e-07,1.80367466203879e-06,6.41539597266281
"CFI",-0.63598036069805,-0.20249323119622,-5.34017883498341,1.72965869532166e-07,1.86685390694857e-06,6.37955148588285
"NDUFB5",0.601835282136848,-0.122542050778328,5.34003792685373,1.7308966529578e-07,1.86685390694857e-06,6.37886020652388
"COPS8",-0.277108744587749,-0.00456364625706132,-5.33772384857953,1.75135066963542e-07,1.88524627445441e-06,6.36750979349727
"SETMAR",-0.419922794653071,-0.116046274108796,-5.33744234797579,1.75385479565531e-07,1.88524627445441e-06,6.36612933230921
"PLCB4",-0.809781927415632,-0.591027208710309,-5.33633582953738,1.76373171749817e-07,1.89267680944972e-06,6.36070362887021
"CXCL12",-0.911866929850922,-0.656267401123328,-5.33074063859279,1.81450805190291e-07,1.94264889844447e-06,6.33328264884851
"C15orf40",-0.391087299261795,0.0325390115442278,-5.3305368117147,1.8163843263451e-07,1.94264889844447e-06,6.33228418826329
"C6",-0.779616820851482,-0.215644796956735,-5.32999458784534,1.82138480189208e-07,1.94473945820752e-06,6.32962822205967
"DYNLT1",0.48946734032874,-0.00546846035192303,5.32947352256232,1.82620274387121e-07,1.94662846738191e-06,6.32707611071591
"TFF3",1.5830875738259,-1.20834546417025,5.32615624406977,1.85716685992831e-07,1.97354122776367e-06,6.31083342468231
"CTNNBIP1",-0.477744518774736,-0.0549870271819953,-5.32610678187011,1.85763238509939e-07,1.97354122776367e-06,6.31059130288036
"EFEMP1",-0.807617769322929,0.205658765600843,-5.32444144272597,1.87337241866237e-07,1.98695729122247e-06,6.30244042586937
"MFAP4",-1.38697926128951,-0.616490076119884,-5.32156261741708,1.90088771981957e-07,2.01279736169949e-06,6.28835529049537
"SDF2L1",0.563084857276004,0.0870963514784629,5.31846245220034,1.93095733747421e-07,2.0412520860551e-06,6.27319438139234
"APOC1",-0.855539888437239,-0.403265040249262,-5.31327077816672,1.98235054254766e-07,2.09211706019286e-06,6.24782190646542
"PTRH2",0.660342802949612,-0.0910135362017525,5.31107863455942,2.00444747635716e-07,2.1119467222014e-06,6.23711484258508
"SELENOM",0.565637123229298,-0.126101299241047,5.30486376535803,2.06840164626033e-07,2.17291035017305e-06,6.20677985256332
"IQSEC1",-0.789794270024827,-0.349674063073948,-5.30479556641997,2.06911431935037e-07,2.17291035017305e-06,6.20644713715853
"PRKACB",0.54608846785059,-0.507567675189028,5.30017663136268,2.11794060761126e-07,2.22053378975334e-06,6.1839215837417
"GUSB",0.870027144136782,-0.360894063826965,5.29907522190199,2.12974761422534e-07,2.22925221587357e-06,6.1785526879521
"GYPA",-1.06836816642257,-0.945745365512567,-5.28828242574787,2.24887793859275e-07,2.35009584908588e-06,6.1259922339987
"JAK1",-0.30048107501043,-0.188103528110261,-5.2875903199849,2.25673417413773e-07,2.35445223886755e-06,6.122624791589
"ARRDC1",-0.421503732962645,0.0393356098506717,-5.28708175501268,2.26252397213409e-07,2.3566420166519e-06,6.12015060429864
"COX4I1",0.523496348862073,-0.0508904889606285,5.28537213055719,2.28209321599491e-07,2.37315393878298e-06,6.11183468998801
"GNA11",-0.413009423532161,-0.484632221915001,-5.28390387627568,2.29903065628693e-07,2.3868797951857e-06,6.10469465344525
"LHPP",0.576314454090924,-0.293481900994927,5.27426468665351,2.41329464109373e-07,2.50144257847135e-06,6.05786139308074
"CLIC4",-0.461635772425877,-0.151119972596054,-5.26882866453822,2.48014456163061e-07,2.56656775137949e-06,6.03148160254409
"NDUFV1",0.41499976807319,-0.0408783464452375,5.26794186553805,2.49121916898664e-07,2.57385669805497e-06,6.02718034588848
"CHCHD10",0.726917424854892,0.0580717338315127,5.26702735718525,2.50269007393761e-07,2.58153087594372e-06,6.02274533041964
"COL1A1",1.14654346766946,-0.506714747073192,5.26667287818937,2.50715016149442e-07,2.58196028728094e-06,6.02102641784157
"PYM1",0.441816557819195,0.268465771730523,5.26584374091009,2.51761258358576e-07,2.58855979809905e-06,6.01700620996107
"RBM25",0.293391623105096,0.285842206571734,5.26466358570151,2.5325774031017e-07,2.59975992263735e-06,6.01128495612141
"CISD3",0.82372464326382,-0.10595301237168,5.2628483737419,2.55576360442428e-07,2.61847235555383e-06,6.00248713599361
"BRK1",-0.372463335682174,-0.0793780205423746,-5.26233429661939,2.56236739281952e-07,2.61847235555383e-06,5.99999601492053
"NANS",0.618933637532387,0.0164186994468704,5.26227663062994,2.56310919690077e-07,2.61847235555383e-06,5.99971658920137
"TM9SF3",0.634562273569815,0.0756222241784071,5.26098786858605,2.57974205345578e-07,2.63125447465098e-06,5.99347245213814
"DSC2",0.913742962178013,-0.349579531521958,5.2578896628239,2.62015738328449e-07,2.66821449637504e-06,5.97846672810548
"C1R",-0.578805280159326,0.0537718608248389,-5.25601164242109,2.64495404349973e-07,2.68917700123341e-06,5.96937443637503
"ACBD3",0.34821182763237,0.283338736675976,5.25382863869687,2.67406379787218e-07,2.71445108893702e-06,5.95880904127815
"PSMB4",-0.291262200638801,0.0850950350878422,-5.2500133274199,2.72568796189845e-07,2.7590822554305e-06,5.94035244233195
"VPS11",-0.281186544315461,0.0690325586129047,-5.2499411892638,2.72667330176452e-07,2.7590822554305e-06,5.94000358260347
"GBF1",0.297870399632884,0.118030777543478,5.24745770402786,2.76080692713094e-07,2.78920130217263e-06,5.92799593308966
"SERPINB6",-0.603443288476731,-0.258957589206557,-5.24695995805612,2.76769776306303e-07,2.79174568991428e-06,5.92558990953214
"YWHAQ",0.338769155480721,0.0716587524677601,5.23349751018661,2.96053165298906e-07,2.98154489027368e-06,5.86058784210126
"NRDC",0.374985200858613,0.174429563348994,5.23307794748212,2.96674611169594e-07,2.98309825561867e-06,5.85856429648575
"SNX1",-0.322264938768474,0.159535221140532,-5.23225967425251,2.97890259540596e-07,2.98833841023662e-06,5.85461817007609
"GIGYF2",0.254693916789434,0.212207794734141,5.23209747256175,2.98131803809042e-07,2.98833841023662e-06,5.85383601370294
"AP2S1",-0.424830391678198,0.0403996107509364,-5.23146215484064,2.990797241649e-07,2.99314112663462e-06,5.8507726316411
"HABP2",-0.707387595060445,-0.190606796685083,-5.22500380284469,3.08883266584165e-07,3.08641573887307e-06,5.81964955092363
"SKAP2",-0.541448961179461,0.0219331165983947,-5.22348272173244,3.11237165624193e-07,3.10507703517261e-06,5.81232413085168
"SERPINA1",-0.680965649903074,-0.628663287495849,-5.2145782626364,3.25369980636563e-07,3.24100986952333e-06,5.76947712498714
"STAM",-0.311588801193422,0.109727021848726,-5.21156689768449,3.30288840718583e-07,3.28488200621207e-06,5.75500087570388
"SCARB1",-0.668942649919708,-0.0725764370667035,-5.20591378547169,3.39718282125306e-07,3.37340782483683e-06,5.72784434751742
"EDF1",0.765234659063959,0.0646356086491188,5.20284608513834,3.44943960402419e-07,3.41998010430038e-06,5.71311812923193
"LAD1",1.00731860966685,-0.0734296197306539,5.20191453380293,3.46546182161035e-07,3.43053856294296e-06,5.70864775813727
"EIF5",0.347231595174078,0.25320041455556,5.19460266799649,3.59375300665424e-07,3.55202986803209e-06,5.6735828223244
"STT3B",0.611585909256289,-0.117996222899796,5.1914049366219,3.65129552143384e-07,3.60332641489259e-06,5.65826086702608
"MIA2",0.478389030934113,0.0115847784987689,5.18903243710244,3.6945643598506e-07,3.64040022185896e-06,5.64689819052864
"ARHGEF37",-0.603688041929025,-0.596183771213869,-5.18796003584785,3.71428518967225e-07,3.65419274823688e-06,5.64176355664201
"LMBRD2",0.641439973177126,-0.087642109681706,5.18421507387485,3.78395648092791e-07,3.71700955857303e-06,5.62383982614977
"ARFGAP3",0.4768320932674,0.214582167873031,5.1836748575654,3.79411064637119e-07,3.7212590594593e-06,5.62125520831645
"A1BG",-0.604850031898685,-0.485723338461086,-5.18313628563014,3.80426019557943e-07,3.7254910044133e-06,5.61867868547998
"CXCL13",1.19757531106322,-0.868563661174843,5.17794270598364,3.90349512361722e-07,3.81681720739602e-06,5.59384431757063
"APPL1",-0.299095212982447,-0.16509345165973,-5.17604558003103,3.94036594261074e-07,3.84697806476599e-06,5.58477801968037
"SLC39A11",0.753879242712474,-0.18841228807341,5.17546963940428,3.95162604526962e-07,3.85208126703e-06,5.58202617818989
"COG1",0.367043281479709,0.157270027939396,5.17422714646298,3.97602410504329e-07,3.86995638882643e-06,5.57609043890607
"ARRB1",-0.542990152315566,-0.362592242869032,-5.17044283437348,4.05123726892295e-07,3.93716133364887e-06,5.55801917263344
"EPN2",-0.446348665613264,-0.178972988795287,-5.16758505371121,4.10894770259274e-07,3.98320986168794e-06,5.5443798275743
"CCDC102A",-0.4136799934454,-0.194646729583906,-5.16747938540476,4.11109678755263e-07,3.98320986168794e-06,5.54387562674106
"PLCG1",-0.37855513836435,0.00435404289814533,-5.16504130435474,4.16098618766305e-07,4.02543891033766e-06,5.53224465261957
"DOCK11",-0.406420638881956,-0.101230780874747,-5.16215837179303,4.22073575883998e-07,4.07706472317599e-06,5.51849751512009
"TOM1L2",-0.430481212325939,-0.403390643207307,-5.15373057512973,4.40021158955167e-07,4.24401072496788e-06,5.47834736421428
"BET1L",0.599285956852255,0.229865532237223,5.14462307827204,4.60247429188112e-07,4.43239794172865e-06,5.43502185575077
"ARL8B",-0.472683529280703,-0.126054634933143,-5.1379399484495,4.75659681532575e-07,4.57392630509863e-06,5.40327085838942
"UBE2G1",0.405681037137622,-0.0573440152872174,5.13478586926667,4.83105998041316e-07,4.63854405638166e-06,5.38829829516328
"MINK1",-0.371056282932353,-0.177372406496497,-5.12807466951894,4.99327843170611e-07,4.78709951748401e-06,5.3564659717676
"STK10",-0.381255120940032,-0.0216671540742736,-5.12727731086374,5.01289879381254e-07,4.79489631371549e-06,5.3526863258916
"COPG1",0.324889907994112,0.278251155304688,5.12713411446035,5.01643028592317e-07,4.79489631371549e-06,5.3520075981964
"CPB2",-0.766996753639297,-0.160401275255378,-5.12638895691077,5.03484620683671e-07,4.80530538574775e-06,5.34847593314412
"TBC1D2",-0.504745353043461,0.0192026165704161,-5.12605827236671,5.04303975313834e-07,4.80594161549079e-06,5.34690879793054
"TMX1",0.564107580761392,-0.0107226365023922,5.11919047962742,5.21615582907423e-07,4.96351042751699e-06,5.31438136482454
"FER",-0.31625674179492,-0.235158582653309,-5.11685155918846,5.2764163468828e-07,5.01338071054266e-06,5.30331218983869
"PDAP1",0.414860447133472,0.201256195019396,5.11395074669912,5.35209082094923e-07,5.07772658124233e-06,5.28958979635044
"CAB39L",-0.778941617938655,-0.779173688125958,-5.11306148132166,5.3754991681035e-07,5.0923682772019e-06,5.28538442472429
"COL1A2",0.968356045911383,-0.412833010315148,5.1115199393994,5.41631269076766e-07,5.12343059711874e-06,5.27809588887388
"HDLBP",0.338902898249253,0.392178355322135,5.10558106203509,5.57637280895374e-07,5.26703260135645e-06,5.25003391629172
"SPINT2",0.856921735851191,-0.163302637587352,5.10516442263017,5.58777210671428e-07,5.2700036781936e-06,5.24806628533414
"HBE1",-1.20221732600605,-1.42005754783485,-5.10482827319748,5.59698563642038e-07,5.27090756468203e-06,5.24647887805432
"G3BP2",0.335105745022132,0.189165325362957,5.10182921937193,5.6798406003574e-07,5.34105776631546e-06,5.23232031522785
"ANPEP",1.02605121936555,-1.147686431557,5.09929197965365,5.75086345517511e-07,5.39948116193904e-06,5.22034752628797
"HSPA5",0.411056932465111,0.279930804361418,5.09900740310739,5.75888280545104e-07,5.39948116193904e-06,5.2190049765532
"ACAP2",-0.282469543352567,0.0541035824229005,-5.09435998986627,5.89138931116092e-07,5.50557277108155e-06,5.19708887827156
"EIF3J",0.362682083385641,0.243263290784034,5.09430517105639,5.89296978004939e-07,5.50557277108155e-06,5.19683046757912
"ARHGEF12",-0.359745881618703,-0.00860766561991529,-5.09413411454967,5.89790411185557e-07,5.50557277108155e-06,5.19602413862431
"IDH2",0.599818253882972,0.137335465112815,5.09017783688064,6.01315048842028e-07,5.60495852095818e-06,5.17738142339702
"AP1G1",0.317887640984986,0.0926623590562157,5.08804510880847,6.07617834190614e-07,5.65545170744471e-06,5.16733674401626
"HOPX",-0.893401265183294,-0.421328718995064,-5.08473572277135,6.17524784148136e-07,5.73929511904781e-06,5.15175738345731
"GNB1",-0.314722256743107,-0.192604777883641,-5.08374310304276,6.2052664822739e-07,5.75881198972658e-06,5.14708618655552
"SAP18",0.291676162739247,0.317486264857356,5.0826083097279,6.23975781073421e-07,5.78241707134077e-06,5.14174688556873
"LUM",-0.807063957699288,-0.778566712751122,-5.08211212745395,6.25489721498067e-07,5.78804619096399e-06,5.1394126249347
"TBL2",0.433673790635235,0.161813854187365,5.08011371368691,6.31623323426495e-07,5.83634575988157e-06,5.13001317519591
"COMMD10",-0.312935561590659,0.128008816834042,-5.07663340241015,6.42444499884931e-07,5.92775741584579e-06,5.11365122897735
"RBM6",0.433158859173702,-0.0486983178500341,5.06948737475223,6.65228769114789e-07,6.12912798094939e-06,5.08008574146961
"TMOD2",-0.518378857946971,-0.711572305246953,-5.06789197959231,6.70421288304043e-07,6.16806905737942e-06,5.07259755788272
"PPM1G",0.409055226339088,0.201460348971454,5.06434652558347,6.82101504848434e-07,6.26650087547806e-06,5.05596375061038
"RBMS2",-0.380006440876192,0.0358200959685162,-5.05755738586169,7.05019922778383e-07,6.46774742376433e-06,5.02413970231698
"INSR",0.478557736580405,-0.453436755072877,5.05635624999907,7.09151508479565e-07,6.49631618600003e-06,5.018513188951
"TMF1",0.372440929991882,0.155355399183244,5.05316238765354,7.20251862440673e-07,6.58855034625171e-06,5.00355765710825
"SRP72",0.343144173211025,0.285670109629831,5.05173261161915,7.25275404292684e-07,6.62501209786664e-06,4.99686523032872
"AP5M1",-0.277361153333292,-0.0138774913701754,-5.04850623941666,7.36736221451015e-07,6.72008681994962e-06,4.98176934019549
"TBCEL",-0.332715039369327,-0.161536722722885,-5.04656119351449,7.43729943974819e-07,6.77420212878633e-06,4.97267264426702
"METAP1",0.349394665604536,0.183104390493502,5.04348123082924,7.54936043439328e-07,6.86647669139617e-06,4.95827424848172
"RAP1GDS1",0.456557388575482,-0.0585965445310854,5.03207204307449,7.97888178618031e-07,7.24682221973845e-06,4.90500350593595
"SF3B4",0.456974793853802,0.207534799035249,5.02736445645338,8.16291652886439e-07,7.40344063022715e-06,4.88305340410089
"SSR1",0.59789857548013,-0.0297247840572202,5.02531289342206,8.24439749100457e-07,7.46673446525733e-06,4.87349307522111
"PGM5",-0.84260842856043,-1.48048770865207,-5.02338808173351,8.32155940499652e-07,7.51538235812353e-06,4.86452645268962
"FLNA",0.649417651866662,-0.938333361424461,5.023385761905,8.32165282254242e-07,7.51538235812353e-06,4.8645156476816
"PTMA",0.671082095217097,-0.0154841727885202,5.0151169051935,8.66116039634904e-07,7.8109476173289e-06,4.82602919493093
"SLC25A4",0.648635016919695,-0.556322314410533,5.01323883821134,8.74011795808229e-07,7.87103711739851e-06,4.81729552617828
"RPL30",0.309499609661471,0.317529877943681,5.00559998467491,9.06850591432649e-07,8.14508268334788e-06,4.7818011171133
"NTM",-0.742133866325202,-0.7965195179135,-5.00556731972021,9.06993545475386e-07,8.14508268334788e-06,4.78164943712642
"ZFP91",0.364964556279538,0.00345612450156884,4.99781606861694,9.41539342363173e-07,8.4434391867821e-06,4.74568046937339
"TREX1",-0.432248282039669,-0.215528389092314,-4.99355132078166,9.61085638951312e-07,8.6066364722358e-06,4.72591071702539
"ERGIC2",0.562156910352542,0.11067202772336,4.99321567280165,9.62640536973762e-07,8.60848715487041e-06,4.72435539582936
"GORAB",0.544488974100586,0.127921199417362,4.99244718655082,9.66209736130248e-07,8.62832051075753e-06,4.72079473259813
"FBXL20",0.647969083254405,-0.450296959804972,4.99182570733279,9.69105524057244e-07,8.64209325573394e-06,4.71791554829471
"RAB10",0.437720545167484,-0.0636946401425887,4.99089423574082,9.73461446024769e-07,8.66883031083424e-06,4.71360081034108
"TTYH3",0.773325190196667,0.178157335803094,4.98518214703739,1.00059034575894e-06,8.89800746193706e-06,4.6871565578397
"SEC63",0.562796038680304,-0.100477833381702,4.98282925670132,1.01197644503035e-06,8.98674492561725e-06,4.67627136444626
"PDIA6",0.449800016126062,0.274833332965668,4.98056682480945,1.02304288482998e-06,9.07240113838805e-06,4.66580882595122
"CLIP2",-0.384412070797721,-0.0624208662211014,-4.97855016809769,1.03300570258109e-06,9.13804518362691e-06,4.65648631019894
"MANF",0.541457602671977,0.290205785665202,4.97848936524608,1.03330753681733e-06,9.13804518362691e-06,4.65620528375304
"BORCS7",-0.347373057190664,0.0338990101892521,-4.9780036612261,1.03572170556743e-06,9.14672626562663e-06,4.65396050035012
"NPM3",0.710605461382994,-0.0566584149317264,4.97390207806329,1.05632705890184e-06,9.31581252912745e-06,4.63501168148209
"CASP7",0.491349597817716,-0.0472232784684676,4.97204434228809,1.06578975381259e-06,9.38630010771504e-06,4.62643358710816
"OCRL",0.368662132371568,-0.0125258072928239,4.96164201496203,1.12030899572515e-06,9.85285528609515e-06,4.57845179215471
"HOOK1",0.488233980402904,0.145623463277911,4.95859123877904,1.13680308730317e-06,9.98416466634215e-06,4.56439617957461
"KIAA0319L",0.58713563351434,-0.0256475878152886,4.95568883335254,1.15271273376723e-06,1.0109987369648e-05,4.55103105355409
"YTHDF3",0.341182442080623,0.191814351399665,4.95183744644028,1.17415683368739e-06,1.02839387971111e-05,4.53330641933402
"AQP1",-0.742472212595976,-0.834536528367659,-4.94902855079215,1.19003907042969e-06,1.04087663899912e-05,4.52038696420529
"ST14",0.618865216533133,-0.0107946500600768,4.94386163482389,1.21979806953113e-06,1.06544605662876e-05,4.49663833909186
"EIF2B2",0.272160394145649,0.182715811266876,4.94338441009123,1.22258265574615e-06,1.0659547960923e-05,4.49444595589556
"NECAP1",0.392418182446531,-0.101535633560379,4.94318988809328,1.22371944484832e-06,1.0659547960923e-05,4.49355236895028
"COQ8A",-0.599890831602026,-0.184693820110641,-4.93943597438527,1.2458584839994e-06,1.08376109268885e-05,4.47631373414975
"PLS3",-0.695169319832207,0.310897015234816,-4.93336344146031,1.28249358053706e-06,1.11411177030328e-05,4.44845149312002
"MRPS21",0.611116529406572,0.229029644013929,4.93153851144499,1.29370516889153e-06,1.12232438904516e-05,4.44008405062055
"PGRMC2",0.578073991177933,-0.139534214049888,4.93090169665099,1.29763972957125e-06,1.12272573719617e-05,4.43716483484369
"AKR1C2",-1.63636133298724,-2.35943862220063,-4.93089445090075,1.29768456390098e-06,1.12272573719617e-05,4.43713162154936
"SLC38A10",0.458455251266258,0.00166867875560895,4.929952248647,1.3035273720153e-06,1.12476581573433e-05,4.4328130842778
"MRPS12",0.51312722396427,0.111266142619148,4.92994608036018,1.30356570656759e-06,1.12476581573433e-05,4.43278481458627
"CCDC22",-0.210446844590386,-0.0109147355845053,-4.92581471889175,1.329487394772e-06,1.14558394272864e-05,4.41385734830267
"AFM",-0.700412058537996,-0.529681121567639,-4.92347695668056,1.34437527671274e-06,1.15685123204998e-05,4.4031531625221
"PALM",-0.706900799980292,-0.691274116532026,-4.91677777337651,1.38793614006918e-06,1.19272843261665e-05,4.37250311326717
"DOCK6",-0.363605124870713,-0.0755336441971555,-4.91566128915891,1.39532730512983e-06,1.19746839291048e-05,4.36739848531151
"TMEM87B",0.598624122775565,0.141156522969864,4.91420300082524,1.40503850860606e-06,1.20321524613758e-05,4.360732617045
"TOX4",0.32551069238255,0.130034595578426,4.91409017034117,1.40579259767993e-06,1.20321524613758e-05,4.36021693756374
"WDR13",-0.342629652158376,-0.104325638377977,-4.91237341392255,1.4173146765979e-06,1.21145304017103e-05,4.35237194965154
"RASGRP2",-0.49132346597482,-0.323484447157651,-4.90325467722492,1.48006094335442e-06,1.26339426782326e-05,4.31074213046916
"RILPL1",-0.364897420604122,-0.116669975096357,-4.90159782862487,1.49174620148879e-06,1.27166882463363e-05,4.30318528277038
"HBD",-1.12816433441478,-1.95471969873875,-4.89962720682088,1.50576044304875e-06,1.281130757083e-05,4.29420019565854
"TRADD",0.380378965189437,-0.0332436868340241,4.89947354184598,1.50685857254398e-06,1.281130757083e-05,4.29349968852196
"ACTR1B",-0.376077483383775,-0.122149154648716,-4.89909388167825,1.50957503912934e-06,1.28173359372884e-05,4.29176902640863
"CCNK",0.35861635195527,0.0759505582494196,4.89869293520197,1.5124489436943e-06,1.28246832742206e-05,4.28994145751899
"PAK1",0.521141133956105,0.0302064181336638,4.88971928835803,1.57817030423075e-06,1.33642140484261e-05,4.24907217270072
"FGF2",-0.819911641500325,-1.26401101892256,-4.88939905878777,1.58056584812808e-06,1.33667721063547e-05,4.24761492659305
"SLC12A7",0.552340156079632,-0.124585456719088,4.88840068862623,1.58805692359392e-06,1.34123590703005e-05,4.24307224358523
"RRAGB",-0.264014832581694,0.000374749569971602,-4.88469363769796,1.61617319052819e-06,1.36317910456043e-05,4.22621181389306
"TMEM238",0.695701074333378,-0.371177202662592,4.88192603492777,1.6374769370111e-06,1.37932588955354e-05,4.21363139945081
"COMMD6",-0.299368383274762,0.0672673463063892,-4.87920122890054,1.65871600312414e-06,1.39537571540812e-05,4.20125154669575
"CDK12",0.397369901596185,0.116939192381624,4.87685132037887,1.67724624651491e-06,1.40910753736812e-05,4.19057980084845
"MRC1",-0.66299500876334,-0.557133733854524,-4.87641782294956,1.68068636378025e-06,1.41014223820458e-05,4.18861162530171
"NRBP2",-0.458886410575282,-0.223941966200713,-4.87428309406427,1.69772660180399e-06,1.42257012500243e-05,4.17892168569379
"CYCS",0.666916596901742,0.140396154702606,4.86839630530507,1.74558590078906e-06,1.46075569810461e-05,4.15221945886328
"PGS1",-0.415241400524919,-0.145568818936502,-4.86489044038018,1.77470445077993e-06,1.48274961281889e-05,4.13633027392402
"RELL1",0.547965232955462,-0.540535836556807,4.86467454517839,1.7765128485614e-06,1.48274961281889e-05,4.13535212352962
"LGALSL",-0.519598733156195,-0.345109572980978,-4.86052313125742,1.81163417634488e-06,1.51008932323264e-05,4.11655073848801
"IFI30",-0.63130687367604,-0.141128259536981,-4.85065368588936,1.89784201051123e-06,1.57988542856769e-05,4.07190871753507
"PTPRA",-0.343439339697279,-0.136969836654072,-4.85010048279568,1.90278953937065e-06,1.58194156365646e-05,4.06940876560047
"BID",-0.366392080722473,0.0711654437366613,-4.84928605798881,1.91009594308772e-06,1.58595092283681e-05,4.06572878956925
"COMMD2",-0.301553546208383,-0.0291013644283222,-4.83942418578449,2.00074646609517e-06,1.65906054363865e-05,4.02121046794481
"CPNE2",-0.431751240203017,-0.112641616612619,-4.83773668202966,2.01666836630863e-06,1.66862851185401e-05,4.01360063600146
"BST1",-0.663457717905353,-0.217790828108075,-4.83764766062015,2.01751168543665e-06,1.66862851185401e-05,4.01319925608317
"ESRP1",0.608035278932137,0.0980512087410557,4.83588319538385,2.03429723216595e-06,1.68033477715131e-05,4.00524495324717
"SGPL1",0.538824537014197,0.0231771914466634,4.83037780093709,2.0875412693203e-06,1.72208669310208e-05,3.98044252200207
"CALU",0.572615873416624,0.229316330136008,4.82998478160763,2.09139324747796e-06,1.72298334482186e-05,3.97867286229822
"PPCS",0.40117096110265,0.151151919690047,4.82971664588562,2.09402517710534e-06,1.72298334482186e-05,3.97746559138058
"TP53",1.11343590956821,-0.816369948188197,4.82806434778032,2.11031423433709e-06,1.73415140106079e-05,3.97002746511688
"EFNB2",-0.842672671111526,-0.695161809518549,-4.82743202221044,2.1165802559268e-06,1.73706490155432e-05,3.96718151860932
"PPP4R3A",0.323973433842955,0.085944045874674,4.82477897177004,2.14306682909012e-06,1.75654450625679e-05,3.95524429744262
"YAP1",-0.393365399404424,0.0440960846828168,-4.82269949333508,2.16405043608355e-06,1.7714694915889e-05,3.94589180621741
"STXBP3",-0.2805242745506,-0.0501076092342167,-4.81725111703782,2.21997319864401e-06,1.81492047033828e-05,3.92140423516108
"SNTA1",-0.540228882412394,-0.342337535474283,-4.81081995175267,2.28777825345509e-06,1.86796216730317e-05,3.8925304776133
"TMED2",0.48523078043359,0.129660407585822,4.80887144278823,2.30871308605482e-06,1.88264789967561e-05,3.88378894422013
"DSTN",0.520039978706144,-0.501002123771279,4.80849024493329,2.31283024003758e-06,1.88359962788775e-05,3.88207914826046
"HLA-DRB5",-1.84097035091326,-1.73948244395764,-4.80236282768916,2.37998965847149e-06,1.93582598335548e-05,3.85461185579506
"COPZ1",0.349534707009575,0.1920142272784,4.80091935843648,2.39608236156403e-06,1.94432929098246e-05,3.84814566453515
"RPS2",0.285308597399368,0.323764763597475,4.8008789557659,2.39653430227596e-06,1.94432929098246e-05,3.84796470029751
"SRP54",0.313117675554011,0.290898352741022,4.799925734114,2.40722083671351e-06,1.950520944469e-05,3.84369558856198
"SMARCC1",0.5246594216968,0.0841461195743071,4.79862542997673,2.42187262833945e-06,1.95990579619105e-05,3.83787321646001
"CDH1",0.657072576307874,-0.145989863467509,4.79819403294991,2.42675256978177e-06,1.96136900734894e-05,3.83594185281905
"ZBTB8OS",0.387856974519562,0.0986757652220487,4.79115693221086,2.50770756680977e-06,2.02423676537047e-05,3.80445808265577
"SEC61A1",0.601098856255538,-0.0517433131205318,4.78561748456252,2.57325913943791e-06,2.07452772794332e-05,3.77970303217625
"MMGT1",0.545031532953177,-0.0240463544578262,4.78519936584508,2.57827348944044e-06,2.07594908323798e-05,3.77783552660816
"SLC4A7",0.65847219124691,-0.108463807169742,4.77973099651565,2.64472730718763e-06,2.12677378543993e-05,3.75342440804469
"STX7",-0.372206805417196,-0.129342770850251,-4.77541093157018,2.69839104748448e-06,2.16719834442622e-05,3.73415656108603
"GCC2",0.349688375626755,0.175218102368629,4.77105841446693,2.75351875895139e-06,2.20869563767646e-05,3.71475931159646
"ATP13A1",0.496364826247675,-0.0106235121544252,4.77073866589487,2.75761113035029e-06,2.20920289426432e-05,3.71333494034903
"CPA3",-1.15684102490524,-1.10627652013286,-4.76626911200653,2.815433092604e-06,2.25269928524769e-05,3.69343329813538
"FNDC3A",0.442388648108823,0.0698589366283262,4.76403023838858,2.84483465053695e-06,2.27337537467815e-05,3.68347034241634
"ATP1B1",0.802818204097949,-0.237949487848257,4.76168826202807,2.87590681381391e-06,2.29533312577522e-05,3.67305294407716
"HAPLN1",1.03256872964231,-1.34567871084052,4.75679660530655,2.94186542211488e-06,2.34504503373327e-05,3.6513086490414
"GIMAP7",-0.649173664125213,-0.673704475218931,-4.7547231415036,2.97026162878595e-06,2.36472824187011e-05,3.64209760562531
"MFGE8",-0.73475266517079,-0.28249681061188,-4.75272961659028,2.99781202324175e-06,2.38368988398488e-05,3.63324497834013
"TVP23C",0.882727124508767,-0.352924601348226,4.74742553839947,3.07231862641636e-06,2.437855774465e-05,3.60970696687429
"BCHE",-0.582456588495333,-0.929678011588992,-4.74733757670728,3.07356914400051e-06,2.437855774465e-05,3.6093168106896
"PTGIS",-0.660145219054162,-0.497607000700634,-4.74632667595454,3.08797598633708e-06,2.4462440040648e-05,3.60483338870427
"DNPEP",-0.448247159248692,-0.239286773403335,-4.74180077835524,3.15327847527165e-06,2.49488018148817e-05,3.58477089516699
"TBC1D4",-0.521012629734871,-0.118502721341885,-4.74014984977532,3.17742870960517e-06,2.51087652361745e-05,3.57745677919833
"NDUFB4",0.478569266028372,0.0361848840401775,4.73935274373139,3.18915269377188e-06,2.51702595175938e-05,3.57392615206624
"IFT22",-0.37115454389857,-0.161795773050085,-4.73673431363782,3.22795910796053e-06,2.54450850670716e-05,3.56233196716869
"MIA3",0.484004941320334,0.0930767842847912,4.73330322514091,3.27949867005774e-06,2.58194808980501e-05,3.54714786156388
"HIGD1A",0.855408791152943,-0.377354601514733,4.73272026141798,3.28833399827784e-06,2.58571583485271e-05,3.54456893969743
"BAIAP2L1",0.698464588050278,0.0704057912745474,4.72639962851094,3.38561288117506e-06,2.65893459364118e-05,3.51662544479437
"KRT5",-1.46097378596151,-1.69216515304577,-4.72326595044042,3.43486448563653e-06,2.69430095095691e-05,3.50278355204639
"RPS16",0.387790153632379,0.342218471127471,4.72168071997355,3.46004149512342e-06,2.71071962532062e-05,3.49578442086838
"C9",-0.818151686696835,-0.242483028134504,-4.72134047349116,3.46546849511732e-06,2.71164415947599e-05,3.49428242734914
"CHORDC1",0.467425896247982,0.0571826907674838,4.72075724003387,3.47479026483951e-06,2.71561026205634e-05,3.49170800522507
"CHIT1",-1.07877171702461,-0.713528760093248,-4.72022820631572,3.48326665108867e-06,2.71890679305637e-05,3.48937306369429
"CAB39",0.348326739276426,-0.0173140663180058,4.71923288832099,3.49926804209374e-06,2.72806183745647e-05,3.48498075071652
"ATG9A",0.573592450053711,-0.207369283244904,4.71862060864545,3.50914660402238e-06,2.73242695935157e-05,3.48227917792144
"HLA-DQB1",-1.33121455244745,-0.536310316037533,-4.71719218635232,3.53229740681847e-06,2.74710340347575e-05,3.47597771426017
"ANG",-0.681006785774119,-0.17268107887738,-4.71510166957633,3.56644431512208e-06,2.77028551728157e-05,3.46675843442865
"ADPGK",-0.367098463112344,0.127084324748379,-4.71382263205286,3.58749289244445e-06,2.78324934608236e-05,3.46111957726283
"P4HB",0.463855174393322,0.443066775133125,4.7135476246114,3.59203417533831e-06,2.7833905594096e-05,3.45990733414961
"SPCS2",0.682722515961663,-0.159282310299622,4.71118769594618,3.63123267933723e-06,2.81035401909918e-05,3.44950722004083
"SCYL2",0.30903353199568,0.0600978352964901,4.71001121137227,3.6509276916489e-06,2.82217594566322e-05,3.44432419775658
"CD48",0.787216286982377,-0.67730164845716,4.70578859436407,3.72246741272586e-06,2.87399690813236e-05,3.42573070387528
"APOA1",-0.650471248124954,-0.926618752481599,-4.70385556669806,3.75566548303818e-06,2.89612610014478e-05,3.41722384572593
"RAB18",0.417771480382848,-0.031142645429411,4.70298409617277,3.77072530200442e-06,2.90423173139906e-05,3.41338968177566
"PADI2",0.854002329958897,-0.731889582156995,4.7019904130169,3.78796802521185e-06,2.91399708927441e-05,3.40901858288128
"SPTLC2",0.482006825599129,-0.0204771535084066,4.70172374647686,3.79260821855599e-06,2.91405577322262e-05,3.40784568458394
"MBOAT2",0.933198088172028,-0.531377458380492,4.70138216426358,3.79855999596989e-06,2.91512086229179e-05,3.40634336432921
"PABPC4",0.522327302800391,0.0722390723088027,4.69856756899718,3.84794546203351e-06,2.94947560325138e-05,3.39396806319423
"GOT1",0.531696352937534,-0.328551552848291,4.68814719735365,4.03622057168577e-06,3.0900801379153e-05,3.34820785729411
"GCLM",-0.43182466935873,-0.0820097047834884,-4.68484355395307,4.09774036549809e-06,3.12990834305776e-05,3.3337187330247
"FKBP3",0.411381368883678,0.38619319742632,4.68462598262119,4.1018234621324e-06,3.12990834305776e-05,3.33276482198678
"COG3",0.365393613881262,0.196550854627429,4.68456601511369,4.10294954289639e-06,3.12990834305776e-05,3.33250190966178
"GAS7",-0.506338429977901,-0.104047732645564,-4.68179172583043,4.15537225561452e-06,3.16611597280414e-05,3.32034196170461
"SPN",-0.52117401751635,-0.407351717616457,-4.68107877249473,4.1689479420149e-06,3.17267373179561e-05,3.31721804420151
"MUSTN1",-1.07915543085875,-1.61390027282713,-4.6777582676392,4.23273973006452e-06,3.21738609243595e-05,3.30267421403518
"NCAM1",0.677789414755405,-1.2808954437823,4.67719925715977,4.24357113720405e-06,3.22178379441711e-05,3.30022663333377
"POP7",-0.331209144064851,0.126312620771318,-4.67408199298805,4.30446227286451e-06,3.26217467692206e-05,3.28658264782903
"FABP5",-0.736109611284256,-0.609505802118478,-4.67395349688427,4.30699021557603e-06,3.26217467692206e-05,3.28602040281407
"VPS39",-0.276141948849572,0.0907722290599379,-4.6686886392843,4.41180494676681e-06,3.33760362382774e-05,3.26299523391283
"YBX3",0.590921008019325,-0.0567340927180154,4.66801433096513,4.42540536706706e-06,3.34143174746599e-05,3.26004787601332
"RPS26",0.312485088499611,0.232544742509568,4.6679189872278,4.42733164973568e-06,3.34143174746599e-05,3.25963116481164
"FAM114A1",0.44013628596557,0.167972640332322,4.6674131409714,4.43756504891926e-06,3.34520104337066e-05,3.25742042796693
"DENND4C",-0.318315796685328,-0.0480902200935848,-4.66686288890388,4.448722637885e-06,3.34965731637921e-05,3.25501585943667
"ALDOA",0.425129937055528,0.0985428932969927,4.66636448741881,4.4588521393122e-06,3.35332990689145e-05,3.25283808915134
"EIF4G1",0.348988510387202,0.248600165689142,4.66019510746194,4.5860909305302e-06,3.44496359899239e-05,3.22589779257653
"TPBG",0.549333725205831,-0.0457354989320828,4.65711577291665,4.65090001997249e-06,3.48954131933306e-05,3.21246271378763
"TOMM70",0.400175209337595,0.213272410533149,4.65405474126118,4.7161968452471e-06,3.53437991278201e-05,3.19911520357475
"NDUFA6",0.454841663434542,-0.00459914427176508,4.65298105898307,4.73930851800525e-06,3.5475363291282e-05,3.19443527568932
"ZFYVE19",0.420619932737847,0.0104598448693232,4.65242753148586,4.75126607183928e-06,3.54822607256731e-05,3.1920229495982
"CNNM4",0.496337147042005,-0.209426728407438,4.65242391778886,4.75134423186382e-06,3.54822607256731e-05,3.1920072015855
"INIP",0.384270754589402,0.264186919780474,4.64983289430617,4.8077046199116e-06,3.58612079417471e-05,3.18071862473758
"ARCN1",0.269531571359972,0.386332465451279,4.64861022563255,4.83452317173037e-06,3.60191720554241e-05,3.17539361378855
"LIME1",1.12018703612824,-0.986860133611864,4.64814900716351,4.84467708019566e-06,3.60527542622952e-05,3.17338521732114
"TMEM230",0.653090345269433,-0.102941054899737,4.64764917758387,4.85570419331402e-06,3.60553354317085e-05,3.17120888432159
"TF",-0.601984232697444,-0.5265106459013,-4.64762140135056,4.85631769322934e-06,3.60553354317085e-05,3.17108794845209
"EIF4G3",0.338216152884091,0.105824668594769,4.64549572993693,4.90348975522538e-06,3.63259589400505e-05,3.16183479683311
"BRD3",-0.387103190032653,0.0859436177468979,-4.64546626627027,4.90414668853932e-06,3.63259589400505e-05,3.16170656613324
"COL21A1",0.587019200649541,-0.788012042980198,4.64048622779494,5.01640862945412e-06,3.71144485504804e-05,3.14004287284043
"MARCKSL1",0.721662827614728,0.0090118622353353,4.63319500817608,5.18523992251392e-06,3.83191630847817e-05,3.10836206831357
"GIPC3",-0.395467319404056,-0.459591577916543,-4.6328199845527,5.19406993132963e-06,3.83232307465537e-05,3.10673374922498
"APEH",-0.444334508032,-0.145717155054871,-4.6326619808005,5.19779449123187e-06,3.83232307465537e-05,3.10604774567231
"TTI2",0.447963636121888,0.163595418212154,4.631643625669,5.22186148047468e-06,3.84562693804277e-05,3.10162685444993
"USP12",-0.377768150894949,-0.250250896897247,-4.62674592952245,5.33911490339312e-06,3.92744800209275e-05,3.08037685505871
"TGOLN2",0.591155591353423,0.0525501704050673,4.6259282410776,5.35893585275488e-06,3.93749199307709e-05,3.07683101174336
"EIF2S2",0.283016318317085,0.293600778477963,4.62563725091716,5.36600657723479e-06,3.93815540179818e-05,3.07556928793519
"TSPAN6",0.958752269838777,-0.25088985469334,4.62432483980029,5.39800829214756e-06,3.95709333471437e-05,3.06987958215957
"SNX17",-0.276476928604744,-0.114228536503846,-4.62088953564305,5.48264582168379e-06,4.01452907929484e-05,3.0549931941154
"ATXN10",0.39657712207667,0.0330588886702566,4.61991902192342,5.50678718485613e-06,4.02758719075674e-05,3.05078937479208
"EPCAM",0.767150029434221,-0.302213622077597,4.61570988193147,5.61267703453146e-06,4.10033671229787e-05,3.03256629066883
"PHLDB1",-0.393684217999591,0.0193842680015452,-4.61454741220868,5.64226475293705e-06,4.11724119400035e-05,3.02753605616966
"TBC1D2B",-0.329922447374774,0.107301168423145,-4.61295732765849,5.68297929845147e-06,4.14221721696491e-05,3.02065725096542
"LDLRAP1",-0.408216336560891,-0.150134644016856,-4.61134908233026,5.72444613742517e-06,4.16768398944808e-05,3.0137019997204
"PPL",-0.773187302949103,-0.436296539562761,-4.60813676275233,5.80814485429119e-06,4.22380465770492e-05,2.99981591535281
"SIRPA",-0.498849506798996,-0.101845533033164,-4.60465566188409,5.90017497403319e-06,4.2858495118546e-05,2.9847775552013
"LYZ",-0.881545261841015,-0.157694730791216,-4.60440181137158,5.90694060447438e-06,4.28588815449647e-05,2.98368131141693
"ZNF330",0.335543560709948,0.172219250703402,4.59755545887019,6.09224866466961e-06,4.41532437274863e-05,2.95413563829267
"PDXDC1",0.59124713791577,0.150616585539585,4.59693024538306,6.10944685873299e-06,4.42276850260886e-05,2.95143943384487
"SNX33",-0.361545270549636,-0.0184164663184069,-4.59368263004862,6.19953481395278e-06,4.48290258064422e-05,2.93743942958913
"ARL5B",0.374759688268152,0.0691898423171728,4.59282959210806,6.22340877923624e-06,4.49507523251396e-05,2.93376354826752
"PBXIP1",0.639315615327883,-0.0942164383705923,4.59219104961724,6.24133747006027e-06,4.50293104478359e-05,2.93101235619741
"NEU1",0.582410846108233,0.0581242178397081,4.59074987411941,6.28198476055686e-06,4.52714138782794e-05,2.92480421657511
"GNB2",-0.292944181165744,-0.137670292731699,-4.58723166982852,6.38228466241721e-06,4.59423760648635e-05,2.90965607764058
"ITGA1",-0.470271098729088,-0.482587591238813,-4.58604370016424,6.4164985637761e-06,4.6136647893818e-05,2.90454340943386
"CSRP1",0.708018075403482,-1.17809189441948,4.58454190039209,6.46000320956678e-06,4.63972109033565e-05,2.89808177727932
"SRPX",-0.663370527952628,-0.821960422680095,-4.58407665947533,6.47353788260463e-06,4.64421790791354e-05,2.89608041309748
"NUDT18",-0.326874116471141,0.026447675236321,-4.57966493395221,6.60324452375727e-06,4.73195468958363e-05,2.87711102358409
"SPATS2",0.407295319805815,0.251172167984088,4.57516317338995,6.73817102350653e-06,4.82323116424767e-05,2.8577710773682
"FAM162A",0.551983158746209,0.0592683406503144,4.57289666555972,6.8071014685792e-06,4.86711566370416e-05,2.84804030476085
"ACTR1A",-0.254363315507924,-0.0864384706424045,-4.57227104501159,6.82624723946757e-06,4.869687724863e-05,2.84535508277439
"HNRNPK",-0.395824433616954,0.108869121390201,-4.57205781853346,6.83278439198027e-06,4.869687724863e-05,2.8444399686782
"PPP4R2",0.278378227035745,0.185482387743214,4.57203191314949,6.83357901562607e-06,4.869687724863e-05,2.8443287918846
"MRPS33",0.512765092689817,0.222582585950423,4.57041062065809,6.88348772788145e-06,4.89978474275619e-05,2.83737187867732
"NDUFAF8",0.643399133226528,0.13548391924697,4.56981517546289,6.90190527439628e-06,4.90742373908911e-05,2.83481738832272
"ALG9",0.513077881426279,-0.149225605588095,4.56913857480825,6.92289048588939e-06,4.91686938291477e-05,2.83191509265326
"CDC73",0.335266891200747,0.121006497873554,4.56044650207624,7.19799332493558e-06,5.10657637552374e-05,2.79466389594723
"GNAZ",-0.489877974121239,-0.510927998547596,-4.55991152988782,7.2152638371005e-06,5.11314756935479e-05,2.79237323295295
"TTC4",0.370951094809271,0.00271411060231031,4.55918908009754,7.23864987955047e-06,5.12241959797717e-05,2.78928019748204
"SYNE3",-0.492871373107788,-0.239769284675366,-4.55901200618251,7.24439294749159e-06,5.12241959797717e-05,2.78852215408422
"MIER1",0.327014252333785,-0.125518636099197,4.55199805922948,7.47543112354603e-06,5.2799366951152e-05,2.7585167152693
"COPA",0.255436708480899,0.321770600756168,4.55086163298034,7.51352487807141e-06,5.30097860182165e-05,2.75365895398442
"AHNAK2",0.852950229250752,-0.438494124237949,4.54939538957491,7.56294987083836e-06,5.32995970477957e-05,2.74739293799859
"KIAA1522",0.413903266128419,-0.11716205401923,4.54529655020878,7.70277818096208e-06,5.42224234870041e-05,2.72988592378649
"SYT7",0.729354716760424,-0.465398815816868,4.54506129192438,7.71087870418163e-06,5.42224234870041e-05,2.72888150791273
"BTN3A3",-0.489366411987368,-0.433287126211637,-4.54460039953248,7.72677208796922e-06,5.42744112009719e-05,2.72691389868937
"DPYD",0.566483930963445,0.0612428062132773,4.54350878261444,7.76454094028218e-06,5.44797735205513e-05,2.72225434688074
"BTD",-0.456010698015338,-0.274629701780318,-4.54179553894598,7.82417519566128e-06,5.48379348235974e-05,2.71494338046207
"FCGBP",1.16753868564876,-1.19688986489242,4.54007317745662,7.88457007223384e-06,5.52006358675582e-05,2.70759595689447
"RBM4",0.337474755569883,0.19431860382575,4.53527832855151,8.05506942455156e-06,5.63325501377456e-05,2.68715455556318
"RAB8B",-0.410843918641227,-0.29990044837886,-4.53499495415109,8.0652559217661e-06,5.63420777466921e-05,2.68594707016636
"COLEC12",0.764745055936078,-0.893465825203663,4.53077180116278,8.21853986500601e-06,5.73501388394135e-05,2.66795970178781
"RAB27A",0.57525859529814,-0.276942010610138,4.5303910809499,8.23249515185858e-06,5.73848051797129e-05,2.666338854627
"ATP6V1D",-0.325269867185495,0.0979260666156419,-4.52488317182245,8.43695070017107e-06,5.87458344826524e-05,2.64290338355132
"WDFY1",-0.308509880249376,0.197826375586892,-4.52251442141069,8.52637078951426e-06,5.93037881166106e-05,2.63283238385205
"COL5A2",0.803072684686606,-0.196039048438305,4.52187329019623,8.55072945568556e-06,5.94084957285662e-05,2.63010734554559
"ARMT1",0.704252040883513,-0.508461027321563,4.51861141262977,8.67569700740787e-06,6.02112232524992e-05,2.6162484758447
"GPC4",0.642110727371332,-0.278157110762111,4.51762107547975,8.71398404227797e-06,6.04112791638923e-05,2.61204253862272
"PPP1R2",0.394914558389947,0.0528077939791627,4.51240396186312,8.91837373764994e-06,6.17611890617081e-05,2.58989903191327
"CARHSP1",-0.467308198849299,0.0660477524938758,-4.50726154693923,9.12433562690256e-06,6.31190498134051e-05,2.56809469976954
"PNN",0.253976468576902,0.275049851156228,4.50083564790182,9.38812495708306e-06,6.48735691027871e-05,2.54087915705562
"NCK2",-0.314601096471756,-0.217858944788208,-4.49956689271374,9.4410667226347e-06,6.51688767827271e-05,2.53550966906228
"MSR1",-0.591895671526507,-0.189828859620017,-4.49642426220932,9.57343687799356e-06,6.6011225125258e-05,2.52221553289818
"PKIB",0.971892167395279,-0.614805411946007,4.4949611965035,9.63566824036638e-06,6.63686534139583e-05,2.51602919014668
"BZW2",0.496137663254057,0.327129957900443,4.49407016374332,9.67375823036977e-06,6.65592093759817e-05,2.51226247086447
"PGLS",-0.310613186539003,0.0925496805185801,-4.49166256303873,9.77740267070185e-06,6.71999096366322e-05,2.50208797090514
"LLGL1",-0.293044765285057,-0.0999404395570688,-4.49128821382097,9.79361338467863e-06,6.72389478077129e-05,2.50050640750731
"LYPLA2",0.393668797934552,0.194899026372917,4.48891421494737,9.89701829889241e-06,6.78758988597509e-05,2.49047937009429
"UGGT1",0.31852248100558,0.215616172858397,4.48859990367881,9.91078711608836e-06,6.78973988586097e-05,2.48915216800356
"LNPK",0.428797979578434,-0.184291322034238,4.48817218332958,9.92955349210409e-06,6.79530536410339e-05,2.48734621991651
"NDUFS5",0.407736270094106,0.0191190545137212,4.48516541899916,1.00624418437903e-05,6.8788748578802e-05,2.47465516539016
"ALDOB",0.834388000814223,-0.624297077517632,4.48445424337249,1.0094121901097e-05,6.8931516939577e-05,2.47165451120538
"TMX2",0.546301990266919,-0.107556569130081,4.48204436031077,1.02021856997067e-05,6.95950381331488e-05,2.46148965329739
"COX17",0.680344050604554,0.0403887950968001,4.48132311361149,1.02347429984373e-05,6.97426190448477e-05,2.45844838346127
"PFN2",0.703383132806436,-0.331718896404483,4.47990185210267,1.02991911468237e-05,7.01069674546583e-05,2.45245663974667
"PMVK",0.512455151529721,-0.0553780108198804,4.47779658685893,1.03953718819752e-05,7.06863146607152e-05,2.4435843695236
"CARMIL1",-0.380550481680531,-0.184820049298265,-4.47682115640347,1.04402267447635e-05,7.0915795495016e-05,2.43947484075897
"LDHA",0.466320457977233,0.437795211169725,4.4762345235621,1.04672922138898e-05,7.10240816000917e-05,2.43700371402928
"BAG3",0.513538807785303,-0.291515301248301,4.47363208535624,1.05881745728321e-05,7.17680410271049e-05,2.4260446843859
"NDUFB8",0.551527887679522,-0.339769398155878,4.47150400372484,1.06880173331883e-05,7.23679646579084e-05,2.41708739357347
"S100B",1.32459671110931,-1.50657381869628,4.47070523261903,1.07257256953769e-05,7.25463544120563e-05,2.41372626677632
"HPX",-0.545759068632649,-0.521052563573965,-4.46928606763558,1.07930365684814e-05,7.29243793542371e-05,2.40775591336316
"NADSYN1",0.389710879697104,-0.115657609950366,4.46823389214717,1.08432025120236e-05,7.31858858766074e-05,2.40333054931636
"YIPF4",0.455176091656579,0.0952038623138578,4.46666058346901,1.09186326340589e-05,7.3617179903343e-05,2.39671506326152
"TPI1",0.668921062749926,-0.071544800819767,4.46548532115443,1.09753070805472e-05,7.3921240199677e-05,2.39177463853708
"PUM1",0.294118296587917,0.143998392874449,4.46413974412645,1.10405410124088e-05,7.41732623373439e-05,2.38611967952902
"SHROOM2",-0.568633303024033,-0.172772236118682,-4.46412223634752,1.10413922398481e-05,7.41732623373439e-05,2.38604611080486
"MRPS18A",0.454270020610719,0.15236119819081,4.46379379803884,1.10573725664523e-05,7.41732623373439e-05,2.38466604094685
"DNMT1",0.510582597558944,0.00591908765348042,4.46375641718045,1.10591927557011e-05,7.41732623373439e-05,2.38450897545809
"RASA3",-0.32369240345574,-0.165730210684269,-4.46263063908118,1.11141452004692e-05,7.44636066159455e-05,2.37977926921782
"VSIG4",-0.655932496911506,-0.468394726718759,-4.45578764846534,1.14538469632349e-05,7.65909566324876e-05,2.35105270654853
"SERPINB5",-1.6682738440354,-1.09617949082253,-4.45575173058427,1.14556560037628e-05,7.65909566324876e-05,2.35090202797821
"HLA-DRB1",-0.900363548568286,-0.727826604947549,-4.45435330144313,1.15263026854894e-05,7.6957705498464e-05,2.34503633545512
"C4B",-0.775728802889446,-0.613066683385525,-4.45418927966358,1.1534616156935e-05,7.6957705498464e-05,2.34434845519445
"MCF2L",-0.366910252117432,-0.282008573895442,-4.44930968938541,1.17845854382106e-05,7.85434008590553e-05,2.32389452906071
"PRRC2A",0.260290384715205,0.133524052620214,4.44584571427283,1.19651797428198e-05,7.96638922397333e-05,2.30938654299189
"NAPB",0.587404918390733,-0.85008116172406,4.44329120112587,1.21000559400686e-05,8.0477976226394e-05,2.29869402781589
"WDR1",0.273993581434076,-0.0370093344434392,4.44138183681579,1.22018194196444e-05,8.10703610764092e-05,2.29070549393641
"SDHB",0.360985584871466,0.121992593077668,4.4396519712931,1.22947241127112e-05,8.16027166940342e-05,2.28347058915243
"SLC1A4",0.701329009786364,-0.337373958708195,4.43706159186137,1.24351128719354e-05,8.2448801336768e-05,2.27264138801332
"PDLIM1",-0.444086403380637,-0.218046848687311,-4.43529916315653,1.25315068535591e-05,8.30017336721728e-05,2.26527667835661
"RETREG2",0.493569828241236,-0.117519421087917,4.43482246339117,1.25577022044471e-05,8.30890451558495e-05,2.26328512585088
"CCDC6",0.372555693659145,0.104866979874459,4.43031111644983,1.28082199099185e-05,8.45798685249414e-05,2.24444706081559
"CEP170B",0.54491605491225,-0.157851294044985,4.4302880718423,1.28095118032292e-05,8.45798685249414e-05,2.24435087695243
"PRKCB",0.527330081815039,-0.491014017414702,4.42117990726595,1.33300194479262e-05,8.79257997675713e-05,2.20636988433447
"OS9",0.386197837742193,0.194486780535391,4.42067864537195,1.33592459537053e-05,8.80276423265308e-05,2.20428163977902
"SPTBN2",0.703731785694701,-0.0708239462056586,4.41759994968123,1.35401032447207e-05,8.91273806366412e-05,2.19146048148158
"EEF1A2",-1.25220558969612,-0.670163838245389,-4.41572186309573,1.36515806812611e-05,8.97686330070567e-05,2.18364312790593
"SCRN3",0.358336190821165,-0.219753697337592,4.41234865271619,1.38540159658102e-05,9.10060616684137e-05,2.16960988005048
"BPNT1",0.44963441737352,0.0151266318301375,4.40792643415169,1.41237652801913e-05,9.26533471734291e-05,2.15122697449651
"FAM136A",0.479134710268491,0.259840784577004,4.40749811271938,1.4150157962866e-05,9.26533471734291e-05,2.14944733714421
"NEXN",-0.622651532502262,-0.408921526088059,-4.40735687795328,1.41588710436078e-05,9.26533471734291e-05,2.14886055297424
"RGS10",0.483989046384293,-0.184500145698111,4.40729273959419,1.41628295757661e-05,9.26533471734291e-05,2.14859408462711
"ARF5",0.398348155793899,0.135026997969215,4.40702431905053,1.41794076328606e-05,9.26668554102505e-05,2.14747894570131
"CFH",-0.519711598486551,-0.218917754161127,-4.40544447903162,1.42773582833023e-05,9.31357314169148e-05,2.14091680698329
"LAMB2",-0.552367123480845,-0.735329829969381,-4.40539677628915,1.42803259290775e-05,9.31357314169148e-05,2.14071869791112
"S100P",-1.61936274912784,-0.874197732073989,-4.3976205027411,1.47720787197997e-05,9.62446149244093e-05,2.10844939093531
"TMED1",0.44960300046076,0.195488388264156,4.39540506679966,1.49151202499025e-05,9.70775155918731e-05,2.09926524275576
"PPP1R10",0.310208226054044,0.23746013423092,4.3945171029881,1.49728240293685e-05,9.73538507408531e-05,2.09558532045188
"TBC1D23",0.252106717176883,0.088923008605161,4.39386638880687,1.50152459850481e-05,9.7530361764529e-05,2.09288903385878
"DERA",-0.300629007919345,0.0189961444451079,-4.38835625618011,1.53791114959018e-05,9.97923037615172e-05,2.07007158949082
"HOMER3",-0.381680476212141,-0.0552126183495741,-4.3862043639186,1.55234936204542e-05,0.000100626910422944,2.06116752416605
"CLPTM1",0.428670117315824,-0.0832405542554852,4.38460331735333,1.56317577599536e-05,0.000101225936407002,2.05454525987178
"IRF4",0.863416629474958,-0.513900484542678,4.38230171680113,1.57886616113497e-05,0.000102138403635732,2.04502912595682
"FAM207A",0.421901953265676,0.0866563413678308,4.37798174927262,1.60872417593121e-05,0.000103964614001222,2.02717991168819
"RPL23",0.295611661515312,0.299291360053231,4.37611879613912,1.62176639222446e-05,0.000104701500650689,2.01948740854348
"ABCC3",0.983880485261309,-0.56110072012842,4.37571090219318,1.62463546722666e-05,0.000104780782406487,2.01780352235808
"THUMPD3",0.329536024003363,0.130741963628072,4.37480133783905,1.63105074037234e-05,0.000105088385239933,2.01404912086981
"SIL1",0.485647322230981,0.253500717348703,4.37201424095665,1.65085986423177e-05,0.000106257462027418,2.00254916951646
"TPMT",0.485891988709859,0.18737147511852,4.36684265228502,1.68822844304863e-05,0.000108553258900962,1.98122775792265
"RAB3D",0.668597975380665,-0.158710792590855,4.36283286274975,1.71775808510348e-05,0.000110340899128629,1.96471167540354
"RBM26",-0.333125907849174,0.147212945442413,-4.3624474762959,1.72062212038303e-05,0.000110413791343172,1.96312500351199
"GOLGA3",0.287186843394626,0.166882211062195,4.36149877804474,1.72769194841774e-05,0.000110756155528587,1.95921965645942
"STT3A",0.552441683445185,-0.0651887326739998,4.36012339114707,1.73799091415486e-05,0.000111304633770098,1.95355917531438
"MICALL1",0.362149498489889,-0.482798301919593,4.3572900540789,1.75939260791042e-05,0.000112562342700481,1.94190343205618
"CIAPIN1",0.313474666793494,0.246557778024468,4.35670147504235,1.76386998900409e-05,0.000112735834632544,1.93948299042383
"CPSF3",0.226036768360851,0.20940740655331,4.35111614206033,1.8069044715784e-05,0.000115370850510281,1.91652866020651
"NDUFS2",0.291229429557833,-0.0700958006769591,4.35062484131085,1.81073760871904e-05,0.00011550009622049,1.91451079190463
"NPTN",0.369408959144869,-0.330020217133874,4.3490709571487,1.82291233541283e-05,0.000116160631353402,1.90813002252742
"ITGB3",-0.646271686625821,-0.716083982097741,-4.34700336293511,1.83923350465813e-05,0.000117083807848875,1.89964293768006
"ABCD3",0.693814753725071,-0.368792376000526,4.34041300604934,1.89219484265924e-05,0.000120279294392373,1.87261477608611
"ANP32E",0.701655991393483,-0.151343085635069,4.34027325015113,1.89333359448997e-05,0.000120279294392373,1.87204200956447
"IFT27",0.427965671317163,0.0739392404397699,4.34005885942104,1.89508175659714e-05,0.000120279294392373,1.87116339644675
"PXK",-0.291895209417953,-0.0509574806648828,-4.3392688135723,1.90153720581606e-05,0.000120478040730721,1.86792597560076
"PIP4K2A",-0.358706088733157,-0.0665156199631906,-4.33921387084617,1.90198692336048e-05,0.000120478040730721,1.86770085286328
"SMIM12",0.463846054557535,0.134246987927968,4.33817975602832,1.91047037316804e-05,0.000120895474060237,1.86346413725468
"PCDH1",-0.472733224087231,-0.386166152446464,-4.33589602896248,1.92933356421683e-05,0.000121968265421034,1.85411101465177
"SRP19",0.419404190545117,0.251346513907812,4.33043026346229,1.97520611948714e-05,0.00012474471882221,1.83174352859931
"SLC7A1",0.764041778280616,-0.156911014784184,4.32989435554726,1.97975958363987e-05,0.000124908744481626,1.82955179407514
"RPN2",0.430677188252363,-0.0339837045109389,4.32446982792368,2.02641912267764e-05,0.000127726417554756,1.80738040513559
"ASAP1",-0.324078875630731,0.0371619080278141,-4.32334827629446,2.03619659788727e-05,0.000128216126997142,1.80279943999714
"PLA2G12A",0.560404457985691,0.0578978100485347,4.31735741674429,2.0891927369744e-05,0.000131423602222479,1.77834780548071
"GSTM4",-1.2454702640801,-1.08728077505534,-4.3123787252772,2.13423627961389e-05,0.00013412498666668,1.75805035810796
"ATP6V1E1",-0.287212104615789,0.16420378056213,-4.31101514281419,2.14673406800737e-05,0.000134777748517474,1.75249486650674
"MBOAT7",0.657434774216781,-0.499507033900935,4.30972054693145,2.15866430596451e-05,0.000135393630585298,1.74722189129397
"POTEI",0.623626814273621,-0.610285232779133,4.30938712862871,2.16174714527816e-05,0.000135453930545643,1.74586408541252
"NPEPPS",0.352936188933633,0.0629740903719455,4.30637963452808,2.18974582312676e-05,0.000137073794908474,1.73362066849643
"SPTY2D1",0.485747169275635,0.27517716796291,4.30465318085359,2.20597478445415e-05,0.000137861504641547,1.72659577793331
"MANBAL",0.599630790621585,-0.15832820946613,4.30458185441418,2.20664773286862e-05,0.000137861504641547,1.72630560682585
"RPS5",0.266435071944247,0.373714332533683,4.30097170065086,2.24096625711195e-05,0.000139868715069988,1.71162434586446
"ALG1",0.526073467367233,0.0452785647894269,4.29924475347328,2.25756267782839e-05,0.000140766969706389,1.7046053341718
"CPSF6",0.258931003158933,0.224033946229763,4.29645708449613,2.2846011104309e-05,0.000142313932586354,1.69328043559739
"SDHA",0.314504182097004,0.0179514638166263,4.29375188401061,2.31113544326907e-05,0.000143826508823323,1.68229684215957
"C4BPA",-0.677046611850909,-0.37282239693447,-4.29278409712269,2.32069946555071e-05,0.000144281071933216,1.67836895772929
"RP2",-0.349428471046136,0.0351072762941521,-4.28817431131247,2.36677668496814e-05,0.000147002618030366,1.65967042952559
"GALNT7",0.701194016951375,0.0384344905152231,4.28459539634697,2.40315145673076e-05,0.00014911683237343,1.64516577783209
"SOD2",-0.629747189141364,0.046541869406038,-4.28291925392821,2.42037028749337e-05,0.000150039459083934,1.63837642019715
"NDUFA11",0.375438040238516,0.00444099333555737,4.28256823573813,2.42399116137723e-05,0.000150118172312256,1.63695489201554
"STX3",-0.452117666517983,-0.178876680990617,-4.28208942487808,2.42893860861731e-05,0.000150278808294782,1.63501600631117
"IGFBP7",-0.541249056723601,0.297538175757726,-4.28038180028685,2.44666181653572e-05,0.000151228806375417,1.62810276949919
"TMEM59",0.547582050342919,-0.310966729824885,4.27821217708073,2.46935835911161e-05,0.000152484072755586,1.61932271134258
"RBKS",0.691773147013289,-0.357405086423507,4.27701203821746,2.48199936093634e-05,0.000153116578933126,1.61446768523829
"NDUFA13",0.3773060389371,-0.0172087421820424,4.2755164056533,2.49783934613743e-05,0.000153945021477679,1.60841897854431
"CD2AP",0.411403883327386,0.096101895967199,4.27507236424857,2.50256067815193e-05,0.000153970063078045,1.60662353008646
"PTPN9",-0.249245245287116,-0.0320783124515803,-4.27502464870522,2.50306852740815e-05,0.000153970063078045,1.60643060575739
"GIMAP1-GIMAP5",-0.515577546580015,-0.560707428979182,-4.27367556568977,2.51746799899503e-05,0.000154706767791947,1.60097676681743
"PLCB3",-0.328753512226836,-0.0414400645482347,-4.27312136902232,2.52340613809533e-05,0.000154922578766718,1.59873680295858
"RPL7A",0.37463578341593,0.241436727998434,4.27046156477711,2.55209230776102e-05,0.000156533231364593,1.58798996759915
"SCAMP3",0.429337788015364,0.0159806590140674,4.26752602451451,2.58411396272983e-05,0.000158345179002207,1.57613598419777
"TRAPPC3",0.265949445458953,0.0332611720057777,4.26473052429841,2.61496459451733e-05,0.0001600819648705,1.56485427840626
"CD38",0.899375892797444,-0.615330960957366,4.26301546755869,2.63406547115813e-05,0.000161096820242765,1.55793615764422
"HACL1",-0.473553649865006,0.0308597142868263,-4.26093985814951,2.6573601720409e-05,0.000162365977975896,1.54956698759449
"TPM3",0.424166300217112,-0.351834322042776,4.26041397927785,2.66329331753145e-05,0.000162572923828282,1.54744714418047
"COX7C",0.510019275358439,0.0950152970546816,4.25702236042523,2.70186380084147e-05,0.000164696538180235,1.53378099167608
"SCAF4",0.323645930681123,0.0743579158365948,4.25676456998519,2.70481718651664e-05,0.000164696538180235,1.53274265224465
"NMT2",-0.416635433980583,-0.0930090402683309,-4.25667701506709,2.70582096399478e-05,0.000164696538180235,1.53239000758854
"PCBD2",-0.456110859762827,0.0164234815608287,-4.25562038700595,2.71796281836611e-05,0.000165278024716834,1.52813474250567
"PGLYRP1",-0.837691303743003,-0.447231362045528,-4.2543531984193,2.73259288787003e-05,0.000166009567926262,1.5230327534366
"ITGB6",0.766772989659444,-0.514661439116619,4.25286935781015,2.74981988000316e-05,0.000166897337773956,1.51706020412683
"EED",0.358191109733613,0.00913281581465358,4.25042295573129,2.77844865563591e-05,0.000168474783155131,1.50721736136899
"SEC31A",0.228190274764548,0.308353605428555,4.24942909189262,2.79016037377818e-05,0.000169024421124988,1.50322010364758
"HID1",0.697652616730869,-0.062180832074721,4.24801463323835,2.80690972007451e-05,0.000169813060720834,1.49753268431666
"DNAJB11",0.38202737811798,0.238682837310447,4.24788093077736,2.80849791889116e-05,0.000169813060720834,1.49699516572557
"MRPL18",0.381168722561318,0.134770417673064,4.24578617527311,2.83349302458246e-05,0.000171162279677947,1.48857568439649
"HSPA13",0.507564172791955,0.0885160590717943,4.2445565674315,2.8482637881996e-05,0.000171891911981611,1.48363523713559
"HSP90B1",0.422367753947293,0.239732438444483,4.24355790433031,2.86031439236586e-05,0.000172456160484004,1.47962364764286
"RPS6KB2",0.334864339050948,0.109166791279936,4.24278978457985,2.86961619962683e-05,0.000172853768251107,1.47653871712704
"CSNK1G3",-0.288854678513423,-0.0839506445864129,-4.24195059916014,2.87981161731667e-05,0.000173123849133883,1.47316894407493
"DLGAP4",0.316424216004281,0.178476318125469,4.2419024118468,2.88039810272214e-05,0.000173123849133883,1.4729754646788
"ANXA1",-0.594285278040196,-0.207398104422846,-4.24175161603923,2.88223416803943e-05,0.000173123849133883,1.47237000929215
"GPATCH11",0.596232540469055,-0.120540740660239,4.24109079085537,2.89029345649315e-05,0.000173444771801774,1.46971697891945
"SNRPA",0.307782329015866,0.158845348326307,4.24044430923398,2.89819863391756e-05,0.000173653678578702,1.46712189252293
"ARSA",0.574716687996508,-0.415806055509143,4.24036138559172,2.89921411691302e-05,0.000173653678578702,1.46678904868048
"CAPN9",-0.933083552222557,-0.77832347207854,-4.23713668683158,2.93896833411433e-05,0.000175869848297282,1.45385008669842
"SRPRA",0.357163700554238,0.227499391939575,4.23411029388155,2.97675086686468e-05,0.000177963991431938,1.44171484616304
"NUDT9",0.349187870284487,-0.100138742832563,4.23352757244098,2.98407880796081e-05,0.00017823520288896,1.43937914041318
"RDH14",0.288126920200855,0.0107845674822776,4.23274915885748,2.99389452474335e-05,0.000178654360191461,1.43625949716716
"CCNT2",-0.331519359220291,-0.324120461621802,-4.23250539546576,2.99697468928592e-05,0.000178671180122228,1.43528267391934
"RAB3IL1",-0.328115237572481,0.0427240770273849,-4.22916219646067,3.03952542344838e-05,0.00018103889765595,1.42189069792126
"RSU1",-0.373502622542297,-0.610636726496869,-4.22602470431872,3.07998213255275e-05,0.000183277594746964,1.4093313632583
"SDF4",0.405817032929164,0.300314087346353,4.22519783104735,3.0907296174225e-05,0.000183623328037913,1.40602279393267
"ALDH16A1",-0.305171651798422,-0.111166931890541,-4.22513529539336,3.09154389413871e-05,0.000183623328037913,1.40577259354544
"F11",-0.49621792166861,-0.204470776575862,-4.22443118180379,3.10072630143357e-05,0.000183849527512928,1.40295571800277
"FMOD",-0.681265467182385,-0.113094116616652,-4.22440172176644,3.10111105922354e-05,0.000183849527512928,1.40283786941065
"COG5",0.281683298655349,0.174037673600991,4.22144083268448,3.14001457698504e-05,0.000185983238163724,1.39099722577851
"MAP3K8",-0.314526285747832,-0.11575368231658,-4.22094241557319,3.14660898481228e-05,0.000186201097016,1.38900478013615
"ARHGAP17",-0.305341477445322,-0.129003134991377,-4.21700047809924,3.19923126979333e-05,0.000189139737570652,1.37325413888911
"MOB3A",0.366358041000622,-0.172676775623985,4.21439403462265,3.23448572731716e-05,0.000191047098694913,1.36284693116814
"ACTN1",0.424697626402376,-0.42451383523079,4.21052575501961,3.28749183137636e-05,0.00019399847821939,1.347412014461
"CD99",-0.522752610277655,-0.312998218471852,-4.20950592462952,3.30160379784109e-05,0.000194651341174657,1.34334488394299
"TPRN",-0.476988655122412,-0.249979800579055,-4.20829445107737,3.31844276263638e-05,0.00019546362582503,1.33851462120342
"C1orf35",0.470800990843895,0.159633359819892,4.20694852513434,3.33724665114203e-05,0.000196390044862137,1.33314974759899
"H6PD",-0.398969263668897,0.199676235520901,-4.20459864175241,3.37032075922958e-05,0.000198153757345128,1.32378678408181
"RGL2",-0.360352912214092,-0.136204648269719,-4.20213759163998,3.40529470924773e-05,0.000200025820777799,1.31398592048971
"RNF181",0.355317451853288,0.135959090726398,4.199098264687,3.44896453759574e-05,0.000202340878843727,1.30188924561697
"SYVN1",0.477376301154234,-0.164473543509094,4.19895439354756,3.45104490306686e-05,0.000202340878843727,1.30131682610181
"STK24",-0.27478759141875,0.0886635214718294,-4.19823656462244,3.46144255359231e-05,0.000202764318391623,1.29846106634112
"CASP6",0.502347352978769,0.129430841301786,4.19380826014001,3.52624981381336e-05,0.00020637126545553,1.28085351341191
"TAX1BP3",-0.322403519486572,-0.0221974755321679,-4.19003910480387,3.58232088156339e-05,0.000209460795135369,1.26587998343986
"MED1",0.263384658407146,0.0369348564910256,4.18667925794538,3.63301898935187e-05,0.000212230798234325,1.25254269284972
"KIAA1191",-0.362047621199883,-0.199146559398098,-4.18166477906492,3.7099591920015e-05,0.000216527325785462,1.23265504302402
"ATP1A1",0.519855600583692,-0.204042551281406,4.18080085011464,3.72337093550111e-05,0.000217111629435385,1.22923082572299
"OLA1",0.338530826895511,0.0678290449771542,4.17454459351498,3.82188282606448e-05,0.000222652571573191,1.20445288654429
"NDUFS8",0.318302222810376,0.02326809711983,4.17367038839169,3.83584450592338e-05,0.000223245993981367,1.20099324969324
"SLC26A2",0.607853581709528,-0.65305230887865,4.17332881545919,3.84131287157251e-05,0.000223245993981367,1.19964166357628
"NUMB",-0.213234251625487,-0.0378444666729675,-4.17325108660786,3.84255829891186e-05,0.000223245993981367,1.19933410849977
"RECQL",-0.335805829106716,0.178978594515964,-4.16730786165618,3.93893349796115e-05,0.000228637185313472,1.17583340368214
"DNAJC11",0.410587585519517,-0.00661061092392816,4.16643692191698,3.95324878170879e-05,0.000229259704552322,1.17239206452059
"DDRGK1",0.375952492772716,-0.0225508185806496,4.16552127412703,3.96835239188324e-05,0.000229926769711202,1.16877476861441
"RARRES2",-0.521226341103695,-0.134381550386608,-4.16338607036282,4.00378657945811e-05,0.000231769513235177,1.16034235721405
"GOLGA2",0.245468252274971,0.234023346969803,4.16316280296089,4.00750912195849e-05,0.000231774870866893,1.15946084751644
"RPS11",0.262327265858243,0.420813513098514,4.16248713592323,4.01879464538671e-05,0.000232153833201107,1.15679342194724
"IPO9",0.376057144841738,0.00556754970246396,4.16233538749256,4.02133343023373e-05,0.000232153833201107,1.15619439695766
"NASP",0.587166635643873,-0.0269449525221305,4.16195608408059,4.02768594885793e-05,0.000232310521982456,1.15469718755192
"CYB5A",-0.681759891437821,-0.435436173991597,-4.16016617491682,4.05779238948213e-05,0.000233835779845157,1.14763360675561
"DOK1",-0.332983173807463,0.0643785785966828,-4.15758687639,4.1015539643651e-05,0.000236144473061056,1.13745964150771
"CMPK1",0.466642585644134,0.0521587557666267,4.15645416226828,4.12091394555004e-05,0.000237045365246279,1.13299347976863
"MTX1",0.322240172249081,0.0619067489105123,4.153430902479,4.17301391731619e-05,0.000239826227381313,1.12107847819234
"ADI1",0.489511654007008,0.127022733393282,4.15155280032328,4.20569483116749e-05,0.000241487063821982,1.11368060059127
"MRPL53",0.437531567920016,0.297859397153375,4.14923653312585,4.24633625419655e-05,0.00024360159014416,1.10456093262887
"TK2",-0.411561203788344,-0.0674581829275771,-4.14860175567798,4.25753928807805e-05,0.000244025030111116,1.10206247039291
"SLC16A3",0.65818815270241,0.0769046026078808,4.1469178646461,4.28739450227753e-05,0.000245515819704413,1.09543640110916
"SFT2D3",0.473026305842456,0.0375058453415534,4.14517480222391,4.31850890966044e-05,0.000247075980180841,1.08858004602707
"ISG20",0.666895684885509,-0.282005808028341,4.14471232052885,4.32680045453037e-05,0.000247328745767022,1.0867613050767
"CYFIP2",0.465592406989795,-0.22257880963031,4.1430221300932,4.35723203458529e-05,0.000248845496787362,1.08011607022192
"ZC3H18",0.306911609455354,0.131383788971135,4.14223564347553,4.37146201661819e-05,0.000249334652289109,1.07702471367104
"BPI",-1.19056383881985,-0.92032558652102,-4.14211729942667,4.37360705659831e-05,0.000249334652289109,1.07655959748445
"EEA1",-0.320904134339904,0.20043401920506,-4.14178124217809,4.37970371684208e-05,0.000249459484674725,1.07523888940105
"ELL",0.307844934952837,0.12952427284532,4.14125981617819,4.3891793196181e-05,0.000249776381067394,1.07318987152132
"CDC42SE2",0.381734708328858,0.00998895962261889,4.13899610233218,4.43054356494129e-05,0.000251905793963937,1.06429697988088
"TM9SF1",0.510014194821581,-0.126196883044524,4.13823612815075,4.4445134569495e-05,0.000252475252870308,1.06131243997114
"BTAF1",0.287705047984847,-0.0582341766770912,4.13595631844498,4.48667328389961e-05,0.000254643634823991,1.052362226315
"PSME4",0.352190103754263,-0.0347226012438836,4.13420086764685,4.51939565671805e-05,0.000256236203279025,1.04547360125982
"C1QA",-0.511719700735388,-0.20146555748021,-4.13402108924303,4.5227596099524e-05,0.000256236203279025,1.04476827540263
"DLG3",0.512980969407525,-0.0359189940217075,4.13064769441611,4.58632551661567e-05,0.000259607166875807,1.03153853858438
"PKIG",-0.493829031084935,-0.520651989941903,-4.12855186654221,4.62624549979463e-05,0.000261634876139847,1.02332405072554
"INPP4A",0.406817162393563,-0.276668695765163,4.12800123753284,4.63678830236313e-05,0.000261999055845917,1.02116651251553
"AACS",0.576540818339009,-0.0114483154735142,4.12767672877987,4.64301233197073e-05,0.000262118777538754,1.01989510632787
"ZRANB2",0.338551391026212,0.143083274075212,4.12613392998561,4.67271199768684e-05,0.000263562421424297,1.01385174415012
"TNRC6B",0.248364624914677,0.0773408198199537,4.12559087480815,4.68320907917426e-05,0.000263921358963174,1.01172500452676
"CRADD",-0.361676132733843,-0.20653214443147,-4.12481767226315,4.69819359905622e-05,0.000264532329188483,1.00869738588784
"NDUFA5",0.328122630835187,0.0433947144437707,4.12392113722096,4.71562545376867e-05,0.000265279898875004,1.00518747651559
"UQCR10",0.6589953183388,-0.0574394471453727,4.12160186737709,4.76100664034078e-05,0.000267597072170562,0.996110792717595
"APOBEC3F",0.515233156614277,-0.256115818912343,4.12130789786299,4.76678836026394e-05,0.000267686400002509,0.994960643800711
"PRRC2C",0.208707449222144,0.171570245684339,4.11943329986129,4.80381507535489e-05,0.000269528640212135,0.987628062763823
"TSPAN9",-0.634318692990069,-0.5716566755616,-4.11776921320011,4.83691316432339e-05,0.000271147414874494,0.981121428127272
"TMEM201",0.47997115382831,-0.131569339654032,4.11544157091333,4.88357365592741e-05,0.000273522963097338,0.972024247149513
"TALDO1",-0.383337635312655,0.191706606127156,-4.11508284034131,4.89080286870244e-05,0.000273687785422131,0.970622624406706
"DSP",0.772170601581853,-0.140662072942334,4.11455086411169,4.90154212806908e-05,0.000273855436458535,0.968544303671957
"MMP8",-0.942629917817491,-0.790468452043394,-4.11450956056654,4.90237688131724e-05,0.000273855436458535,0.968382949433151
"ACIN1",0.288224929619671,0.155642130504215,4.11132187362902,4.96721068085825e-05,0.00027723461710909,0.95593450935799
"IWS1",0.273903030910819,0.134264518757599,4.11010014443433,4.99227497250867e-05,0.000278390180781378,0.951165764195032
"SLC35B2",0.497531756704299,0.0877759336215948,4.10725011093746,5.05121357534058e-05,0.000281431053041445,0.94004627124581
"SMNDC1",0.263454509036195,0.270853807163832,4.09347936085096,5.34544812016723e-05,0.00029756483214706,0.886417372346484
"SH3BGRL2",-0.567513033297701,-0.164694258267503,-4.0928542324954,5.35918477322567e-05,0.000298069640915034,0.88398672735981
"ELOVL1",0.627534376581578,-0.184253172056193,4.09246627615292,5.36772666605945e-05,0.000298284897848474,0.882478431125895
"VAMP8",0.488355109849386,0.103931042164985,4.08787701948071,5.46975969562333e-05,0.000303650165449927,0.864646123771312
"L3HYPDH",-0.42302347547356,-0.108938765667474,-4.08769752663959,5.4737876340308e-05,0.000303650165449927,0.863949042252408
"NDUFA7",0.379431216300046,-0.0572633199156629,4.08677421199913,5.49455207442175e-05,0.000304537456555407,0.860363678422409
"PPP1R14B",0.448129619002542,0.229176780815788,4.08651935874234,5.50029666180075e-05,0.000304591450005185,0.859374175349911
"RCHY1",0.295142031151507,0.0866597254841351,4.08626154996006,5.5061136841861e-05,0.000304649357656224,0.858373253762538
"LRCH1",-0.265362668531672,0.0877438703513016,-4.08592340406521,5.51375225443401e-05,0.000304807862723473,0.857060516369739
"GOPC",0.316703500817911,0.119431959605565,4.0854666847162,5.52408535804491e-05,0.000305114922241494,0.855287613338914
"ZC3H15",0.301369165312635,0.279580438817027,4.08327763228603,5.57386820573115e-05,0.000307598517662864,0.846792588256882
"LACC1",-0.347479786601589,0.0162275805720048,-4.08183909729188,5.60681512799318e-05,0.000309149521521904,0.841212325722813
"DTD1",-0.529731849218264,-0.150961419172087,-4.08129065561065,5.6194248730836e-05,0.000309577461731137,0.839085317628459
"SCYL1",0.260141961467621,0.204747639614446,4.08082396179919,5.63017632213178e-05,0.000309902377731133,0.8372755537162
"NME1-NME2",0.411594468657561,0.243935508633396,4.07909732768683,5.67012403444324e-05,0.000311832402755556,0.830581568966489
"C1orf116",-0.86259717354392,-0.538867401667656,-4.07852796495901,5.68335593582677e-05,0.000312291115750894,0.828374768928036
"PPP2R1A",-0.188698852082017,0.0390055244564161,-4.07777779054875,5.70083473436334e-05,0.000312982199302751,0.825467583728093
"CPSF4",0.425255298103755,0.11850342298159,4.07165932818873,5.84531479662251e-05,0.000320622312195921,0.801774476556149
"DTNBP1",0.259427126494426,0.26250342022974,4.07146170313054,5.85003905572824e-05,0.000320622312195921,0.801009730333933
"NUDC",0.365208793328402,0.251801780790555,4.07059324103568,5.87084287132422e-05,0.000321486550029204,0.797649455585512
"PMM2",0.434209178319367,0.37490390426512,4.06894986510392,5.91040231934281e-05,0.000323375482510744,0.791292638945656
"STXBP1",-0.40751944918692,-0.478220286191923,-4.0681013266734,5.93092752759587e-05,0.000324220652942634,0.788011277746834
"NDUFA10",0.364417672911334,0.0140998098822836,4.06493139129219,6.00820615076404e-05,0.000328164211057557,0.775758376478976
"PITPNB",0.357506514845007,-0.0624409189924219,4.06296971301636,6.05650787658159e-05,0.000330519681982679,0.76818013552618
"EPS15",-0.236957748768472,0.0723091421512463,-4.06240671759337,6.07043838526732e-05,0.000330997003329905,0.766005815526436
"ANO10",0.484432912273415,-0.332473622532568,4.06211779891655,6.0775990880445e-05,0.000331104694344404,0.764890101159121
"LAMB1",-0.397058116426456,-0.14999999616969,-4.0614704896245,6.09367149487163e-05,0.000331697293220421,0.762390653888273
"GMPPA",0.289360641529171,0.055218338827776,4.06087749374813,6.10843079653937e-05,0.000332217467086064,0.760101242558342
"PCYOX1L",-0.393076056895904,-0.0790549772474994,-4.0603972187953,6.12040945718959e-05,0.000332585654333238,0.758247240644209
"SIAE",0.657091472451977,-0.261316657277743,4.05982251488028,6.1347726571764e-05,0.00033308268210945,0.75602897599477
"CNN2",-0.492661257406959,0.370002258999125,-4.05864429487699,6.16431943506637e-05,0.000334402545394212,0.751482124458073
"SNX3",-0.283602249255801,0.131930934066004,-4.05523690529808,6.25053169771982e-05,0.000338791552546189,0.738339437055156
"PARP1",0.441516841128276,0.210010409290111,4.05165599960491,6.34236929337928e-05,0.000343477760290303,0.724538242629115
"MAIP1",0.441379665034735,0.0468221598100841,4.04965878618439,6.39414667242626e-05,0.000345988360198658,0.716845561222731
"RNF7",-0.430879332255841,-0.067803551399134,-4.04743683448069,6.45222259056292e-05,0.000348835234891992,0.708291287955393
"TERF2",0.295305422258615,-0.0537967682400822,4.04467907454693,6.52500077749939e-05,0.000352471488699946,0.697680121671515
"EIF2D",0.30911920414206,0.0519981448159124,4.04232710897807,6.58768591900639e-05,0.000355379537586906,0.688635523403217
"ACSL4",-0.430398887920644,0.131668496417264,-4.04224193587436,6.58996667976346e-05,0.000355379537586906,0.688308075448947
"SGPP1",0.60097237650678,-0.376049905803568,4.04192404562167,6.59848575890029e-05,0.000355538663042856,0.687086001700154
"ETFDH",0.356798414035083,-0.0695521684629196,4.04029029062311,6.64243386673481e-05,0.000357604892403893,0.680806687864996
"STARD7",-0.372330227342021,-0.190034135722038,-4.03975706854161,6.65683770191704e-05,0.000358078422297728,0.678757754021311
"CHD1",0.399089167247413,-0.00328768838081267,4.03757887140469,6.71598592316303e-05,0.000360955977435993,0.670390460588214
"NPNT",-0.641456040453486,-0.607134318417448,-4.03541408592843,6.77526470006631e-05,0.000363835703195319,0.662078735800641
"ZNRF2",0.385318004278169,0.0426377766480298,4.03452149433549,6.7998512456847e-05,0.000364849161375603,0.658652793146532
"C12orf4",-0.296810563949581,-0.0310474066389241,-4.03314624966459,6.83789858580244e-05,0.000366582556426101,0.653375676344573
"UBTF",0.40771989991636,0.0553074257258497,4.03063372326567,6.90793291833737e-05,0.000369995079502721,0.643738767600414
"GOSR1",0.389582944676267,0.165283557317521,4.03044780536299,6.9131422059005e-05,0.000369995079502721,0.643025887243361
"HPR",-0.732741625196771,-0.975130831533326,-4.02932353228461,6.94472317880459e-05,0.000371185077517541,0.638715628970504
"NCEH1",-0.548400087379048,-0.123978126023858,-4.02922431716826,6.94751671815385e-05,0.000371185077517541,0.638335308591896
"ADAP1",-0.432678767196698,0.0789230417921531,-4.028881611536,6.95717428877593e-05,0.000371185077517541,0.637021683562776
"STMN1",0.634617664329096,-0.157592906909989,4.02882998699864,6.95863019245883e-05,0.000371185077517541,0.636823810311378
"STXBP2",-0.262141109378533,0.0413630771279579,-4.02590593013012,7.04156810108491e-05,0.000375295595370844,0.625619854459184
"NIT1",0.340851370797861,-0.118111586633588,4.0241128136421,7.09289178221989e-05,0.000377715713340067,0.618752909794829
"COMMD8",-0.279548335887482,0.0255558304913542,-4.02356883475319,7.10853202715402e-05,0.000378233141611487,0.616670228508941
"PDLIM4",0.578556075628373,0.0908199432436797,4.01683536434407,7.30486342668735e-05,0.000388355978179839,0.590911547805317
"C1orf122",0.388593859566003,0.139695103419158,4.01539247487104,7.34759961084161e-05,0.000390283853939458,0.585396907430161
"PARL",0.465703050240827,-0.144450359931711,4.01519889354455,7.35335123397287e-05,0.000390283853939458,0.584657187418643
"ZC3H11A",0.282506313397424,0.183829229902032,4.01193905992566,7.45085116985581e-05,0.000395130271756888,0.572205449401054
"GCC1",0.258065501539357,0.19634788792697,4.01009205166335,7.50663799969202e-05,0.000397758370357125,0.565154416026335
"RASA4",-0.442156034901043,-0.245147774381752,-4.0086734170091,7.54975546045239e-05,0.000399711348382989,0.559740716586817
"UCHL1",0.853843232876071,-1.10208664142754,4.00650497241673,7.61611728464156e-05,0.000402890711370641,0.551468999447826
"RNF25",0.250007534225374,0.069515504426497,4.00565330865964,7.64233234379505e-05,0.000403942814694796,0.548221365564618
"IMPA1",0.459479628208667,-0.225686967356708,4.00351732516952,7.70845759693458e-05,0.00040710092437078,0.540079013639063
"SEC24A",0.269008063564048,0.207990751407047,4.00266073644845,7.73512802133584e-05,0.000408171838150656,0.536814811057787
"FHL2",0.559985744529651,0.543198591249555,4.0024361191323,7.74213611221395e-05,0.00040820428634588,0.535958966728336
"PADI4",-0.916323807310876,-0.634329113219984,-4.00218086698628,7.75010733415975e-05,0.000408287420203053,0.534986449446434
"MAN2B1",0.350758480533567,0.0348156021870276,4.00145945490802,7.77267834646403e-05,0.000408984690225852,0.532238155002656
"CFP",-0.542735537979893,-0.0995773716251365,-4.00134855276711,7.77615370296294e-05,0.000408984690225852,0.531815701606363
"TRIM38",0.348333057744526,0.0295204584925777,4.00024482980264,7.81082175576358e-05,0.000410469933420168,0.52761192964636
"GYPC",-0.510320122360712,-0.635687838210787,-3.9999575212683,7.81987019589991e-05,0.000410607493427804,0.52651782441926
"ECHDC2",-0.546837789210105,-0.342181166116448,-3.99900849417028,7.84982947705371e-05,0.000411841916277633,0.52290432257066
"MCCC2",0.601143752178313,-0.365747459175186,3.99547735263316,7.96226215165191e-05,0.00041739773266254,0.509466032326207
"SEC22B",0.362893476322772,0.0656226163732231,3.98700154161462,8.23840797427185e-05,0.000431434331980702,0.477254029253924
"TRAPPC5",-0.265306875026653,-0.000386588922350346,-3.98684665852616,8.24353774497192e-05,0.000431434331980702,0.476665979593186
"GSPT1",0.281112714253309,0.175289989143739,3.98640310364273,8.25824518836751e-05,0.000431850086222167,0.474982035082559
"MTMR14",-0.302284196477696,-0.0209698745338048,-3.98458567985996,8.31876809613989e-05,0.000434659036774576,0.468084009663943
"ORM1",-0.733363702722385,-0.557702187448399,-3.98391276525712,8.34128378594833e-05,0.000435479124883729,0.465530689221265
"PROCR",-0.470083698424509,-0.315738513364186,-3.98098134740792,8.44004559087601e-05,0.000440275254066531,0.454412228113463
"CYP2S1",-0.681840270188801,-0.0562846078723495,-3.98075120138945,8.44784620954904e-05,0.000440322433044658,0.453539630851655
"VCAM1",0.566869361487473,-0.255512972418947,3.98035667310011,8.46123436063182e-05,0.000440660533382008,0.452043885769715
"MRPL32",0.475949016158504,0.122266260498091,3.97916182164527,8.50190411528129e-05,0.000442417748786235,0.447514757701113
"PFN1",0.32420196963296,-0.16900536606603,3.97841871479159,8.52729112814765e-05,0.000443377474374778,0.444698606906521
"CYGB",-0.454945782516669,-0.163999990130919,-3.9758070031516,8.61708797617381e-05,0.000447681909909437,0.434804797716999
"TMED10",0.331811653929129,0.252290865900133,3.97367348576243,8.69110870364664e-05,0.000450989591823662,0.426726886373279
"HM13",0.599125822154915,0.0912453010289238,3.97356520232698,8.6948815588869e-05,0.000450989591823662,0.42631700927902
"NCF2",-0.520588770193134,0.00556525841496829,-3.97300221618993,8.71452241308947e-05,0.0004513153293491,0.42418614397914
"ARL6",-0.363168014723241,-0.465053124057252,-3.97297999879742,8.71529837255192e-05,0.0004513153293491,0.424102058243557
"ORM2",-0.65143985220611,-0.568502840057263,-3.96655955418259,8.9423059726888e-05,0.000462695491374538,0.399820627407775
"RALB",-0.390386608434848,-0.0863981659780077,-3.96556387045371,8.97800898861919e-05,0.000464166699533065,0.396058254894657
"LXN",-0.443823277263483,-0.104593458696897,-3.96459681964652,9.01281474680521e-05,0.000465589176038441,0.392404898842869
"AGPAT5",0.482516900433786,-0.102447818748593,3.96403980050464,9.03292086164547e-05,0.000466250603893341,0.390300941337228
"IGFBP2",0.974571777234924,-0.918485834713784,3.96316360694062,9.06463401994372e-05,0.000467509597878357,0.386991950648545
"MMP7",0.992327918647343,-0.968843580130794,3.96286800062582,9.0753570779768e-05,0.000467684866367085,0.385875727974682
"ATAD1",0.402320986729525,0.023809687422049,3.96010235278839,9.1762651344369e-05,0.00047250365228532,0.375436184306727
"SNX21",-0.440074912039506,-0.0397540754358739,-3.95558547316529,9.34336153529726e-05,0.000480720091884553,0.358400479973188
"SRP68",0.267270542599981,0.221686045439907,3.95470469971667,9.3762792171954e-05,0.00048202530436226,0.355080645337018
"ROCK2",-0.270940706016171,-0.0931448683835648,-3.95349636453205,9.42161810041674e-05,0.000483966464772011,0.350527250062098
"DNAJC3",0.399410906203586,0.327362324609304,3.94866715667067,9.60490351643752e-05,0.00049295988737401,0.332341877926165
"AP2A1",-0.213401407604361,0.188647416330462,-3.94847832092705,9.61213875928962e-05,0.00049295988737401,0.331631188920135
"NHLRC2",-0.250116655491121,-0.234633541310838,-3.94710142515355,9.66505101370245e-05,0.000495275687981462,0.326450134738779
"ACOT11",0.496701129286033,-0.101724959388147,3.94498546449091,9.74690334286509e-05,0.000499069589768994,0.318491293216383
"CFHR2",-0.749122924397799,-0.326186987781075,-3.94344634753614,9.80685402601694e-05,0.000501736882661203,0.312704594457344
"SAFB2",0.264386643185914,0.200138915880117,3.94112570846993,9.89790760388158e-05,0.00050598991233614,0.303983450074442
"FKBP11",0.617112850387302,0.0424437981241054,3.93566769697426,0.000101152309247786,0.000516044549435427,0.28349022719471
"CUX1",0.295273044738085,0.067359555033786,3.93564691022354,0.000101160671805146,0.000516044549435427,0.283412228482947
"NCKIPSD",-0.29009899267914,-0.0564729508729883,-3.93557805963125,0.000101188375237769,0.000516044549435427,0.283153881138626
"MRPL1",0.43120907758596,0.232288310110518,3.9324256069886,0.000102464561798964,0.000522135855615632,0.27132937285629
"CNP",0.269145761903366,-0.02264607952688,3.93155457742533,0.000102819856669504,0.000523528536550864,0.268063756104612
"LACTB",-0.383815718015674,0.0377666867603799,-3.93127246849865,0.000102935179716343,0.000523659443226582,0.267006229810442
"NISCH",-0.27981625823056,-0.117413151225374,-3.93109059047675,0.000103009594470256,0.000523659443226582,0.266324470247868
"MAP3K2",0.198456127049853,0.0962567476896466,3.93068238658763,0.000103176795396415,0.000523798279443436,0.264794445407751
"TRAM1",0.515906694244443,-0.00722997608972488,3.93062340259904,0.000103200976591988,0.000523798279443436,0.264573374300752
"AKR7A2",0.382718339687283,-0.241692971215812,3.92916039328459,0.000103802477092695,0.000526432737281062,0.259091003720844
"SORBS1",-0.565381838339612,-0.919312732780146,-3.92868669185699,0.000103997945577318,0.000527005462310455,0.25731628898447
"RPLP1",0.27531653846359,0.213601911450544,3.92798633610715,0.00010428758031379,0.000528054084300991,0.254692774418905
"PTPN23",-0.206210851895274,0.0107015127896091,-3.92689984555111,0.000104738416353441,0.000529916631075058,0.25062365159144
"ITGA6",-0.578385003143394,-0.394090313412667,-3.92613411780062,0.000105057262069016,0.000531108961449459,0.247756464868615
"PGAM1",0.421928002512504,-0.0512428845250475,3.92512437620937,0.00010547912094774,0.000532819768395034,0.243976372418055
"CARNMT1",0.451666681251423,0.0719563461824959,3.91770727712466,0.000108627485729374,0.000548289720460123,0.216236686985837
"DPM3",0.465518323419245,-0.0327258703812404,3.91509350227457,0.000109758035451429,0.000553558496332839,0.206472650773663
"RBBP6",0.220867704538649,0.242337651822276,3.91442288223354,0.000110049894706094,0.000554592405444678,0.203968434661366
"PPP2R5E",0.263200253257485,0.000586073456123731,3.91370552049928,0.000110362910421619,0.000555731216910123,0.201290109278196
"PTPN11",-0.21767542959531,-0.071285938517509,-3.91317195920673,0.000110596273066912,0.000556467457472207,0.199298307050815
"GNG2",-0.41739603728137,-0.41563102840958,-3.91238183163574,0.000110942708722997,0.000557771019839633,0.196349188778737
"NUDT19",-0.467028736502026,-0.112061308415673,-3.91177578052436,0.000111209131709035,0.000558670579041847,0.19408749594599
"COMMD3",-0.363016672415906,0.108145600968392,-3.91088644097312,0.000111601187505959,0.000560199357095559,0.190769190657498
"FNBP4",0.281548067567516,0.131775902460748,3.91014722448084,0.000111928059560313,0.000561398790489082,0.188011548006275
"CTU2",0.354523217644977,0.0582914104465521,3.90815087288326,0.000112815359929919,0.00056540508096745,0.180566544170281
"CD14",-0.419089146142856,-0.167701900922919,-3.90734053976406,0.000113177419675049,0.00056677476441191,0.177545553520947
"KLHL9",-0.282259093630287,-0.145648182780158,-3.90682866824678,0.000113406692798914,0.000567477847587044,0.17563754727827
"GALNT2",0.392150538857742,0.227613265148632,3.90455451481953,0.000114430643454436,0.000572153217272181,0.167163372027106
"TERF2IP",0.310334664839279,-0.0411008011489121,3.89863056661107,0.000117139219192284,0.000585237804806523,0.145110089314049
"SELENOF",0.265739942566412,0.299886981937947,3.89664381601242,0.000118061131044072,0.000589382581482719,0.137720781533405
"TRIP11",0.258888075375932,0.213635251655059,3.89593240212824,0.000118392916384876,0.000590577164935496,0.135075659854387
"EFEMP2",-0.512784465645431,0.191358515016724,-3.89447031685415,0.00011907757060803,0.000593480700464064,0.129640835034547
"BORCS5",-0.246686855393197,-0.00824726377023349,-3.89412503422015,0.000119239803462767,0.000593480700464064,0.12835763106516
"FUCA2",0.494965182881693,-0.0862991333999565,3.89409519085845,0.000119253835347752,0.000593480700464064,0.128246726448277
"USP10",0.27735779848427,0.100955332390077,3.89070304210313,0.000120859003381563,0.000601000573669221,0.115645793218013
"KRT6A",-1.46979942826695,-2.01938321758104,-3.89006159312586,0.000121164829238565,0.000602052478356604,0.113264106374687
"DNAJB4",-0.382402005549301,-0.580071072589754,-3.88831607578077,0.000122000760759442,0.000605734725854615,0.106784849950882
"SLC43A2",-0.54619426379339,-0.400156244907795,-3.88761795554123,0.000122336618480388,0.000606930310021193,0.104194211798301
"BAK1",0.359357820376201,-0.0946699551296593,3.88534595935572,0.000123435722087807,0.000611907675101434,0.0957660517717551
"TUBB2A",0.623160834729065,-0.183632496734702,3.88472452115005,0.000123737974511668,0.000612930153031034,0.093461557586866
"CHMP4C",0.461059533770404,-0.098039777604376,3.8837063430935,0.000124234706894233,0.000614913646139286,0.0896865504110282
"CALR",0.344764715525696,0.207713666328961,3.88289268128051,0.000124633019977371,0.000616407306394667,0.0866704587436091
"LMNB1",0.426163880551934,0.065316930198603,3.88168835069579,0.000125224797894929,0.000618831646125018,0.082207289596969
"CBX8",0.362838647681767,0.306535614590976,3.88150110817575,0.000125317042825317,0.000618831646125018,0.0815134947302036
"MOB2",-0.25021038278892,-0.169712794694608,-3.88120254505698,0.000125464262893433,0.000619079844338925,0.0804072837518595
"PPCDC",-0.315302648102368,-0.0945725847413828,-3.88047030413798,0.000125826021080774,0.000620385439846132,0.0776945749674658
"ANKS1A",-0.216269773319688,-0.211292322799366,-3.87907675044469,0.000126517225991709,0.000623312104905142,0.0725332128457463
"EEF2",0.239539665638843,0.239831875765093,3.87798333574202,0.000127062076874158,0.000625513770887815,0.068484672331059
"COL10A1",0.755384736596523,-0.0724520454322268,3.87454421247539,0.000128790318223479,0.000633533267994542,0.055757566463102
"CTPS1",0.409604340617463,-0.229761886891729,3.87421272514773,0.000128958069279526,0.00063364931167083,0.0545313814422155
"GPR108",0.443812077245486,-0.0964852521318658,3.87410547279596,0.000129012389220373,0.00063364931167083,0.0541346711627089
"HLA-DMA",-0.612304722277292,-0.357925194019546,-3.87384658128776,0.000129143598884557,0.00063380620974473,0.0531771118097781
"TUBB6",-0.312616452941527,-0.180967846449632,-3.87337400210997,0.000129383434138679,0.000634495566033384,0.0514293387050655
"MYO6",0.458650850879702,-0.030028237322839,3.87268505834279,0.000129733830556006,0.000635725639370759,0.0488817177970224
"HSPB6",-0.688426417948662,-1.23624779139158,-3.87211731999203,0.000130023256936064,0.000636655287988319,0.0467826090485133
"C6orf47",0.438149834577872,-0.143995400998456,3.87115139035037,0.000130517081686281,0.000638228236126071,0.043211906413978
"MCAM",-0.462677256651417,-0.815038423509153,-3.87109803111571,0.000130544412902216,0.000638228236126071,0.0430146797676629
"CLDN3",0.816010275708015,-0.361469731003913,3.86998523320597,0.000131115637003461,0.000640530483754477,0.0389021166556853
"PIK3CA",-0.272792071249966,-0.0705116119105044,-3.8686371686381,0.000131810798085399,0.00064309526597686,0.033921525375944
"HSPA4",0.263373999309968,0.14375037324269,3.86857665795937,0.000131842083502539,0.00064309526597686,0.0336979983420918
"GNG12",-0.460021446616876,-0.327208323578041,-3.8677256393818,0.000132282824965264,0.000644412473093299,0.0305546656185509
"MRPL27",0.333236605476575,0.19750957039907,3.86766558741729,0.000132313978422132,0.000644412473093299,0.0303328807913061
"RPN1",0.326317061752347,0.109941706244767,3.8668214584515,0.000132752626961303,0.000646056038984693,0.0272156636088647
"LGMN",0.412986139439447,0.146202125553231,3.86566591505134,0.000133355333055488,0.000648494898369605,0.0229494560468222
"TIMM9",0.386635582728892,0.360989484723515,3.86520142776859,0.000133598328422878,0.000649182136210101,0.0212349206577125
"NCL",0.380839599112914,0.310915553055283,3.86448418750526,0.000133974374225845,0.000650514356982525,0.018587782178523
"MRPL33",0.449780429281108,0.199120864083596,3.85894038107817,0.000136914947839678,0.000664287189936432,-0.00185776115392677
"NT5C2",0.383384626173221,0.0649233384724204,3.85873816865531,0.000137023352418771,0.000664308356259571,-0.00260301326486623
"AMBP",-0.411187828375145,-0.484155383195587,-3.85764752866702,0.000137609438226608,0.000666643598692634,-0.00662194229625612
"SMTN",0.521324486096094,-1.33323344228978,3.85661550551841,0.000138166208349081,0.00066864838713967,-0.0104239168951477
"MYH9",-0.285976124791528,0.195556708354826,-3.85649249684271,0.000138232712768107,0.00066864838713967,-0.0108770190300831
"TEX264",0.408321893409019,-0.04230398149804,3.85513396033258,0.000138969220511225,0.000671642006194024,-0.0158803065794073
"MZB1",0.971233042460768,-0.747373653260313,3.85491159581851,0.000139090124746121,0.000671642006194024,-0.0166990885763623
"PGK2",0.886062183383866,-0.549982197831524,3.85476999300398,0.000139167169020312,0.000671642006194024,-0.0172204704852952
"ORC5",0.333427086530645,-0.0210096955196405,3.84948925216005,0.000142069355423973,0.000685130539563497,-0.0366516759098561
"EDEM3",0.304693643949413,0.0244980609760844,3.84756664587169,0.000143140127359142,0.000689773368443866,-0.0437201231783559
"GPI",0.360606799720608,0.104048502636305,3.84709293694109,0.00014340512359233,0.000690529196181769,-0.0454612148976006
"PSAT1",0.951495675377805,-0.271574482257259,3.84620698315615,0.000143901978741932,0.000692361394146262,-0.0487169645434991
"UTP18",0.319708906783986,0.185709239660473,3.84602810206118,0.000144002495133318,0.000692361394146262,-0.0493742430567528
"NAA10",0.253272359987623,0.214378464306518,3.84551577310612,0.000144290749318607,0.000693110321399867,-0.0512565837096481
"TDRKH",0.40015108535805,0.164576808575649,3.84536555903039,0.000144375368435681,0.000693110321399867,-0.0518084396935956
"MLEC",0.498658383481656,0.0974881687528585,3.84495565027844,0.000144606518559641,0.000693339445665765,-0.0533142608900459
"TCF12",-0.366106972669896,0.0679389984269786,-3.84489584431548,0.000144640272768488,0.000693339445665765,-0.0535339489512543
"MAP7",0.498883548212894,0.0247732714953719,3.84159516053236,0.000146514762984091,0.000701798020745251,-0.0656536628156434
"MMP2",-0.60693190910671,0.391299250562561,-3.83847989610754,0.000148305010335137,0.000709840697893441,-0.0770838101475295
"ABCF1",0.245462973636165,0.186377579982089,3.83542267607182,0.000150082001059894,0.000717807922672229,-0.0882927450579274
"PDCL",-0.284011075745687,-0.0193388688076988,-3.83106641045644,0.000152648871412548,0.000729538206563711,-0.104250366097992
"TMCO3",0.586854343052676,-0.0201952251539885,3.82723557985864,0.000154940388230847,0.000739935960249781,-0.118269536907819
"HK1",0.293950794809977,0.133551858203945,3.82612899641751,0.000155608352306844,0.000742570500358147,-0.122316761805624
"SLC35E1",0.436834782149671,0.0687294512010578,3.82464757505235,0.000156506841871389,0.000745942029176913,-0.127733244995715
"NFKBIB",0.313407702865016,0.23183388398373,3.82457904697695,0.000156548522959603,0.000745942029176913,-0.127983756012135
"OSTF1",-0.277559076438374,0.0920484763346433,-3.82436972582069,0.000156675904148367,0.000745992280378318,-0.128748924341414
"RAPGEF2",-0.257607340678843,-0.011724540717341,-3.8234052796447,0.000157264079257352,0.000748234833128309,-0.132273938590322
"ZMPSTE24",0.527969055398484,-0.0279765748110098,3.82225302584014,0.000157969527196991,0.000751031594305874,-0.136484316105676
"MAPK1",-0.199524068082355,-0.0408234706573659,-3.82198692365246,0.000158132868451056,0.000751248783526782,-0.137456498176357
"MAN2C1",-0.269711085137987,-0.275893046504751,-3.82144542646774,0.000158465748324726,0.000752270485541545,-0.139434621573951
"MOSPD2",-0.349065381063191,-0.0172595281296737,-3.82086579763795,0.000158822803240604,0.000753405348210442,-0.141551758082993
"SLC25A3",0.458076270036494,-0.131619792973106,3.81984700156537,0.000159452231764775,0.000755829621245797,-0.145272272708666
"NAPA",-0.248266901146577,-0.115590959863734,-3.81883631074392,0.000160078982200804,0.000758040975629885,-0.148962290833272
"LRG1",-0.5843635034758,-0.521841555851186,-3.8187120644303,0.000160156190465891,0.000758040975629885,-0.149415850716458
"TRPM4",0.448674077867068,-0.313510807331088,3.81674799430486,0.000161381375138499,0.000763274133525421,-0.156583874227116
"SART1",0.204704274585516,0.24451851120942,3.81573846087423,0.000162014562844464,0.000765701690423319,-0.160266930124484
"RNH1",-0.252592043058474,-0.0445135694412243,-3.81519687784917,0.000162355215242264,0.000766744119320901,-0.162242406582454
"AFG3L2",0.43766907218243,-0.0845286990624903,3.81461031615232,0.00016272492257076,0.000767922121666153,-0.164381657576555
"CREG1",-0.384737346305129,-0.179628089309546,-3.80695146348267,0.00016762587517795,0.000790466183907839,-0.192286647873526
"DHRS7",0.482504817028998,-0.220222848237037,3.80635312214711,0.000168014575273922,0.000791714437729884,-0.194464538956055
"S100A16",0.628486840806325,-0.159514233436884,3.80515778384416,0.00016879365394022,0.000794799026849783,-0.198814489132574
"MTDH",0.323029642230353,0.0771089361940147,3.80229540423583,0.000170673147559777,0.000803056777574926,-0.209225876362739
"AK3",-0.396797248337925,-0.0354136342067113,-3.80072146811627,0.000171715032704892,0.00080736412652484,-0.214947726249776
"RAB43",0.442148748951604,-0.180042006818608,3.80032523891664,0.000171978266415821,0.000808006792542322,-0.216387826571995
"CHMP2B",0.347904109420259,0.185329328382031,3.79967792762011,0.000172409126139992,0.000809435492944007,-0.218740192285354
"TMEM120A",0.503819742825894,-0.125836796647376,3.79906036420098,0.00017282113569812,0.000810773660126743,-0.220984110408518
"RRP15",0.421721708944977,0.285401821665807,3.79716891145524,0.000174088819956819,0.000816121230120623,-0.227854629679108
"PHKB",0.295205057336538,-0.0098503521027861,3.79660604748938,0.000174467753908836,0.000817297585258929,-0.229898573489155
"SCAMP1",0.330623729324273,-0.0361257143164078,3.79633673302522,0.000174649338553909,0.000817548406647148,-0.230876444525856
"NDUFA3",0.395316554639544,0.0967803168576365,3.79597775196105,0.00017489165830733,0.000817657078271627,-0.232179792921364
"ELMOD2",0.395836720865189,-0.0881478519479839,3.79592296035527,0.000174928671717939,0.000817657078271627,-0.232378714238287
"SIGIRR",0.556601995870957,-0.293355147517518,3.79465245808361,0.00017578901305333,0.000821077431123273,-0.236990544142822
"POLB",0.450015154500428,0.025027704636492,3.79389472170073,0.000176304027848344,0.000822881007172279,-0.239740398192503
"ZC3HAV1",0.186115359150329,0.169545464427323,3.79004134401313,0.000178945202320102,0.000834598332223411,-0.253716665938226
"UQCRQ",0.40791979072108,-0.0147864385707937,3.78835946363342,0.000180109670551075,0.000839416238298256,-0.259812795289457
"RPS25",0.428415938920942,0.334662816167304,3.78693302926491,0.000181102883330539,0.000843429547823115,-0.264981093761554
"C2",-0.615851799590925,-0.111931943140708,-3.78521410832341,0.000182306624480097,0.000848416761884414,-0.271206767989169
"CTSG",-0.762918596697637,-0.234466792850002,-3.78479747222941,0.000182599525681377,0.000849160940623156,-0.272715371455625
"GNPNAT1",0.606138594871122,0.083681989293017,3.78071483709542,0.000185493287308063,0.000861982797417305,-0.287490188020967
"TUBB4A",-0.648411054482913,-0.404547059620265,-3.78036543916835,0.000185742941027282,0.000861982797417305,-0.288753959520402
"NGDN",0.36229108906683,0.167938533876984,3.78033923076872,0.000185761680383118,0.000861982797417305,-0.288848750924442
"VSIR",-0.445980181352291,-0.395967348055859,-3.77842524398264,0.000187135042584853,0.000867560466627671,-0.295769692768122
"PTDSS2",0.35782703234074,-0.040447586020591,3.77828583741876,0.000187235446047444,0.000867560466627671,-0.296273658846335
"GUK1",-0.391830519233749,0.0528746585153297,-3.77358440307978,0.000190651451684578,0.000882748019583779,-0.313259743088606
"STAT6",-0.270861951595663,-0.0178518795566659,-3.77255591940844,0.000191406538742242,0.000885601992658851,-0.316973025787658
"S100A8",1.2718699700878,-1.3298146484223,3.77176307842663,0.00019199054898185,0.000887660865495376,-0.319834900125059
"C19orf53",-0.528346348865766,0.0786510656376359,-3.77089790344148,0.000192629760014177,0.00088997179282961,-0.322957245045863
"MAPK14",-0.251285135167025,0.0825331917947808,-3.76990694688202,0.000193364369643074,0.000892719812126559,-0.326532718067885
"METTL2B",0.348784640468678,0.187594703520263,3.7693778220652,0.00019375769934363,0.000893889386061474,-0.328441501750572
"MRPS15",0.342849168283068,0.18835497867025,3.76788310520243,0.000194872894855775,0.000897959148052107,-0.333832268816634
"SLC27A2",0.773038978621521,-0.87702310341404,3.76781864459012,0.000194921124385312,0.000897959148052107,-0.33406470494992
"APOH",-0.53152783998206,-0.179354255801031,-3.76762716344764,0.000195064457325805,0.000897971564545975,-0.334755138194605
"PCIF1",-0.252048528782542,0.0424948193787808,-3.76678957687851,0.000195692601791289,0.000900214166021168,-0.337774888125074
"GMFG",-0.395923949034205,-0.0404836203271238,-3.76578227391811,0.000196450553163555,0.000902970216741898,-0.341405700608393
"GDAP2",-0.236697632666705,0.0591936380114297,-3.76561781306095,0.000196574565586725,0.000902970216741898,-0.341998413368625
"GCLC",-0.463427912789931,-0.384393650532164,-3.76524565838033,0.000196855463281822,0.000903574261616577,-0.343339561732564
"UCHL5",0.279085119023476,0.204862233325,3.76494785052208,0.000197080517773801,0.000903574261616577,-0.34441269595591
"TBC1D5",-0.227962052193128,0.0526142167679948,-3.76488160832945,0.000197130610247751,0.000903574261616577,-0.344651385463249
"BASP1",0.672143010415744,0.0203441913659536,3.76449640948894,0.000197422136557053,0.000904261364359243,-0.346039290371258
"KRI1",0.356149677039854,0.288288371277398,3.7618944555119,0.00019940203162878,0.000912675248709505,-0.355410944189862
"MFAP1",0.220641368227302,0.255095864583794,3.76114965382955,0.000199972211441407,0.000914152516307466,-0.358092458046014
"PLCB1",-0.486767036371662,-0.628933733872793,-3.76109888921888,0.000200011130036262,0.000914152516307466,-0.35827520843599
"S100A14",0.933121745270582,-0.671953684121599,3.7577576103654,0.000202588492562369,0.000925270046502665,-0.37029868950503
"FLII",-0.198716352391397,-0.0244841074799593,-3.75630973508064,0.000203715045581633,0.000929460881888107,-0.375505775088221
"S100A13",0.62703440623779,-0.123269710319732,3.75620442127534,0.000203797217641872,0.000929460881888107,-0.375884449944169
"GBP2",0.543475376693826,-0.272134143764485,3.75593261086529,0.000204009444761273,0.000929504894367886,-0.376861748460319
"ANP32B",0.32561827157125,0.294861105448837,3.75581924597636,0.000204098020658383,0.000929504894367886,-0.377269334482978
"IDH1",0.417187093707567,0.0391766054293393,3.7548434336011,0.00020486195850112,0.000932319034233535,-0.38077725089316
"GOLGA4",0.276006826411628,0.147261155382676,3.75456536189221,0.000205080147021211,0.000932647249807998,-0.381776728727508
"RPL22L1",0.938582098309591,-0.527283305167936,3.7527156632255,0.000206537100035062,0.00093860454357571,-0.388423402696954
"GORASP2",0.258978213588869,0.270308121788578,3.75187653666894,0.000207201270503745,0.000940953138098444,-0.391437713645837
"FBXL8",-0.366791222412949,-0.252444965107349,-3.75046385770887,0.000208323962987661,0.000945379178163623,-0.396510942082974
"PPIL1",0.251124521950018,0.297464415510281,3.74960117838568,0.000209012376486155,0.000947829562403479,-0.39960814309598
"SPG21",-0.275441574997089,0.0790053427226912,-3.74859784091148,0.000209815734040821,0.000950797346948646,-0.403209513771186
"SERPINB9",-0.432605094348714,-0.112831175914764,-3.74075965203564,0.000216192677242261,0.000979000173185697,-0.431313376442763
"EI24",0.497651786665002,-0.0375064428440633,3.73942307706782,0.000217298159506608,0.000983308822430683,-0.436100280557493
"CMTM4",0.510052483655534,-0.496157776156127,3.73728620273189,0.000219076652607556,0.000990654693271422,-0.443750169175846
"CSRP2",-0.583124541079996,0.0865627605166753,-3.73585447408358,0.000220275932777086,0.000995372845563834,-0.448873429082416
"TST",0.529282637808811,-0.252079390684995,3.73288910326065,0.000222779579931874,0.00100597427006012,-0.459478897675735
"UBE2H",0.365407010314449,-0.0556690645833308,3.72981573541352,0.000225402711432265,0.00101709986748764,-0.47046244545447
"MRPS5",0.375498489888874,0.102294717309733,3.7284181088904,0.000226605199903325,0.00102180381453582,-0.475454508695593
"C1RL",-0.447674247178464,-0.185539384479752,-3.72810993925631,0.000226871155220537,0.00102228110521039,-0.476555002239734
"AGFG1",-0.213098080998125,0.120261594254766,-3.72715467824105,0.000227697432040919,0.00102528075005731,-0.47996576945633
"PAN2",-0.208495890579493,-0.0653027318203503,-3.72605966469525,0.000228648081440116,0.00102883579985563,-0.483874536059391
"ZFPL1",0.351372571610554,0.0258210645638684,3.72470672440821,0.000229827821298351,0.00103341594295069,-0.488702541588405
"RPS12",0.231971048664267,0.393908244244262,3.72438086495627,0.000230112821246282,0.00103396929180684,-0.489865139407055
"ZFX",0.394032265083278,0.240572108990763,3.71873723916024,0.000235101959247097,0.00105564417003707,-0.509985573567236
"CADM1",0.564834267831077,-0.709294997299041,3.71793307893758,0.000235821106022324,0.00105812913700108,-0.512850250962103
"SPCS3",0.497388060016944,0.0722825331489795,3.7161351393652,0.000237436480063306,0.00106462916095801,-0.519253029585371
"UBAP2L",0.255975029129537,0.282924001982777,3.71231023118951,0.000240907760094614,0.00107943582330113,-0.532864725909951
"AKR1C3",-0.858044913705129,-0.781003468570053,-3.71196039542191,0.000241227628210765,0.00108011108423965,-0.534109042645729
"CA1",-0.771575681016392,-1.92896377151415,-3.71155227220094,0.000241601296591225,0.00108102612385072,-0.535560543381135
"EIF2S3",0.225814992386837,0.344484942146204,3.71091514812757,0.000242185723618497,0.00108288224461072,-0.537826198117343
"ABHD6",-0.311969389725701,-0.266780201834934,-3.70951549512204,0.000243474291684883,0.00108788198209096,-0.542802199303072
"TDP1",0.335000869451868,0.160764349301938,3.70859336243673,0.000244326765778745,0.00109092755209601,-0.546079592212235
"MANBA",0.510253971433722,-0.340718903432876,3.70205977367367,0.000250447852025364,0.00111747696378892,-0.569279441593128
"ERGIC1",0.579306507790655,-0.105634840089562,3.70103566612809,0.000251420301166996,0.00112068209883091,-0.572912490637036
"RPL35A",0.337066978949858,0.323300113174817,3.70093380370579,0.000251517219674973,0.00112068209883091,-0.573273799748981
"LPA",-0.861572271308435,-1.2543113593449,-3.70063441632929,0.000251802280015023,0.00112116984511571,-0.574335682917732
"TLE3",0.326086941408764,0.0895849663010779,3.7003273990556,0.000252094921214819,0.00112169064247848,-0.57542454612423
"NKIRAS2",-0.327917836739916,0.236056883887978,-3.6988081582287,0.000253547745262272,0.00112723914886461,-0.580811441163703
"NFXL1",0.332034635022464,0.0430003653283747,3.69865461630101,0.000253695012829826,0.00112723914886461,-0.581355753933019
"SRPK2",0.306728751051366,0.0840850718392205,3.69796181020787,0.000254360510638136,0.00112941019501008,-0.583811522898698
"RAB28",-0.20815251274019,-0.0609802186114427,-3.69281797207165,0.000259353273450158,0.00115077877065967,-0.602031490121928
"WASL",0.250950090959522,0.120078837068444,3.68868168063981,0.000263434886690704,0.00116807760522232,-0.616665696972248
"ARHGEF7",-0.188802156330481,0.0512804661799694,-3.68796421864897,0.000264148992233337,0.00117043116961128,-0.619202542268112
"CSF1R",-0.429138904393414,-0.124899594598338,-3.68693095473322,0.000265180626139357,0.00117418744653245,-0.622855220725936
"NUFIP2",0.292992628852891,0.261451667289632,3.68636280784384,0.000265749492276847,0.00117589085806491,-0.624863268219292
"BRMS1",-0.272395199317973,0.0844395049608582,-3.68582856622966,0.000266285458411412,0.00117744643487318,-0.626751221631311
"PRELP",-0.709025880087605,-1.08286148475576,-3.68547003805523,0.000266645714505509,0.00117822345129251,-0.628018081043585
"YWHAZ",0.282024231117531,0.0982379612806683,3.68317682323298,0.000268960859883367,0.0011876314594435,-0.63611847221683
"OSBP",0.201991290100904,0.172182265593046,3.68187141215103,0.000270287195369121,0.00119266326360182,-0.640727541063886
"SERPINB10",-0.751651791898162,-0.549179589428516,-3.67947675110951,0.000272736265349284,0.00120263884962374,-0.64917855800293
"HLA-A",0.725454932317149,-0.727099394305924,3.67843280650026,0.000273810455648951,0.00120653290480308,-0.652861166083404
"AP1M2",0.415702789298064,0.0201875759392963,3.67825162421773,0.000273997292398507,0.00120653290480308,-0.653500204792268
"ETNK1",0.331558746260639,-0.0271227598360513,3.67721107817693,0.000275072638757624,0.00121043335524978,-0.657169699830786
"LSM6",0.288465924959382,0.309035698737498,3.67582620223009,0.000276509994767927,0.00121592032823224,-0.662051994058173
"TMPO",0.38519707192698,-0.209120840112488,3.67524706865582,0.000277113168848894,0.00121773405581568,-0.664093191205883
"TLR3",-0.464235609558474,-0.294667794446197,-3.67414481180324,0.000278264605395834,0.00122195289233315,-0.667977354695971
"ALKBH5",0.376531327239656,0.0222599173351462,3.67352523908558,0.000278913797485855,0.00122396192230047,-0.670160151145771
"NDUFA9",0.303966769067547,-0.125981558970267,3.67108735436913,0.000281482095578614,0.00123438405238287,-0.678745690752594
"BRI3BP",0.501145641263604,-0.178344328443042,3.66765007061539,0.000285141095390407,0.00124957165001218,-0.690841908768758
"WASHC4",-0.191594159026981,-0.00356423512192858,-3.66604648002312,0.000286863394095164,0.00125625704478575,-0.696481566485654
"PDCD2L",0.387204022814464,0.063665319492728,3.66458461163969,0.00028844200585844,0.00126230446018241,-0.701620821805243
"VAV3",-0.308861559591518,-0.358456602115862,-3.66362979258113,0.000289477485604065,0.00126574650376024,-0.70497650558867
"AHCYL1",0.327291863798965,0.0391260301237394,3.66349402829226,0.000289625002661506,0.00126574650376024,-0.705453579785799
"MSTO1",0.357917301495646,0.129380671227041,3.66144334854685,0.000291861826649043,0.00127464963280037,-0.712657663611411
"ADAM9",0.445405834022364,0.0709808154696417,3.6595335748735,0.000293959564222794,0.00128293357318014,-0.719363397621502
"NOL8",0.300994933284521,0.0794183310765257,3.65867641495473,0.000294905693013165,0.00128601881051776,-0.722372070305867
"COX5B",0.371818683678114,0.088505028584711,3.65852844425968,0.000295069312045188,0.00128601881051776,-0.722891388826779
"CRYL1",-0.425049778244136,-0.170776962275729,-3.65750283704301,0.000296205730122812,0.00129009112335208,-0.726490331658569
"COX7A1",-0.49766244689981,-0.582954843665717,-3.65644438330395,0.000297382860700919,0.0012943350821918,-0.730203560314411
"PEX5",-0.267410994720117,-0.156804731303948,-3.65555916544952,0.000298370709932712,0.00129774998836537,-0.733308288317464
"CYP51A1",-0.503989649940028,-0.324300673170143,-3.65406930544641,0.000300040276753136,0.00130352632675933,-0.738532115151969
"CADPS2",0.453221334704493,-0.0700587073579782,3.65400985586503,0.000300107079144278,0.00130352632675933,-0.738740519718259
"HSPB8",0.708638372005287,-1.10855871890112,3.65298180328008,0.000301264498203088,0.00130766405236351,-0.742343933748269
"TMEM9B",0.371555087696889,-0.162924685048546,3.6524239665728,0.000301894287300262,0.00130950748941045,-0.744298808789948
"RANBP3",0.333957331237268,-0.101794532313933,3.65204676173946,0.000302320847448499,0.00131023213565354,-0.745620524043803
"PANK2",-0.20744672724822,-0.0977175864874894,-3.65191343319451,0.000302471756922995,0.00131023213565354,-0.74608767345051
"ZC3H14",0.20012818665765,0.221710621120116,3.65042617547704,0.000304159937966286,0.00131665166367101,-0.751297581098441
"NLRX1",-0.277299182203964,-0.0364982162661569,-3.64979820740372,0.000304875400203494,0.00131885462757406,-0.753496784163083
"RPL28",0.304661326682196,0.282248657195841,3.6482249669962,0.000306674795910983,0.00132574040073909,-0.759004887446316
"DCLK1",0.636698465967844,-0.38370065644811,3.64693919836243,0.000308152808697573,0.0013312284732977,-0.763504891112617
"UFD1",0.202557277690596,0.191999236660358,3.64502161878481,0.00031036955107808,0.0013398982986028,-0.770213423276752
"ANKFY1",-0.209073713995114,-0.0680395249005186,-3.64289737219451,0.000312842708802005,0.00134966263223027,-0.777641167374292
"ITPR3",0.507294888259555,-0.20913662762072,3.64208111647482,0.000313797955711365,0.0013528696470068,-0.780494264555582
"HMBS",-0.343338522588744,-0.182847660336653,-3.64070647983648,0.000315412866241615,0.00135891440685068,-0.785297763849814
"RAB19",0.47028895083858,0.0453881685631976,3.63879178790859,0.000317675256780267,0.00136773871513284,-0.791985632153802
"NFKBIA",-0.336423399586696,-0.0995951644130461,-3.63640765305645,0.000320513670569737,0.00137902950578691,-0.800308690079706
"XPC",-0.294218884483254,0.0413115077702185,-3.63436734743689,0.000322961659576284,0.0013886263948785,-0.807427436710684
"ENGASE",-0.394687788533698,0.0229388006956675,-3.63188720970433,0.000325961038037629,0.00140057956115092,-0.816075818436351
"MMAB",-0.511592692410651,-0.0799406173838322,-3.63072633259713,0.000327373935735248,0.00140570449204409,-0.820121991003843
"EPN1",-0.242491949422361,0.0197058101561042,-3.62836539239784,0.000330265204180504,0.00141716621551917,-0.82834723344831
"NT5DC1",0.446731786185431,-0.262000459365575,3.62644095104425,0.000332639664042323,0.00142639641028223,-0.835048110781126
"MUC5AC",-1.56312980678007,-2.48966980889949,-3.62623183665122,0.00033289864287815,0.00142654888240066,-0.835776046433787
"PIGT",0.306378771818155,0.116130366711041,3.62595580595108,0.000333240784780021,0.00142705728425247,-0.836736861118565
"SEL1L",0.325441222907315,0.0660799005480812,3.62349716804099,0.000336302900101524,0.00143920510532723,-0.845291971145548
"GEMIN2",-0.298038238352374,0.0334853078726033,-3.62179541788036,0.00033843781405147,0.00144722014729951,-0.851210266634216
"CRAT",0.614022412715268,-0.413398434556756,3.62164342377867,0.000338629115123802,0.00144722014729951,-0.85173874226872
"MRPL34",0.355690207102369,0.128640540948187,3.62108485627188,0.000339333006276698,0.00144925835791085,-0.853680676698302
"LTBP1",-0.540312288430341,0.350793531907341,-3.62035245846801,0.000340258037219714,0.00145223767890901,-0.856226536249418
"MRPL12",0.436246382948446,0.232920870591004,3.61791346728279,0.00034335564007409,0.00146447946684907,-0.864701189970819
"ARIH1",0.238778341187367,0.0871659175513279,3.61103781024875,0.00035223121936606,0.00150133266732463,-0.888563332461873
"MRPS7",0.343704046169642,0.238323829399663,3.61085512048897,0.000352469962142664,0.00150134803754564,-0.889196790067651
"RPL15",0.343765464368732,0.135481305626549,3.61037230697887,0.000353101644907586,0.00150303600182329,-0.890870752824151
"MAPKAPK2",0.248107603392793,0.163240691814714,3.60914096133094,0.000354717478506906,0.00150871190356286,-0.89513901517758
"TUBGCP3",-0.194723861839001,-0.0854330088424366,-3.60899639580591,0.000354907639647832,0.00150871190356286,-0.895640040170215
"CHCHD3",0.26563940516868,0.12989592493378,3.60744720490335,0.000356951462723853,0.00151639061177099,-0.901007952649196
"TBC1D13",-0.246067654375377,0.0662713155046381,-3.60579459256935,0.000359143913755258,0.00152469008598891,-0.906731870674949
"PIBF1",-0.316475344805567,0.00745753935017455,-3.60459949393917,0.000360737275412583,0.00152995673113419,-0.91086965365247
"NAAA",-0.426062538320824,-0.459482153191531,-3.60450486860517,0.000360863717633217,0.00152995673113419,-0.911197220240825
"CNTN1",-0.422740694655513,-0.408699810049368,-3.60269956624621,0.000363284024126442,0.00153919608098695,-0.91744515290232
"HDAC7",-0.235235552373047,-0.16784613566082,-3.59894984421599,0.000368359953078217,0.00155966730796049,-0.930413242257315
"FBXO21",-0.270538230430489,-0.162890962175363,-3.59831028684916,0.000369232331365333,0.00156232500713562,-0.932623850118036
"DAB2",-0.334737056647972,0.051053288384767,-3.59696651081267,0.000371071613273822,0.0015690677157307,-0.937267382306921
"COL3A1",0.689817772010558,-0.371744660368588,3.59642091249426,0.000371820849369335,0.00157119531649451,-0.939152285998123
"TMEM199",0.5171169579679,-0.308936054523259,3.59452163324352,0.000374440106027802,0.0015812169821346,-0.945711752112113
"ELOF1",0.488482942924307,0.127125196298687,3.59424391558311,0.000374824549511701,0.00158126728354809,-0.946670626247811
"MBD2",0.246600631952066,0.0600280030547379,3.59415528061626,0.000374947324556273,0.00158126728354809,-0.946976641259512
"PDK1",0.466445773327728,-0.108712257216548,3.59397601928811,0.000375195748505625,0.00158127053083064,-0.947595525311544
"GFOD2",-0.314968765989543,-0.269240394791736,-3.59294818829762,0.000376623123565723,0.00158623921106012,-0.951143470975314
"RBM33",0.207501921756087,0.165466478394367,3.59216900682654,0.000377708588836687,0.00158976225426648,-0.953832483978671
"PIK3R1",-0.236062118439782,-0.0427559365226047,-3.58960892305062,0.000381295717344781,0.0016038031325734,-0.962663726345373
"STEAP3",0.483698347639779,-0.0476812747327673,3.58935270318491,0.000381656481931689,0.00160426375058185,-0.96354725964903
"CAPN2",-0.34848787538381,-0.2171772920261,-3.5853782554206,0.000387293815822761,0.00162688882501864,-0.977245039345471
"UBE2E1",0.421872275054384,-0.0208794894214233,3.58385286971633,0.000389478098409207,0.00163498859851597,-0.982498494898538
"LMAN2",0.368668568239755,0.114595223199942,3.58293543503542,0.000390797386466753,0.0016394489570238,-0.985657160534108
"NFIX",-0.485897884436818,-0.503864784604406,-3.58205024171198,0.000392074286166619,0.00164372574995001,-0.988704112327748
"ME2",0.349979379021888,-0.0451883858409676,3.58061734555243,0.00039414955605379,0.00165134180800751,-0.993634853265664
"SYF2",0.300215434275639,0.10452369541769,3.57915607723922,0.000396276532708914,0.00165872927244239,-0.998661346184877
"WIPI2",-0.221076640470778,-0.0294952778148668,-3.57903022807308,0.000396460217797571,0.00165872927244239,-0.999094155285405
"PFKP",0.521418339135147,-0.079739309284283,3.5788713775249,0.000396692184654587,0.00165872927244239,-0.999640439661945
"BMP2K",0.248675371728475,-0.0470460579071534,3.57739339469732,0.000398856573470278,0.00166608314110241,-1.00472212259717
"AKR1A1",0.315305075954988,0.0678472753402363,3.5773142628149,0.000398972767853654,0.00166608314110241,-1.00499414347717
"PLEKHO2",-0.319012074461699,-0.0657288318118839,-3.57640390482762,0.000400311791430839,0.00167058221456595,-1.00812315656069
"RPP14",-0.347530023089154,0.0513837376635449,-3.57547018546086,0.00040168955715874,0.00167523698397032,-1.01133170018206
"GLTP",0.341079939290057,-0.150739999546222,3.57214365374018,0.000406634331416429,0.00169475209275059,-1.02275637401222
"MVD",0.392713961573455,-0.217328715070412,3.57174661854105,0.000407228311138254,0.00169612052616944,-1.02411929834654
"WDR81",-0.206088324304811,-0.0842839852223683,-3.56959616140513,0.00041045964839968,0.00170846470341066,-1.03149885350285
"PICALM",-0.20031472854072,0.135059030918744,-3.56771411349676,0.000413307392123254,0.00171919719785471,-1.03795395459377
"CD248",-0.396278850589023,-0.0102236018120684,-3.56533169147022,0.000416938843536786,0.00173317351300936,-1.04612073407393
"FKBP8",0.267635241982593,-0.0333587456718835,3.56403666497313,0.000418925348415461,0.0017402982105613,-1.05055787769266
"IPO13",0.261076658839579,-0.0662861099003261,3.56351417653131,0.00041972933011035,0.00174250440361156,-1.05234765508545
"BTF3",0.377503223023283,0.0248057784160503,3.56321647877759,0.000420188061077434,0.00174293482053122,-1.05336730625721
"PEX19",0.300055830963335,0.176296929192789,3.56309268661649,0.000420378954364617,0.00174293482053122,-1.05379128631682
"CCDC43",0.304602517580031,0.182537430162852,3.56275352277942,0.000420902377686514,0.00174320018923363,-1.05495283042881
"COG4",0.251915745922821,0.227514173262459,3.56269743949883,0.000420988988535358,0.00174320018923363,-1.05514489058465
"EEF1D",0.25905175115252,0.287780821139397,3.55872367996554,0.000427168502638823,0.00176764153554691,-1.06874611451867
"OCIAD2",0.564750276470817,0.430479253268658,3.55849714982145,0.000427523325856586,0.00176796401269061,-1.06952104934943
"RPA2",-0.262559018377817,0.180357670779939,-3.55637921709777,0.000430854128910014,0.00177993600857619,-1.0767640554954
"ATP9A",0.465109046720773,-0.0163094682621499,3.55630208392295,0.000430975891818134,0.00177993600857619,-1.0770277638038
"DHX32",0.408194661598311,0.0265812224448601,3.55449201131573,0.000433842565445543,0.00179061718188093,-1.08321464647092
"BTF3L4",0.291124118775454,0.146961310429024,3.55364260997012,0.000435193947055529,0.00179503446508369,-1.0861169202725
"ABI3",-0.291230743226624,-0.133232557817774,-3.55306844358552,0.000436109669991089,0.00179765025364306,-1.08807839465708
"EZH2",0.498391885567133,0.0574141125975097,3.55194481225415,0.000437906950630405,0.00180389411598396,-1.09191610875338
"EEF1B2",0.281711146523012,0.382283750680027,3.55014195347671,0.000440805194394049,0.00181466226060993,-1.09807134565857
"PTPA",-0.226197778632123,-0.060225843241496,-3.54867263850884,0.00044318053150398,0.00182248841155371,-1.10308567191482
"LDAH",0.35852147490985,0.0544874630585022,3.54861303913146,0.000443277134399829,0.00182248841155371,-1.10328902593226
"TEP1",0.309037694874014,0.0129987393543883,3.54731619578861,0.000445384045177018,0.00182997241213337,-1.10771309252357
"VPS33A",-0.176469133272478,0.0796785725243467,-3.54587210367108,0.000447741230303484,0.00183847444082813,-1.1126377224947
"MAGI1",-0.305636313703618,-0.437866769400803,-3.54508962571239,0.000449023346317437,0.00184255402714449,-1.11530534581536
"EPS15L1",-0.19793265167857,0.102474368253591,-3.54381335365131,0.000451121948315837,0.00184997664739667,-1.11965524127528
"FES",-0.293414178336663,-0.160276155327166,-3.54348909770576,0.000451656592372214,0.00185098032239832,-1.12076016589028
"RELB",0.295548975621431,0.0587992029970586,3.54260523949533,0.000453116945241897,0.00185577401883869,-1.12377149834069
"LRCH3",-0.269840643521037,0.0144209731620648,-3.53928325914257,0.0004586453568818,0.0018772119254425,-1.13508336421136
"UGDH",0.674645662849992,-0.523555161031998,3.53830434756513,0.0004602864747583,0.00188272206363341,-1.13841483625606
"ABHD14B",-0.363778727762216,-0.230557947496423,-3.53403241611924,0.000467512877699506,0.00190967645798997,-1.15294325217678
"LMBRD1",0.426067237571819,-0.291508263586308,3.53396788318824,0.000467622852476025,0.00190967645798997,-1.15316259755981
"GART",0.284020075926096,0.204100383862578,3.53387948987803,0.000467773528629022,0.00190967645798997,-1.15346303758853
"SPATA5L1",-0.214138153981051,-0.0265388511899384,-3.53186257100173,0.000471223977948369,0.00192253360971268,-1.16031645049815
"SEC22A",0.325091635086592,0.058428731585023,3.53120363207489,0.000472356418676768,0.0019248519576208,-1.1625547136495
"C15orf48",0.861981702036226,-0.532807744177589,3.5311811228579,0.000472395147625965,0.0019248519576208,-1.162631165416
"EIF4E",0.263940118091191,0.127655032335452,3.53028172201803,0.000473945077418348,0.0019299357903802,-1.16568557917545
"ENSA",0.376596084897805,-0.0326407465174463,3.52733582152808,0.000479055152856079,0.00194833196340128,-1.17568496542157
"SPAST",0.204820662224656,0.0947775933057157,3.52723648568405,0.000479228361166666,0.00194833196340128,-1.17602201010988
"FHOD1",-0.292324042003348,-0.302000528039149,-3.5271506057479,0.000479378154190042,0.00194833196340128,-1.17631339205751
"SLC25A1",0.45501859687388,-0.0396977432802435,3.52534089621275,0.000482544896271172,0.00195995493809888,-1.18245202387372
"ROGDI",-0.224748365081674,-0.162595049242549,-3.52306220822721,0.000486560164057462,0.0019750074046452,-1.19017730082749
"C1orf50",0.313041742361239,-0.00933133360501243,3.52187711799526,0.00048866075892258,0.00198227379016561,-1.19419319864518
"STARD5",0.489995152666784,-0.191131512217293,3.52083317034779,0.000490518210997039,0.00198738987746226,-1.19772977063259
"DCTPP1",0.540854769330654,0.0888151915216906,3.52081843798776,0.000490544470928821,0.00198738987746226,-1.19777967235739
"NT5DC3",0.44359385340092,-0.202079256762802,3.52001350188153,0.000491981245500898,0.00199194689443452,-1.20050587261408
"CD58",-0.30651326975218,-0.090354098276438,-3.51699055256979,0.000497412349421421,0.00201266023514307,-1.21073899481425
"DHFR",0.577695250461993,0.0316134745507634,3.51671267610089,0.000497914397220093,0.00201341572276776,-1.2116792377345
"MZT1",-0.230783151950802,-0.0280294037044262,-3.51640949485057,0.000498462705322889,0.00201435719840927,-1.21270502513305
"WASHC5",-0.166452206635905,0.0124854758130483,-3.5159378852943,0.000499316742868796,0.00201483506867057,-1.21430051200442
"AGFG2",0.369778960276052,-0.309290918815867,3.5159103717043,0.000499366609502387,0.00201483506867057,-1.21439358620305
"YES1",-0.368273527341428,-0.367069741191534,-3.51582154759329,0.000499527629397888,0.00201483506867057,-1.21469405975367
"HLA-DRA",-0.542099895609881,-0.245650580475204,-3.51499834778329,0.000501022237276296,0.00201958774306133,-1.2174784389836
"DHTKD1",0.517766899013371,-0.226641258915871,3.51440873016835,0.000502095324676225,0.00202263637101432,-1.21947238138966
"CSDE1",0.25555376360864,0.104547604569605,3.51360810392341,0.000503555887958782,0.00202724107478993,-1.22217940655917
"CLPTM1L",0.456582848935314,-0.168938657405116,3.51334201505759,0.000504042187819037,0.00202792020745088,-1.22307896217198
"TRAPPC2",-0.258658145229322,-0.12419409222162,-3.51275326333453,0.000505119744904304,0.00203097580051258,-1.22506910611616
"VPS25",-0.244746984671901,0.00870944268903157,-3.51177165655678,0.000506921119368404,0.00203693602716631,-1.22838652096015
"IRGQ",0.262559541955009,0.0429958928180162,3.51141005325749,0.000507586222801665,0.0020371488168051,-1.22960837003934
"ENOPH1",0.331385368798994,-0.197529374175457,3.51126955417716,0.000507844865654195,0.0020371488168051,-1.23008308165147
"NENF",0.448388685475055,0.24709593043392,3.51122265346846,0.000507931232005281,0.0020371488168051,-1.23024154361269
"STRAP",0.213830817060714,0.226492109028433,3.50972646574232,0.000510693649207511,0.002046942216064,-1.23529563577886
"PABPC1",0.214069476797765,0.338900903892098,3.50754175101196,0.000514752574709053,0.00206191668100207,-1.24267196827686
"GGPS1",0.423876413097579,0.131238712492839,3.50708712618962,0.000515600998587934,0.00206402029842254,-1.24420639901736
"PPP1R9B",-0.234860401214823,0.0300345907305758,-3.50537888269891,0.000518800651034298,0.00207450550915146,-1.24997034147004
"ATP6V1A",-0.211926670146944,0.0901966544364931,-3.50534193869504,0.000518870054520732,0.00207450550915146,-1.25009496886256
"ARPC4",-0.251007425431968,0.21645546843191,-3.49961804897788,0.00052972865929784,0.0021165941737276,-1.26938928782824
"PDS5A",0.236546773710816,0.134363155521022,3.49921515669997,0.000530500931461052,0.00211835425101865,-1.27074627085763
"ALDH18A1",0.428653473619421,0.268027510597316,3.49895918163638,0.000530992137065464,0.00211899049697687,-1.27160834611154
"MAP2K4",0.306604223829898,-0.176559003964013,3.49789991803145,0.000533029349952445,0.0021257916298853,-1.27517512176649
"GRAMD4",0.39230698066481,-0.0835229958589798,3.49754483907297,0.000533713885898515,0.00212719298468291,-1.27637052706588
"INPP5K",-0.278621709397996,-0.190089745237015,-3.49688472394305,0.000534988670566435,0.0021309436441464,-1.27859256471111
"CKMT2",-0.739643980040347,-0.0817045013693968,-3.49632018709874,0.000536081139038192,0.00213396388575988,-1.28049256390645
"IRF2BPL",0.37289631213991,-0.0406693093796901,3.49207481332952,0.000544363751803318,0.00216558414658205,-1.294771624273
"ATG5",0.226032422063741,0.0556870304814802,3.49189048260792,0.00054472607489253,0.00216567620684234,-1.29539124471657
"SH3GLB1",-0.213877777779157,0.0916815610259262,-3.48961305193014,0.000549221284209595,0.00218218910994291,-1.30304423221164
"ACTN4",-0.294737102693985,-0.0246320847647398,-3.48488917315217,0.000558656207167886,0.00221829594699437,-1.31890338228229
"NDUFA8",0.35575009394331,-0.0887143376947001,3.4831134958568,0.000562241788603214,0.00223114594172251,-1.32485958029229
"NAA40",0.372578798025506,0.105354983637998,3.48269994511434,0.000563079946834618,0.00223308413698077,-1.32624635887256
"FBXO22",0.351210380693953,0.0204670527946675,3.48234324981178,0.000563803812867984,0.00223456694299322,-1.3274423586494
"CES2",0.573183337264912,-0.549009122179935,3.48192023635349,0.00056466339123074,0.00223658545471977,-1.32886057578339
"PEA15",-0.329551485171312,-0.111106638553172,-3.48123429824366,0.000566059848133597,0.00224072667720584,-1.3311599477288
"ARPC5L",0.239054607206434,0.225043285356575,3.47954855369573,0.000569505484407845,0.00225296934197279,-1.33680903931623
"GPS2",0.397694878281253,0.0302405948741709,3.47893367773545,0.000570767157471639,0.00225556067052146,-1.33886891490342
"SFXN4",-0.432818933130932,-0.170993082806542,-3.47888505486446,0.00057086703892916,0.00225556067052146,-1.33903179034283
"PTTG1IP",0.548214087228922,-0.0410922551286263,3.47866694960548,0.000571315273540072,0.00225593569669348,-1.33976236679659
"AUP1",0.363996046755195,-0.106286143714339,3.47825165488866,0.000572169668439849,0.0022579130611795,-1.34115334141218
"TMUB1",0.350174397032035,-0.0860505118204747,3.47648768178153,0.00057581206589215,0.00226975201051305,-1.34705981596098
"TAGLN2",-0.360134035809994,0.29421633470816,-3.47645454426982,0.000575880698047163,0.00226975201051305,-1.34717074672068
"PDCD10",-0.251834227987037,0.0619715880283676,-3.47442842364216,0.000580091626886139,0.00228493833292288,-1.35395149861757
"SARNP",0.196430609205678,0.320720460901228,3.46770933437166,0.000594263055840127,0.00233931542018447,-1.37641176284878
"HIP1R",0.358932108579263,-0.00390166155018004,3.4652258311413,0.000599582537514246,0.00235880129515001,-1.38470327478871
"NQO1",-1.22050640664324,-0.889505421438958,-3.46413059825521,0.000601942563545737,0.00236662762822631,-1.38835810348871
"EHBP1",-0.256374333389663,-0.132576310513842,-3.46262901415251,0.000605192320254684,0.00237794028604686,-1.39336719397945
"RAB6A",0.29482740865463,0.0733738151940002,3.46025901801515,0.000610354902963221,0.00239675034158682,-1.40126908630778
"DNAJB12",0.362185065987857,-0.121896680136938,3.45924869974464,0.000612568178995855,0.00240396301345331,-1.40463609671711
"CMBL",0.710322082119507,-0.632836121996671,3.45907409595851,0.000612951438114928,0.00240398951619399,-1.40521789274375
"CTSC",0.489561902502831,-0.275297312582173,3.45854715094183,0.000614109453355674,0.00240705270698341,-1.40697355690267
"GCN1",0.23970455668926,0.176277369318686,3.45832360608257,0.000614601333437175,0.00240706074895241,-1.40771828375618
"GDPD1",0.478905588711797,-0.315552234556897,3.45813149288334,0.000615024346635145,0.00240706074895241,-1.40835826207642
"NTAN1",-0.223950038180669,-0.100030893518451,-3.45803248154799,0.000615242465511407,0.00240706074895241,-1.40868808130897
"SYAP1",0.373192092574638,0.275841563928662,3.4575695858935,0.000616263169745284,0.00240957767227412,-1.41022992855825
"SLC25A17",-0.3410009814127,0.0323975923234412,-3.45638172382987,0.00061888970223325,0.00241836643130924,-1.41418566953136
"AP2A2",-0.21536216971158,-0.0177150532787558,-3.45601127946407,0.000619710945485234,0.00242009442625273,-1.41541904069311
"CYB5R4",-0.23624787380035,0.0352154620487529,-3.45424045100174,0.000623650810765517,0.00243399170338498,-1.42131320387491
"KCNAB2",-0.390380072379287,-0.228130647523898,-3.45313377688255,0.00062612489164984,0.00244215481562873,-1.4249953175158
"PBLD",0.604958069631898,-0.551499951023489,3.45292154628924,0.000626600401388311,0.00244251743764613,-1.42570132334822
"MARCKS",0.367553640055965,-0.266590765019309,3.45232324987157,0.000627942721927106,0.0024462564243469,-1.42769139765304
"TIPRL",0.237712179490838,0.0492358900952957,3.44922849282534,0.00063492903451951,0.00247196456427261,-1.43798016498097
"EIF1AD",0.268762473256605,0.0688177741364946,3.44875236661532,0.000636010298639496,0.00247466529970334,-1.43956232279152
"EML3",-0.207302181779955,0.0450296762044437,-3.44845370689212,0.000636689421153074,0.00247579899760194,-1.44055465934154
"LIG1",0.417192044022472,0.0621316374448437,3.44817390061555,0.000637326287534298,0.00247676710036914,-1.44148428027781
"NSUN2",0.328469757970201,0.223988906340363,3.44755258296384,0.000638742596145771,0.0024807612386805,-1.44354827861344
"ACTB",-0.274724851917543,0.030579752864432,-3.44534462672531,0.000643799516086335,0.00249857635441403,-1.45088024228062
"PRKCA",0.382209448711475,-0.43324904455004,3.44504520460452,0.000644488160832121,0.00249857635441403,-1.45187419727205
"FUNDC2",0.420650233965582,0.0252154902445469,3.44503851076784,0.000644503563934207,0.00249857635441403,-1.45189641706443
"ELOB",0.26894346047936,0.301321275332599,3.44147398709061,0.000652754878721742,0.00252902906592131,-1.46372293483503
"C1QB",-0.433992039198164,-0.184368090093051,-3.44127828252348,0.000653210749780795,0.00252926054417852,-1.46437192128717
"RBBP4",0.236680353034509,0.204343413720865,3.44028270361839,0.000655534443671523,0.00253671965020768,-1.46767288234331
"ADA2",-0.401466773557269,-0.353279014651266,-3.43961630956923,0.000657094127552494,0.00254121502387806,-1.46988189501399
"DDOST",0.307414671487297,0.0906740633213824,3.43526405753865,0.00066736605602019,0.00257937788601024,-1.48429926976285
"ZMAT2",0.242923958873514,0.269514963700594,3.43474243170643,0.000668607181310392,0.00258261152611425,-1.48602607985582
"C18orf32",0.500856838819638,-0.279396744951607,3.43289025490388,0.000673031578434367,0.00259812976318224,-1.49215562463994
"AOC3",-0.54247909402381,-1.24022544922534,-3.43195423827803,0.000675277879174477,0.002604139493862,-1.4952520825565
"RETSAT",0.417884017021451,-0.252290453700795,3.43190174084376,0.00067540407233132,0.002604139493862,-1.49542572723466
"CLDN7",0.578290115679803,-0.588292970120025,3.43126226112002,0.000676943020593877,0.00260849800029686,-1.49754072258475
"PTGS1",0.326644134238135,-0.524861556252405,3.42845581496117,0.000683735709918841,0.00263229114045593,-1.50681833657209
"IDI1",0.508251596458499,-0.134339811671843,3.42828134275243,0.000684160094715588,0.00263229114045593,-1.50739487744377
"UNC13D",-0.386558849987127,-0.209075816783992,-3.42820146518083,0.000684354470345628,0.00263229114045593,-1.50765882259896
"NCALD",-0.543397307995479,-0.976221926646267,-3.42691775428393,0.000687485359129464,0.00264274173271621,-1.51189989458069
"TIMM21",0.352865935280509,-0.0564452555738087,3.4266972839913,0.000688024415901924,0.00264322256048964,-1.51262812657622
"ASCC3",0.214003344844249,0.152139527697607,3.42592434469226,0.000689917395389145,0.00264890112420907,-1.51518086578099
"REEP3",0.349310797284023,-0.140944235199223,3.4253216682061,0.000691396762726013,0.00265298577524375,-1.51717091638454
"AP1S1",0.32716708673608,0.02821042713496,3.42397780082047,0.000694706174944473,0.00266408343965193,-1.52160722113174
"TRAPPC10",-0.213352722158869,-0.0570320886853163,-3.42374971642593,0.000695269322188457,0.00266449770136118,-1.52236000049164
"RTN4",-0.247501054492192,-0.233479763223835,-3.42359611350226,0.000695648812555847,0.00266449770136118,-1.522866931748
"KDM2A",0.246487161437726,0.132576286352137,3.42170242760454,0.000700343255558605,0.00268087031579238,-1.52911486800593
"CPD",0.554239666756442,0.050364062099124,3.42074080428964,0.000702738423517196,0.00268842710255081,-1.53228636925684
"AGO2",-0.202686009496587,0.00811211703454328,-3.41949691301779,0.000705847995257837,0.00269870625731814,-1.53638757848661
"SLC35F6",0.440814777831333,0.00265663663841739,3.41607125627838,0.00071447822640704,0.00273006790880248,-1.54767506148456
"GAN",0.360570321846489,-0.0671918445609524,3.41386535628532,0.000720087553982204,0.00274985588048826,-1.55493788772919
"MED28",0.237573922417132,0.0727851452331617,3.41276508907773,0.000722900732742239,0.00275894870206766,-1.55855883422593
"SEC24D",0.303139669693199,0.3769097239161,3.41250007131408,0.00072357986493636,0.00275989094242453,-1.55943083725936
"COX6C",0.457405401048798,0.223770186998819,3.41182577371072,0.000725310499666035,0.00276484032260754,-1.56164923256639
"AKR1B10",-1.33686708819312,-3.55957262693919,-3.40967471804462,0.000730857193399121,0.00278432170635644,-1.56872333608875
"CTTNBP2NL",-0.217240128272473,-0.0200864829571898,-3.40897370668734,0.000732673349626208,0.00278957622979329,-1.57102783015075
"SPIN1",-0.286255623552411,0.0871552250716716,-3.40835133226907,0.000734289304113841,0.00279406269771566,-1.57307344432306
"PAPOLA",0.237816519391222,0.206796838978802,3.40694455424754,0.000737954172860042,0.00280633555313363,-1.57769594615277
"EXOC7",-0.181432711307851,0.053874048716717,-3.40513992526946,0.000742680493564948,0.00282186445194125,-1.58362313405396
"RPL9",0.223765836900301,0.329422281884522,3.40504816845875,0.000742921557355246,0.00282186445194125,-1.58392442521527
"ELMO2",-0.23540771931303,0.00302430634958052,-3.40406304715291,0.000745514274367517,0.00283002891904673,-1.58715867670058
"ZNF185",-0.529037439602976,0.0831573619147264,-3.39824430693183,0.000761001459749867,0.00288643857990773,-1.60624438852922
"GPATCH8",0.208569782096748,0.112423111782937,3.39814126641823,0.000761278397582556,0.00288643857990773,-1.60658209146437
"IDE",0.273293606842907,0.175575199873039,3.39792705778203,0.00076185441835009,0.00288690828555806,-1.60728410404952
"B4GALT4",0.500249443696626,-0.231297870052945,3.39768075254099,0.000762517251385917,0.00288770619816078,-1.60809125384233
"KIAA1217",-0.331347081063782,0.138288360676418,-3.39694894145749,0.000764489805681424,0.00289346023075038,-1.61048909930795
"VAMP3",-0.270411906585886,-0.118151512523598,-3.39604593510269,0.000766930366376598,0.00290097771878826,-1.61344721793925
"APOD",0.781095852478122,-1.49506462848338,3.39407001572478,0.000772296063572647,0.00291954432558398,-1.61991748734273
"SIVA1",0.548138441291841,-0.0474828551678527,3.39228464764813,0.000777174397854866,0.00293624765106705,-1.62576076526754
"MFN1",0.257134499407198,0.0178269069956912,3.38979123893369,0.000784035482571842,0.00296041783336559,-1.6339165704524
"C12orf57",0.30452789848129,0.146508973009228,3.38954373764368,0.00078471960163521,0.00296124979695084,-1.63472582869852
"FKBP5",0.48297302082693,-0.298442578546433,3.38889266373311,0.000786521895817971,0.00296629787643104,-1.63685439054772
"C17orf49",-0.25602903236399,0.212933232049117,-3.38854366760288,0.000787489570463878,0.00296819416021952,-1.63799520977919
"ZNF787",0.273746709827331,0.219210253485278,3.38587344486697,0.000794930217578962,0.00299447164557031,-1.64672016559744
"SUB1",0.473863500150068,0.164157383632351,3.38556210900335,0.000795802017029324,0.00299598813604495,-1.64773703829813
"CTSK",-0.52036550434227,0.230330541901831,-3.38419205101923,0.000799649041456686,0.00300869718898111,-1.65221083030608
"COG2",0.273096724238595,0.216435340615034,3.38012471876874,0.000811172193508833,0.00305025586310595,-1.6654823599586
"NFKBIE",0.269773258077422,0.218543339395517,3.37907147336582,0.000814181269654141,0.00305976892686386,-1.66891662726883
"RBM15",0.180728965602258,0.148229526393014,3.37699359215161,0.000820148218157504,0.00308038021937392,-1.67568894771686
"MYDGF",0.45865182219017,0.267857129562967,3.37509744247831,0.000825628838125903,0.00309914175863251,-1.68186556903661
"COPB1",0.174522156068702,0.289500745236857,3.37480299936405,0.000826482949985429,0.00310052505032724,-1.68282441373421
"GC",-0.497310484009564,-0.477233885186099,-3.37385267936564,0.000829245230829757,0.00310906095058602,-1.68591856824219
"ANO6",-0.339105179022299,-0.355964165886944,-3.37368388555398,0.000829736760102134,0.00310907817679115,-1.68646806032515
"ACO1",0.339274026944094,0.141192707560789,3.37118181346861,0.000837054732530315,0.00313465951155781,-1.69461030751396
"WWTR1",-0.292552019763997,-0.175831952742329,-3.36906420754364,0.000843295173038834,0.00315617800694781,-1.70149701936169
"DHX57",0.236013924755236,-0.0154928463266481,3.3682845344151,0.000845603714436581,0.00316296409881521,-1.70403159388131
"ATP6V1G1",-0.278251371800708,0.188042938037877,-3.36618477609862,0.000851850222184118,0.00318446350623278,-1.71085480052852
"ZFYVE27",0.407704274628805,-0.0385267682407542,3.36546178724649,0.000854010950160564,0.00319067285943546,-1.71320324806961
"C7orf26",-0.262168889084787,-0.0426382572401818,-3.36157512689208,0.000865714403132115,0.00323250670409272,-1.72582001657344
"LMAN1",0.391677335663844,-0.0205342336884114,3.36126128542562,0.000866665927088339,0.00323416829015724,-1.72683820608784
"PFKL",0.225240155167983,0.0371070132927603,3.36084739577316,0.000867922272786316,0.00323696478489523,-1.72818084419906
"MED20",0.242354722933567,0.19324925890227,3.3595905844757,0.000871747677875774,0.00324933387229236,-1.73225693346444
"ATG12",0.313236991127231,0.179860270484046,3.35877370467558,0.000874242460585907,0.00325673168660503,-1.73490547400729
"DCK",0.309338630911243,0.0220687914019828,3.35779247569589,0.000877247962521173,0.00326602229778291,-1.73808608303569
"CEACAM1",0.4147019300554,-0.177363116121128,3.35736577321475,0.000878557950949119,0.00326899330816441,-1.73946894895427
"CFHR1",-0.56575773740085,-0.128373248480396,-3.35603741183989,0.000882647729869687,0.00328229805196153,-1.74377287834644
"INPP5B",0.30310160421931,-0.0863829872206954,3.35399333059942,0.00088897572313226,0.00330390569976687,-1.75039265393174
"PIK3C2B",-0.265112964723387,-0.141256435316626,-3.35353560429975,0.000890398512881016,0.00330726847280121,-1.75187448853494
"MON1B",-0.180459123533315,-0.0271702737496048,-3.35302498252639,0.00089198822410074,0.00331124698307164,-1.75352734307545
"ARHGEF16",0.39347682460148,0.029845344851527,3.3475628287758,0.000909159600974591,0.00337302966427819,-1.77119332601402
"ERO1A",0.535170601046862,0.301385683947066,3.34477413077941,0.000918044625375469,0.00340401564054725,-1.78020230385123
"KLC2",0.346985030635367,0.0391384770708602,3.34187518760249,0.00092736653454837,0.00343658463325092,-1.78955999604821
"ACSL3",0.413004866237194,-0.161884475752906,3.34040739268822,0.000932119935061554,0.00345219593118795,-1.79429509812106
"COG7",0.25372955908949,0.194400660016505,3.33888513464269,0.000937073658739341,0.00346853061510185,-1.79920384475446
"NLN",0.361946403976716,0.270217585131074,3.33824897649026,0.000939151090854956,0.0034742060921836,-1.80125461150399
"SLC25A5",0.435773999907794,0.138549382078347,3.3372831439073,0.000942313299263423,0.00348388559108104,-1.80436744318013
"CAMSAP3",0.309584211165541,-0.0672859380484375,3.33576243898908,0.000947312289573089,0.00350034083849779,-1.80926689538078
"LGALS3BP",0.547763699387586,0.0485752294065894,3.33535320694846,0.000948661759665087,0.00350329978916228,-1.81058501492089
"WNT5A",0.609121252852557,0.0128522288464867,3.3303640689044,0.000965258251656481,0.00356252828718303,-1.82664266801673
"TRMT2A",0.242926782614051,0.0186245232983948,3.32764734070458,0.000974408714764795,0.00359422278669741,-1.83537706948958
"SACM1L",-0.301195546243137,-0.331290251209252,-3.32742006387425,0.000975177873158101,0.00359498309475432,-1.83610747250015
"MAP1B",0.553216456024046,-0.526259393443375,3.32719452660714,0.000975941702737877,0.00359572289208387,-1.83683223894253
"EIF2B5",0.18657385593981,0.0907751601009402,3.32528827932919,0.000982419877681004,0.00361750341349089,-1.84295615040152
"MRPS27",0.285911472787062,0.163883964748875,3.32345526212273,0.000988686890174603,0.00363848172551288,-1.84884171186343
"UBA6",0.229698898255879,0.133390128038666,3.32324272860478,0.000989415934448142,0.00363906724737983,-1.84952393089787
"UBE2Q1",0.272135346691754,0.0602580334794311,3.32143165177691,0.000995648705133004,0.00365988312163168,-1.85533571690047
"NAA15",0.250525819441243,0.193420825512123,3.32043541524217,0.000999092773751444,0.00367043001173934,-1.85853139910576
"OSBPL10",0.312297555277395,-0.0569115597814284,3.31895618125654,0.00100422704593277,0.00368717060855706,-1.8632747646309
"JCHAIN",0.699351839743056,-0.814365404026736,3.31844090258503,0.0010060212807627,0.00369163556187923,-1.8649266117492
"PPAT",0.337236302370088,0.0554238416211908,3.31754993488884,0.00100913072513029,0.00370091882823487,-1.86778225253296
"NR2F6",0.356279404421307,0.0260432448707298,3.31565621076395,0.00101576945890757,0.00372312743692587,-1.87384944591787
"BSDC1",0.260867056783817,0.154849822017779,3.31475341142425,0.00101894863097575,0.00373263741180734,-1.87674073197953
"RASAL1",0.55856697388955,-0.108370280482892,3.31272494108934,0.00102612558423918,0.00375677285284813,-1.8832343815905
"P2RX4",0.381125685838661,-0.200653399629304,3.31007815458999,0.00103556088462283,0.00378914398184344,-1.89170182683952
"TMED8",0.264319933136799,0.0318774323830515,3.30886542001732,0.00103991094443133,0.00380288166105042,-1.89557942137515
"CALCOCO1",-0.296760749248596,-0.234966713422359,-3.30776637503191,0.00104386786744858,0.00381516676225481,-1.89909235674962
"SYTL1",0.441692079332499,-0.0987017157543838,3.30611355284469,0.00104984492657909,0.00383481685137729,-1.90437330346162
"SUCLG2",0.378622875738893,-0.01176157368522,3.30567193234872,0.00105144732414344,0.00383847407927722,-1.90578391088056
"CIR1",0.275606004881691,0.0654386064347209,3.3014136344049,0.00106701540056815,0.00389308190435865,-1.91937655637763
"POP1",0.274834006097605,0.0541495653965545,3.30103086604411,0.00106842522019783,0.00389599944658089,-1.9205975640198
"MAPKAP1",-0.179593253647648,-0.00937083690015,-3.30016299968551,0.00107162817606846,0.00390263730335927,-1.92336551378154
"SQLE",-0.498915328380392,-0.228413306609916,-3.30011358654343,0.00107181080887755,0.00390263730335927,-1.92352309023937
"MRPL47",0.339199836262099,0.267622270021387,3.30004097897345,0.00107207922162759,0.00390263730335927,-1.92375462875812
"ZNF703",0.576635545923882,-0.598127698568715,3.29865840857763,0.0010772021857851,0.00391905182691614,-1.92816260221459
"SMAP2",0.292278716932003,0.0523316037670556,3.29772176506674,0.00108068573120002,0.00392948655678367,-1.93114786900586
"PNP",-0.314040193098852,-0.0260641848031563,-3.29733011711315,0.00108214544130939,0.0039325547198409,-1.93239589265735
"HMGN4",-0.461264993985665,-0.268665730940477,-3.29609276851727,0.00108676920537689,0.00394711113556965,-1.93633791060605
"PRTFDC1",0.438114470907023,-0.0423156189179773,3.29242872779327,0.00110056898505738,0.00399486808847557,-1.94800290353931
"REPIN1",0.320139978527776,0.13554655414996,3.29227022940513,0.00110116959055865,0.00399486808847557,-1.94850723153509
"ATIC",0.26156090857455,0.221645634918818,3.29141748037595,0.00110440618217606,0.00400433473775932,-1.95122021414671
"CDCP1",0.446514438339514,-0.020183036662173,3.2908498724284,0.0011065654227753,0.00400988661998882,-1.95302566849314
"MON2",0.202967397396702,0.000864118818987113,3.28643478188076,0.00112349525536082,0.00406892637860399,-1.96705928837588
"FCF1",0.329190750293909,0.118728794509242,3.28482550435562,0.00112972568356978,0.00408739761857863,-1.97217008231978
"ASB9",-0.431204331369862,-0.53041139945299,-3.28478683958613,0.00112987577083653,0.00408739761857863,-1.97229284626613
"STXBP5",-0.255663378067296,-0.100504912312541,-3.28435730739598,0.00113154435665799,0.00409111592143898,-1.97365655664
"MT1F",0.900167055415626,-1.25194574495874,3.2841743353115,0.00113225583546527,0.00409137153901852,-1.9742374191376
"FMNL2",-0.290442176958486,0.0602827084836023,-3.28225566971974,0.00113974154039105,0.00411609147929685,-1.98032658251421
"CPVL",-0.419139887229391,-0.285160730357094,-3.27495063304443,0.00116866482670666,0.00421815993132957,-2.00347966992792
"LMAN2L",0.331983187404521,-0.160392822548375,3.27383492807481,0.00117314181913524,0.0042319268447336,-2.00701160787397
"DNAJC10",0.331264637298565,0.225284317336476,3.27252835303639,0.00117840495307003,0.00424851249314066,-2.01114634132755
"LCN2",-0.794378595625581,-0.621936725342348,-3.26967787769623,0.00118996336631523,0.00428776303268779,-2.02016147051682
"ITGAX",-0.384924609146303,0.0302195201496279,-3.26836277554273,0.00119533137641595,0.00430467616379911,-2.02431823049759
"VPS36",-0.218375741231161,0.0538703010647986,-3.26766822815788,0.00119817545386564,0.00431248606140478,-2.02651291562204
"GALNT3",0.609703352573402,-0.155671590622275,3.26636801047093,0.00120351655816464,0.00432926942190491,-2.03062026997542
"TCEA3",0.556834526497272,-0.237786968039494,3.26382136850153,0.00121404186350882,0.00436320122395506,-2.03866060759225
"MED23",0.218431073842773,0.0528167145094275,3.2637552796254,0.00121431614329963,0.00436320122395506,-2.03886918720871
"HAUS3",-0.207380220156152,-0.0255537282102129,-3.26129812018123,0.00122455466384315,0.0043951529387936,-2.04662128863988
"TMEM30B",0.448261730454015,-0.361044861682691,3.26129079874083,0.00122458529022926,0.0043951529387936,-2.04664437890144
"RPL31",0.264502957910713,0.222512690389285,3.26095342935632,0.00122599731436292,0.00439774879337486,-2.04770831727967
"CAAP1",-0.195135557855545,0.145412962234381,-3.2590353553776,0.00123405395992018,0.00442416312975313,-2.05375525294661
"RETN",-0.78340179043876,-0.83414598992507,-3.25873913791456,0.00123530255618007,0.00442615422065644,-2.05468881321246
"MICAL1",-0.250662894975934,-0.0876804051320493,-3.25714187301326,0.00124205546272071,0.00444785425096562,-2.05972138928077
"HCCS",0.353809628772895,0.175574867471386,3.25630950484332,0.00124558810054135,0.00445666667406544,-2.06234305315389
"ARRB2",-0.275652609200787,-0.0274024516005797,-3.25623322678936,0.00124591229650851,0.00445666667406544,-2.06258327048756
"GATD1",-0.229779344303272,-0.0326463303597813,-3.25568814656953,0.00124823126824273,0.0044624617288521,-2.06429970132224
"CHEK2",0.413126297557347,-0.0524818756688239,3.25282763275874,0.00126046671793447,0.00450368214550172,-2.07330290165832
"MALSU1",0.384197304871975,0.216843514366506,3.25128715373065,0.00126710189307502,0.00452485771100894,-2.07814834133554
"SRGAP1",-0.249544562866774,-0.106672163030228,-3.24882003194739,0.00127779583204552,0.00456049546540561,-2.08590396919174
"C11orf96",-0.445694272782603,-0.122149725412182,-3.24746956996731,0.00128368490339691,0.00457895425038509,-2.09014693420813
"CLCN3",0.363982879498673,-0.186772918004599,3.24575076007648,0.00129121666034405,0.00460324867464921,-2.09554480439258
"CDC42EP5",-0.376927374468928,-0.174796823341227,-3.2455672434428,0.00129202323928409,0.00460355378506079,-2.09612097442492
"WIPF2",0.306595064923297,-0.114798225561498,3.24513806423835,0.00129391136053627,0.00460771000391749,-2.09746830898674
"CLCN7",0.310612933661371,-0.0102473337342978,3.24425180779326,0.00129781843563541,0.00461904721936014,-2.1002500302998
"DNAJC2",0.296139592631908,0.20680431601307,3.24324564096347,0.00130226739411315,0.00463050787492429,-2.10340725425271
"VPS37A",0.219073731776011,0.0629233529461118,3.24319561071999,0.00130248898094973,0.00463050787492429,-2.10356421883843
"TOR1A",-0.240992414886942,0.143144307214887,-3.24290026634602,0.0013037977906401,0.00463258146535171,-2.10449078422214
"BCAS3",-0.195654705526002,-0.0147382422936211,-3.24130039854449,0.00131090877231534,0.00465525723650358,-2.109508573328
"ACAN",-0.546478909385707,-0.0992260355557803,-3.23919818081604,0.00132030722764965,0.00468602648612729,-2.1160983897019
"AGPAT1",0.365047400423624,-0.218868741509573,3.23884427431742,0.00132189557832966,0.00468695433436834,-2.1172073849884
"FNDC3B",0.339891892946138,0.174400896812315,3.23881283464619,0.00132203676682809,0.00468695433436834,-2.11730589830029
"COX5A",0.359973466079551,0.0777456817730828,3.23761454428465,0.00132742845015711,0.00470345763277089,-2.12105996189904
"CHST14",-0.288184493354087,0.018652368255112,-3.23639832255417,0.00133292165022754,0.00472030212795499,-2.12486886891766
"AIDA",-0.243851467816089,0.0765332133299008,-3.23539202647135,0.00133748261759053,0.00473382844418822,-2.12801932531142
"FARP1",-0.296562564314152,-0.190425899801951,-3.23508016227882,0.00133889905369074,0.00473621632011933,-2.12899550595474
"TXNDC17",0.382176042401198,0.255827446761034,3.23439450874563,0.00134201806928785,0.00474462091495177,-2.13114139155166
"EVPL",-0.50615618360382,-0.46560397638779,-3.23285579021917,0.00134904217737462,0.00476681477727557,-2.13595555553647
"RPS27L",0.376632341243433,0.189730339698013,3.23176530695831,0.00135404074393123,0.00478183083517749,-2.13936603135453
"SAMM50",0.252866018206197,-0.0206373901625814,3.23043626737045,0.00136015601089214,0.00480077176868233,-2.14352112974157
"GSPT2",-0.3539744801911,0.151978764678112,-3.22953414528471,0.00136432148614123,0.00481064476656238,-2.14634060283589
"DNAJA2",0.199680001700288,0.121216985345119,3.22950417165171,0.00136446008962325,0.00481064476656238,-2.14643426910163
"USP6NL",-0.318547367932417,-0.192738594742123,-3.22899418432866,0.00136682036331678,0.00481630685418193,-2.14802783168409
"CANX",0.372636704455656,0.0349342227911717,3.22849903733597,0.00136911557333596,0.00482173355529516,-2.14957479652903
"SCYL3",0.310833819910127,-0.0208212974141296,3.22747067529882,0.00137389386871884,0.00483335973022446,-2.15278694897986
"STIP1",0.208773879308127,0.178000373483726,3.22746274836977,0.00137393076121494,0.00483335973022446,-2.15281170550266
"GRB2",0.297692748342207,-0.0499651720595425,3.22569757569893,0.00138216889757348,0.00485966322191997,-2.15832307936174
"COA5",0.458770045663389,0.207008676501154,3.22476580057387,0.0013865359626258,0.00487233468429593,-2.16123120640031
"TOR2A",-0.30636976990351,0.0200253891978983,-3.22458460044938,0.00138738669868698,0.00487264250336435,-2.16179665144645
"VBP1",0.262840561534361,0.203277427858568,3.22129203375576,0.00140292979433762,0.0049245226700636,-2.17206609297856
"SNX12",-0.232181985550044,0.156077858567915,-3.22110284536349,0.00140382777041405,0.00492496720554598,-2.17265586808032
"MOCS3",-0.307365255536351,0.0910683336840597,-3.22056906728492,0.0014063642001143,0.00493115618766053,-2.17431969030222
"ALDH1A1",-0.478123567737612,-1.03597069396773,-3.21930598948422,0.00141238306287272,0.0049495421824601,-2.17825575772117
"NUDT1",0.347140999254364,0.185745237431211,3.21847826370975,0.00141634030124457,0.00496068723173154,-2.18083437264032
"TSPAN31",0.397836217265946,-0.222494546754901,3.2178869708349,0.00141917347278545,0.00496788521038108,-2.18267604665882
"SEC24C",0.181472184502498,0.150988652854264,3.21695416342619,0.00142365367943098,0.00498083766748865,-2.18558077500967
"GZMA",0.506689044989866,-0.726828178416009,3.21500147329294,0.00143307474797048,0.005010771514653,-2.19165882055388
"ITGAV",0.34370538027482,0.0822661091363974,3.21475608802842,0.00143426272336497,0.005010771514653,-2.19242237444797
"SERF2",0.35846644190207,0.267714635763826,3.2146939132161,0.00143456387294999,0.005010771514653,-2.19261583222361
"FAM120B",0.223432524783827,-0.178265173244052,3.21304869915825,0.0014425539276863,0.00503592500179171,-2.19773366147191
"ITM2B",-0.378625083241117,-0.288442561708089,-3.2117632590668,0.0014488253770766,0.00505410460276145,-2.20173061601795
"NFU1",0.32193151513978,0.160411769999152,3.21165705833418,0.00144934464019675,0.00505410460276145,-2.20206076998432
"BCAS1",0.976460172448348,-1.478837624066,3.21142811117105,0.00145046465197231,0.00505524934653012,-2.20277247985578
"TAPT1",0.437333761670766,-0.530072665424095,3.20850046099396,0.00146485756222548,0.0051026271330113,-2.21186923241948
"LARP4B",0.266635808527053,0.111738951763998,3.2070751628439,0.00147191236026011,0.00512440589981505,-2.21629507765777
"WDR12",0.308114302067326,0.343199680758008,3.2064474353193,0.00147502938812175,0.0051324592060803,-2.2182437153489
"SEMA4B",0.399453298958635,0.0931579290228023,3.20326516940613,0.00149092538116982,0.00518494474878501,-2.22811682461551
"DRG1",0.218468584593982,0.260012202368899,3.20112654747206,0.00150169710551374,0.00521784842756278,-2.23474681092301
"RFC2",0.256000490798864,0.100825712228894,3.2010624204142,0.00150202120749575,0.00521784842756278,-2.23494554830084
"BAIAP2",-0.45483551544226,-0.0629669605640748,-3.19926988909761,0.00151110700507178,0.00524434586498931,-2.24049930216643
"FAM114A2",0.231276487090226,0.0555532448198585,3.19923358857719,0.00151129152569778,0.00524434586498931,-2.24061174094072
"WDR89",0.485696676103852,-0.0931950937370051,3.19837822450627,0.00151564549962852,0.00525659778116681,-2.24326083500321
"EEPD1",-0.350351148241495,0.179409308357425,-3.19651572346205,0.00152516618419086,0.00528556381238217,-2.24902676654806
"PFDN6",0.221689746859593,0.32347815361731,3.19642078773436,0.00152565295320601,0.00528556381238217,-2.2493205840712
"PRPS2",0.3634702037965,0.16577539052262,3.19525918070371,0.001531620573888,0.00530336082661326,-2.25291498907426
"TUBB3",0.454374709388928,-0.156351490691773,3.19504311009026,0.00153273299089883,0.00530433612297507,-2.25358344918629
"ACADM",0.386438510410242,-0.08247350923101,3.19466015078881,0.00153470645364769,0.00530828857342388,-2.25476811034816
"GPS1",-0.145187116634589,0.00762459053095311,-3.19426328449785,0.00153675406202222,0.00531120459274219,-2.25599565110953
"DAPK2",-0.442870024312397,-0.287392755856449,-3.19417436769105,0.00153721316952037,0.00531120459274219,-2.25627065860456
"KIF21A",0.291030952396067,-0.114973761146086,3.19355433255425,0.00154041814960766,0.00531939961343695,-2.25818814226905
"SSBP3",-0.363602402070833,-0.0162462924449062,-3.19128863002436,0.00155218227493661,0.00535712639214607,-2.26519194342984
"PTPRF",0.337288613752573,-0.342363958289765,3.18982550030117,0.00155982333617332,0.00538058995217,-2.26971232683977
"KLF16",0.370518845643703,0.183445126258746,3.18794708113187,0.00156968421912316,0.00541168128461199,-2.27551290264152
"ARHGEF6",-0.295320838922507,-0.0210826956723286,-3.18605407723594,0.00157967997036963,0.00544320378349167,-2.28135526645106
"PTPN2",0.277355961350535,0.0377160618227652,3.18580209623123,0.00158101495272831,0.00544486541163446,-2.28213270749872
"VEZF1",0.323559514248883,0.118901337045374,3.18491715843889,0.00158571157841332,0.00545809618769222,-2.28486256227406
"RPS17",0.174002547499555,0.321564003657193,3.18461335189295,0.00158732694221163,0.00546071256789938,-2.28579957983287
"CUTC",-0.253334105217616,-0.185079621637073,-3.18358886856116,0.00159278542752716,0.00547654009410926,-2.2889587304754
"ZC3HAV1L",0.287347983863174,-0.0496328566572767,3.18327475345463,0.00159446251827574,0.00547935585532325,-2.28992716088404
"MRPL15",0.344793177004749,0.164726404187184,3.1812195824301,0.00160547562962469,0.00551423447829675,-2.29626112457782
"ZMIZ2",0.369495487438884,-0.025190808149569,3.18093493441416,0.00160700651572007,0.00551652505530789,-2.29713809631993
"FAM76B",0.268838904585351,0.0882924280291333,3.18063587023039,0.00160861638839711,0.00551792479433736,-2.29805940332295
"SMPDL3B",0.518832094055146,-0.0378185485038329,3.18053816297106,0.00160914267299235,0.00551792479433736,-2.29836038587945
"PRKAR1A",0.262442698995974,-0.207016939340659,3.17989528055139,0.00161260942862707,0.00552684444540197,-2.30034053772205
"MSI2",0.40165324605773,0.328816705366501,3.17775240505738,0.00162421485884238,0.00556363297945739,-2.30693812224836
"TBC1D10C",-0.326119857513534,-0.184952705535589,-3.17747830547824,0.00162570489051196,0.00556575105947392,-2.30778173102703
"POLR2L",-0.229271419840201,0.323208932367307,-3.176444391411,0.00163133672791332,0.00558203912525539,-2.31096323954774
"RPL21",0.223963466357465,0.265760015769127,3.17417407724944,0.00164376670729862,0.00562155887846905,-2.3179459194126
"RABEP2",0.255613625570841,0.0811512579733813,3.17389255525225,0.00164531412767777,0.0056238387072926,-2.31881145381377
"TMED9",0.278779434799663,0.270179795925171,3.17335993008906,0.00164824545190976,0.00563084387931719,-2.32044880290984
"PHF14",0.226582025984068,0.225281273245881,3.17290618416583,0.0016507464681865,0.00563637229912878,-2.32184346453652
"STBD1",0.375945316940118,-0.289470960588741,3.1710661255402,0.0016609247425155,0.00566809432440485,-2.32749725995539
"STRN3",0.215281209027591,0.0118537906478394,3.17012334942015,0.00166616214715281,0.00568293018673648,-2.330392854516
"NFKB2",0.239377571194578,0.102168787479166,3.16859687344028,0.0016746745536339,0.00570891458886943,-2.33507947758808
"HOOK2",0.273552709797523,0.0696512400267562,3.1661682927282,0.0016883004292712,0.00575229361840802,-2.34253138705574
"RIN3",-0.241572558126167,-0.0630749122775171,-3.16545789456656,0.00169230553633895,0.00576286445307956,-2.34471017182558
"MRPL30",0.316828130650547,0.199178108835036,3.15935978752718,0.00172704853779783,0.00587804099884815,-2.36339408578222
"C1orf21",0.507175446389394,-0.640190543378541,3.15776826272292,0.00173622380011537,0.00590612091834662,-2.36826475933419
"PC",0.409760036121524,-0.00988919525591532,3.15687213391097,0.00174140984443391,0.00592060801741774,-2.37100623916075
"CPT1A",0.482738726160794,-0.406188319124,3.15622662369303,0.00174515437919797,0.00592962602957661,-2.37298056089371
"PHC2",0.261600668645328,0.11691865572276,3.15609485898796,0.00174591964535693,0.00592962602957661,-2.37338352240505
"STAG1",-0.193556082327024,-0.0556780550035426,-3.15495667520826,0.00175254292970731,0.0059489561968002,-2.37686364556163
"LETM1",0.384297048708657,0.0236482547286395,3.15433124343947,0.00175619229506722,0.0059581763039342,-2.37877546953775
"HEATR1",0.265823884299533,0.104629476482648,3.15281880369477,0.00176504633707503,0.00598503497728308,-2.38339723069313
"IKBKB",0.275567013554062,-0.127010294244163,3.15217601263452,0.00176882179773599,0.00599465349179632,-2.3853608600574
"TCF25",0.256770838672476,0.106031246867477,3.14934882252497,0.00178551612020915,0.00604802144696838,-2.39399302286751
"SYMPK",0.179374868651919,0.169809184849409,3.14842128197716,0.00179102478703466,0.00606346408548055,-2.39682346194978
"UFM1",-0.30813924601087,0.120267324249749,-3.14820881070127,0.00179228886177415,0.00606452802460411,-2.39747171879095
"TASP1",-0.263319309930555,-0.000137903904262987,-3.14663926642457,0.00180165224337324,0.00609298176585707,-2.40225917384747
"MED8",0.251262476019356,0.171151530394721,3.14570610213872,0.0018072405790787,0.00610639152923205,-2.40510446446932
"RAB11FIP5",-0.264131542962777,0.0322925840776123,-3.14565782142936,0.00180753014725898,0.00610639152923205,-2.40525165449325
"COQ6",-0.307631805318317,-0.177228748000433,-3.14460566306058,0.00181385121550398,0.00612364847699719,-2.40845876784517
"SMPDL3A",0.467757161110788,-0.21112547186863,3.14448848529133,0.00181455644768656,0.00612364847699719,-2.40881587815674
"HAT1",0.347838702824187,0.158048838011429,3.14358922561155,0.00181997705614667,0.00613869704357975,-2.41155603980169
"FRZB",-0.453158135449069,-0.149302134874851,-3.14312095292156,0.00182280565174121,0.00614499159787098,-2.41298263558928
"PLBD2",-0.306393515269861,0.0350667979142163,-3.14195378376847,0.00182987359549598,0.00616284846011985,-2.41653755285631
"POLR1D",0.302748713502162,0.0965201522932318,3.14192750906059,0.00183003299614522,0.00616284846011985,-2.41661756500304
"HNRNPUL2",0.191170214969999,0.240368646214822,3.13867316049165,0.00184987553830494,0.00622638656408912,-2.4265228847194
"FBXO6",0.396339643870513,-0.0567425473359798,3.13837665071515,0.00185169326428214,0.00622922101814618,-2.42742489631989
"TAF10",0.181794213091332,0.184357520918012,3.13621478830464,0.00186499626942055,0.00627066939454988,-2.43399906605513
"NEK7",-0.223679867335857,-0.258604953707339,-3.1355323623816,0.00186921385182266,0.00628154233888825,-2.43607342016204
"GORASP1",-0.265100423686778,0.0114343458066507,-3.13498115192016,0.00187262690984403,0.00628970164090169,-2.43774861124654
"LLPH",-0.315399529048978,0.236016614500105,-3.13156814410818,0.00189388838459834,0.00635642240034047,-2.44811495123234
"RPL10",0.181053670715029,0.245380472574671,3.13147325549433,0.00189448266685167,0.00635642240034047,-2.44840300474121
"GLG1",0.34356429565108,0.134579301151772,3.12915046996602,0.00190908390953582,0.00640204871974067,-2.45545172368922
"TXLNG",0.296527250314126,0.131275225397033,3.12834471433068,0.00191417316809404,0.00641574576287687,-2.45789571636432
"RAB3GAP1",0.179170662325327,0.141108254235698,3.12734274027102,0.00192051922577824,0.00643363864459289,-2.46093404529878
"RNASEH2C",-0.266672130599686,0.191743822622466,-3.12707663860819,0.00192220785374341,0.00643591879714299,-2.46174080266069
"MTUS1",0.5124716926424,-0.170071709721953,3.12394794489651,0.00194216489732534,0.0064993306443513,-2.47122141088868
"TAF7",0.208368315582874,0.133933208139145,3.12369216666471,0.00194380485482806,0.00650141120905038,-2.47199607793423
"CFDP1",0.393334294770602,0.0136178247033374,3.12233896390393,0.00195250237373401,0.00652708254256108,-2.47609348350835
"NDUFB9",0.26395529494558,-0.0586426845982991,3.12149341158157,0.00195795524645448,0.00654188605369538,-2.478652908775
"PRNP",0.464171525494528,-0.698879982473585,3.12106116868502,0.00196074815407811,0.0065477912990527,-2.47996102416381
"CSRP3",0.714712344213055,-1.20109453895296,3.12060989675148,0.00196366793623351,0.0065541138383957,-2.48132654577037
"NDUFV3",0.284955634837312,-0.0916784973575952,3.12022565061325,0.00196615721354371,0.00655899363034306,-2.48248910467131
"DNAJC16",0.268345191423189,-0.142506663044104,3.1175921071774,0.00198329667587946,0.00661271502636571,-2.49045341078923
"PDK2",-0.397542793986313,-0.166275177887223,-3.11711303883778,0.00198642928871881,0.00661970303156035,-2.49190151762685
"COL11A1",0.826669094902504,-0.313718307222754,3.11670961163408,0.00198907082436811,0.00662504810307271,-2.49312081703152
"COL6A1",-0.410241874689745,-0.50625928698744,-3.1162414848084,0.0019921400554926,0.00663181139432754,-2.49453547505798
"ARMCX1",-0.348142426727629,-0.196375613334955,-3.11275422390581,0.00201514174775078,0.0067046916086733,-2.50506751455354
"PPM1A",0.239574252788073,-0.0832558716310847,3.11247036857402,0.0020170247687049,0.0067046916086733,-2.50592430997514
"ATP2C1",0.310001380637342,-0.105493128672259,3.11244654782189,0.002017182863001,0.0067046916086733,-2.50599620772735
"C6orf89",0.355656575931139,-0.156566752615929,3.11209589507266,0.00201951140795653,0.00670893878241542,-2.50705451665088
"SLC25A46",0.300563943330779,-0.141059415227596,3.11089818959016,0.0020274835901668,0.00673192029288354,-2.51066847694772
"MORC2",0.292822933672591,-0.000205295713791232,3.11025412868453,0.00203178258049056,0.00674268803348867,-2.51261132603423
"GSTO1",-0.334681620442073,-0.0239277970976326,-3.10982202940275,0.00203467147284204,0.00674876745667346,-2.51391456732271
"SLC25A12",0.270587653870237,-0.190178509115405,3.10890357380534,0.0020408245850984,0.00676542245411312,-2.51668412571127
"TPM2",0.619645180585187,-1.35684461765221,3.10875643606981,0.00204181191371589,0.00676542245411312,-2.51712774073974
"RPS6KA3",0.29123752956988,-0.186894119066817,3.107525722792,0.00205008754543083,0.0067893200091161,-2.52083752202118
"RPS27A",-0.264188406109374,0.0774338986722882,-3.10531485946585,0.00206503164682468,0.00683526545618227,-2.52749832381189
"PI4KB",0.215553543656006,0.0301185044688472,3.10456151398721,0.00207014669501876,0.00684864593144809,-2.52976695210893
"TBC1D22A",0.194691792984048,-0.0420319243197829,3.10298107297087,0.0020809154979371,0.00687839657909538,-2.53452461305794
"TCF20",0.247115277409622,0.0479072228635233,3.10292566079617,0.00208129400012722,0.00687839657909538,-2.5346913809487
"IDO1",-0.725792745734213,-0.773581819307749,-3.10199266536374,0.00208767651610101,0.00689592061836781,-2.53749889225534
"NOP14",0.29822536191359,0.104402297980055,3.09404783034786,0.00214276134189742,0.00707421466805327,-2.56137372382173
"TNIP2",-0.252183047036026,-0.0727201314388579,-3.0933981096806,0.00214732482626571,0.00708561706238066,-2.56332362863518
"FILIP1",0.486127573487893,-1.12024016200616,3.09125182315545,0.00216246353598183,0.00713188516386568,-2.56976219562294
"TLN1",-0.223649242125819,-0.388981988794695,-3.09083325159534,0.00216542733570758,0.00713704650207985,-2.57101736188739
"ASPN",-0.56333944088312,-0.692208195439109,-3.0905631421902,0.00216734189772559,0.00713704650207985,-2.57182725106146
"CDKAL1",0.273303324868125,0.0148616273921085,3.09055750678063,0.00216738185865824,0.00713704650207985,-2.57184414741901
"PHF3",0.234458092486165,0.0179720145498919,3.09019215113726,0.00216997405971854,0.00714189916046539,-2.57293951233996
"BUD31",0.210283688194107,0.302513614047166,3.08791151448324,0.002186219833396,0.00719166081207288,-2.5797742779496
"FKBP1A",-0.290688014700554,-0.207027281305088,-3.087749735947,0.00218737648176134,0.00719176047170246,-2.58025892589287
"SMPD4",0.252144596888783,0.0350744694567578,3.08658763186098,0.00219570161145486,0.00721541677258842,-2.58373959413252
"FIP1L1",0.18831268776546,0.201156144294983,3.08636882700018,0.00219727235462277,0.00721686418943745,-2.58439480771415
"SAMHD1",-0.308619308030596,-0.0947000989549751,-3.08595385802135,0.00220025415092798,0.00722294228980729,-2.58563731651681
"CA12",0.677901460625513,-1.12389098646052,3.08557659418665,0.00220296824626941,0.00722813579261572,-2.58676679095094
"MBLAC2",-0.263834597213688,-0.288179955713934,-3.08407340420503,0.00221381306789862,0.00725998789857869,-2.59126583444542
"ARFGEF1",0.341409132123069,0.0581048555274755,3.08315973885078,0.0022204287350829,0.0072779453149406,-2.5939994212713
"HAX1",0.279240125892806,0.0448920398721458,3.08271458292262,0.00222365860913834,0.0072847923136728,-2.59533100215166
"ZNF768",0.305141623450886,0.206265335463624,3.08198502471946,0.00222896134648698,0.00729841958836892,-2.59751291413863
"PCMT1",-0.250602140057539,-0.220819310562419,-3.08062316293334,0.00223889109057896,0.00732717560909619,-2.60158457144328
"DAP",0.291826266147228,0.219251845111325,3.07945126685449,0.00224746831454745,0.00735147806782044,-2.6050869146108
"MYO18A",0.234888290306163,0.0153604376241181,3.07889794579677,0.00225152862867326,0.00736098837382425,-2.60674013959422
"AGR2",0.888951910372558,-0.354802852358774,3.07636053392577,0.00227023497174079,0.00741629445172642,-2.61431788325019
"MEN1",-0.214765588029129,-0.0410800496358948,-3.07614922012363,0.00227179925617,0.00741629445172642,-2.61494868613314
"EIF2A",0.227842066650222,0.304757639410915,3.07613158776869,0.00227192982734172,0.00741629445172642,-2.61500131946542
"PRDX6",-0.24734868872128,-0.269279665248694,-3.07439670099524,0.0022848108378542,0.00745453101670878,-2.62017863775061
"PCBD1",-0.481272434550798,-0.374875127712299,-3.07164929454561,0.00230534704304558,0.00751553904513984,-2.62837191585603
"PPP2R5A",-0.310858894643176,-0.28595589649605,-3.07143732606891,0.00230693849238462,0.00751553904513984,-2.62900375795154
"NSUN4",0.2755757449657,0.119684891355816,3.07142368282626,0.00230704095982366,0.00751553904513984,-2.62904442473467
"SERPINE2",-0.607853370808382,0.204192542942709,-3.06969636912884,0.00232004781000607,0.00755405673987187,-2.63419169755095
"GCA",-0.39298939230368,0.130149639975169,-3.06880847178855,0.00232675998938108,0.00757132649336931,-2.63683650486648
"PPP1R12C",0.327819548846099,-0.478845045138838,3.06868122384162,0.00232772339960594,0.00757132649336931,-2.6372154830724
"ATF7",0.192236892376914,0.0667309734998366,3.06810668150712,0.00233207790273457,0.00758162800863556,-2.63892643806637
"CBFB",0.262642757441473,0.218027347328882,3.0669827014739,0.0023406183160147,0.00760552058409867,-2.64227271292746
"CCNT1",0.292772472978941,0.0788883670139711,3.06506095991678,0.00235528708951829,0.00764929199724021,-2.64799137348597
"TCOF1",0.278220510661217,0.227452351923458,3.06175180404922,0.00238074439100368,0.00772803911365456,-2.65783072531026
"HLA-C",-0.877284641116676,-0.920256976111157,-3.06022245508122,0.00239259494428661,0.00776256032483233,-2.66237465662338
"TPM1",0.493012679825326,-1.40029675503603,3.05883313929209,0.00240340741112682,0.00779368020317152,-2.66650066866791
"YIPF5",0.365517246387503,-0.00666499910375372,3.05838058192219,0.00240693916679733,0.00780117085279236,-2.66784429852139
"UBA3",0.20365745307425,0.0294811669204678,3.05625765537329,0.00242357026061019,0.0078510888452542,-2.67414469943819
"RAB30",0.391024004887557,-0.0960362373238418,3.05376361890418,0.00244324358570148,0.00791080643747664,-2.68154119620199
"SRRM2",0.153308869711703,0.160047976975639,3.05287864693034,0.00245025958949778,0.00792950201669706,-2.68416436227303
"NECAP2",-0.196034960620854,0.0907867908263045,-3.05023009881821,0.0024713679213806,0.00799280202496664,-2.69201069281004
"HSDL2",-0.402158839146565,-0.19229215348266,-3.05011072138452,0.00247232325752688,0.00799280202496664,-2.69236419718903
"SERINC3",0.538123856634188,-0.124289818317984,3.0498858698149,0.00247412358838099,0.00799457444929788,-2.69302999953799
"RPS6KB1",0.212021131187338,0.137145702208021,3.04962755874447,0.00247619330839144,0.00799721511081402,-2.69379482072189
"CCL18",-0.652829763976085,-0.158971299563092,-3.0490210092871,0.00248105954899103,0.00800888029338105,-2.69559048402643
"DERL1",0.432794565424547,-0.151990247192277,3.04804646362184,0.00248889656795516,0.00803011853784421,-2.69847487721102
"CLASRP",0.26006746123339,0.144984996993913,3.04590378219407,0.00250620746511053,0.00808188619430846,-2.7048135737763
"TTC5",-0.216888148474479,-0.00182443249769475,-3.04572058569633,0.00250769264696661,0.0080825934128631,-2.70535532865039
"RAB23",-0.351104336339564,-0.357008896680915,-3.04479306200276,0.00251522454236733,0.00809510595509685,-2.70809776033715
"PDLIM7",0.416890187625476,-0.641498749500001,3.04477490110236,0.00251537222404505,0.00809510595509685,-2.70815144922876
"RNF185",0.327689279520142,-0.115459831381896,3.04477415838416,0.00251537826388601,0.00809510595509685,-2.70815364491287
"TMEM106B",0.381990706919491,-0.0162989914173607,3.04353653301639,0.00252546126084664,0.00812166521949655,-2.71181171060092
"COQ7",-0.337651685648844,-0.15732129054961,-3.0434491029027,0.00252617496098984,0.00812166521949655,-2.71207007578259
"PAICS",0.367412572357937,0.191616683089333,3.04253879663192,0.00253361689327624,0.00814149162736226,-2.71475970974744
"PDLIM3",0.392827257699311,-0.601538336729173,3.04069544243503,0.00254874840536567,0.00818599525566387,-2.72020384167998
"TARS2",0.33637874740977,0.07515389252175,3.04026579131973,0.0025522871857692,0.00819323965869098,-2.72147231798244
"CCDC92",-0.226136085120131,-0.110107470165864,-3.03968792939947,0.00255705380855524,0.00820441636564082,-2.72317809579108
"MRPL57",0.332404270560469,0.233085560579075,3.03931468562013,0.00256013693861902,0.00821018300004141,-2.72427970289643
"LANCL2",-0.29572586386567,-0.0548529075140344,-3.03825428081326,0.00256891491297119,0.00823317817809597,-2.72740872761497
"PRSS23",0.608067037418746,-1.00569080162756,3.03813713748963,0.00256988631306896,0.00823317817809597,-2.7277543288497
"TMEM30A",0.346364725717688,-0.245543074120646,3.03579708607077,0.00258936180083826,0.00828867439423269,-2.73465540886364
"DCN",-0.533436415743428,-1.28046941646798,-3.0357440132166,0.00258980507697638,0.00828867439423269,-2.73481186848942
"LSM7",-0.248943613285651,0.24418280584532,-3.03549737559095,0.00259186596332788,0.00829111431655737,-2.73553892623051
"DTX2",0.363176448124714,0.1697644849273,3.03509247077856,0.00259525258553006,0.00829779056515246,-2.73673241528101
"OSBP2",-0.364758325445995,-0.243702853140362,-3.03335273026256,0.00260985006514208,0.00834028661958567,-2.74185872536678
"NCF1",-0.465591689207606,-0.200544827182836,-3.03221948552941,0.00261939919284478,0.00836645857054669,-2.74519644330017
"ARL3",0.31673758568233,0.0326346491460223,3.03207008620724,0.00262066047628714,0.00836645857054669,-2.74563637746985
"BPTF",0.25358688554131,0.130849880453527,3.03107267479026,0.00262909528748103,0.00838539113473625,-2.74857291616544
"ZFAND5",0.282738518452211,0.10241822410272,3.03105825752177,0.00262921739259859,0.00838539113473625,-2.74861535621023
"NOP9",0.264668717145521,0.0109214788899259,3.0307751561313,0.00263161613712838,0.00838885124092097,-2.74944868174999
"MAP2K7",0.20398914413088,-0.17349121539019,3.02838490301104,0.00265194923036715,0.00844944901990732,-2.75648159735676
"GRPEL1",0.361746669440812,0.352291975998933,3.02761108132044,0.00265856272040265,0.00846629574552166,-2.75875731232223
"KHDRBS1",0.16416447698535,0.301460057628818,3.02682614602644,0.00266528666051559,0.00848347723200001,-2.76106514906165
"TACO1",0.316301507868899,0.152924910455182,3.02643414799569,0.00266865045004528,0.00848995173071206,-2.76221747477158
"RBM4B",-0.301972941656184,-0.213040114320941,-3.02576830596847,0.00267437306691531,0.00850392033478799,-2.76417447455264
"SCRN1",0.351150031712023,-0.0312301074057675,3.0255714207378,0.00267606736499044,0.00850507223766251,-2.76475306885216
"FAM234A",0.352710552398554,-0.0526596578425446,3.0237687725739,0.00269162595081818,0.00855026452536024,-2.7700489254667
"LRRC40",0.209954929783782,-0.109042507349838,3.02287102953436,0.00269940527006107,0.00856904153761475,-2.77268521961713
"VANGL1",0.342915315538204,-0.319373960585121,3.02277702208695,0.00270022107653577,0.00856904153761475,-2.77296123716344
"JUP",0.322933579073652,0.0893058037794202,3.02215309518457,0.00270564131756086,0.0085819770554526,-2.77479295827523
"SPATS2L",0.333226202700052,0.306984745682938,3.02184098703599,0.00270835644081108,0.00858632367158826,-2.77570910940935
"CPSF7",0.211469868364666,0.139589356147088,3.02028581181496,0.00272192269522775,0.00862505032706162,-2.78027278105775
"TIMM29",0.280502225202761,0.101548984783472,3.01899678184968,0.00273321452635658,0.00865653509463631,-2.78405376313571
"TRAPPC4",-0.183892265382589,-0.0419559330040121,-3.01714866375019,0.00274947895325528,0.00869975361146937,-2.78947199799382
"NSF",0.205437353269703,0.241161150086789,3.01713660118465,0.00274958540140097,0.00869975361146937,-2.78950735220397
"NME1",0.405071046026766,0.167231298176503,3.01586593304404,0.00276081983205726,0.00873097306968084,-2.79323080825457
"HNRNPC",0.211059327539054,0.288262513286752,3.01416100892106,0.00277595984937494,0.00877450675161335,-2.79822443883008
"NOL3",0.325209241165054,-0.0804997171579854,3.01287040333901,0.00278747126509665,0.00880653341298471,-2.80200277580143
"UBR7",0.318933502250423,0.0459223442785412,3.01238524088011,0.00279180993317858,0.00881587854764848,-2.80342272638208
"PRKDC",0.249859720850183,0.242344294028842,3.01188400296008,0.00279629886560941,0.00882568870831243,-2.80488949858275
"VAPA",0.263092231130574,-0.175501198681322,3.01144357948216,0.00280024862691332,0.00883378828203635,-2.80617811886863
"HSDL1",0.369787319344203,-0.180087896917783,3.01083384326088,0.00280572524966978,0.00884669418229212,-2.80796183126797
"GDAP1",0.580722249057484,-0.449615751028844,3.0105375675255,0.00280838993040857,0.00885072542233896,-2.80882842806907
"BCL10",0.244198603562324,0.126030365526292,3.01035361726784,0.00281004553257105,0.00885157411221812,-2.80936643592283
"ASNS",0.591288732136248,-0.0321967566517561,3.00791904755871,0.00283204182214251,0.0089164630347041,-2.81648400395899
"MKRN2",-0.203236761044033,0.106253478074163,-3.00714880477908,0.00283903376829555,0.00893407127184183,-2.81873470648835
"LRBA",0.326335219440593,0.134900701431413,3.00357207702403,0.00287170976089628,0.00903244671099642,-2.82917900206141
"CARD19",-0.257139218304546,-0.117287585491793,-3.0020126925883,0.00288606353087873,0.00907312439421994,-2.83372883047071
"NQO2",-0.542726484583881,-0.144232826526317,-3.00016814307714,0.00290312709835517,0.00912227683218395,-2.83910779938484
"EIF3K",0.205305516677057,0.0827004044670765,2.99664486571099,0.00293597758764134,0.00922094384622025,-2.84937347780597
"FXN",0.398811174035654,-0.151619060841327,2.99649144355509,0.00293741578437149,0.00922094384622025,-2.84982024030047
"NEMF",0.191941236207075,0.163285673683129,2.99606894248534,0.00294137969620099,0.00922884980847337,-2.85105044368739
"PIGU",0.390257088816644,-0.035202252305568,2.99546299183548,0.00294707329471188,0.00924217239034152,-2.85281451353604
"CCAR1",0.173089997449635,0.261900155031066,2.99362625238278,0.00296439333869904,0.00929192511909345,-2.85815964482041
"PTS",0.442645341470744,0.106876469352708,2.99274582820485,0.0029727285785026,0.00931347986935186,-2.86072068358426
"HTATSF1",0.293621396233964,0.168269470602277,2.99246623815071,0.00297538003190746,0.0093172150582291,-2.8615338252301
"CASC3",0.249010910614314,0.0149364676338426,2.9916687692067,0.00298295463019301,0.00933459579704361,-2.86385273710472
"TAMM41",-0.318817600820429,0.0196817715046778,-2.99157416829434,0.00298385434953266,0.00933459579704361,-2.86412778255896
"EEF1G",0.22129310580184,0.273982168363895,2.98988943320696,0.00299991904278439,0.0093802561646319,-2.86902465091994
"PLEKHA2",-0.250284668681056,-0.064743405140231,-2.98871856456235,0.00301113043475188,0.00941070378164011,-2.87242637093083
"SLTM",0.210398399978236,0.228836918604105,2.98793694601974,0.00301863600537347,0.0094295454473139,-2.87469650174099
"TRMT1L",0.263984871777177,0.154158200039293,2.98577462154649,0.00303948934472816,0.00949004374869893,-2.88097382094032
"HUS1",0.250250397856634,0.140027743702384,2.9852359718829,0.00304470454692022,0.00950168061196755,-2.88253687390613
"CHMP4B",0.24549583297627,0.31316330732088,2.98438092831614,0.0030529999108747,0.0095229137425183,-2.88501748972313
"BORCS6",-0.169347980126918,-0.0867482819066121,-2.98322918526476,0.00306420649071561,0.00955320236485311,-2.88835781328947
"IGF2",-0.491836952138145,-0.004068382447141,-2.98239385100902,0.00307235794366623,0.00957346792654741,-2.89077971329619
"AP2M1",-0.168609828679002,0.0330239459444164,-2.98225595933613,0.00307370544235273,0.00957346792654741,-2.89117944337553
"HP",-0.650223001449636,-0.923118819022076,-2.98120847085942,0.00308395935140806,0.00960072182288661,-2.89421540491558
"NCKAP1",-0.166317723799492,-0.0888834709308285,-2.98076544176306,0.0030883056031894,0.00960956689881302,-2.89549914294734
"PHF5A",0.170178856291547,0.302606946204709,2.97979419286696,0.00309785349308967,0.0096300722700145,-2.89831283832079
"GBA2",0.261976453896783,-0.342484650301886,2.97978824463853,0.0030979120505262,0.0096300722700145,-2.89833006758425
"RWDD4",0.243302289006337,0.0875381513817039,2.9794821861946,0.00310092641661318,0.00963475190757915,-2.89921653320203
"CDK9",0.207891065418619,0.225951258142043,2.97756552166263,0.00311986479425886,0.00968887972341576,-2.9047659855287
"AVEN",0.286947962403966,0.170987118550926,2.97713865176914,0.00312409705160558,0.00969730659917436,-2.90600147094317
"SDC1",0.413940239343266,0.0125641493680401,2.97632068161289,0.00313222161770944,0.00971430131044596,-2.90836844510189
"MECP2",-0.252956154717544,-0.293739700383276,-2.9762811316942,0.00313261494098798,0.00971430131044596,-2.90848287575399
"TRABD",0.257854356937088,0.0585297648333882,2.97585915181249,0.00313681434056276,0.0097226017303365,-2.90970370974985
"PTGES3",0.224124656198629,0.203419810690469,2.97442838734928,0.00315109122081408,0.00976211423818434,-2.91384184698211
"TBCC",0.196088709260034,0.0244421088721275,2.97312055348917,0.0031641934650748,0.00979769645536565,-2.91762278760665
"SHROOM1",0.384035699422401,-0.225349311448486,2.97297590047649,0.00316564569889105,0.00979769645536565,-2.91804088189756
"PPIC",0.395664244900584,0.498285553831375,2.96919174778834,0.00320385391342083,0.00991114691724419,-2.92897146556263
"NUDT4",-0.335636987691134,0.136646481520202,-2.96748517837907,0.0032212227115635,0.00996005182243727,-2.93389660039614
"ELOA",0.274768401061468,0.0278318652629159,2.96723936896102,0.00322373155321948,0.00996298449530802,-2.93460578170878
"MRPL19",0.297651850947138,0.172513371094272,2.96596565908634,0.00323676027934099,0.00999841044198947,-2.93827965235989
"DNAJC21",0.254294465287325,0.0727319233252746,2.96276332771246,0.0032697299847382,0.0100953703832463,-2.94750980557201
"GTF2E2",0.280890185560639,0.332390054837123,2.96241785119956,0.00327330515474387,0.0101015241242337,-2.9485050155356
"MRPS11",0.260968210403535,0.188185764627094,2.96145635445818,0.00328327406205366,0.010127393664837,-2.95127420819691
"SOD1",0.414132774224673,-0.412225303049439,2.96120695036622,0.00328586444590896,0.010130489853756,-2.95199237405521
"NOM1",0.352308213710579,0.13584460387268,2.96104463909446,0.00328755126268791,0.0101307986545668,-2.95245972296747
"HSD3B7",-0.386717949889044,-0.213704162867883,-2.9608136564444,0.00328995311163648,0.0101333095117216,-2.95312475807026
"PKP2",0.680016896585352,-0.722520687042409,2.95953193621214,0.0033033101456442,0.0101695444937021,-2.95681413690061
"SCPEP1",-0.392783483152837,-0.126711793911687,-2.95879890623795,0.00331097146631392,0.0101838178385278,-2.95892345261451
"BLNK",0.293412374277036,0.155045948721729,2.95878314378155,0.00331113638728014,0.0101838178385278,-2.9589688041138
"SUPT5H",0.205288634129357,0.192761860880212,2.95834808662878,0.00331569131338679,0.0101929172055728,-2.96022045350027
"WDR91",-0.190861806272652,-0.0627878379155018,-2.95763222206545,0.00332319869318817,0.0102110797189636,-2.96227959947667
"NRP1",-0.310406933954018,0.0371333150217555,-2.95720335656575,0.00332770371634356,0.0102200039580826,-2.96351298171293
"IBA57",-0.259858754838016,0.0659035965800754,-2.95685279571592,0.00333139033671049,0.0102259376761512,-2.96452104017742
"LAMP1",-0.306957726919958,0.100725447033106,-2.95671514998053,0.00333283888865631,0.0102259376761512,-2.96491681764974
"NME7",-0.191741448790769,-0.0945817826056533,-2.95602012721351,0.00334016195223274,0.0102434841810788,-2.96691497345364
"ACOT9",-0.292358867733073,0.12363919972769,-2.95420082180529,0.00335940069877784,0.0102975388678332,-2.97214327657763
"PPP1R1B",0.642342684201931,-0.712172757629708,2.95350945816471,0.00336673825427126,0.0103150785765461,-2.97412931062454
"HSCB",0.27529604552952,-0.0764836275415069,2.95304761684215,0.00337164801595486,0.0103251667059337,-2.97545576566638
"LAMC1",-0.319769067604962,-0.44256731874136,-2.95119304964945,0.00339142964640828,0.0103800013516098,-2.9807802892503
"HSPA1A",0.289842809936571,-0.251581818076751,2.95106443327233,0.00339280545353322,0.0103800013516098,-2.98114943347451
"ALYREF",0.263792533664718,0.240399711443169,2.95013226722644,0.0034027920837054,0.0104055687042428,-2.9838244042848
"METAP2",0.301709492600551,-0.0480932272856222,2.94805525734019,0.00342514059118147,0.0104688954881253,-2.98978176947475
"KRIT1",-0.163211411868014,-0.0331338319618608,-2.94787203630887,0.00342711846722171,0.0104699289058424,-2.99030710055102
"PTPN1",-0.308887860291532,0.0706611196584605,-2.94662842359718,0.00344057092655605,0.0105051927009868,-2.99387196657861
"GADD45GIP1",0.253974650478594,0.154834538970373,2.94650100765382,0.00344195193899207,0.0105051927009868,-2.99423712893543
"NOP58",0.22808427958155,0.299127321708511,2.94525454633319,0.00345548861088658,0.0105414690781227,-2.99780858223701
"ARL2",-0.267292349418337,0.100044631680252,-2.9439902903773,0.00346926824078838,0.0105784516320123,-3.00142955761716
"C16orf70",-0.207629961138067,-0.00985742911326646,-2.94364454587398,0.00347304538621103,0.0105849139813639,-3.00241955306472
"TRIP10",-0.216309460963765,-0.0299594451040959,-2.94240454941393,0.0034866228831575,0.0106212247657255,-3.005969218087
"LRRC8A",-0.239156583393938,-0.0427572495726814,-2.94074548967813,0.00350486486096762,0.0106717034512534,-3.01071629159541
"HSPG2",-0.30444562020032,-0.341032002603935,-2.94006404371735,0.00351238285632648,0.0106894969197543,-3.01266537934901
"GGCX",0.365128021719149,-0.123214575727981,2.93855244074693,0.00352911213041257,0.0107352934505404,-3.01698737184793
"QTRT1",0.231289795499159,0.0917994323334201,2.93829416837064,0.00353197776686312,0.0107388943054386,-3.01772561621926
"STIM1",0.269448837829825,-0.251585175368943,2.93461084164729,0.00357307786373827,0.0108586873679052,-3.02824731658694
"FARSB",0.185346017712542,0.18653623249717,2.93326872133552,0.00358816211331826,0.0108993411482098,-3.0320780710443
"NDUFS3",0.220801472258275,-0.0226385600134087,2.93283025600418,0.00359310267278371,0.0109091586142292,-3.03332920277017
"TC2N",0.53961686032759,-0.295293899459711,2.93245474037965,0.00359733886501324,0.0109127457584254,-3.03440057057318
"TANK",0.228724960094657,0.0479419097546216,2.93242253382318,0.00359770239960617,0.0109127457584254,-3.03449245167987
"NAT1",0.625415577536677,-0.287366460545322,2.93215475617227,0.0036007262655115,0.0109167318163775,-3.03525634932091
"RBBP5",0.184665579988022,0.128887641598601,2.92974208755976,0.00362807610688064,0.010994430917149,-3.04213605839535
"TOMM5",0.334912958086516,0.138411501389811,2.92832646213401,0.00364421174986501,0.0110380891949184,-3.04617020291976
"FGFR1OP2",0.161861762034855,-8.72567431587657e-05,2.92811511620191,0.00364662633834258,0.0110401655620282,-3.04677232213093
"HIF1AN",0.221897762290617,-0.0911300748120172,2.92484711018454,0.00368414919212719,0.0111484799012948,-3.05607753764223
"CD46",0.433497189633016,-0.10282159119972,2.92442251536087,0.00368905013807961,0.011158022326688,-3.05728579123703
"PURA",-0.264523310383121,-0.222719401896948,-2.9241540427114,0.00369215209372706,0.0111621170068406,-3.05804968786632
"ADRM1",0.236697181401677,0.30267495027679,2.92398899681328,0.00369406023012258,0.011162600364095,-3.05851926692127
"AVL9",0.290560070827997,0.261245556518096,2.92266202920927,0.00370943439031074,0.0112037552422583,-3.06229376402674
"RBM12B",0.185610849012091,0.0925217932640049,2.92166669408049,0.00372100460576519,0.0112333874268609,-3.0651238804318
"CTIF",-0.251155445485212,-0.219473730477408,-2.92128992520964,0.00372539292524025,0.0112413203344324,-3.06619493885687
"APMAP",-0.292662135589064,0.212792134684186,-2.91944764072336,0.00374691859086789,0.0113009330196937,-3.07143019828379
"LANCL1",-0.228307004872235,-0.352835038190914,-2.91746448125207,0.00377021714438702,0.0113658340259259,-3.07706228032948
"HSPA2",0.530495228715895,-1.10632689306311,2.91679095596128,0.00377815989193576,0.0113844034497451,-3.07897423457907
"NRGN",-0.431905901461587,-0.59156080298607,-2.91644293534719,0.00378227001191769,0.0113914122764596,-3.07996200573343
"ABHD12",0.327795967702264,-0.249640141850754,2.91603803518124,0.00378705701565451,0.0114004521664092,-3.08111107468225
"VTI1B",0.246443093540719,-0.103591873492015,2.91531924012687,0.00379556872378896,0.0114206909997137,-3.0831505748619
"SELENOS",0.345138851863804,-0.0625297170250883,2.91421485038723,0.00380868053633701,0.0114547457487102,-3.08628322620098
"ELMO1",-0.262786447267704,-0.196777445855776,-2.91254432895562,0.00382859230220195,0.0115043976515554,-3.09101959346066
"RAB35",-0.207959430323287,-0.0825927576965256,-2.912527509235,0.00382879326696243,0.0115043976515554,-3.09106726867289
"SCO1",-0.352088278882765,-0.00702641200047903,-2.91184333984602,0.00383697599978791,0.0115235615045371,-3.09300631352682
"ATPAF1",0.273294439563601,0.0334173016156993,2.90996943537238,0.00385946987292879,0.011585667672144,-3.09831504131077
"TRAPPC11",-0.156547695627173,0.0242432766479867,-2.90940158986407,0.00386630986662192,0.0116007464748031,-3.09992309356
"SLC27A3",-0.340406392682923,-0.454060820893579,-2.90709582011127,0.00389419786617641,0.011678935357227,-3.10644962056749
"BOLA3",0.2795433121463,0.0689345111026951,2.90650867040994,0.00390132862882204,0.0116931249211196,-3.10811077423303
"B3GLCT",-0.256117409187,0.0917494168390233,-2.90630295582389,0.00390382978968086,0.0116931249211196,-3.10869270293923
"TRIM33",0.392400810894167,-0.143936275508402,2.90614033876778,0.00390580798869963,0.0116931249211196,-3.10915268897377
"KIFC1",0.454256517343629,-0.325776782138283,2.90610363777734,0.00390625457427535,0.0116931249211196,-3.10925649969021
"OXCT1",0.451592688987199,-0.242881896859137,2.90185212351916,0.00395830432806979,0.0118433801006212,-3.12127370618871
"FEN1",0.339049585973504,0.194499009576734,2.89962660829678,0.00398580204738044,0.0119200684180441,-3.12755761741637
"SENP8",-0.334108356737903,-0.308543269143123,-2.89936201066168,0.00398908288953632,0.011924295060716,-3.12830442423168
"SPATA20",0.397943171151862,-0.13368571552902,2.89704254054893,0.00401794844761853,0.0120049606167732,-3.13484818119688
"HCK",-0.325393433735452,-0.0623137362775118,-2.89678330620649,0.00402118639786495,0.012009015505317,-3.13557923152486
"MAP3K11",-0.197670207528522,-0.185649013780928,-2.89600124209279,0.00403096914375787,0.0120326030775568,-3.13778430425526
"AASDHPPT",0.245874398297419,0.118485960704227,2.89519471527319,0.00404108061797581,0.0120571494139138,-3.14005775828206
"SCAMP4",-0.23917141877973,-0.049819881160703,-2.89043519192685,0.00410122346369567,0.0122308789424086,-3.15346174316143
"UBAP2",0.276097526154568,0.0807008134115325,2.88970650093398,0.00411050312640571,0.0122528302810926,-3.15551206541716
"RER1",0.366939369052245,0.085994900757234,2.88782557604639,0.00413454467866077,0.0123187437112688,-3.16080216390612
"INPP5A",-0.264325499799319,-0.590826455744527,-2.88737608284938,0.00414030894001684,0.0123301644505632,-3.16206587813733
"CDK6",-0.311712945205319,-0.279709716481676,-2.88499912415514,0.00417091281425967,0.0124155143678545,-3.16874539857795
"UBXN6",-0.206816892970844,-0.176022406503839,-2.88421666959806,0.00418103210453131,0.0124398369000151,-3.170943039503
"ERBIN",0.208180677595459,0.00858505656531243,2.88347032895743,0.00419070518588717,0.0124628097866276,-3.17303872097692
"FCGRT",-0.28649188499482,-0.334741057959994,-2.88232274083073,0.00420561849917132,0.0124976792965449,-3.17626007624062
"VTI1A",0.270720838816931,-0.0436106688971506,2.88226693114343,0.00420634499738056,0.0124976792965449,-3.17641670661181
"HOOK3",-0.204426015543027,0.0404522146980132,-2.88191115590677,0.00421097896223861,0.0125056282204156,-3.17741512511587
"YTHDC1",0.203592999553008,0.277235031253014,2.88056762144784,0.00422852045219915,0.0125518842804703,-3.18118445340339
"EIF4ENIF1",0.187188339842955,-0.0225620892011683,2.87831109988322,0.00425813198014836,0.012633909244074,-3.18751143508704
"E2F4",-0.205597039597558,0.115745148860514,-2.87760850266402,0.00426739040658121,0.0126554982563962,-3.18948046024181
"LLGL2",-0.361230872481347,-0.615089418955076,-2.87679269409007,0.00427816367453845,0.0126768528127061,-3.19176618611237
"RCOR1",0.241614236435689,0.175654523700212,2.87666488993905,0.00427985365204381,0.0126768528127061,-3.1921242109115
"SMARCD2",0.178811164436692,0.139623538186258,2.87661244446211,0.00428054732407117,0.0126768528127061,-3.19227112493414
"ITFG1",0.277982801689815,0.0220107983975492,2.87509707658101,0.00430063467743079,0.0127304369102437,-3.19651498178293
"C1QC",-0.34686098231641,-0.152334600879591,-2.87478828504937,0.00430473845972414,0.0127366798263849,-3.19737950571754
"ALB",-0.421821206234743,-0.7603835484582,-2.87235105493179,0.00433725418170478,0.0128264090678077,-3.20419992182562
"CAPG",-0.305712364573654,0.205576254318332,-2.87221448590236,0.00433908278566399,0.0128264090678077,-3.20458193781209
"AGK",0.252805346737106,0.132658079590059,2.87104554051641,0.00435476323810968,0.0128668039219483,-3.20785104869051
"DCTN3",-0.167461185157413,-0.0130142799445028,-2.86987905580411,0.00437046210550977,0.0129072157926364,-3.21111201621094
"MRPL55",0.319554566624347,0.132120195931478,2.86921587194073,0.00437941037476809,0.0129236620933077,-3.21296541850352
"NDUFAF4",0.323621152827923,0.03115286678035,2.86916636350122,0.00438007905558621,0.0129236620933077,-3.21310376357118
"POLD3",0.301312771504391,0.152284058809633,2.8675660554895,0.00440174359023717,0.0129815855998449,-3.21757439876032
"BRAF",-0.213515434321588,-0.141138576439474,-2.86686260548129,0.00441129753720215,0.0130037556671448,-3.21953881246774
"SULT1A1",-0.475534653640568,-0.694820017683243,-2.86576484358644,0.00442624457837958,0.0130417958619998,-3.22260344267788
"DKC1",0.23131239898524,0.423353214020287,2.86481619797493,0.00443919838577346,0.0130739306702784,-3.22525088444689
"RPS3A",0.170411346984229,0.302304057323885,2.86455417759425,0.0044427823657587,0.0130784533911338,-3.22598197334941
"SOAT1",0.414944859505102,-0.000372700574950176,2.8609968690546,0.00449170143974371,0.0132163657570339,-3.23590127549914
"CLUH",0.285864325150176,-0.0139694678606332,2.85866355003068,0.00452405427280405,0.0133054290796195,-3.24240120066809
"GGT7",0.36375311571953,-0.172094824681615,2.8568984904495,0.00454866858172056,0.0133695318056426,-3.24731477335126
"UBL5",0.193230197103581,0.155838100553676,2.85680054687936,0.00455003799744111,0.0133695318056426,-3.24758734408015
"DEPTOR",0.353962955665753,0.132059364821881,2.85630204975733,0.00455701364027989,0.0133838694080897,-3.24897449206763
"GAK",0.173736481147578,0.161278824000495,2.85596016021719,0.00456180344292053,0.0133896880569448,-3.24992572122982
"TBL1XR1",0.209437423652304,0.240914444036252,2.85586132814022,0.00456318891337694,0.0133896880569448,-3.25020067860669
"SELENOI",0.358325266977306,-0.125763917775872,2.85534284586305,0.00457046349505791,0.0134048734110908,-3.25164298224517
"HSF1",0.289991374213095,0.0255025624200815,2.85516807128452,0.0045729180520783,0.0134059144915151,-3.25212911051205
"SNRPA1",0.138124651522337,0.324096528257307,2.85453889278144,0.00458176425085579,0.0134256836813741,-3.25387891004078
"GYG1",0.208260035676199,-0.230874004563571,2.85326996085815,0.00459965271176695,0.0134716665195582,-3.257406802334
"UBA5",0.195865474336375,0.0682371235551299,2.853126682168,0.00460167653549825,0.0134716665195582,-3.25780505282467
"RETREG3",0.310381933684622,0.0599993423369353,2.85281097623501,0.00460613876809996,0.0134785499698984,-3.25868250653174
"BLMH",-0.295713674263708,0.00775779933621675,-2.8523953346494,0.00461201950804599,0.013489576069113,-3.25983757433881
"SIPA1",-0.189869244767162,-0.0114769198801418,-2.85137734418008,0.00462645149216436,0.0135255919310758,-3.26266589285787
"WASHC3",-0.17837862083966,0.184065613667631,-2.85121902896709,0.00462869960402896,0.0135259711541075,-3.26310565921094
"MACC1",0.432820210055155,-0.035136812910145,2.8481330660348,0.00467271991138699,0.0136453247078255,-3.27167317295599
"ALCAM",0.528157421393303,-0.687388955497868,2.84805645563684,0.00467381756241416,0.0136453247078255,-3.27188575293897
"TRMT5",0.254891386592854,0.181690111634871,2.847038117938,0.00468843029472845,0.0136817310017556,-3.27471093861152
"DIP2B",-0.211749638071207,-0.0837977131433853,-2.84465960855981,0.00472272292618909,0.0137755074845671,-3.28130591699635
"SIKE1",0.159895463892426,0.0477312557613919,2.84398010714887,0.00473256157295579,0.0137979021202387,-3.28318903127105
"ARHGAP1",-0.215194003065853,0.206324120727302,-2.84248264729191,0.00475430943750634,0.013854982089675,-3.28733745625781
"CST3",0.404160033373637,-0.202066815612295,2.84186232525868,0.0047633450661435,0.0138688893320003,-3.28905532999016
"COBL",-0.392418256736652,-0.582506654662052,-2.841856781324,0.00476342588959698,0.0138688893320003,-3.28907068134133
"SEC61G",-0.316708221383063,-0.0509509643127615,-2.83966674270312,0.00479545154531106,0.013955769424253,-3.29513274522722
"APOE",-0.423509614326387,-0.296421272458302,-2.8394102837903,0.00479921460272138,0.013960357739579,-3.29584233676908
"NDUFB1",0.308366125518521,-0.0988349626525091,2.83708979797855,0.00483338563581536,0.0140533548655196,-3.30226007291481
"RAB11A",0.263665328830527,-0.00929810370770707,2.83618697814384,0.00484674003707671,0.0140857692930063,-3.30475563933603
"PTPMT1",-0.323102700915813,0.120086750214111,-2.83449189451324,0.00487190413259505,0.0141524603669788,-3.30943913087904
"RNPEP",0.269825652580339,-0.0495783297421773,2.83415534954939,0.00487691436197226,0.0141562325090799,-3.31036868247608
"ACSL5",-0.521462904030517,-0.183422215708795,-2.83410684237199,0.00487763688644883,0.0141562325090799,-3.31050265270937
"CANT1",0.359957411963117,0.202337489576983,2.83230474416493,0.00490454854799499,0.0142278702766688,-3.31547825548875
"SAMSN1",0.310539568522875,0.0526739870106141,2.83208784458441,0.0049077967015284,0.0142308274020249,-3.31607691316295
"COX7B",0.404552858740869,-0.0016585070830262,2.8318919393988,0.00491073213590458,0.0142328754824107,-3.31661758734028
"PHAX",0.21419332485156,0.137463540728566,2.83157863134557,0.00491543004549257,0.014240027604569,-3.31748220492638
"SUMO1",0.299391286882151,0.266026416360077,2.82900748008186,0.00495413780441135,0.0143456552749054,-3.32457421593664
"MRPS25",0.23654126337412,0.16732669880187,2.82813389265524,0.00496735224445936,0.0143773998553368,-3.32698243689912
"ZMIZ1",-0.15607714029681,0.0665916213761908,-2.82780650906697,0.00497231269996181,0.0143852363340535,-3.32788475366954
"LAMC2",-0.614741491605474,-0.315587585197311,-2.8272739094106,0.00498039216708764,0.014402085138974,-3.32935246314868
"YIPF6",0.325888974979894,0.00753166720708452,2.82588031918282,0.00500158920593329,0.0144568343503323,-3.33319159803051
"HPRT1",0.371391071236375,-0.0127187507836655,2.82508871592314,0.00501366625540624,0.0144851850863207,-3.33537154485167
"PRKAR2B",-0.367801667555917,-0.607023905510259,-2.82414533110874,0.00502809353968571,0.0145202972640856,-3.33796871354579
"ESPN",0.542764542112168,-0.158003571602896,2.82399573689625,0.00503038476033563,0.0145203466070267,-3.33838047530737
"MCM3",0.50822536228743,-0.0706159997075764,2.82282821054309,0.00504829947818626,0.0145654731894348,-3.34159340643278
"CYP1B1",-0.580309183897655,0.0622239781023035,-2.82186217333777,0.0050631662958883,0.0146017691053509,-3.34425089993482
"FLAD1",0.272316027682998,0.0132716287290116,2.82113038597236,0.00507445458233141,0.014625456381891,-3.34626341337024
"ATP6V0A1",0.263442547639762,-0.103193759209926,2.82089486225329,0.00507809254414471,0.014625456381891,-3.34691102940714
"CNN3",-0.366583055358423,0.125351094775637,-2.82076745804631,0.00508006145021592,0.014625456381891,-3.34726132937255
"FABP3",-0.621817234425631,-0.38251698126221,-2.82073635332229,0.00508054224824341,0.014625456381891,-3.34734685003413
"DPH6",-0.222654492508611,0.0188226484584977,-2.81901681569678,0.00510718619122268,0.0146955312442347,-3.35207322258908
"ZNF146",0.274258824834219,0.0783084550465943,2.81665269987636,0.00514402488876561,0.0147948643760218,-3.35856681857201
"EXOG",0.304062405175717,-0.133479943809095,2.81643521777697,0.00514742587841294,0.0147956969978061,-3.35916392316696
"HYI",-0.295688195825825,-0.498364626173326,-2.8163378678164,0.00514894890041113,0.0147956969978061,-3.35943118660168
"DNPH1",0.292684750794206,0.0343125993264456,2.81570109003092,0.0051589212640336,0.0148176843323682,-3.36117917170312
"RECQL5",0.224686723118585,-0.0312449664223889,2.81448367868257,0.00517803555228076,0.0148658979322449,-3.36451997487843
"RPS19",0.180633391532797,0.271044747981479,2.81418320002019,0.00518276317752292,0.0148727833206669,-3.36534433236043
"VAMP2",0.252534707804009,-0.347395537997612,2.8138136404512,0.00518858306988904,0.0148827955531184,-3.3663580969699
"PGM2L1",0.407406138458506,0.16458124343427,2.81271918018395,0.00520585364672226,0.0149256288883348,-3.36935964288432
"FAM126A",-0.302147397993946,-0.272138378213618,-2.81000629290655,0.00524888817138105,0.0150395412643129,-3.3767949096414
"LARP4",0.26837167487517,0.216194894492859,2.80980726229655,0.00525205806921147,0.0150395412643129,-3.3773401277259
"TMEM33",0.330313250199425,-0.110494979477853,2.809770041857,0.0052526510602064,0.0150395412643129,-3.3774420841215
"CWC22",0.187861586430668,0.151298698642673,2.80887240694262,0.00526697047174879,0.0150737814711412,-3.37990054805838
"PES1",0.243934782838889,0.2323249950609,2.80596930093528,0.00531352478536478,0.0152002041911085,-3.3878465171135
"MED30",0.212045269020764,0.136335820021682,2.80580279595116,0.0053162061512426,0.0152010641628679,-3.38830201338116
"SNAP29",0.188473761691019,0.0228236934890453,2.80538133750383,0.00532299872832435,0.0152136736259405,-3.38945485319828
"PHF6",0.301985452300666,0.262402913377508,2.80461702905052,0.00533533705315497,0.0152421150265747,-3.39154508941138
"VPS18",-0.138435630028961,0.0214797233144518,-2.80412974087201,0.00534321694359819,0.0152577997248991,-3.39287744516108
"LCP1",-0.326851946990351,-0.111246665053204,-2.80159826966707,0.00538432326625596,0.0153634445055109,-3.39979550649415
"FTL",-0.607464641923387,-0.537978916572007,-2.80155516667871,0.00538502565439833,0.0153634445055109,-3.39991324772937
"PDE3A",-0.345802787373722,-0.347327427241925,-2.80079320738747,0.0053974559499806,0.0153920304781716,-3.40199435025966
"TIMM22",0.237650497388247,0.115349722031892,2.79843171258329,0.00543614590934022,0.015495442692472,-3.40844075801561
"NT5E",-0.432657959050426,-0.295372527053339,-2.79798748719753,0.00544345199657502,0.0155093444882336,-3.40965282492751
"TUBGCP4",-0.150504156795337,-0.155972745788452,-2.79723192657723,0.00545589900786293,0.0155378747391636,-3.41171394715115
"DDX50",0.217907980779177,0.193886914171787,2.79592994223243,0.00547740830411884,0.0155874616087937,-3.41526443372922
"APOBEC3C",0.348507247065097,-0.172545952493044,2.79588251670306,0.00547819324199421,0.0155874616087937,-3.41539373249274
"EMC4",0.239287550490499,-0.0198470755417719,2.79504574934076,0.00549205932778757,0.0156199549255784,-3.41767471221556
"PHYKPL",-0.254053927343022,-0.0737758124269309,-2.79391318602636,0.00551087773652235,0.0156664979286265,-3.42076097763579
"ATG4A",-0.245743367526827,-0.186296745404271,-2.79351752242702,0.00551746575724716,0.0156740053544991,-3.42183889039935
"TRAF3IP3",0.378456377119637,-0.296664825167365,2.79345975605255,0.00551842819685418,0.0156740053544991,-3.42199625209085
"MGLL",-0.350521171554887,-0.272513022010206,-2.79315805753536,0.00552345723842821,0.0156780303370498,-3.42281806021506
"RPRD1B",-0.237696907718593,0.287502409100497,-2.79308017240749,0.00552475618768397,0.0156780303370498,-3.42303020074473
"COQ5",-0.268457193030355,-0.139583706893755,-2.7924201840818,0.00553577443384478,0.0157023188627716,-3.42482762522273
"CAPN1",-0.167963250424592,-0.051432828208978,-2.79094109432674,0.00556053963703365,0.0157655619815541,-3.42885433444644
"COL4A1",-0.286965176746284,-0.504556337740563,-2.79062280943448,0.00556588196692539,0.0157737045534037,-3.42972057478123
"BLVRA",0.314167215854312,-0.0642922196822584,2.78919947787033,0.00558982918744276,0.0158345427514738,-3.43359314396456
"HSPB7",-0.437695874887679,-0.790363714736428,-2.78759376720117,0.00561695696563903,0.0159043326942817,-3.43795966403908
"GMPR2",0.341106021464538,-0.271649728108955,2.78684958833142,0.00562956995769172,0.0159329805761798,-3.43998254770871
"INTS13",0.209304150837551,0.111571344999772,2.78657153278241,0.00563428926842005,0.0159392720331688,-3.44073824725989
"LIMD2",0.315376005291827,0.0762640092518275,2.78636843529899,0.0056377386153237,0.0159419668108245,-3.44129018027555
"ANKRD17",0.199752628746469,0.114447444959564,2.78504083866516,0.00566033329771822,0.0159987729552593,-3.44489708081952
"VGLL4",0.217040167130176,0.228284560670219,2.7847368966109,0.00566551768921023,0.0160006673170001,-3.44572261959742
"PSTPIP2",-0.32522695927834,0.0449408884241215,-2.78470772653719,0.00566601547435194,0.0160006673170001,-3.44580184408356
"ERP44",0.206509330021761,0.248740920646365,2.78335952561023,0.0056890657125088,0.0160586580788544,-3.4494626276224
"COL15A1",-0.341850780848919,-0.426152804874209,-2.78225397812282,0.00570803066022272,0.0161050710408847,-3.4524632697662
"KIF5B",0.150663752870278,0.133373504422793,2.77832356270003,0.00577591906485214,0.0162894183874032,-3.46312186976459
"MTX3",-0.308247285702323,-0.0624269315510378,-2.77686110241056,0.00580136563935194,0.0163539600915065,-3.46708413651425
"MRPL40",0.25198018463363,0.200219182159403,2.77624883838324,0.00581204905459394,0.0163768460783682,-3.46874236193874
"KLHL36",-0.201063283718695,-0.242978086891773,-2.77490206573651,0.00583561166295959,0.0164359860908677,-3.47238866602338
"UIMC1",0.222238991118594,0.0572526849154786,2.77412347060789,0.00584927308797692,0.0164671995885064,-3.47449589423237
"BST2",-0.533467523650796,-0.737475987181583,-2.77369203984427,0.00585685554396833,0.0164812792632163,-3.47566329671614
"SERPINE1",-0.540516750370996,-0.372291769139444,-2.77188421117942,0.00588872526788923,0.016557297411766,-3.48055319073155
"WDR70",0.226973269282962,0.0760008484996211,2.77186549791807,0.00588905597840574,0.016557297411766,-3.48060379126812
"RREB1",0.239888285783084,0.129988429439726,2.76909688228065,0.00593817008816777,0.0166824899820812,-3.48808651736744
"AEBP1",-0.450425209631587,0.12533419650593,-2.76906096541719,0.00593880966785758,0.0166824899820812,-3.48818354283148
"EXOC1",-0.147264902233626,0.0817964445606973,-2.76848206280718,0.00594912692359951,0.0167041228703531,-3.48974721897706
"CEBPZ",0.273757368333931,0.169856510729887,2.76685108251375,0.00597828171322104,0.0167786060390841,-3.49415098820493
"MTPAP",0.304926944917428,-0.0351906368170009,2.76278103997143,0.00605160112403932,0.0169769214310154,-3.5051296040416
"CTU1",0.218094441011734,0.0521192150848293,2.76256399425955,0.0060555338320913,0.0169804934202472,-3.50571463425232
"AKAP8L",0.221983570963255,0.128987000688108,2.76097226968802,0.00608444544843952,0.017054075587483,-3.51000366590219
"URI1",0.217961980906942,0.144741908819301,2.75814402492405,0.00613612513666671,0.0171899474991012,-3.51761877952402
"TRMT61B",0.288850369105147,-0.0315993242255585,2.7580251785602,0.00613830544995314,0.0171899474991012,-3.51793861292318
"ESD",-0.249523801370852,-0.285266704052794,-2.75747260854308,0.00614845191113404,0.0172108134382248,-3.51942548893082
"PLEKHA6",0.395003056888704,-0.114828937124444,2.75693012076067,0.0061584279962611,0.0172311843804238,-3.52088495854768
"PLXNC1",-0.214918189343397,-0.0443109963414361,-2.7554715712099,0.00618532265694576,0.0172988546494081,-3.52480757434545
"BDH2",-0.363752686439352,-0.314984222336336,-2.75509094317268,0.00619235863625299,0.0173109500404883,-3.5258309073291
"RAVER2",-0.262044071500175,-0.42590862737039,-2.7518058593213,0.0062533855302657,0.0174701433230606,-3.53465736973627
"DNTTIP2",0.179906624924692,0.144286965230506,2.75173132443935,0.00625477645051158,0.0174701433230606,-3.53485751562755
"CCL21",-0.522206339641761,-0.155138813747034,-2.74841591574753,0.00631693010870056,0.0176360291841072,-3.54375502829175
"PSEN1",0.343080929662246,0.0190092471480211,2.74693216806411,0.00634492622816375,0.0177024415762473,-3.5477336211786
"CTNND1",-0.193906213618608,-0.0882692544283675,-2.74686147357007,0.0063462629237322,0.0177024415762473,-3.54792313360054
"TIMM8B",0.384544276498612,0.22414772426072,2.74666627155261,0.00634995513679424,0.0177050059163455,-3.54844639212841
"CRELD1",0.28742868888436,-0.129189526089,2.74630219599182,0.00635684675334912,0.0177164847316168,-3.5494222381701
"ADAR",0.230118241010942,0.256377608697497,2.74551986388106,0.00637167846285835,0.0177500728557376,-3.55151873565081
"MGST1",0.553608825549202,-0.561589625315788,2.74369468103377,0.0064064025730489,0.0178390233008797,-3.55640765131818
"AP3D1",0.145494780716066,0.200105429921099,2.74264222888235,0.00642650314186571,0.0178829610473864,-3.5592253268381
"SLC7A5",0.600859870067658,-0.249813622415007,2.74257530776871,0.00642778317991414,0.0178829610473864,-3.55940445634077
"STK39",0.391728543742612,0.153647657149905,2.74192008631361,0.00644032815012259,0.0179100589018,-3.56115808423375
"RPS7",0.187174073490215,0.301367433069554,2.74112561460575,0.00645556890558096,0.0179446266704982,-3.56328386310716
"SH3BGRL",0.378951802110183,-0.542399097210645,2.73979977671596,0.00648107572623721,0.0180076886475303,-3.56683011512651
"ICMT",0.276180242653843,-0.0414525103953985,2.73956334257857,0.0064856338652213,0.0180125151063236,-3.56746233925325
"COL4A2",-0.267104376640747,-0.503706355002101,-2.7391469714118,0.00649366799636597,0.0180269870246942,-3.56857558768666
"GTF2A2",0.275083743031962,0.0398309091817401,2.73773194138888,0.00652103910684663,0.0180951041708891,-3.57235773438408
"FAM83B",0.489230397025844,-0.07668745738071,2.73718454659247,0.0065316553674329,0.0181166896268719,-3.57382033135575
"PEBP1",-0.26674456623735,-0.347119962131336,-2.73557341592985,0.00656299256552228,0.0181895719640448,-3.57812352737518
"HNRNPU",0.253665243077843,0.119633467097342,2.73554074595587,0.00656362941349402,0.0181895719640448,-3.57821076111508
"MSN",-0.224109276188906,-0.184925634118517,-2.73532268105408,0.00656788166399369,0.0181934596202168,-3.57879300167299
"CHCHD4",0.299711534024373,0.0129824187505073,2.73509400528228,0.0065723434988367,0.0181979242151224,-3.57940352596505
"MBNL2",-0.277707041118735,0.178844550764368,-2.73373730443894,0.00659887129014318,0.0182560255962707,-3.58302467668098
"TUBA4A",0.329273354167052,0.207466527472328,2.73372839872298,0.00659904574411791,0.0182560255962707,-3.58304844112742
"ESYT2",0.216851237133405,-0.117314774158276,2.73331246359102,0.00660719813536355,0.0182706626653514,-3.58415826028493
"CFHR5",-0.429231483219021,-0.133262751621602,-2.73233030528049,0.0066264847008281,0.0183160626903842,-3.58677826431897
"GABARAP",0.359692438146078,0.0918443051049578,2.73199520988959,0.00663307656752107,0.0183240737871913,-3.58767195839909
"MTCH2",0.29261375247265,0.105673099885768,2.73189125533846,0.00663512272450844,0.0183240737871913,-3.58794918224572
"ANXA5",-0.237893577566241,0.00422964172794478,-2.73165096727602,0.00663985454165184,0.0183292136828565,-3.58858993889764
"RPL6",-0.295092657855232,0.114749389218162,-2.73124878901975,0.00664778116394851,0.0183431645340584,-3.5896622744527
"SYNJ2",0.233301288153668,0.0974450868256811,2.73094831582698,0.00665370883478303,0.0183515900259567,-3.59046333337638
"ZFR",0.156986156679638,0.19832387439661,2.72980153958225,0.00667637609204469,0.018406157749441,-3.5935198547111
"ARF6",0.203633633173932,0.0205402494340231,2.72874660278818,0.00669728960218761,0.0184558455373189,-3.59633051137873
"HLA-F",-0.399493984079695,-0.490968864081479,-2.72832153178988,0.00670573309548758,0.0184711414213495,-3.59746272995075
"NDRG2",-0.309832633837978,-0.722644178849058,-2.72766526077749,0.0067187879597819,0.0184991207948286,-3.59921044151871
"NUDT16",-0.193888219546285,0.018988630742709,-2.72738610728923,0.00672434797124015,0.0185064490501588,-3.59995373174779
"ITGA5",0.338152489708358,-0.710480882082255,2.72717718348592,0.00672851190783982,0.0185099304315197,-3.60050997678074
"MRPL24",0.23640360164461,0.178250559099541,2.7253549258203,0.00676492907397287,0.0185916839242333,-3.6053598836422
"WDR75",0.242911220807446,0.171507711600408,2.7253335015094,0.00676535828748501,0.0185916839242333,-3.60541688564095
"ELMO3",0.330303198240821,-0.142903297579004,2.72523064035995,0.00676741934471917,0.0185916839242333,-3.60569055434114
"FNTA",-0.177582925213456,0.0515411487765775,-2.72510801942016,0.00676987707499488,0.0185916839242333,-3.60601678233302
"SVIL",0.233403753271442,-0.398759343019293,2.72354563430354,0.00680126307584088,0.0186698472653672,-3.61017221559709
"WWC3",-0.462248203279853,-0.0707884466764567,-2.72285775059269,0.00681512324014234,0.0186998547006054,-3.61200103892554
"LAMA5",-0.279664442143585,-0.700655877026954,-2.72256860731899,0.00682095679314411,0.0187078217887565,-3.61276963000335
"URB2",0.229587662439961,0.0547916071668092,2.72187331323315,0.00683500301680384,0.0187382972358491,-3.61461751831107
"CDA",-0.495220493669056,-0.286688567543881,-2.72165936986718,0.00683933031738481,0.0187421133375545,-3.61518602642173
"CLU",-0.451547197596766,-0.504902871182524,-2.72068212125945,0.00685912798439999,0.0187810471098211,-3.61778230946632
"RABGAP1",0.18196050555994,-0.0902009849760556,2.72066768606531,0.00685942080816017,0.0187810471098211,-3.6178206531598
"SGTA",0.200283665180152,0.249926971144521,2.72043885676847,0.0068640642104411,0.0187857050937276,-3.61842845831437
"ARIH2",0.171968348357148,0.00379571224985476,2.71950412945955,0.00688306116631213,0.0188246652397809,-3.62091072755211
"PRPF3",0.18458908946715,0.201572219294666,2.71935400084185,0.00688611672793557,0.0188246652397809,-3.62130933428411
"DHX16",0.17030886041075,0.0756535820732388,2.71930351409884,0.00688714455757683,0.0188246652397809,-3.62144337698868
"FBL",0.210546715462156,0.319543078070502,2.71806250229906,0.00691245314973649,0.0188857566799604,-3.62473752512821
"BMS1",0.203724865805758,0.210881201026392,2.71770420774091,0.00691977563183902,0.0188976763940514,-3.62568831659879
"SNU13",0.216330983519347,0.357939485078485,2.71353207778752,0.00700555840840552,0.019123766754027,-3.63675090244499
"NNT",0.382654947711839,-0.127683206230293,2.7129872776514,0.00701683052673046,0.0191463516722966,-3.63819426428165
"PAWR",-0.255476617404243,0.000125338329966955,-2.71120923579105,0.00705373280503389,0.0192388227083047,-3.64290297684045
"STAT3",0.220033499276028,-0.0420813388408547,2.71030957719025,0.00707247134025446,0.0192816949220857,-3.64528437962632
"CAMLG",0.256554377983996,-0.0574250946380969,2.71014326555927,0.00707594027451767,0.0192829187591956,-3.64572452493103
"ZNF830",-0.218025643452275,0.0796388309973619,-2.70915717870367,0.00709653965397389,0.0193308044755219,-3.64833368250505
"SLC22A18",0.440730580290967,-0.187055624017111,2.70862140424116,0.00710775465826536,0.0193530974383899,-3.64975094564183
"WTAP",0.178625169166173,0.195182838261655,2.70774231963303,0.00712619057446754,0.0193950242190858,-3.65207577280532
"GALE",0.347870282469582,0.0365799775152988,2.70690165619357,0.00714386105864831,0.0194348329183935,-3.65429831620222
"VAV2",-0.290229296613479,0.127262282117716,-2.70556112612345,0.00717212033425963,0.0195034021866472,-3.65784103991772
"CFAP36",0.216857032603322,0.0550394862243151,2.70493816442705,0.00718528705816228,0.019524028228343,-3.65948681827114
"HSPA4L",0.488318962818329,-0.415388190560518,2.70486257239566,0.00718688622959711,0.019524028228343,-3.65968649726544
"NEK3",-0.417198478613908,-0.196182852955977,-2.70476841153239,0.00718887867890907,0.019524028228343,-3.65993521901301
"RAB2A",0.235116346926452,0.11028434198334,2.70403440567986,0.00720442736623153,0.0195579373866447,-3.66187377902565
"SUMO2",-0.326210749089485,0.0506460386945669,-2.70235754677976,0.0072400626349537,0.019646323809681,-3.66630059060695
"LTF",-0.773196277199431,-0.679262198673122,-2.70028164851591,0.00728439805037695,0.0197582334543997,-3.67177720427383
"HDAC1",0.214325413900228,0.165749865489385,2.69927685640258,0.00730594538321063,0.0198082638096815,-3.67442659054387
"COA4",0.49437950435662,-0.0315399125622892,2.69896083571781,0.00731273417593334,0.0198182545472557,-3.67525966329065
"ANK2",-0.501346460681219,-0.945970672344809,-2.69672813761048,0.00736085945969198,0.0199402153797765,-3.681142695148
"OXA1L",0.302883962115138,-0.0403180977332898,2.69630576304884,0.00736999568299825,0.0199563437067944,-3.68225510400057
"RAPGEF1",-0.159624494422161,-0.0807519645378249,-2.6961640098317,0.00737306418235365,0.0199563437067944,-3.68262840240928
"CKAP4",0.354903054805326,0.246857077165254,2.69508977169829,0.00739635541450216,0.0200109022549137,-3.68545673231968
"IKZF1",0.330230390073965,-0.0518905963145406,2.69296275189149,0.00744266835997596,0.0201276736461019,-3.69105371822405
"RIF1",0.271894120297241,-0.010715153037303,2.68998725533752,0.00750789412703111,0.0202954716346713,-3.69887626895807
"CAPS",-0.649088331250032,-0.940060463650668,-2.68836431922152,0.00754368706232683,0.0203835979233842,-3.70313946371322
"AGPAT2",-0.29506590708425,-0.0193264008860765,-2.68803444353174,0.00755098105046236,0.0203885601611155,-3.70400569351608
"CREBBP",0.196732261195311,0.0412355822015128,2.68792437922446,0.00755341613085851,0.0203885601611155,-3.70429469182564
"TWF1",0.176557854280264,0.236951678491366,2.68784814753796,0.00755510310747053,0.0203885601611155,-3.70449484842877
"MAPT",0.602036833821458,-1.05741479596673,2.68206027987141,0.00768418153883453,0.0207281365126567,-3.71967581091459
"ZCCHC17",0.266118503135505,0.0506702362547805,2.68090195351342,0.00771025120874479,0.0207896765066873,-3.72271021616447
"MRPL39",0.266031458596635,0.0987092298043048,2.68056775963729,0.00771778747058433,0.0208012127478602,-3.72358545265096
"WDR41",-0.191624785157205,-0.0110646060698058,-2.67893293668447,0.00775474930482633,0.0208920144773486,-3.72786546418799
"ARFIP2",0.271390089036265,0.147802885534485,2.67619978459465,0.00781689934077383,0.0210505703462003,-3.7350153486257
"MISP3",-0.400954211356088,-0.380485403752333,-2.67600429648466,0.00782136173981287,0.0210537077186784,-3.73552647479835
"POLR1E",0.27973858632295,0.115223022418552,2.674855853522,0.00784762352631876,0.0211154977730911,-3.73852848926421
"NAT10",0.251543299223722,0.182215646829687,2.67389263816363,0.00786971081509972,0.0211603089085321,-3.7410453698892
"ETF1",0.187271389222192,0.267347849021385,2.67372070592298,0.00787365923553035,0.0211603089085321,-3.74149453734522
"RTN2",0.381907307307193,-0.476383121559827,2.67369629897106,0.00787421988514835,0.0211603089085321,-3.74155829748159
"TGFB1",-0.222927475670082,-0.0346837265269412,-2.67171932793846,0.00791975215979123,0.0212737137317068,-3.7467210383788
"MFF",0.199526587528277,0.0349112205905324,2.66926550710129,0.00797659632349654,0.0214173959316759,-3.75312395758766
"PRDX5",-0.374094142618522,0.089472382824917,-2.6685019142105,0.00799436011616836,0.0214560695005191,-3.75511530228484
"LSM2",0.205493776185019,0.26690183374518,2.66825382079512,0.00800013927513884,0.0214625585175468,-3.75576217818022
"CSTF2",0.249741007756906,0.329120239619262,2.66806537336142,0.00800453153456074,0.0214653229097733,-3.75625349534336
"HMGXB4",0.22248381215443,0.0909402314564604,2.66338978006181,0.00811420529477889,0.0217502942095563,-3.7684329863579
"SCAF1",0.196212361642771,0.0908917005368348,2.66303044706509,0.00812268969848772,0.0217639000104256,-3.76936816914982
"EIF4B",0.197411230027825,0.183165556586043,2.66254749815749,0.00813410542896048,0.0217767653059782,-3.77062487839557
"COIL",0.294348587121744,0.171840972177129,2.66253874391187,0.0081343124909566,0.0217767653059782,-3.77064765630918
"SPAG9",0.28150650702464,-0.108922922423985,2.66185843003684,0.00815041828861617,0.0217979630816904,-3.77241756437718
"PPP1R37",0.192607395841857,0.0251684735126993,2.66183253799395,0.00815103182461492,0.0217979630816904,-3.77248491669085
"NOLC1",0.343901619651845,0.219038102123359,2.66177175353935,0.00815247233188357,0.0217979630816904,-3.7726430312831
"THOC1",0.168927253685563,0.236267283952522,2.66129526035276,0.00816377249181801,0.0218190403349761,-3.77388238175658
"POLE4",0.299680091008877,0.183545516854774,2.66046294711334,0.00818354480409887,0.0218627337130424,-3.77604670412191
"STX18",0.266569806564657,-0.0594414282453875,2.65806113172958,0.00824084358116406,0.0220066023696079,-3.78228867682877
"GOLGA7",0.354334829257164,-0.379222211299634,2.65734148945488,0.0082580817625938,0.0220434164106026,-3.78415787206267
"CTTN",0.270402294883548,0.24677510543274,2.65700089710629,0.00826625154449592,0.0220560033897227,-3.78504235587357
"DHX40",-0.205327712475049,0.0753855186228566,-2.65672701437084,0.00827282643312267,0.0220627741871481,-3.78575352279422
"PNPLA4",-0.356048787913957,-0.00480159877614117,-2.65660737696162,0.00827569994960371,0.0220627741871481,-3.78606415256541
"NDUFA12",0.223163053830403,-0.000835207236228799,2.65462214098003,0.00832351355896765,0.022180982501673,-3.79121671608461
"DDX56",0.217812665649245,0.198433163725038,2.65321284338686,0.00835760644253758,0.0222625436527336,-3.79487222551307
"LNPEP",0.21456763826767,-0.150760130155899,2.65217718893318,0.00838274030907454,0.0223201821824191,-3.79755737431617
"USP15",-0.160980683786915,0.00768890436383162,-2.65082612397858,0.00841563082563708,0.0223931575856566,-3.80105878026881
"RAB31",-0.309141892144529,0.0115398741379037,-2.6507633500605,0.00841716181763131,0.0223931575856566,-3.80122142294491
"ZNF687",0.199408753628964,0.174774332697003,2.65023413010974,0.00843007890461512,0.0224181815101906,-3.80259244680269
"RBMX2",0.18211478785872,0.132175512883047,2.64842405998544,0.00847439343790999,0.0225266453376583,-3.80727972269086
"UBASH3B",0.269681548262767,-0.16883921241814,2.64496974282094,0.00855954391936787,0.02274352389728,-3.81621634962885
"CLINT1",0.204341771591651,0.151229533504356,2.64465634566957,0.00856730719269905,0.0227546823732876,-3.8170265829707
"CAST",0.364629905210701,-0.354374549067218,2.6441991290201,0.00857864441263484,0.0227753199894692,-3.81820847134561
"IFT74",-0.226638091121217,-0.0987312990135014,-2.64389623148065,0.0085861625278465,0.0227858053783458,-3.81899134259565
"ACOT7",0.317744332719785,-0.035115518922257,2.64280670449162,0.00861325424427519,0.0228482045491056,-3.82180663154563
"HNRNPA1L2",-0.373285152425454,0.307969768490839,-2.63973062342191,0.00869015754082218,0.0230344093023044,-3.82974908432595
"PRKCE",-0.21059683865632,-0.493344489164367,-2.63971043174502,0.00869066437106519,0.0230344093023044,-3.82980119002017
"COG8",0.183416412378033,0.0690241005108615,2.63930518654332,0.00870084202263161,0.023051815898134,-3.83084686600061
"IFIT3",-0.44909656320016,-0.339072782562351,-2.63779360510531,0.00873889954649694,0.023143041727243,-3.83474592325574
"ADGRE2",-0.316833709185216,0.0769976318768686,-2.63725670125188,0.00875245325216338,0.0231693258768919,-3.83613032757534
"TNFAIP8",0.323027684205198,-0.0523914908297116,2.63643148470218,0.00877332197053961,0.0232149443770806,-3.83825761825009
"EML4",0.214654576370384,0.149905567728721,2.63576361535426,0.00879024425821487,0.0232500868221632,-3.8399788229741
"DPH5",0.241158628029708,0.0342996779291595,2.63504611555904,0.00880845670526149,0.0232886112062504,-3.84182746738417
"DSG2",0.33447149119223,0.0916481178293279,2.63476342614654,0.00881564156464625,0.0232979600125274,-3.84255568659061
"TCEA1",0.231256653886823,0.182657296298854,2.63416198795325,0.00883094527326703,0.0233287486842408,-3.84410476617381
"CGREF1",0.474764110293287,0.00525285520246704,2.63348044070989,0.00884831618536658,0.0233649705721942,-3.84585976687317
"FSCN1",-0.37430783908724,-0.0219424870983749,-2.63159556757128,0.00889651660007302,0.023482537615323,-3.85071109378461
"INPP4B",-0.510896094379196,-0.189015988249191,-2.6296662744764,0.00894609679349867,0.0235945189003127,-3.85567330063232
"POFUT2",0.227563898166313,0.165991297327914,2.62965714221045,0.00894633206854458,0.0235945189003127,-3.85569678083025
"BOD1L1",0.173688644492175,0.141386636268811,2.62911447860655,0.00896032270903108,0.0236155359898659,-3.8570918964627
"COA7",0.264537372985201,0.124135503036801,2.62906116341149,0.0089616983090752,0.0236155359898659,-3.85722894781207
"N4BP1",-0.17350074647104,-0.105465338714819,-2.62699980451658,0.00901502948215062,0.0237344308358605,-3.8625258067855
"RNF113A",0.207171840004108,0.213971729358047,2.62686420352612,0.00901854769018443,0.0237344308358605,-3.86287410684809
"MRPS18B",0.239327115694376,0.107380333189294,2.6268127624918,0.00901988266531056,0.0237344308358605,-3.86300623201729
"MTERF4",0.332620494376997,0.153405119608414,2.62674329372456,0.00902168576955888,0.0237344308358605,-3.86318465708554
"ATP6V1F",-0.179689213029529,0.183298316403678,-2.62558553373849,0.00905178376846785,0.0238016032930775,-3.86615760647581
"CD5",0.415910498773585,-0.283013877730019,2.62547453341113,0.00905467414234693,0.0238016032930775,-3.86644257219834
"SMARCE1",0.166705909339128,0.220727235556511,2.62364222712869,0.00910250592712474,0.0239174898537825,-3.87114489318606
"LRWD1",0.191558554481107,0.0575913961324019,2.62348008936396,0.00910674937623417,0.0239187966957035,-3.87156084220106
"DUSP22",-0.269788065899458,-0.331226037494521,-2.62295900964933,0.00912039902365546,0.0239447976011678,-3.87289745571805
"EMC2",0.160479451556194,0.0710834129952523,2.62264997647568,0.0091285027904462,0.0239562229005339,-3.87369003164302
"TBXAS1",-0.292848698911976,-0.0360367240486631,-2.62217472176357,0.00914097797990714,0.0239768151137615,-3.87490874038328
"SLC26A6",0.442994842775301,-0.252210204056245,2.62206501879415,0.0091438597967125,0.0239768151137615,-3.87519002463603
"EP300",0.156339364227957,0.0343613177047426,2.62144596392077,0.00916013719051195,0.0240073459213061,-3.87677710272841
"SSR4",0.264748254050607,0.191957343757373,2.62133631407749,0.00916302302431058,0.0240073459213061,-3.87705817582246
"PIGS",0.240610834912465,0.0654204600938263,2.62110155296441,0.00916920435671393,0.0240136873739206,-3.87765991744794
"MLPH",0.582007288056331,-0.465967369123037,2.61944887772121,0.00921282571550907,0.0241174342286253,-3.88189460546133
"RPS21",0.151390134128381,0.301936342420971,2.61931480334202,0.009216372673116,0.0241174342286253,-3.8822380349992
"FGL2",-0.344263657025488,-0.318692684543338,-2.61875253628947,0.0092312608679683,0.0241445769043413,-3.8836780901085
"TAX1BP1",0.333976684035898,0.0717542955861917,2.61863755733368,0.00923430803451863,0.0241445769043413,-3.88397253293211
"TIMP2",-0.381724768342355,0.249068539771462,-2.61780597777361,0.00925637337227997,0.0241923634801505,-3.88610170678639
"GALNT10",0.381259656555738,0.174053392694221,2.6162455601334,0.00929790547112887,0.0242909682623395,-3.8900952448648
"CSNK1A1",0.169719833601339,0.0914962463591374,2.6154627608355,0.00931880331733002,0.0243356070270561,-3.89209778328593
"CLCC1",0.279091756233332,-0.198531078148396,2.61383315674902,0.00936244281237456,0.0244395737354913,-3.89626475336808
"LSG1",-0.182996087911355,0.277186166769538,-2.61367970783256,0.00936656147161715,0.0244403330593688,-3.89665700071916
"KIT",-0.370399679524791,-0.575867717345379,-2.61326586663825,0.00937767730862333,0.0244593421632189,-3.89771475476641
"SERINC1",0.330195957679066,-0.342749853189709,2.61154192273514,0.0094241100044269,0.024570413384347,-3.90211932626901
"RAB13",0.226614377178579,0.0576880947186821,2.61100177954301,0.00943870054387291,0.0245984093765831,-3.9034987854334
"FAM20B",0.273227009674236,-0.159512420049715,2.61074160777774,0.0094457356156662,0.024606700084059,-3.90416313437717
"NDUFA2",0.254652282250608,0.00131296189923595,2.61038666750492,0.00945534081456401,0.0246216766317256,-3.90506937239446
"CRISP3",-0.609854218736684,-0.434704499326752,-2.60984637859442,0.00946997861624057,0.0246497405074179,-3.90644861797245
"TRMT1",0.248760871496561,0.0298633303180807,2.60946942215285,0.00948020334610406,0.0246662992521901,-3.90741074738855
"WNK2",0.418820289867479,-0.44118058635308,2.60927834215425,0.00948539005927712,0.0246697415594641,-3.9078984018486
"POLRMT",0.29370695122452,-0.0222430961485477,2.60746695859896,0.00953468503564055,0.024787851772217,-3.91251952421781
"MAD2L1BP",-0.202879630837633,0.208330072512083,-2.60703125789281,0.00954657637595317,0.0248086651039727,-3.91363060535864
"DNAJA4",-0.312490327746568,-0.287247591810286,-2.60593804251934,0.00957647140647848,0.0248762286128418,-3.91641763146895
"INTS14",0.201659836712951,0.230314308668099,2.60558946076836,0.00958602132671789,0.0248909093823073,-3.91730606446032
"LDHB",0.41576907250242,-0.311806184756969,2.60479091478777,0.00960793085183896,0.0249376579223544,-3.91934089485585
"CSTA",0.573212807163356,-0.571312521108742,2.60372300126808,0.00963730104290862,0.0250037249731701,-3.92206118391936
"MED6",0.159298279785816,0.220257653188836,2.60064435709762,0.00972242168670223,0.0252143226927676,-3.92989740231094
"LAGE3",0.266574934473084,0.0379627260312623,2.60010472215915,0.0097374110590773,0.0252429434073116,-3.93127004411013
"NDOR1",-0.180118995679865,-0.0810364745225865,-2.59975419683411,0.00974715863878713,0.0252579577551363,-3.93216151098795
"TMEM11",0.235826048533575,0.0265899593809202,2.59940038873257,0.00975700636584188,0.0252732193289657,-3.93306120974559
"MAPRE2",-0.265075359566551,-0.0800216937891728,-2.59819381882573,0.00979065647883414,0.0253500979794631,-3.93612851301805
"PRUNE1",0.253768134349348,-0.15755388513013,2.59782151644419,0.00980106059993519,0.0253667498705254,-3.93707469222646
"KIF11",0.439887195041655,-0.223119380532005,2.59736918636173,0.00981371443943915,0.0253892085477386,-3.93822408085664
"SNX18",-0.218557839304039,0.0786498604702573,-2.59701709813525,0.0098235741536758,0.0254044232366221,-3.93911861799899
"TP53RK",0.216230012790304,0.209190345805231,2.59683927977341,0.00982855706517465,0.0254070189721215,-3.93957035009819
"ISCA2",0.253464110678805,0.0865247137353491,2.59597550199811,0.00985279446292758,0.0254593657004422,-3.9417642800861
"SNRPD2",0.147190460008444,0.32331722120786,2.59572993752904,0.00985969470258267,0.0254668894320349,-3.94238786730019
"AIF1L",-0.453344810743546,-0.758321946877012,-2.59523772907408,0.00987353854052943,0.0254923346466965,-3.94363761255927
"ACBD5",0.307237568803137,0.0442757861667592,2.59263557846625,0.00994701604306059,0.0256716642825149,-3.95024084023555
"ARPP19",0.227572531378959,-0.124027990433673,2.5919389574461,0.0099667695359293,0.0257122519139025,-3.95200750943638
"GGA2",-0.201579847461711,-0.0241571317780113,-2.59144445176717,0.00998081310988848,0.025737905223979,-3.95326132642289
"RPS9",0.193812348472062,0.29291242857817,2.59130504155963,0.00998477544867596,0.025737905223979,-3.95361475889369
"SLC4A1AP",0.20226055914109,0.187065395456804,2.58867912144835,0.0100596731645425,0.0259205057125115,-3.96026857594247
"ZDHHC5",0.201272766684512,0.0069334661399931,2.58825748034132,0.0100717461271591,0.0259411452286854,-3.96133636854658
"USP8",0.150626497844313,0.0943706309283434,2.58768663101578,0.0100881120615339,0.0259728207713282,-3.96278176008628
"RAC2",0.36581219276929,-0.174163957278907,2.58674078134703,0.010115281416183,0.0260322740194795,-3.96517597938023
"UROS",-0.197152848724553,-0.133596311828888,-2.585178933465,0.01016028849738,0.0261375673069184,-3.96912762876049
"EIF4H",0.163546500525698,0.166269134014906,2.58461505112754,0.0101765815973625,0.0261689381792831,-3.97055375092707
"FBLN2",-0.411508931438305,0.159104937291608,-2.58393475883808,0.0101962694032746,0.0262089430454471,-3.97227388941771
"SORL1",0.353573234687946,-0.120947607929321,2.58379396589996,0.0102003482330362,0.0262089430454471,-3.97262983407802
"PAFAH2",0.268761455133661,-0.0722122916973094,2.58349656634256,0.0102089688182346,0.0262205413935753,-3.97338164142351
"STK4",-0.198239449350573,0.0396550303657161,-2.58169013385493,0.0102614711661928,0.0263447902678493,-3.97794640354424
"MED21",-0.196061060059192,0.0455932827495,-2.58072601240363,0.0102895911940637,0.0264063664686883,-3.98038143399488
"RPS27",0.245597025816964,0.249939756629509,2.57934769100295,0.0103299116312952,0.0264991907456086,-3.98386107035027
"SLC33A1",0.340842617614255,-0.108299401813329,2.5774194052194,0.0103865573675372,0.0266338027276005,-3.98872612135911
"RSPRY1",0.236445332124317,0.0649670714318289,2.57609917106558,0.0104255008178534,0.0267229316427114,-3.99205504718159
"ETV6",0.254545083276771,0.0522109395292812,2.57594674892621,0.0104300052647357,0.0267237494443569,-3.99243926897353
"PDP1",-0.240178599190543,0.0397142496170057,-2.57518898262273,0.0104524249418656,0.0267684303004265,-3.99434910256972
"CAPRIN1",0.19349483011633,0.387497346135893,2.57507407119711,0.0104558285308165,0.0267684303004265,-3.99463867204322
"NR2C2",-0.161331896635715,0.0315503142939435,-2.57480562883594,0.0104637834492142,0.0267780590473878,-3.99531508133205
"TM9SF4",0.293478079700109,0.110769110728086,2.57398067419574,0.0104882637027587,0.0268295577526843,-3.99739334193693
"EPB41L1",-0.387655924078531,-0.0360312144697175,-2.57384445115653,0.0104923109958422,0.0268295577526843,-3.99773645923922
"NUTF2",-0.22861622330284,-0.018270589241012,-2.57354828389972,0.0105011151729878,0.0268413212087779,-3.99848238233618
"TARDBP",0.130694093289619,0.23456462586641,2.57296512239698,0.0105184701404359,0.0268649842241971,-3.99995088448978
"PRIM1",0.29887328846904,0.0630445058707301,2.57290141884897,0.0105203675188493,0.0268649842241971,-4.00011128174235
"TEX10",0.194610801887974,0.0163133181306629,2.57281320642782,0.0105229953867998,0.0268649842241971,-4.00033338285288
"ITPR2",0.354952257797896,-0.362350707131536,2.57228291916385,0.0105388051292533,0.0268945926260122,-4.00166838522651
"PREB",0.191173199863874,0.00406172361648745,2.57064276018043,0.0105878385075765,0.0270089288337499,-4.00579582515464
"SMOC2",0.497613489187368,-0.32530226939015,2.57026918484593,0.0105990351896141,0.0270266931652101,-4.00673556928208
"STX6",0.236547967984296,-0.0501600655946984,2.57000146103849,0.0106070658289376,0.0270296322277087,-4.00740895883058
"PPIA",0.263890553896499,-0.214147258460893,2.56994852293962,0.010608654402919,0.0270296322277087,-4.00754210285877
"TLE1",0.314821253015052,-0.13319576776863,2.5697508446473,0.0106145882400573,0.0270339632679561,-4.00803925806167
"MVB12A",0.195690796476386,0.175737714765347,2.56851019058163,0.0106518975054841,0.0271181680911149,-4.01115862838857
"TIMM10",0.22158199738364,0.178805299407752,2.56822918018351,0.0106603643764406,0.0271289065538354,-4.01186497041357
"SRRT",0.129232134679103,0.301191395199899,2.56775086023161,0.0106747900300187,0.027154794558434,-4.01306709497518
"CASP2",0.27624652148709,0.0178123382512429,2.56757556859252,0.0106800810158052,0.0271574342038696,-4.01350758803872
"FCHO2",-0.178678237340498,0.0637869186656964,-2.56556151064826,0.0107410414382722,0.0273015722863725,-4.01856667223192
"CAPN5",0.365931996615886,-0.128804402282227,2.56475210550959,0.0107656274876302,0.0273531760877512,-4.02059873128745
"DENND2D",0.278667050604702,-0.15402884180448,2.56386840716246,0.0107925276060538,0.0274106160559481,-4.02281660430271
"ITGA4",-0.210037777409406,0.025426394022385,-2.56308258152263,0.010816498844397,0.0274605746009841,-4.02478822317013
"BLOC1S3",0.158260820339363,0.0233404826628756,2.56282350824511,0.0108244121661797,0.0274661837949737,-4.02543810490843
"GABARAPL2",0.294626397335165,-0.25812254955527,2.5627286261327,0.0108273116071964,0.0274661837949737,-4.02567609958464
"PGP",0.23868937362924,0.134082556186563,2.56044766497334,0.0108972230687629,0.0276307835835197,-4.0313949311202
"SMAD3",-0.283315892343639,-0.0807520847685921,-2.5603296034641,0.0109008525993557,0.0276307835835197,-4.03169080203692
"LIX1L",-0.205669321044229,-0.0868026533252976,-2.55845251669372,0.0109587044983163,0.0277664000879958,-4.03639315968948
"TRMT6",0.264792489154252,0.0772733869860828,2.5575121414708,0.0109877898199752,0.0278013597942491,-4.03874768141701
"ZC3H13",0.192379199342439,0.159447589763656,2.55751017179644,0.0109878508132325,0.0278013597942491,-4.03875261223613
"FAM50A",0.227205599821144,0.193085473742816,2.55748382514952,0.0109886666968537,0.0278013597942491,-4.03881856722937
"PPME1",0.224478832647083,0.221288172022679,2.55715678690909,0.0109987986794594,0.0278013597942491,-4.03963720547311
"TXLNA",0.174330541799685,0.244417037113629,2.55714490928832,0.0109991668172924,0.0278013597942491,-4.03966693549911
"SNRPC",0.156412668085784,0.344744832438841,2.55703086866394,0.0110027019795784,0.0278013597942491,-4.03995237570371
"SYNJ2BP-COX16",0.242204952414366,-0.118640602432628,2.55694277797923,0.0110054334100243,0.0278013597942491,-4.04017285562558
"CYBRD1",-0.506699616273935,-1.41199611949329,-2.55688144369193,0.0110073355614505,0.0278013597942491,-4.04032636333389
"AKAP1",0.294882168466938,0.150293052973242,2.5538431977404,0.0111019283043042,0.0280291863277904,-4.04792606815125
"DNM1",-0.283335479479111,0.16670313734841,-2.55283540309318,0.011133464812776,0.028097696770583,-4.05044499326671
"CHMP3",0.235978307276551,0.064867340628055,2.55209980015658,0.0111565341771307,0.0281446234479884,-4.05228298743474
"SH3YL1",-0.352571038201062,-0.293306131831641,-2.55196153944916,0.0111608749522798,0.0281446234479884,-4.05262839192998
"KAT7",0.192248035011743,0.0256285977805565,2.55152612844432,0.0111745547801086,0.0281679953695196,-4.05371602321267
"GTF3A",0.265193909635867,0.237534166101228,2.55114074344895,0.0111866753592045,0.0281830231693537,-4.05467854362013
"SGTB",-0.185475286402372,0.00290569262117729,-2.55105593017899,0.0111893443593284,0.0281830231693537,-4.0548903507049
"PIR",-0.416871360107006,-0.124353127131395,-2.5490502370258,0.0112526275839523,0.028331240979312,-4.05989726415458
"GTF2A1",0.187278493342513,0.062134776163894,2.54866458072508,0.0112648322654936,0.0283507899153238,-4.06085956358756
"RRP1",0.278764834708622,0.154417413505431,2.54819284985628,0.0112797769619674,0.0283772166675185,-4.06203644816386
"CRABP1",0.783505412610026,-2.21351625833139,2.54776893271274,0.0112932219773302,0.028399851250592,-4.06309386734493
"NAALADL2",0.35864906962725,-0.0509349683772908,2.54744083662996,0.0113036377294887,0.0284148531113328,-4.06391215431137
"NOL4L",0.27438176666054,-0.0503424092139211,2.54604930761142,0.011347908563948,0.0285149138846155,-4.06738156668463
"PCBP2",-0.223236878139769,0.173095710544249,-2.54246159453095,0.011462764054058,0.0287921905921166,-4.0763181805066
"ANKRD22",0.49203144879915,-0.114091473599244,2.53799259982132,0.0116072814657211,0.0291374985126099,-4.08743302658832
"CASP10",0.304485752904344,-0.143654722029384,2.53792852966077,0.0116093651082349,0.0291374985126099,-4.0875922388995
"LZTFL1",-0.26436477503398,-0.0403145079317626,-2.53711993735632,0.0116356902185932,0.0291920951063724,-4.08960123286348
"TXN2",0.342789268297785,-0.00652244883235184,2.53396735468872,0.011738836752302,0.0294393058379608,-4.09742812592942
"NPLOC4",0.135787801274065,0.235311536899562,2.53332527840391,0.0117599438632647,0.029480660214741,-4.09902105666413
"ITGB1",0.234218909162234,-0.342258641930419,2.53286366081027,0.0117751396049545,0.0295071689080198,-4.10016604649596
"ETFA",0.280975600042619,0.0853260301470193,2.53194827936518,0.0118053243059044,0.0295709431718399,-4.10243595230501
"SLC9A3R1",0.371703048846397,-0.0987068290951241,2.53181115205004,0.01180985201068,0.0295709431718399,-4.10277592410402
"RPS15",0.221959976218787,0.129669652100737,2.53130588982849,0.011826548242703,0.0296011409367537,-4.10402843857967
"MUC1",0.545199288688884,-0.268049846832061,2.53057478816064,0.0118507444960154,0.029642454000029,-4.10584036971138
"COL5A1",0.450103320879743,0.063116781943031,2.53052665356974,0.0118523390856811,0.029642454000029,-4.10595964676092
"TP53I11",0.3413082701798,-0.192725850444056,2.52980575306868,0.0118762437594979,0.0296906093987447,-4.10774577012544
"GAPDH",0.212569039152787,0.070808780639637,2.52916414507023,0.0118975552466427,0.0297322466731168,-4.10933502445327
"CHID1",0.23688028773902,-0.0223196195026527,2.52871092060968,0.0119126299571457,0.0297582716261249,-4.11045742161423
"CLMN",0.318703941831514,-0.215176729301828,2.52789442046116,0.0119398305259306,0.0298145553023335,-4.11247897214951
"GPC1",0.324584225382212,-0.0375232037325806,2.52678437910136,0.0119768987285418,0.0298954254815244,-4.11522628615888
"INTS12",0.155800895519316,0.235672310627119,2.52499713706806,0.0120367964269113,0.0300331946798863,-4.11964720943049
"FAM120C",-0.252769400492404,-0.0164601644978111,-2.5243912140309,0.0120571638157438,0.0300722620951265,-4.12114533807371
"STEAP4",0.57452283430063,-0.827510422606192,2.52399780409445,0.0120704042514738,0.0300935303184929,-4.12211784851258
"COPS7A",-0.183679247646101,-0.0858832058648925,-2.52366403660862,0.0120816475355042,0.0301098046503491,-4.12294280831692
"SCOC",0.281226992203134,-0.00515202527658627,2.52343574663008,0.0120893430756318,0.0301172280678536,-4.12350700312127
"SP110",0.299365167868884,-0.000832030870469852,2.52150279457939,0.012154677025843,0.0302681797230918,-4.12828212389033
"ZFP36L2",-0.301384232121153,0.0979404545224052,-2.5208285946028,0.0121775388700396,0.0303132887661609,-4.12994682406846
"CDC42BPB",-0.155299207888031,-0.0097323350272728,-2.51980287570193,0.0122123939959971,0.0303882056369607,-4.13247865533018
"LUZP1",-0.184296177309233,0.16740443410251,-2.51828618206888,0.0122640957497015,0.0304934131692946,-4.13622056626881
"DDX10",0.248857776287662,0.150841844734461,2.51821762706557,0.0122664372790867,0.0304934131692946,-4.13638965054912
"LSM1",0.220961227208239,0.0913482040996367,2.51814254781786,0.0122690021036676,0.0304934131692946,-4.13657482116537
"RSF1",0.247641715063534,0.0764586882218576,2.51697899647766,0.0123088118974673,0.0305804529047973,-4.13944385006858
"ATRN",-0.292939917397837,-0.284756667528998,-2.51536556417664,0.0123642041387521,0.0307061234639954,-4.14342006246957
"SUN2",-0.212153852529188,-0.26664949772166,-2.5080203305868,0.0126191934171147,0.0313271967217253,-4.16149096083664
"RBM28",0.285384813167056,0.169838371445066,2.50750492424051,0.0126372600668591,0.0313474749738965,-4.16275706467077
"PLCG2",0.317777236201072,-0.287275551770614,2.50740914334228,0.0126406200285756,0.0313474749738965,-4.16299232436355
"SPTLC1",0.206164339945298,0.0429800554436531,2.50736723144422,0.0126420905337171,0.0313474749738965,-4.1630952668068
"TSPAN14",-0.264047043483868,-0.275871158975499,-2.50577013609673,0.012698239085873,0.0314744784795415,-4.16701675885275
"PXDN",-0.326456075673013,0.05207212949852,-2.50556106514921,0.0127056057129702,0.0314805170653143,-4.16752993155022
"GAPVD1",-0.161236076526411,-0.0570804577957968,-2.50396599064664,0.0127619334495725,0.0316078142263462,-4.17144374658517
"RTF1",0.164161175527161,0.125891946499844,2.50286244978191,0.0128010332078984,0.0316923602297135,-4.17415008732798
"DUS1L",-0.180757962778549,0.0826911586955941,-2.50247808258507,0.0128146767759305,0.0317138415559366,-4.17509244574142
"LRCH4",0.176088002148987,-0.100159621578048,2.50164057438463,0.0128444498957845,0.0317747081215609,-4.1771452937285
"OSBPL7",-0.221053006852473,-0.0731275322927408,-2.50150643597488,0.012849224176957,0.0317747081215609,-4.17747402399236
"SRFBP1",0.224947152230321,0.322131345714851,2.50031815345378,0.0128915866919464,0.0318602504712841,-4.18038538270113
"ROCK1",-0.140752078864352,-0.172323702568579,-2.5001872087104,0.0128962624834555,0.0318602504712841,-4.18070612319146
"AFDN",-0.22957792419018,-0.257283622965042,-2.50009723292721,0.0128994762237336,0.0318602504712841,-4.18092650354892
"TMEM165",0.293618533639689,0.234728272553905,2.49997689125966,0.0129037756803039,0.0318602504712841,-4.18122124803276
"CCDC97",-0.192036175129652,0.00106191440947431,-2.49976772494557,0.0129112516129155,0.0318615146463732,-4.18173351204812
"GCHFR",-0.34688253514501,-0.371950567462381,-2.49968336664266,0.0129142678002841,0.0318615146463732,-4.18194010019153
"SMARCA1",0.415011028464681,-0.0817393726870397,2.495195699102,0.0130756274845703,0.0322471539161766,-4.19292043718705
"CPSF1",0.127897845494477,0.151570379253739,2.49475747865124,0.0130914798392029,0.0322737833101584,-4.19399164825591
"OXR1",0.245996374080018,-0.0788995711501167,2.49446124630952,0.0131022055310337,0.032287758516268,-4.19471567286392
"LGALS1",0.334356727885686,-0.362497136327463,2.49418285146605,0.0131122924948523,0.0323001495291791,-4.1953960251929
"CEACAM5",0.78003974340091,-1.14157175005661,2.49350919373182,0.0131367294021719,0.0323381349216529,-4.19704203406839
"RNF214",0.149851997502966,0.0859619253194968,2.49347854547596,0.0131378421279198,0.0323381349216529,-4.19711690954166
"RHOC",0.212803621480579,0.0466569670191795,2.49316112160308,0.013149371549253,0.0323438450084593,-4.19789234242206
"AK2",0.265030666343963,0.137374791511803,2.49304261635376,0.0131536781822332,0.0323438450084593,-4.19818181381707
"SIRT3",-0.30316021020471,0.0540228705997619,-2.49299638223122,0.0131553587293608,0.0323438450084593,-4.19829474577776
"BNIP1",0.23284637025702,-0.0230560175796961,2.48911945154203,0.0132969601644106,0.0326794036373216,-4.20775740254197
"ELOVL5",0.368082799347924,-0.284962581887884,2.4889425699377,0.01330345276992,0.0326827802754673,-4.20818878976207
"SLC39A14",0.336942251006079,-0.110628110103268,2.48830471317786,0.0133268892873303,0.0327277646536939,-4.20974417978513
"ZFYVE1",0.15690819084903,0.00970115408995841,2.48534466148859,0.0134361297803271,0.0329809767040758,-4.2169571306641
"BAX",0.189354738569657,0.00677746097470931,2.48523130065457,0.0134403291126085,0.0329809767040758,-4.21723319999145
"IFI16",0.322462006579268,0.132863370700489,2.48497840003444,0.0134497017480659,0.0329912968349599,-4.21784904892654
"SGCB",-0.324876786490813,-0.438567891775274,-2.48479377193055,0.013456547830245,0.0329954139385999,-4.21829860646555
"CALD1",0.335946936105523,-0.64114132296075,2.48373938338783,0.0134957042781339,0.0330778143346299,-4.22086535812488
"CMC4",0.384308689111156,-0.0292149743106104,2.48361004697666,0.0135005143549014,0.0330778143346299,-4.22118013607747
"PATL1",0.181059658193927,0.112850582910433,2.48288469977387,0.013527518537299,0.0331312642350035,-4.22294518788658
"SRSF6",0.187471046481807,0.294666935731921,2.48127246379174,0.0135877127560185,0.0332659301944702,-4.22686660628831
"HPGD",0.783621539159055,-3.346313851825,2.47728143568572,0.013737744906351,0.0336203530958418,-4.23656337124472
"SOWAHC",-0.21177391502215,-0.209589819982544,-2.47659798223801,0.0137635844070673,0.0336706844594347,-4.23822240956974
"CA13",0.438270061359183,-0.172667887555194,2.47515030487073,0.0138184595496885,0.0337919817023213,-4.24173509473824
"TBCB",0.234703514863181,-0.0737575109578586,2.47494643410174,0.0138262029714789,0.033793264092489,-4.24222961355839
"ATL1",0.314399007547066,-0.485063915367043,2.47485783987309,0.0138295691579755,0.033793264092489,-4.24244449978117
"LPGAT1",0.318625585639349,-0.113283376022512,2.47340529814314,0.0138848630380102,0.0339153980480853,-4.24596659794984
"PRKD1",-0.257211745285727,-0.0910572217701885,-2.47205844662542,0.0139363087115285,0.0340171115625088,-4.24923064012048
"HMOX1",-0.312886766329879,-0.156494652635868,-2.4720362082056,0.0139371595689151,0.0340171115625088,-4.24928451968834
"MRPS9",0.238694206854196,0.150863358761814,2.47147075845851,0.0139588095518877,0.0340569350358436,-4.25065434267133
"RRAGC",-0.172528498806176,0.0221809320885654,-2.47103631830896,0.0139754636827928,0.0340845437794621,-4.25170658492804
"TMEM141",0.434808858792822,0.000682073624799894,2.46827904392287,0.0140815743257263,0.0343302222488593,-4.25838072681481
"SFSWAP",-0.211754403403385,0.198201412462949,-2.46809761704191,0.014088581317133,0.0343341953091199,-4.25881962927619
"USP47",-0.129272584788452,0.095333849087102,-2.46457386888495,0.0142252884050917,0.0346502404700937,-4.2673380087181
"FAM172A",-0.237114201169007,0.0470157754234757,-2.46447554196573,0.0142291198923392,0.0346502404700937,-4.26757553796957
"TECR",0.302335981850221,-0.120901749810577,2.46385267469942,0.0142534123029315,0.0346961637644749,-4.26907999202455
"EPS8L2",-0.257611235858532,-0.134981067919323,-2.46076852896613,0.0143742392536213,0.0349769503179771,-4.27652394024706
"PUS1",0.233942735509895,0.19250671514703,2.46033285081968,0.0143913806794095,0.0350053202430589,-4.27757477622705
"SUCLA2",-0.253919550222897,0.0583396450050342,-2.45884560420199,0.0144500317785297,0.0351345974508423,-4.28116059668186
"SYTL2",0.38720215187042,-0.131241696189051,2.45842604712022,0.0144666156911055,0.035161326830645,-4.28217179026224
"MTSS1",-0.301581060437179,0.00411737400678582,-2.45828894338249,0.0144720386704675,0.035161326830645,-4.28250219414931
"ATP6V0A2",0.187714167950789,-0.0289242067175264,2.45781568157544,0.0144907718314303,0.035180107941729,-4.28364256297691
"SYNJ1",-0.237559729492901,-0.137417164918034,-2.45781526342518,0.0144907883925994,0.035180107941729,-4.28364357045569
"MAP4K4",-0.2527754074248,-0.0721596686562989,-2.45695261207754,0.0145249900924094,0.0352497384036618,-4.28572166515133
"LUC7L2",0.18311936543512,0.247274773525218,2.45581048809515,0.0145703820859051,0.0353464626210123,-4.28847191703563
"GREM2",-0.557845227925621,-0.320198315434116,-2.45488102830474,0.0146074147381341,0.0354228420444307,-4.29070916049503
"ETFB",0.250341480400434,0.00833108795680782,2.45379617838017,0.0146507440342378,0.0355144269774519,-4.29331940103018
"PDE4DIP",0.15928105814754,0.147505863880156,2.45314307280667,0.0146768841540905,0.0355642904454905,-4.29489029180225
"NOL10",0.2160566433455,0.199131889416791,2.45218108263093,0.0147154623909729,0.0356351027293544,-4.29720339707112
"FNBP1",0.230369724717227,-0.301285820543923,2.45213607463437,0.0147172695218963,0.0356351027293544,-4.29731159737432
"CERS2",0.336137862249398,-0.268260724080448,2.4503619519783,0.0147886596104222,0.0357943865096836,-4.30157510549302
"TBC1D8B",0.242299928265969,0.0915496529271113,2.44913817113396,0.0148380826356035,0.0358922465629491,-4.30451431785605
"FBXO30",0.193690837169983,-0.23269514689831,2.44908251672606,0.0148403337394183,0.0358922465629491,-4.30464795202494
"DYNLT3",-0.223790204733332,-0.160244728302373,-2.44846858382537,0.0148651861024927,0.035938740350025,-4.30612189815119
"SGSM3",0.319276895209146,-0.0594069146694944,2.44780306819548,0.0148921681692117,0.035978653587845,-4.30771928295604
"SAAL1",0.257820561837962,-0.00438836313623777,2.44778343086252,0.0148929649855402,0.035978653587845,-4.30776641054147
"UQCRB",0.283676038208136,0.261321879659665,2.4452498552526,0.0149960859158431,0.0362140728338343,-4.3138436743503
"WDR36",0.190723296766871,0.162848898065666,2.44500544032312,0.0150060673673943,0.0362244764237476,-4.31442962914975
"CLTB",0.24387598661598,0.0132440407465293,2.4437172231082,0.0150587729742782,0.0363379687984756,-4.31751703843694
"GNAI1",-0.322343972759773,-0.683913077826337,-2.44343102332366,0.0150705046511557,0.0363525395533167,-4.31820274689793
"VPS41",-0.156050445397497,0.0266498983584567,-2.44256922059248,0.0151058798430497,0.0364241098179277,-4.32026707952526
"XPO4",-0.15982879333365,-0.0356316284898976,-2.44163781855961,0.0151441945238838,0.0365027112249897,-4.32249733825251
"DNAJC7",0.185468737981,0.200884182977791,2.4412813618749,0.0151588806592095,0.0365243218902085,-4.32335066306672
"MINDY3",-0.230312875720701,-0.178825039351203,-2.4409904239191,0.0151708767373303,0.0365394371813859,-4.32404705295731
"RAB20",-0.275418596961253,0.0294913715088742,-2.4406782476629,0.0151837578609445,0.0365566719238802,-4.3247941898775
"MRPL44",0.246332947424104,0.189984505734273,2.43912127894544,0.0152481465959921,0.0366978575255973,-4.32851913437931
"LSM14A",0.175986816894549,0.109207922002964,2.43509803678516,0.0154156481301081,0.03708700576893,-4.33813385800478
"TNPO3",0.194508841135835,-0.00864569363560501,2.43464635351023,0.0154345544782382,0.0371185048374956,-4.33921233247677
"GOLT1B",-0.27303227963763,-0.178754576928422,-2.4340132289868,0.0154610900167373,0.0371683206915916,-4.34072370548352
"STAT5B",-0.188407136303759,-0.16135701392778,-2.43321165628938,0.0154947434131086,0.0372352038738045,-4.34263664821923
"PSMD4",0.129931353515137,0.330334485782485,2.43231755464344,0.0155323579509377,0.0373115521131441,-4.34476969296113
"IFIH1",0.346976629079234,-0.244676896329596,2.43201964829458,0.0155449086802574,0.037320818931105,-4.34548023565114
"LAMTOR5",-0.182348513549835,0.130755688960375,-2.43194854023006,0.0155479057723946,0.037320818931105,-4.34564982457738
"INPPL1",0.176349995448869,0.0670410965339433,2.43120007679636,0.0155794833154771,0.0373825633105305,-4.34743457962287
"APOL3",-0.386249792692913,-0.490461153632915,-2.429130812082,0.0156670804296186,0.0375786283031987,-4.35236610477114
"ZNF397",0.237059137397649,-0.0327155584806067,2.42801472676865,0.0157145075535062,0.0376782315918653,-4.35502430628897
"EML2",0.293503595679971,-0.285638980107876,2.42501099738555,0.0158427793008244,0.0379626064429116,-4.36217249065116
"MRPL14",0.258647362947085,0.153191582923523,2.42495910757803,0.0158450033156397,0.0379626064429116,-4.3622959014257
"XRN2",-0.16544786247101,0.296894510655775,-2.42420979429161,0.0158771499008557,0.0380253571331447,-4.36407772712665
"THRAP3",0.131819695229748,0.251809031273115,2.42359051193957,0.0159037614477675,0.0380748094653151,-4.3655499453849
"METTL7A",-0.326099710911263,-0.835477689279884,-2.42292614619202,0.0159323540990664,0.0381289658630207,-4.36712893672726
"PROSER2",-0.284756330893157,-0.163389105638706,-2.41933703155205,0.0160876072675058,0.0384860893229766,-4.37565192465301
"GRHL2",0.264832644164284,0.0739129186037877,2.4186025340973,0.0161195433540672,0.0385480465601944,-4.37739461590599
"FASN",-0.390618396361217,-0.173672040157982,-2.41832258941425,0.0161317301268419,0.0385611520359562,-4.37805868686047
"PPIL2",0.149520304471764,0.097587598213656,2.41819924329962,0.0161371023085474,0.0385611520359562,-4.3783512588788
"COPB2",0.13769469852559,0.293576896224286,2.41682476557938,0.0161970728789321,0.038689977677509,-4.38161049026407
"MRPL22",0.224674451605876,0.148349838132569,2.41524513018399,0.0162662377227379,0.0388406611292751,-4.38535399314183
"ITGAM",-0.369743230839606,-0.10358084998553,-2.4142538870934,0.0163097726319547,0.0389300554224415,-4.38770188673526
"ZNF638",0.140591476157377,0.214868844425382,2.41299100563393,0.0163653867241132,0.0390482041231177,-4.3906918450095
"DPYSL2",-0.372588869749634,-0.754415278788193,-2.41153481960321,0.0164297211541417,0.0391694866278696,-4.39413759059224
"PITPNM1",0.20687657465663,0.0451464521531558,2.41143593037524,0.0164340981707411,0.0391694866278696,-4.39437151750451
"SND1",0.156571566490322,0.272217065202266,2.41142412117911,0.0164346209359534,0.0391694866278696,-4.39439945206969
"FAM3C",0.328474028083351,0.150209618983682,2.41124273746347,0.0164426522083231,0.0391740053545311,-4.39482849730236
"ERLEC1",0.180730085803335,0.239219362275787,2.41058759806783,0.0164716891936927,0.0392285473710287,-4.3963779052475
"PIAS1",-0.213047614190392,0.0503719959982235,-2.40787575437115,0.0165923649321844,0.0395012118165538,-4.40278710590072
"PDCL3",0.18789814262637,0.197414984488108,2.40526491303732,0.0167092823319233,0.0397643553493325,-4.40895101606733
"SNCG",0.581991458282957,-1.52683435735037,2.40512978863881,0.016715353133533,0.0397643553493325,-4.40926985424523
"UTP3",0.209238034861848,0.208090745650084,2.40462427791871,0.0167380817223586,0.0398035947103387,-4.41046249891007
"RMND1",0.411110881357145,-0.429277640250245,2.40241536167059,0.0168377182829671,0.0400256259258171,-4.41567112570195
"WWP1",-0.253710140627668,-0.270412672313195,-2.4019910534351,0.0168569171238524,0.040056351260066,-4.41667111577828
"TBCA",0.278091722358802,0.106469151375658,2.40109496687266,0.01689752614064,0.0401379108660664,-4.41878241083659
"RHEB",0.25689915750874,0.17729404600702,2.40090650349825,0.016906077928477,0.0401432902838696,-4.41922635794292
"FCN1",-0.566665216967227,-0.912536814942799,-2.39988419685685,0.0169525330361808,0.0402386332475889,-4.42163393225217
"SCRN2",-0.251410181339874,-0.241790630046731,-2.39973792787893,0.0169591889064778,0.0402394727491122,-4.42197832076354
"SMPD3",0.427513091130597,-0.668929491939626,2.39950282568393,0.0169698918992063,0.0402499107639051,-4.42253182352127
"SCAF11",0.157651895103218,0.112558342382821,2.39905994722051,0.0169900700507197,0.040282806265817,-4.42357435318056
"TRIM3",-0.225361803189589,-0.253495720133967,-2.39882732719595,0.0170006770084676,0.040292992835585,-4.42412186300357
"NAPG",0.185887362524787,0.0647960580948321,2.39804607442789,0.017036343138996,0.0403625420936882,-4.42596029578955
"PDRG1",0.19591694999232,0.307826044190562,2.39763427859945,0.0170551691731234,0.0403921569623118,-4.4269290950775
"LPCAT2",-0.252134446796954,0.0871323853457774,-2.39747301265995,0.0170625467491725,0.0403946462712147,-4.42730844884462
"MYO1E",0.207360100410252,0.214953449023645,2.39661255299661,0.0171019585242638,0.040472944839668,-4.42933213375621
"ICA1",0.278749387460553,0.0574851591385331,2.39558018052999,0.0171493503112364,0.0405700636299534,-4.43175920858779
"ARHGEF5",0.226561088804993,0.0941847880799765,2.39505776476863,0.0171733762475595,0.0406035291895308,-4.43298700660442
"RAB8A",0.18404963704787,-0.0634092876576104,2.3949960834606,0.0171762149320161,0.0406035291895308,-4.43313195489253
"VPS52",-0.122773552918634,-0.0597025079164848,-2.39442668873062,0.0172024390314062,0.0406504712122608,-4.43446983654309
"C8orf33",0.282291987711772,0.0812581769514521,2.39336497854994,0.017251431497701,0.0407511617139552,-4.43696366954864
"DDX28",0.273417914471366,0.0119457987398382,2.39289686937215,0.0172730713526734,0.0407871895661316,-4.4380628639306
"TBC1D1",0.227377840167715,-0.353488601373722,2.39225729984825,0.0173026761735458,0.0408331842989046,-4.43956433863997
"SSRP1",0.240629620223554,0.243300124482104,2.39219979625426,0.017305340127304,0.0408331842989046,-4.43969931699827
"MED22",-0.153706274574735,0.172888791802624,-2.39054230118656,0.0173822819370915,0.0409995826259066,-4.44358861314072
"HPS6",-0.15140194456123,0.0852086605426906,-2.38974740687834,0.0174192881527443,0.0410716967707799,-4.44545290117675
"PLCD1",-0.237002362289967,-0.31226465190637,-2.38933507592324,0.0174385114953941,0.0411018441853419,-4.44641971669906
"RHOT2",0.205964982082035,0.160747826504537,2.38911603711144,0.0174487309338729,0.0411107553552687,-4.44693324375082
"RP9",0.278236381314436,0.00657013374827436,2.38852368541873,0.0174763940216824,0.0411607435737522,-4.4483217589823
"MCM7",0.40934899845129,-0.0986037289622279,2.38838101501714,0.0174830625621814,0.0411612663936313,-4.44865613902953
"OXSR1",-0.128346115035855,0.0257527505781337,-2.38500488754019,0.0176415210653343,0.0415190239595133,-4.45656321963277
"DCPS",0.198534364863231,0.0542498521588534,2.38426522698232,0.0176764054202717,0.041585795360514,-4.45829410337491
"KRT14",-0.728783638333498,-1.68523084012814,-2.38300083699176,0.0177361780612921,0.0417110485898159,-4.46125170824567
"ELF1",-0.193597258649304,0.17330569616363,-2.38039634982029,0.0178598633205753,0.0419864607149755,-4.46733923219181
"MICU2",0.201972962708265,0.139235264789648,2.38025610904081,0.0178665447425027,0.0419867089366507,-4.46766683750398
"ATXN2L",0.149318609978946,0.364047144453345,2.37983039394857,0.0178868403521229,0.0420189387962857,-4.46866120238849
"TMSB4X",0.469564607407457,-0.250629340102854,2.37941879849833,0.0179064821086211,0.0420496095121537,-4.46962242389984
"MPV17",-0.323887506405297,0.103859268206598,-2.3792289177428,0.0179155498092355,0.0420554358573415,-4.47006580873292
"PISD",-0.245660877405793,-0.0947691358845395,-2.37898061590525,0.0179274134887086,0.0420678188626993,-4.47064555929076
"MNDA",-0.425266834999045,-0.014234571016226,-2.37830057213414,0.0179599408836958,0.0421286636819976,-4.47223306841983
"PPIE",0.19666922836555,0.128246613591226,2.37760254322298,0.0179933825319335,0.0421916075895686,-4.47386210637076
"ELN",-0.425910408957496,-0.743053797456046,-2.37742194021309,0.0180020439019096,0.0421964208200048,-4.47428351676461
"PGM3",0.240529454304681,0.195135288677086,2.37724808716174,0.0180103850221591,0.0422004801344902,-4.47468914791047
"PPIP5K2",0.186442845419603,0.00493312938578932,2.37683062206081,0.0180304280473097,0.0422319453712664,-4.47566305372848
"NLE1",0.208166529342919,0.14134835962538,2.3763113213528,0.0180553877161838,0.0422748993648087,-4.47687430153344
"SSC5D",-0.372655243830595,-0.319532313919792,-2.37602687943498,0.0180690720137375,0.0422795357788207,-4.47753764234716
"FUBP1",0.153971651308512,0.232503405324186,2.37599489571065,0.0180706112984184,0.0422795357788207,-4.47761222609657
"GABPB1",0.206464829065094,-0.0088758307038602,2.3758551540732,0.0180773380148351,0.0422797814009971,-4.47793808218568
"SLC25A19",0.297356168659863,-0.16059558969051,2.37528936395631,0.0181045958665551,0.0423280280512465,-4.47925722876851
"GAMT",0.325699188351034,-0.153563039615321,2.37509007016363,0.0181142057740779,0.0423349940949807,-4.47972181238249
"RPL18A",0.189252866938298,0.248582390913129,2.3744873172948,0.0181432977137421,0.0423874701435211,-4.48112669015173
"MYO1D",-0.274370742313224,-0.04337108507416,-2.37421631030503,0.0181563912871735,0.0424017380116324,-4.48175823258273
"SDCBP",-0.252965474937567,0.0523183568596121,-2.37408607448999,0.0181626865249514,0.0424017380116324,-4.48206170345471
"EXD2",0.207930586564406,0.0353155415417494,2.37364103542035,0.0181842129709482,0.0424364765422166,-4.48309859628315
"TAOK2",-0.19773348615322,-0.192742081756196,-2.3730220309147,0.0182141914018274,0.0424909068690784,-4.48454049738496
"TRIP4",0.139235507507343,0.194367697764374,2.3720117385226,0.0182632133089558,0.0425897067120828,-4.48689307880129
"DCXR",-0.303627714757558,-0.112294072532237,-2.37080994683176,0.0183216783226151,0.0427104476414375,-4.48969032743423
"PFDN2",0.179357025724147,0.254049970924303,2.36891224934017,0.0184143330659457,0.042910772491264,-4.49410455253553
"DCAF13",0.199213014309482,0.121248176558721,2.36877211594336,0.0184211913602029,0.0429110933363355,-4.49443038071433
"GPAT4",0.254962191504033,0.0183371238768938,2.36843373491493,0.0184377613879545,0.0429340286149123,-4.49521708334224
"MTO1",0.245808783000312,0.0493029664453327,2.36764447263303,0.0184764613549379,0.0430077734165121,-4.49705161839966
"GNL2",0.241808402030867,0.226809549048282,2.36751325754537,0.0184829021542536,0.0430077734165121,-4.49735655310354
"MGAT2",0.214460158225612,0.0839533129559227,2.36655067214635,0.0185302118238326,0.0431021502714648,-4.49959303493451
"PIK3C2A",-0.147497712719201,0.0367094689467526,-2.36401357447576,0.0186554168765863,0.0433775807563742,-4.50548354436895
"PGRMC1",0.349697587470012,-0.223783641810139,2.36189984454064,0.0187602959881346,0.0436055660299379,-4.51038643543901
"MYEF2",0.429427500134632,-0.24201990995002,2.36170176179802,0.0187701509638783,0.0436094130453057,-4.51084567994837
"SLC25A6",0.299972809156993,0.31592809999618,2.36159205495408,0.0187756110354809,0.0436094130453057,-4.5111000135239
"MTM1",-0.162970425668751,-0.17644363303373,-2.36145357235645,0.0187825052590299,0.0436095622105112,-4.51142104167391
"SPP2",-0.338784931639898,-0.359966556226109,-2.36113155422303,0.0187985452240148,0.0436309382971044,-4.51216746861684
"OAT",0.483278480894716,-0.27472093193303,2.35785379371259,0.0189624989050174,0.0439954780190901,-4.51975960584165
"LAMB3",-0.433030874053521,-0.151130649941493,-2.35684514414751,0.0190132036825386,0.0440970960817322,-4.52209384628012
"RBMX",0.167832295566282,0.284722087701743,2.35525382870452,0.0190934412027972,0.0442671104138925,-4.52577454225298
"ANKZF1",0.198753686877718,0.034001335592701,2.35398663412692,0.0191575483848047,0.0443856305521957,-4.52870383091958
"PIH1D1",0.135064376041528,0.126888448200925,2.35396854636532,0.019158464808434,0.0443856305521957,-4.52874563215035
"MRPS24",0.230287081285564,0.167072731994617,2.35367009078007,0.019173591738042,0.0444045641085956,-4.52943532499436
"TRIM14",-0.230538551155699,-0.132421278905817,-2.35213748450725,0.0192514357036637,0.0445686791036593,-4.53297565090085
"RPP25L",0.199563605671879,0.123626860351006,2.35163750084504,0.0192768907730444,0.0446114344276507,-4.53413013255118
"TUT1",0.199618424694307,0.120347333431705,2.35132800448604,0.0192926625928759,0.0446317574838814,-4.53484465271664
"EVI2B",0.334187185925097,-0.229454505849986,2.3511506257021,0.0193017068557892,0.0446365078863506,-4.53525411805235
"SRA1",0.197301255359922,0.101206217903871,2.3509983612981,0.0193094735449617,0.0446383014426431,-4.53560558493995
"LUC7L3",0.146764235993997,0.370739507242473,2.35054858846237,0.0193324315410126,0.044675199199915,-4.53664365216395
"TUFT1",0.291884824992044,0.002423590168798,2.34919989071834,0.0194014175545667,0.0448183976432375,-4.53975526969049
"MRPS28",0.270689125390625,0.122452505186411,2.34742672784844,0.0194924437145097,0.0450123881074663,-4.54384355445917
"LYRM2",0.305177022849565,-0.0632081817740606,2.34677472108259,0.0195260089147786,0.0450598241537722,-4.54534610015179
"CSTB",0.355808963539452,-0.256980496683674,2.34663201970418,0.0195333619195946,0.0450598241537722,-4.54567490078322
"XIAP",0.155586454201814,0.140387250287107,2.34661658975894,0.0195341571272735,0.0450598241537722,-4.54571045201955
"CHAMP1",0.17009411438444,0.104598789801292,2.34519987180358,0.0196072911772807,0.0452060061326617,-4.54897366586406
"CCDC124",0.182622005603608,0.102298698240531,2.34511481890841,0.0196116894263857,0.0452060061326617,-4.54916951279763
"TTC1",0.179107839436529,0.181962971164031,2.34464252983034,0.0196361281574102,0.0452460044334406,-4.55025690361943
"KIN",0.197397825358669,0.0485908515997261,2.34312812213936,0.0197146718981326,0.0454105988706987,-4.55374222308777
"OMA1",0.294115735674847,-0.170015912419159,2.34288797397495,0.0197271523063656,0.0454229597822375,-4.55429470976835
"CHPF2",0.32186691340197,0.00362412999316285,2.34269894996353,0.0197369806859853,0.0454292075270426,-4.55472954131468
"FCGR2A",-0.233994754116543,-0.0136518459622062,-2.34245985057876,0.0197494189076233,0.0454414557568198,-4.55527951783002
"TCIRG1",-0.240244399811047,-0.116449921187543,-2.34216412769042,0.0197648122590969,0.0454604921737513,-4.55595966465083
"NIP7",0.295946269052901,0.151549088421834,2.34067304740905,0.0198425883248255,0.0456229479488695,-4.55938780432815
"DDX3X",0.162848541175893,0.326805422617618,2.34022014369604,0.0198662652707652,0.0456609444758228,-4.56042865623405
"AFF4",0.215657358080365,0.100342176769533,2.34007671244952,0.0198737687481287,0.0456617536728325,-4.56075824569224
"PHKG2",0.176931837200087,0.0782525128264652,2.3393092881583,0.0199139581039497,0.0457376339905463,-4.56252137156386
"LGALS9",0.290092996983331,-0.0748181264261546,2.33874274825974,0.0199436730267253,0.0457894111023521,-4.56382261485297
"RNF14",0.198252490954535,-0.0970180534480205,2.3381774585014,0.0199733611254344,0.0458410894269946,-4.56512068291923
"ARHGEF1",-0.167046017993777,0.0148704276801906,-2.33730379591678,0.0200193206906208,0.0459300620228579,-4.56712626670823
"TUBB2B",0.757682197965511,-1.72414532749744,2.33687366981047,0.0200419817862772,0.0459521360840848,-4.56811339979232
"TECPR1",0.166073332951716,-0.121733233880664,2.33684798329017,0.0200433357860887,0.0459521360840848,-4.56817234441734
"MTPN",-0.221220818167483,-0.0208624472755345,-2.33606409743645,0.02008469492927,0.0460304296925302,-4.56997087977955
"PAIP1",0.197491952320933,0.163876156903261,2.33451284519723,0.0201667622060584,0.046179666201702,-4.57352832788344
"VPS4B",0.144930070906509,-0.0597985577760289,2.33444214912977,0.0201705092961318,0.046179666201702,-4.57369039894604
"M6PR",0.232450087161275,-0.0214164210613341,2.33442327770781,0.0201715096376737,0.046179666201702,-4.57373366096548
"LIN7C",-0.166063605366158,0.140562890037927,-2.33350256155952,0.0202203680612573,0.0462726589967295,-4.57584395688966
"ALG5",0.263220780124923,0.000410081035764541,2.33338482070816,0.0202266235332611,0.0462726589967295,-4.57611376269484
"PRKACA",0.213080180982135,-0.202616484150667,2.33309990509496,0.020241767878053,0.0462907191623812,-4.57676659872279
"SMS",0.245013091237004,0.0474082112121238,2.33286245743427,0.0202543967128126,0.0463030157577187,-4.57731061102906
"SRP14",0.181625631205144,0.345423712494896,2.33231282953028,0.0202836555869912,0.046353307416943,-4.57856964868517
"MBP",0.353798945203009,-0.339071860944675,2.33044122701039,0.0203835664250089,0.0465649630138396,-4.58285479282724
"SNX9",-0.187183645539726,0.171038401624353,-2.33001793581732,0.0204062224727799,0.0466000466697781,-4.58382348142256
"DAPK3",-0.196609377646151,0.124961511904023,-2.32859741702863,0.0204824150304785,0.0467527594676987,-4.58707304962639
"TRAFD1",0.21599111355747,0.201780585149277,2.32849830936279,0.0204877401708098,0.0467527594676987,-4.5872996960271
"UBL7",0.204841891292256,-0.00211836690174786,2.32525123576963,0.0206628803905654,0.0471355810267095,-4.59472017017394
"UQCRC2",0.210383622629431,0.0946568337278615,2.32429478931259,0.0207147184581088,0.0472292655608852,-4.59690400818896
"COMMD7",-0.153941563398468,0.0523538612467845,-2.32422062510179,0.02071874280909,0.0472292655608852,-4.5970733097537
"SMAD2",0.230747321945054,-0.0143319357905449,2.32362549877621,0.0207510607743265,0.0472860539058081,-4.59843167086242
"HMGB1",-0.21090471900043,0.034688230744614,-2.32341062362714,0.0207627402779373,0.047295789038398,-4.59892203535757
"IK",0.115347807162596,0.289992080203926,2.32195965381561,0.0208417582877978,0.0474588540183984,-4.60223213077697
"EFCAB14",0.197587017540293,0.000788551024643809,2.32092404540766,0.0208983171453239,0.0475706791347213,-4.60459343892683
"UBE2V2",0.18577570356722,-0.117305173866499,2.3203937137883,0.0209273327397144,0.0476197503717307,-4.60580226226007
"MACROD2",-0.42173870264571,-0.554183734642159,-2.31979820148877,0.0209599565413021,0.0476769941276144,-4.60715933797701
"STAT5A",-0.206944706411924,-0.0608070671416493,-2.31958997677844,0.0209713741639922,0.0476859772211859,-4.60763376869304
"MAN2A1",0.238758707223843,-0.00415178046008233,2.31862509348818,0.0210243528785521,0.047789424396424,-4.60983167421247
"CD151",0.276030913773955,-0.463088866796494,2.31805921312577,0.0210554780621399,0.0478431414330118,-4.61112028009252
"BCAP29",0.287755886116904,-0.384187188514433,2.31769175479527,0.021075711006463,0.0478720792516066,-4.61195688221383
"TFEB",0.203463090880737,0.022586881453705,2.31631636642508,0.0211515935915682,0.0480273560036141,-4.61508712588339
"RHBDD2",0.433991813875744,-0.494222354755083,2.3139099288127,0.0212849362067565,0.0483129462069463,-4.62055960607412
"ATP11C",0.222411599727229,-0.239964473539327,2.31373288053359,0.0212947755749184,0.0483181030724428,-4.62096201413938
"TACC3",0.282584399295805,0.0473114179139935,2.31187362671072,0.0213983432206308,0.0485358513192638,-4.62518605993395
"PCYT2",-0.2123052338072,-0.128937177645096,-2.31081726125681,0.0214573829458779,0.0486524822831783,-4.62758455618353
"FAT1",-0.229388133727422,0.195045964384746,-2.31060366755411,0.0214693378907889,0.0486623082828139,-4.62806939544464
"TGFBI",-0.32219504204134,0.153324980039428,-2.31042649519298,0.0214792587352438,0.0486675184615087,-4.62847152848524
"IMPA2",0.485543424340672,-0.524179098373625,2.30966771035173,0.0215217925994966,0.0487465930286575,-4.63019342586465
"RPS10",0.266051045279877,0.122672774571779,2.3080646527075,0.0216118946480147,0.048933314655168,-4.63382941657361
"SCAMP2",0.234900087164961,-0.116211218591346,2.30766543279559,0.0216343845863798,0.0489668718837417,-4.63473453095683
"SUPT16H",0.215598403560347,0.19363075004736,2.30748129821664,0.0216447646491706,0.0489730057707137,-4.63515195117527
"FUS",-0.231251998477713,0.231639619452185,-2.30413730849096,0.0218340316540878,0.0493837379069608,-4.64272693120253
"TSR3",0.187862662161992,0.267685409050316,2.30345597614479,0.0218727714137459,0.0494538404662774,-4.64426901638909
"ABCD1",0.277677436495018,-0.165526128002828,2.30331884339448,0.0218805758804753,0.0494539741581716,-4.6445793407283
"UBFD1",0.192451848377761,0.28330133193282,2.30292237090626,0.0219031535221827,0.0494874859303385,-4.6454764368875
"GIPC1",0.181437816365993,-0.0660273930083363,2.30192639139142,0.0219599607191862,0.0495905611429732,-4.64772937469585
"TTC17",0.201739739559341,0.114287959503668,2.30182190240956,0.0219659278625327,0.0495905611429732,-4.64796567745005
"LARP1B",0.211460142623763,0.121249615774659,2.30171429138052,0.0219720747804966,0.0495905611429732,-4.64820902988454
"IFI35",0.244206125089718,0.139763731725328,2.30108575177162,0.0220080080326569,0.0496357808681888,-4.64963019424439
"CCDC93",-0.113915823469494,0.0532334731017103,-2.30105012290602,0.0220100464517914,0.0496357808681888,-4.64971074191103
"LARP7",0.157654856563678,0.231968015081209,2.30095600973378,0.0220154317022256,0.0496357808681888,-4.64992350168746
"ARHGEF18",-0.166189067107022,0.0344555169709603,-2.29933171826632,0.0221085568863819,0.0498281453298795,-4.65359417732784
"GOT2",0.40664333259741,-0.329644184607966,2.29871912934925,0.0221437676042309,0.0498898921427954,-4.65497789228117
"RDH11",0.271748093662657,-0.20405261237441,2.29837813799736,0.0221633885088121,0.0498898921427954,-4.6557479683594
"HAGH",-0.199536287448084,-0.250411694355956,-2.29835795824625,0.022164550143101,0.0498898921427954,-4.65579353772997
"COX8A",0.203440747325737,0.0342687471467745,2.29831178726964,0.0221672081455146,0.0498898921427954,-4.65589779832852
"SPG7",0.202917704056543,-0.161115585007459,2.29661284070094,0.0222652081158279,0.0500781384685152,-4.65973284954503
"SERPINB8",-0.320406656417273,-0.0861075912964598,-2.29658985767666,0.0222665364310281,0.0500781384685152,-4.659784710556
"MRPL41",0.272592605581043,0.241275535781131,2.29507458752105,0.0223542650837985,0.0502505114300856,-4.66320279657906
"RXRB",0.16167318899667,0.0659492184479797,2.29499433521226,0.022358919807811,0.0502505114300856,-4.66338376561541
"UBE2Z",0.156931724507874,0.18201160072931,2.29302440667095,0.0224734435961345,0.050490125742899,-4.66782403473827
"PLS1",0.310066076294985,0.0690441084912286,2.29113124351061,0.0225839868971961,0.0507199242858648,-4.67208779264709
"TPPP",-0.4132363320632,-1.61250194403686,-2.29100089560866,0.0225916154532497,0.0507199242858648,-4.67238123501175
"SORT1",-0.298702122930586,-0.128482560934444,-2.28993805164808,0.0226539019525278,0.0508418854013673,-4.67477333164869
"UTP6",0.206201364055969,0.205462530171045,2.28717413339909,0.0228165798697024,0.0511889889206077,-4.6809889284039
"CRYAB",-0.375444741304223,-1.36904969565597,-2.28680833014935,0.0228381864290394,0.051219466227403,-4.68181101474814
"SNAPIN",-0.133214267161837,0.229040338574345,-2.28583680338066,0.0228956574049321,0.0513303274334591,-4.68399375280093
"CMA1",-0.457873745608439,-0.998413881752984,-2.28556761482104,0.0229116036517793,0.0513480481981785,-4.68459838222071
"PFDN5",0.183763413807526,0.229133863404931,2.28438112946348,0.0229820044650052,0.0514877538628275,-4.68726254688479
"POP4",0.227565387483616,0.221043979667767,2.28317000659031,0.0230540617507496,0.0516310713007843,-4.68998065099727
"FCGR2B",0.293978215482468,-0.119288435662575,2.28271207179123,0.023081358468615,0.0516740791802619,-4.69100802305649
"RNASET2",0.30611564668387,-0.0410260352876608,2.28184662718744,0.0231330231588862,0.0517620639513249,-4.69294909398353
"KRT7",0.535736043628794,-0.399833166844944,2.28178221472556,0.0231368724380707,0.0517620639513249,-4.69309353359265
"NUCB1",0.184285282732685,0.259905135990203,2.28148006000703,0.0231549366179699,0.0517843328566506,-4.69377103778519
"FADD",0.226542173778642,-0.0159196135494104,2.28081972623498,0.0231944571928159,0.0518545550336589,-4.69525136374526
"PRDX4",0.254817147031177,0.156473236695718,2.28062544061966,0.0232060962649517,0.0518624167489383,-4.69568683116075
"RBM27",0.138261397305495,0.208963066057455,2.28038641721757,0.0232204224330383,0.0518762761493874,-4.69622252353754
"ATAD3B",-0.369882952934718,-0.0137478231943561,-2.27870238886083,0.023321575588742,0.052084036423266,-4.69999517761643
"DAAM2",-0.260529582947023,-0.132673019617874,-2.2774255430877,0.0233985267638489,0.0522376200654459,-4.70285383856501
"TMC4",0.335570415430343,-0.0751660171855413,2.27642629955674,0.0234589021234927,0.0523541034807763,-4.70508990791884
"OTUB1",0.14176894963865,0.142474474264137,2.27577531760378,0.0234983081739126,0.0524237238610872,-4.70654613915809
"UTP14A",0.192902306921183,0.227935509223637,2.2754116589456,0.0235203467262358,0.0524545629923213,-4.70735945927497
"RBSN",-0.184068001006239,-0.18637440298756,-2.27415803556592,0.023596457372567,0.0526059288840223,-4.71016221396274
"FRA10AC1",0.192105720836319,0.0213953204137867,2.27383283592107,0.0236162360999176,0.0526316465961513,-4.71088902580155
"SH2D1A",0.412826185222975,-0.565954758351062,2.27308319951391,0.0236618842395515,0.0527149793682959,-4.71256405786353
"GSTZ1",0.317346370332427,-0.268553456979603,2.27179920109912,0.0237402503452822,0.0528711190982305,-4.71543185653698
"PCNA",0.305912324612736,0.293455360964949,2.27068106255828,0.0238086776955043,0.0530016386296998,-4.71792792949483
"RFC4",0.202539970524932,0.174639570299989,2.27057041654266,0.0238154582973545,0.0530016386296998,-4.71817486501492
"SUZ12",0.165820216674661,0.0811909011284171,2.2703114006483,0.0238313378728278,0.0530125218764066,-4.7187528811173
"PLEK",-0.291295891360236,-0.0962054807560223,-2.27021983304215,0.023836953846071,0.0530125218764066,-4.71895720676528
"LIG3",0.229347636178177,0.138110015211225,2.26983319664804,0.0238606795294921,0.053046810165671,-4.71981986629445
"LYRM1",0.312005778578247,-0.0839497162123276,2.26929831779768,0.023893535932699,0.0531013668396392,-4.72101304824381
"ITPA",0.315521331523675,0.0744334663885739,2.26864349377532,0.0239338139618636,0.0531723737461722,-4.7224734270278
"MRPL35",0.266180393691235,0.00749472659139171,2.26817290223357,0.0239627964250251,0.0532182452778384,-4.72352268100917
"ZBED1",-0.197588751005355,-0.0162956794823026,-2.26788726706037,0.0239804028315877,0.0532388289567759,-4.72415944430929
"WDR4",0.25995092603889,0.211879773787234,2.26760543779676,0.023997785687778,0.0532589021955031,-4.72478764695715
"CYFIP1",-0.150804692787758,-0.0460253016015484,-2.26661519404071,0.0240589496816511,0.0533760923270821,-4.72699431858467
"CKB",0.498482829800549,-1.71043203750539,2.26464872119607,0.0241808147068263,0.0536176553157514,-4.73137366159774
"HEATR3",0.227970452155371,0.0735334419884256,2.26458733367352,0.0241846276130562,0.0536176553157514,-4.73151031255584
"CCDC186",0.184595980130209,0.131541360342,2.26312851195394,0.0242753922468722,0.0537858949145168,-4.73475664858821
"CACYBP",0.215138146127579,0.154483358400924,2.26300257630188,0.0242832415723252,0.0537858949145168,-4.73503679984238
"NAT14",0.241266958465571,-0.0591433192539331,2.26296178229645,0.0242857846575649,0.0537858949145168,-4.73512754526278
"C17orf75",0.211887170404383,0.2643170138647,2.26249825603737,0.0243146970277501,0.0538312553821721,-4.73615853845241
"DDX58",0.285139467981198,-0.140735592632087,2.2612957889912,0.0243898404591909,0.0539763897447054,-4.73883215809138
"EPB41L3",0.247841942057995,-0.44580327729237,2.26117884653465,0.0243971590921253,0.0539763897447054,-4.73909209972452
"NF2",-0.142013402299755,-0.026085905965383,-2.25915138968339,0.0245243480732464,0.0542389894172768,-4.74359669285332
"MADD",0.448625167751598,-0.292505678057859,2.25876703022325,0.0245485251655946,0.0542736610742111,-4.74445021899075
"SEC16A",0.266264100973947,0.0905749340348946,2.25685386416407,0.0246691765689759,0.0545215273080342,-4.74869658813587
"RABGAP1L",0.157896121597854,-0.0644572053806633,2.25595679213744,0.0247259267691294,0.0546184359119034,-4.75068648363815
"APOO",0.246925072147814,0.0983007032704345,2.25580158934998,0.0247357566621768,0.0546184359119034,-4.75103067841736
"EPX",-0.5984754570243,-0.779259041246549,-2.2557553326444,0.0247386870254072,0.0546184359119034,-4.75113325793633
"PLPP3",-0.248857663090802,-0.68188762749905,-2.25526379961292,0.0247698443164212,0.0546683221432248,-4.75222316249964
"CCDC50",-0.19345898692418,-0.226470580646752,-2.25502221043996,0.0247851706793978,0.0546728729200321,-4.75275876770759
"MCM5",0.388392664898956,-0.109140850473583,2.25496137048451,0.0247890316528571,0.0546728729200321,-4.75289364162616
"COL8A1",-0.38424919411064,0.134689105553499,-2.25445193868374,0.0248213813209536,0.0547253175878068,-4.75402284428406
"NHEJ1",-0.214407801499445,-0.168621062267925,-2.25197496516487,0.0249791967581144,0.0550542531241148,-4.75950975930257
"PDS5B",-0.170237552880181,0.0193707213613888,-2.24986177038451,0.0251145239434088,0.0553334145544049,-4.76418621945278
"ZFAND2B",0.165955727036268,-0.0016311832184098,2.24945230909652,0.0251408191039153,0.0553722421450498,-4.76509185717178
"RPL27A",0.190650612408509,0.28085036176415,2.24828472362891,0.0252159316875275,0.0555185254568494,-4.76767341995769
"HLA-DPB1",-0.349538726259735,-0.24956079376623,-2.24805236834736,0.0252309027201158,0.0555323384584418,-4.76818700864854
"MRPS22",0.198958067461053,0.218609784758612,2.24711023646626,0.0252916850496726,0.0556469362653892,-4.77026893123271
"TOP1",0.246154713392961,0.434095325036522,2.24562446072056,0.0253877996481979,0.0558391666392503,-4.77355047797368
"TMCO1",0.343154905247273,0.00748866058725446,2.24496781877849,0.0254303787809888,0.0559135566517264,-4.77500009423522
"GIT2",-0.13427545213858,0.0105515171617538,-2.24423867125192,0.025477732166412,0.0559983889440759,-4.77660929354701
"PDE4D",0.327318161468845,-0.526181981994306,2.24173711993249,0.025640774601192,0.0563373523154201,-4.78212626335396
"ME3",-0.304378942425258,-0.123523399572799,-2.24125563248777,0.0256722601151682,0.0563871279103367,-4.78318746022309
"PAIP2",0.223265069395797,0.0187551133461173,2.23950661051542,0.025786915297053,0.0566194821773327,-4.78704043898183
"NPC2",-0.332911947196122,-0.00353763129309805,-2.23888878411902,0.0258275224063838,0.056689147667501,-4.78840077197487
"HTRA3",-0.382619121500452,0.283033994286015,-2.23720823052313,0.0259382592346826,0.0569126409668208,-4.7920991804849
"NCF4",-0.258099797367765,-0.00591396800205892,-2.23673537565907,0.025969491334434,0.05696159469954,-4.79313931054709
"TRIM21",-0.180356756452157,0.0270541984446672,-2.23297650096758,0.0262189291480603,0.0574889638085046,-4.80140005044878
"UBE2M",0.141737345570264,0.0835223185818212,2.23270305872331,0.0262371555855718,0.0575091789954947,-4.80200045841476
"PTP4A1",0.305128696306931,-0.298313073150772,2.23165437712157,0.0263071580359652,0.0576428291213581,-4.80430242874463
"C11orf58",0.208194230376698,0.194717627660088,2.23150105828161,0.026317406072891,0.0576455018097458,-4.80463889238297
"RCSD1",0.271892962490742,-0.328482142919498,2.23055777270427,0.0263805328251135,0.057733564323156,-4.80670847260554
"BAG1",0.269730219527478,-0.12903760975963,2.23055509930461,0.0263807119215253,0.057733564323156,-4.80671433687101
"TOMM22",0.193277835794419,0.145287688005159,2.23049503229933,0.026384736209079,0.057733564323156,-4.80684609571844
"SDCBP2",-0.430990366268969,-0.241307827122962,-2.22982893129502,0.0264293984670105,0.0578114796888874,-4.80830697826251
"NT5C3A",0.296077243256604,0.111918777846414,2.22967231167911,0.0264399093786321,0.0578146648570431,-4.8086504125372
"EEF1E1",0.198651543044713,0.179797671913297,2.22946874482882,0.0264535763918806,0.0578197205226888,-4.80909675736111
"NOP56",0.191978596982283,0.277044051854281,2.22936814711917,0.0264603325555672,0.0578197205226888,-4.80931731535103
"FBXO45",-0.192220319860224,-0.0604677450458508,-2.22844903505225,0.0265221296933127,0.0579349292137536,-4.81133199867378
"SGF29",-0.146122665585478,0.131956489731981,-2.22702679837796,0.0266180016055402,0.0581244665702375,-4.81444793672165
"RPUSD4",0.258033524502516,0.053836786552607,2.22582572558353,0.0266991990743503,0.0582818413981971,-4.81707782973918
"FAF1",0.140009314946683,-0.041439665103601,2.22476534702534,0.0267710635487995,0.0584187425697488,-4.81939851161883
"CDC26",0.183493127461512,0.188532944620374,2.2245129463806,0.0267881940671408,0.0584361527566429,-4.81995074265138
"IFIT1",-0.399458226828917,-0.449225894180004,-2.22433004275544,0.0268006137400174,0.0584432782547852,-4.82035088215369
"SDC4",0.340111875925573,-0.437833270719008,2.22307988036498,0.0268856371159508,0.0586086536886096,-4.82308501597521
"RNF213",0.257220213338916,0.105288492181509,2.22294522463227,0.0268948089753526,0.0586086536886096,-4.82337942216492
"STX12",-0.15718919134812,-0.113665354041496,-2.22224298212041,0.0269426850903326,0.0586929526788719,-4.82491449810922
"RAP2C",-0.24225210702628,0.0592030541665378,-2.22165965636044,0.0269825101117109,0.0587596613449092,-4.82618926859283
"TMEM168",0.235356303725495,-0.0597699534456082,2.22037224141603,0.0270705856589535,0.058931363597824,-4.829001570409
"RRP12",0.20705425244207,0.217107664173793,2.21902057896624,0.0271633246974868,0.0591130975437808,-4.83195251562815
"MED11",0.163100921341788,0.016416044043876,2.21789032971108,0.0272410836683255,0.0592621189854372,-4.83441873337449
"TRIM2",0.373359869042568,-0.0268016342678075,2.21610870154808,0.0273640480682551,0.0595037980204811,-4.83830379163117
"ZNF622",0.190840877829314,0.279556690007378,2.21601085493901,0.0273708151583638,0.0595037980204811,-4.83851707035522
"PLIN2",0.527740434812996,-0.10744579105267,2.21561854958345,0.0273979616389801,0.0595425408661975,-4.83937209645375
"COQ9",0.242928003656602,-0.166415037770124,2.21531610839415,0.0274189056855588,0.0595677825118384,-4.84003116408436
"ANKRD27",-0.172756059035944,-0.138323946545909,-2.21500918787296,0.0274401741094229,0.0595937114587297,-4.84069990361537
"COPS4",-0.100438852025449,0.0109879375912276,-2.21421401205005,0.0274953432830883,0.0596932223265961,-4.84243206901459
"SF3B1",0.103035936244685,0.243832417163189,2.21263788425724,0.0276049789004503,0.0598980834513298,-4.84586363116191
"NCBP1",0.172007209508756,0.164317793445008,2.21258783316553,0.027608466655797,0.0598980834513298,-4.84597256407281
"TSPAN1",0.568450543306382,-1.10044916963113,2.2102463614824,0.0277720568075154,0.0602325348899408,-4.85106594982278
"YLPM1",0.126808626062507,0.203145878780935,2.20883351776245,0.0278711727101231,0.0604269737705045,-4.85413676561162
"VDAC2",0.274786640423734,0.0849047237258236,2.20848037468579,0.0278959947309221,0.0604602601347378,-4.85490402430179
"DCAKD",-0.212314280887208,-0.0596581217365652,-2.20832342072554,0.0279070329882748,0.0604636598677076,-4.85524499315461
"TPX2",0.409760931382073,-0.187364123341767,2.20757563588245,0.0279596751536541,0.0605223231618791,-4.85686916775582
"B3GAT3",0.241222469917425,0.0431132020808062,2.20753828756886,0.0279623066338188,0.0605223231618791,-4.85695027358775
"GLIPR1",0.354517974644416,-0.254399315383987,2.2075348968285,0.0279625455485581,0.0605223231618791,-4.85695763687481
"PNISR",0.182496762394758,0.0883233709255725,2.2073302736272,0.0279769667633828,0.0605330168702809,-4.85740197359578
"RHBDF2",0.23190170651096,-0.0193722110136154,2.20707844008534,0.0279947240583508,0.0605509190760738,-4.85794877208968
"DYNC1LI2",0.143906819648869,-0.0388167378202907,2.20597760624352,0.0280724607103643,0.0606984969981972,-4.8603382679946
"MDN1",0.181952805013814,-0.0881908407170397,2.20583207332895,0.0280827516594361,0.0607001927371359,-4.86065407855329
"TMEM87A",0.252258525404648,0.0709004527043109,2.20523223991781,0.0281252016670644,0.0607713748372948,-4.8619555205859
"NUDT5",0.253302732115881,-0.000428641574101993,2.20495050137738,0.0281451593752377,0.0607939251051735,-4.86256668232686
"FOXK1",-0.166573081913443,0.260579183031347,-2.20430543139579,0.0281909008219218,0.0608660452718695,-4.86396571581449
"TSPAN13",0.336967124756551,-0.250906754441295,2.20421084255184,0.0281976134556288,0.0608660452718695,-4.86417082752435
"NUP37",0.125299204684816,0.215220901542461,2.20377850930636,0.0282283122255705,0.0609117179994146,-4.8651082141839
"MEAF6",-0.146164522602465,0.145142869002721,-2.20288258280997,0.0282920215590284,0.0610226721683033,-4.86705019723343
"BPHL",0.301404033815439,0.108519563277642,2.20278671490917,0.0282988460908921,0.0610226721683033,-4.86725795217187
"ST6GAL1",0.377281050239675,-0.0659646985097347,2.20229872324418,0.0283336067600611,0.0610770017430756,-4.86831534084871
"TRPT1",0.186413446088136,0.0655017836770949,2.20205123455761,0.0283512500171349,0.0610944081536977,-4.86885151662714
"SEC23IP",0.12512520165926,0.287223791859334,2.2018502255113,0.0283655867770676,0.0611046800174011,-4.869286952796
"KTN1",0.21866592105017,0.0642350925326715,2.20157224398634,0.0283854238566794,0.0611227566366362,-4.86988906712485
"SRC",-0.188494396818209,0.012471183991054,-2.20146438663405,0.0283931239129621,0.0611227566366362,-4.87012266873552
"DAXX",0.157636870931138,0.0867903564664565,2.20039397218913,0.0284696400319607,0.0612470310265144,-4.87244041118776
"NAA16",0.242098622561699,-0.23500461952636,2.20038842130946,0.0284700372884409,0.0612470310265144,-4.87245242752021
"HBS1L",0.193646147215354,0.0133900820461801,2.19912861584949,0.0285603212003253,0.0614154698473625,-4.87517884487123
"DLD",0.22449402982971,-0.0868034898980017,2.19902759291084,0.0285675717222657,0.0614154698473625,-4.87539740874811
"MCTS1",0.145239493040755,0.293674745126729,2.19796448716815,0.0286439685438237,0.0615589832219166,-4.87769685473397
"APAF1",-0.15487709773066,0.011793161474708,-2.19758830233395,0.028671044213148,0.061596439199512,-4.87851026558398
"C12orf45",0.32030505779694,0.045342126620884,2.19643072729219,0.0287544988848994,0.0617549530373638,-4.88101240005731
"CNOT7",0.190989976549674,0.0126447811017105,2.19601736737075,0.0287843506878488,0.0617982781243829,-4.88190558017866
"ZNF598",0.140232741864859,0.121556770704545,2.19539632867359,0.0288292509122287,0.0618738712855732,-4.88324720168526
"SMCHD1",0.19861406447355,0.0177073965628776,2.19525030104054,0.0288398172966619,0.0618757504835975,-4.88356260969506
"RSBN1",-0.137264102410797,0.046041527365848,-2.19460667319109,0.0288864293608261,0.0619375143793953,-4.88495255156727
"INTS2",0.127321188765184,0.0990815626474399,2.19458491943441,0.0288880059235457,0.0619375143793953,-4.88499952282007
"HTRA2",-0.171966288132602,-0.0539559622713112,-2.19334219438043,0.0289781937247361,0.0621100258249211,-4.88768209492436
"COX7A2L",0.291765832951894,0.0598901880367608,2.1931606832506,0.0289913868174131,0.0621174512849607,-4.88807378510622
"FKBP15",-0.123967924062547,0.0914781005674238,-2.19268373873185,0.0290260781706589,0.0621709188593281,-4.88910285285657
"KIF1B",0.14751890428006,-0.137987649372672,2.19061640412292,0.0291768644744524,0.062472930807974,-4.89356087394744
"ACAA2",-0.271574047466288,-0.216789805693446,-2.18907832568275,0.0292894869868254,0.0626930520988536,-4.89687495196654
"LILRB2",-0.310748543513182,-0.188783023402785,-2.18827795059483,0.0293482412378207,0.062797761495806,-4.8985986155942
"GLUD1",-0.186668352280368,-0.04859745849561,-2.18759863301106,0.0293981887391629,0.0628835628474221,-4.90006109308293
"CROT",0.313480884816341,-0.251701597651343,2.18696583901292,0.0294447816158972,0.06296213349548,-4.90142301488916
"FBXO28",-0.14142489472372,0.142932460198464,-2.18667558339541,0.029466174592349,0.0629867843227816,-4.90204758533963
"POM121C",0.161584115404727,0.0875767007415609,2.18617396867473,0.0295031772249041,0.0630447746255063,-4.90312676732046
"DHCR24",0.48914072980666,-0.491201423021979,2.18555991383351,0.029548528884107,0.0631205610321255,-4.90444752737263
"BLOC1S5",0.185661710236009,0.160826571710521,2.18511296380815,0.0295815767073432,0.0631315435240625,-4.90540863789427
"CDV3",0.212739109552311,0.159035681336447,2.18510445948171,0.0295822058331359,0.0631315435240625,-4.90542692354091
"IER3IP1",0.283918047590524,-0.0332342394618608,2.18508922949283,0.0295833325331237,0.0631315435240625,-4.90545967025254
"DPY30",0.282299723143782,0.178916559479624,2.18463055864225,0.0296172819389707,0.063182875102014,-4.90644577602069
"UPF3A",0.252611314597047,-0.117658049304101,2.18385574473746,0.0296747077345273,0.063284238104528,-4.90811110737026
"SFXN3",-0.230457316288281,0.229624716271424,-2.18293202433479,0.0297432954890565,0.0634093294482891,-4.91009573812588
"COL14A1",-0.442931110181412,-0.606461623256744,-2.18101316753948,0.0298862115279725,0.0636927438605154,-4.91421583107455
"CCDC127",0.221589492145033,0.0123945719953177,2.18086041834293,0.0298976136955528,0.0636957835989671,-4.91454365681297
"PTGES",0.511785781276729,-0.455914378566501,2.17998719680397,0.029962868631019,0.0638135144126273,-4.916417310396
"USP39",0.139330771710868,0.143419882003185,2.17909055756052,0.0300300014856807,0.0639351648836516,-4.9183404522627
"NOC2L",0.194767791024432,0.182028975664256,2.17766974640006,0.0301366458920701,0.0641294109124948,-4.92138628153436
"IPO11",0.165227222222168,-0.0267495787959087,2.17759065217938,0.0301425922055754,0.0641294109124948,-4.92155578112558
"ARHGEF40",-0.194104750082852,-0.0547831940564458,-2.17747393221522,0.0301513690774173,0.0641294109124948,-4.92180590208015
"KRT23",0.613914883554815,-0.718634123250297,2.17556382989493,0.030295314864606,0.0644141143558139,-4.92589723796393
"NFX1",0.14595694960167,0.149722178850305,2.1750363996984,0.0303351664858099,0.0644773761690733,-4.92702635025428
"CDC37L1",0.164308681258582,0.10705599079605,2.17342179598266,0.0304574442322674,0.0646950494318722,-4.93048120879043
"GATC",-0.190737293238114,-0.0406824363352375,-2.17341655815653,0.0304578415962737,0.0646950494318722,-4.93049241240531
"PICK1",0.230594159577064,0.00429334111420184,2.17163092066111,0.0305935687108235,0.0649617346919215,-4.93431032942011
"TRIM26",0.155146236637378,0.00714821439713401,2.17056344451119,0.0306749570147358,0.0650729216449498,-4.93659127098576
"ATP2B1",0.236261207477092,-0.212359860148233,2.1705528521809,0.0306757655478746,0.0650729216449498,-4.93661389880489
"GGT1",0.387523333764213,-0.694047230910977,2.17054314511372,0.0306765065233045,0.0650729216449498,-4.93663463539031
"PELO",0.147151199986689,0.115581733450388,2.16774514576005,0.0308907325352641,0.0654935977517004,-4.9426080651143
"IGF1R",-0.283563247269951,-0.285482404328316,-2.16768521196484,0.0308953353842007,0.0654935977517004,-4.94273593544712
"PAFAH1B3",0.29395584215271,0.0502044874452754,2.16685319986284,0.0309592941113457,0.0656073989050587,-4.94451070028092
"RNASEH2A",-0.169446697838561,0.142919523277355,-2.16584388792279,0.031037035525173,0.0657503224380325,-4.94666277448595
"CACUL1",0.1579601102141,0.0464198323447435,2.16522232221095,0.0310849948036502,0.0658300802060718,-4.94798760392396
"UHRF1",0.339072813980675,-0.046336903411456,2.16465395149303,0.0311289055290572,0.0659012141256731,-4.9491987279795
"MCM4",0.393914772010315,-0.0389881350985645,2.16430995756822,0.0311555075010316,0.0659356696698996,-4.94993158415978
"SCRIB",0.201736550511085,0.06764425040449,2.16368125378475,0.0312041774913466,0.0660070324328733,-4.95127070324173
"TEX2",-0.191440323255016,-0.0316919260984677,-2.16360734850056,0.0312099030406961,0.0660070324328733,-4.95142809431033
"NAXD",-0.211016039210426,-0.217998585329854,-2.16284304109667,0.0312691681698416,0.0661104764120657,-4.95305548146892
"COPZ2",-0.281257139303266,0.177922969054212,-2.1605288116341,0.0314492076096552,0.0664669540611461,-4.95797960291104
"BLOC1S4",0.152608933293312,0.157029901488515,2.16040844719905,0.031458595955017,0.0664669540611461,-4.95823556917666
"GSN",0.214565867909471,-0.33657286047879,2.16022126312679,0.0314732009855531,0.0664758148503992,-4.95863360613018
"SRI",0.283372597969728,-0.0995989310579189,2.15875408554834,0.0315878799717083,0.0666904775331122,-4.96175231982809
"GNG10",0.226675018769887,-0.196838938601697,2.15865390496992,0.0315957234984596,0.0666904775331122,-4.9619651940771
"MYL6B",-0.191475494525528,0.00262606148022168,-2.15769204492665,0.0316711166920342,0.0668275215064898,-4.96400856690365
"ARL8A",-0.19591186642825,-0.134784816192974,-2.15671699099094,0.0317477021870481,0.0669494770428483,-4.96607906519311
"PALLD",0.282022930978966,-0.415154365222999,2.15668922853887,0.0317498851191456,0.0669494770428483,-4.96613800462084
"TCEAL1",0.289971675127015,-0.204905917534372,2.15597070638365,0.0318064267422604,0.0670465614887199,-4.96766316391
"TAGLN3",0.398222663812178,-0.582603370395418,2.15524700688451,0.0318634634215836,0.0671446250649542,-4.96919881339074
"VPS35",-0.0971691529904406,0.0955066044727548,-2.15379601192075,0.0319780855842705,0.0673639315260863,-4.97227623288229
"UTP23",0.233323072209503,0.171947610266356,2.15362878720124,0.0319913183846671,0.0673691732464452,-4.97263077079217
"CHAF1B",0.280204438314374,-0.00643231025531222,2.15349793577384,0.0320016761873874,0.0673691732464452,-4.97290817398083
"SLC30A9",0.251682550001236,-0.0427041202904182,2.15156401111842,0.0321550968456387,0.0676544981512265,-4.97700615621221
"TTC39C",0.221833147213446,0.0242227937698266,2.15152242581754,0.0321584028017185,0.0676544981512265,-4.97709423606191
"UBE2G2",0.226112750787096,0.0269028106202119,2.15138652421044,0.0321692087739843,0.0676549400599109,-4.97738207125432
"KRT9",-0.516641001322657,-2.25319828597148,-2.14994954942153,0.0322836586377069,0.0678666417323832,-4.98042445553435
"TJAP1",0.127500556143443,0.0756983872738766,2.14977757202209,0.0322973794720802,0.0678666417323832,-4.98078843620076
"SAP30",0.215851387242883,0.0295006437750987,2.14972270582937,0.0323017579052017,0.0678666417323832,-4.9809045515104
"SLC2A1",-0.443712243687216,-0.813327355731862,-2.14833148308768,0.0324129511348185,0.0680778595380974,-4.98384788366988
"UEVLD",0.151715768194741,6.59333506912193e-05,2.14798634807219,0.032440586930044,0.0681134980428578,-4.984577779695
"FTSJ3",0.216059004264673,0.297913231510652,2.14764022930738,0.0324683218576376,0.0681493211903405,-4.98530964164968
"ARHGAP32",0.186614013051167,-0.00381133176996785,2.14734892951314,0.0324916798832679,0.0681637648189461,-4.9859255009948
"TOM1",-0.152447996357604,0.0813817418636186,-2.14728816123783,0.0324965544414835,0.0681637648189461,-4.98605396564855
"JPH1",-0.356056826927767,-0.249962495068599,-2.14708328427563,0.0325129933889888,0.0681758498485036,-4.98648705124869
"CCT3",0.125030543891804,0.171115577421811,2.14570465234511,0.0326237984450445,0.0683857363990838,-4.98940027069728
"MRPS6",0.208728530659719,0.15635675233654,2.14534388564245,0.0326528479950052,0.0684241662120473,-4.99016231489879
"GPX1",-0.172907263545933,0.208936806186721,-2.14383655875781,0.0327744613720475,0.0686407158063773,-4.99334487975768
"CAPN15",0.174023499945655,-0.0119392936028985,2.14379662320615,0.0327776887225755,0.0686407158063773,-4.99342916996623
"ARPC2",-0.13678364002708,0.174102447024095,-2.14206976652819,0.032917504582689,0.0689048117714229,-4.99707250965168
"MRPL11",0.206557097059859,0.217035748336745,2.14197262876625,0.0329253846068302,0.0689048117714229,-4.99727736706262
"OSBPL8",0.201585401535324,0.0711768277504798,2.14166147242069,0.0329506372006919,0.0689350650479743,-4.99793351534091
"DCUN1D3",0.222566039037867,-0.0571506268262206,2.14115352419885,0.0329918966697015,0.0689987750527495,-4.99900444761074
"NUP205",0.119749497222992,0.138760891181539,2.14011458152929,0.0330764259784605,0.0691528463981646,-5.00119413220492
"RASAL3",0.210871326587494,-0.329065565002557,2.13998198901841,0.0330872272116512,0.0691528463981646,-5.00147351096097
"SYNCRIP",0.294791428275831,0.254645688894246,2.1381906823463,0.0332334478940322,0.0694357214670796,-5.00524622964578
"HTATIP2",0.282493541066396,0.134723446419927,2.1364408737258,0.0333768171570687,0.0697124558547215,-5.00892858129605
"VAMP4",0.161742517273824,-0.00239170494864643,2.1359660496053,0.0334158130914921,0.0697710812914248,-5.00992731012876
"STX10",0.174632992976488,0.0379279906981254,2.13573495242555,0.0334348065977858,0.0697753675876218,-5.01041331392216
"RFC3",0.158271987569136,0.0244076314670727,2.13567516456829,0.0334397219762134,0.0697753675876218,-5.01053904111996
"CHMP2A",0.205552686215309,0.0017122575460141,2.13524191786065,0.0334753593312321,0.0698269092877873,-5.01145000835304
"MYBBP1A",0.228174999199074,0.0882939869442902,2.13331321086128,0.0336344043292731,0.0701357516794281,-5.01550322721681
"RFTN1",-0.227993138398196,-0.117403478229204,-2.13257760779542,0.0336952344125223,0.0702396577616568,-5.01704817415157
"YTHDF1",0.188441762061995,0.209942989271405,2.13019811755536,0.0338926521418662,0.0706281279131253,-5.02204213751368
"SERPINF1",-0.388778318604524,0.083347858122569,-2.12990050007964,0.0339174141506023,0.0706566686302106,-5.02266638161137
"AKT1S1",0.228188745784153,-0.0072044607474277,2.12973966610074,0.0339308021303948,0.0706615041104275,-5.02300369094093
"FRK",0.223285452157327,-0.00336836948210789,2.12937747678208,0.0339609677473944,0.0707012647757135,-5.02376320235733
"ANKLE2",0.160588224252106,0.0515326483687486,2.12841201854784,0.0340414902926018,0.0708292794127076,-5.0257871554244
"STK38L",-0.141671590778333,-0.209490378912381,-2.12837423345912,0.0340446450301644,0.0708292794127076,-5.02586634861289
"CTCFL",-0.206418158438458,-0.19789665673445,-2.12788350886847,0.03408563921976,0.0708717574296411,-5.0268947265325
"ESRP2",0.251934782548768,-0.0725035213636482,2.12786409516868,0.0340872618741469,0.0708717574296411,-5.02693540574981
"PPP1R7",0.141668147493151,0.015426544945098,2.12753931462095,0.0341144178300696,0.0708976268383552,-5.027615893192
"CRACR2A",0.331342507315752,-0.235894690960718,2.12744972630869,0.0341219118675435,0.0708976268383552,-5.02780358283837
"ELF3",0.228695496467056,0.10022203460117,2.12435099086039,0.0343819916120725,0.0714147743796626,-5.03429077459308
"TRMT61A",0.18310482559631,0.0825636143796581,2.12383857397717,0.0344251627731025,0.0714811916443119,-5.03536263107843
"L2HGDH",0.244538354565829,-0.0356269539089824,2.12161725172493,0.0346128477350085,0.071847539918085,-5.04000620931181
"MRPL20",0.199751261098139,0.189293262787542,2.11901387461627,0.0348339303323567,0.0722829526071165,-5.0454424386464
"DDR1",0.19510903890886,-0.0785952864263576,2.11863260474393,0.0348664098040048,0.0723268442490482,-5.04623804022726
"LITAF",0.326291974891562,-0.264499106828792,2.11828377257707,0.0348961487372105,0.0723650242569306,-5.04696583152114
"UNC93B1",0.324084065146228,-0.368284895876012,2.1174420535486,0.0349679972768741,0.0724904748742992,-5.04872148461129
"AP3S1",0.161764678398086,0.13429808464109,2.11707766309474,0.0349991407174794,0.0725314876602097,-5.04948131768429
"MACROD1",-0.266672370306947,-0.0817619573295719,-2.11661343542668,0.0350388514223385,0.0725902226903412,-5.05044914865132
"TMEM43",-0.235255465722569,-0.275758255831181,-2.11483653088546,0.0351912076015828,0.0728822123049322,-5.05415176575949
"WDR46",0.183017681823327,0.174677033407906,2.11432232943519,0.0352354023327623,0.0729500790838805,-5.0552226662052
"MFN2",0.137789336943776,-0.0769583346771674,2.11309878783546,0.0353407549976262,0.0731444799545683,-5.05776985324184
"EIF4EBP2",0.193101010706624,-0.10924420815728,2.11100094988326,0.0355220171067131,0.0734958130999231,-5.06213382385106
"CHMP7",0.171318828519896,0.0402399071062044,2.11026853500232,0.035585488235807,0.0736032855152664,-5.06365641650624
"KIAA0513",0.192513522401929,-0.029547464212905,2.10895753790243,0.0356993420368728,0.0738119456431091,-5.0663805201726
"MPDU1",0.294569284916824,-0.307458377758653,2.10872683038495,0.0357194101391181,0.0738119456431091,-5.06685973379827
"QSOX2",-0.206447505065265,0.0804711934626902,-2.108707969059,0.0357210512196096,0.0738119456431091,-5.06689890930461
"TIMP1",0.355534820949737,0.199293127603014,2.10840706421315,0.0357472409942292,0.0738421655607096,-5.06752385103829
"AASS",-0.297359532483098,-0.10498933648998,-2.10813447822456,0.0357709801884625,0.073867305466796,-5.06808990310962
"LAS1L",0.140689262551768,0.208655787891843,2.1073623389901,0.0358382982199633,0.0739823906028018,-5.06969294076578
"OSBPL3",0.213451460145312,0.178836467816874,2.10699469160869,0.035870389237147,0.0740247043565558,-5.07045601232376
"SNX16",-0.188421911307913,-0.127513902264055,-2.10638144357774,0.0359239728946621,0.0741113301881802,-5.0717285526303
"GPSM3",0.246993142833867,-0.189312883410758,2.10617724327831,0.0359418304756278,0.0741242207967971,-5.07215220509127
"HP1BP3",-0.213252677172619,-0.0987483666934513,-2.1054060567309,0.036009340338488,0.0742394698292689,-5.07375181802883
"PTPRJ",-0.198353812436891,-0.027512525296805,-2.10490913991734,0.0360528980735784,0.0743052789540988,-5.07478223225056
"PDZD11",-0.157197761568935,0.0861368539665663,-2.10372800323721,0.0361566129163768,0.0744949898260942,-5.07723050489205
"THEMIS2",-0.240519145950823,-0.101406261480233,-2.10164020792263,0.0363405658647765,0.0748498429182573,-5.08155483693234
"CKS1B",0.34957944578334,-0.0227918794262694,2.10043802558548,0.0364468516738584,0.0750445494800342,-5.08404295259426
"MDC1",0.217271604150082,-0.0812234661917466,2.10023091847955,0.0364651890067877,0.0750581018079753,-5.0844714551316
"CRIP1",-0.429676811640027,-0.458360718747529,-2.10009535002364,0.0364771965597233,0.0750586207005587,-5.0847519226389
"DOK2",-0.263667832612692,-0.263028270482482,-2.09913731617094,0.0365621479255657,0.075204424742892,-5.08673342530436
"GTF3C2",0.126640679820767,0.121465912958372,2.09903071032379,0.0365716114059013,0.075204424742892,-5.08695386389158
"TXNIP",-0.231850154371597,-0.327443432568904,-2.09876576918649,0.0365951395074215,0.0752285788006717,-5.08750165952599
"AP1S2",-0.160488799773578,-0.140466632552518,-2.09837854247135,0.0366295504844169,0.0752750820222084,-5.08830217325966
"SNX2",-0.145181992493482,0.0780747500518329,-2.09753925952366,0.0367042285896252,0.0754042791328048,-5.09003672913213
"TRIM5",-0.176213184985241,0.00642528756041354,-2.09730406027308,0.0367251796137099,0.0754230530181853,-5.09052269697717
"SEC11A",0.202551903928169,-0.0113891840020766,2.09629365515613,0.0368153006951547,0.0755838247390878,-5.09260978881668
"RDH10",0.401452032574028,-0.541176587826241,2.0960318724628,0.0368386807229763,0.0756075141164268,-5.0931503671775
"FOXP1",-0.21913365571808,0.0115934323123244,-2.09568003568459,0.0368701235646045,0.0756477310282776,-5.09387680268423
"CD59",0.265912582144816,-0.552263629988861,2.09485722127825,0.0369437462384593,0.0757744361492331,-5.09557519962508
"SRSF8",0.147716212718177,0.249802612038532,2.09338388100442,0.0370758900162122,0.0760210525862283,-5.09861474478802
"SFXN5",0.294040963641338,-0.348226516518212,2.09257823841094,0.0371483188639292,0.0761451094530299,-5.10027592897857
"ABHD16A",0.186053665549506,-0.119007267187775,2.09142295657442,0.0372523921258315,0.0763339293079057,-5.10265696059705
"TBCE",0.247610175112912,0.0120560168231215,2.09104717822338,0.0372862977150554,0.0763788934586554,-5.10343116242266
"FILIP1L",-0.259825218792258,0.0453771953084104,-2.09069460342071,0.0373181336936401,0.0764195906458923,-5.10415743567875
"FLOT2",0.22875305388756,-0.285360414325996,2.08969540992616,0.037408482839946,0.0765710965243869,-5.10621503897149
"PRMT5",0.150921443321229,0.134796036483528,2.08961122502115,0.03741610354833,0.0765710965243869,-5.10638835417327
"FHIT",0.248357732280385,-0.0686113332378553,2.08916635697508,0.0374563965831993,0.076628994611896,-5.10730411086729
"NUP50",0.147283923815274,0.104634477088295,2.0878437758153,0.0375764058765477,0.0768498883798068,-5.11002551036086
"SFXN1",0.180923887826681,0.251448754094684,2.08675900031483,0.0376750821854971,0.077027025217547,-5.11225633795484
"TNKS1BP1",-0.146742642209479,0.0450231792769383,-2.08633020278849,0.037714148665321,0.0770822148617397,-5.1131378434699
"UBP1",-0.175204015421966,0.0584612043274955,-2.08513069359363,0.0378236163444501,0.0772812129149805,-5.11560281140367
"ALPL",-0.429068342468563,-0.402488439882204,-2.08453814508681,0.0378777926685182,0.0773671484927987,-5.11681997751711
"BIN3",-0.19230389304505,-0.107103601691847,-2.08208811057349,0.0381025021280575,0.0778012395547321,-5.1218490672195
"CASP1",-0.2812966760613,-0.0496226729918255,-2.08123927695739,0.0381806196268267,0.0779358236308467,-5.12359009103752
"AP5S1",0.135542504820356,0.0375208601336488,2.08098536717617,0.0382040133098392,0.0779586529189273,-5.12411074540334
"ATL3",0.198083452121856,-0.274721308512168,2.08060185007552,0.0382393714230743,0.0779989647922483,-5.12489704857602
"HLTF",0.222361609024476,0.184711525977312,2.08050613384523,0.0382482002763554,0.0779989647922483,-5.12509326807568
"ANXA6",-0.187320841899564,-0.165377139661012,-2.08006146420101,0.0382892393838451,0.078057724605955,-5.12600473123783
"SEMA3B",-0.257222166098492,-0.566922063253639,-2.07942062464112,0.03834844939946,0.0781534789069748,-5.12731796054638
"RCOR3",0.207812480001901,0.0775617119582298,2.07795874518744,0.0384838116241262,0.07840431947034,-5.13031221638325
"ZC3H8",0.24744290665302,0.11588035426018,2.07760617036124,0.0385165191600499,0.0784459249878528,-5.13103406140771
"PPP1CC",0.166042222887389,0.0829264115116101,2.07726668360536,0.0385480349715725,0.0784850775808325,-5.13172899777886
"IFRD1",0.421189092675911,-0.284029737802504,2.07690791767478,0.0385813644640624,0.0785278967494543,-5.13246327878906
"UBE2K",0.159390974384025,0.0883049519782296,2.07520641568444,0.0387397698597083,0.0788251850077239,-5.13594403567095
"P4HA1",0.339155146828968,0.47660090749358,2.07463017138514,0.0387935423833072,0.0789094514550547,-5.13712222671774
"TMA7",0.402028205929933,-0.0612024763351416,2.07268572499805,0.0389754597452865,0.0792320915430351,-5.14109549578907
"CSPG4",-0.212401902090963,-0.685921469826753,-2.07266953790114,0.0389769772179598,0.0792320915430351,-5.14112855716347
"PLEC",-0.207136701720952,0.0836254992245772,-2.07187484937208,0.0390515379607406,0.079349165155261,-5.14275136130637
"PHPT1",0.272542906063242,-0.119881922893959,2.07179086714834,0.0390594246018771,0.079349165155261,-5.14292282288624
"TBC1D15",-0.137532832362893,0.117313350765882,-2.07124689505007,0.0391105410968644,0.0794267405724967,-5.14403325483506
"AK6",-0.180237612634187,-0.000519234003942697,-2.07111982379646,0.0391224900705563,0.0794267405724967,-5.144292609522
"TNIP1",-0.137743078792364,0.127156607349446,-2.06887353373996,0.0393342316121373,0.0798312361231713,-5.14887476813406
"AIP",0.142561113542346,0.185219080470002,2.06738289689399,0.0394752820550127,0.0800920482749463,-5.15191281182218
"TAF8",0.239093185785891,-0.141442993795988,2.06712311860452,0.0394999074708464,0.0801165531135179,-5.15244204358547
"WDR20",-0.120347247072087,-0.0404147160772605,-2.06662764878222,0.0395469113419442,0.0801864175669463,-5.15345125684968
"ERI3",0.171025751488698,0.0118134454027522,2.06632936610073,0.0395752315986836,0.0802183662722523,-5.1540587096192
"RNGTT",0.170200553017179,0.0395496631130859,2.06496221197913,0.0397052565264102,0.0804563830279687,-5.15684182616292
"FAF2",0.184931947563437,0.201396159165163,2.06465076633282,0.0397349278386315,0.0804909626426592,-5.15747558525083
"PHF2",-0.181254504182835,-0.0853377061858681,-2.06379927154389,0.0398161459331284,0.0806299054180225,-5.15920781198663
"LBH",-0.183447033405883,-0.197586696825247,-2.06330661430486,0.0398632016277262,0.0806996012660214,-5.16020972450332
"MEIS1",-0.221724133151299,-0.471686530750244,-2.06279698060704,0.0399119286822338,0.080772635383855,-5.16124591660904
"MIPEP",-0.203508766360384,0.194415713837011,-2.06150753310113,0.0400354419845782,0.0809969255613218,-5.16386651962498
"FDX1",-0.194626238423041,-0.00135066050669883,-2.05978934610568,0.0402005293416159,0.0812812755841445,-5.16735598784428
"PRPF6",0.122725832421869,0.274048708248744,2.0597797646544,0.040201451573176,0.0812812755841445,-5.16737543887608
"IARS2",0.20286191189901,0.199319668482927,2.05950448807874,0.0402279551274865,0.081309114748022,-5.16793423236675
"HNRNPAB",0.189950381299769,0.287659210669112,2.05931536212287,0.0402461727491034,0.0813201939882991,-5.16831810353833
"GLB1",0.196814807431599,0.226363823204582,2.05801627209377,0.0403714980789601,0.0815476163347549,-5.17095395330403
"CDC27",0.193398781075286,0.0474690940046446,2.05781423759394,0.0403910185143156,0.0815600458194835,-5.1713637350399
"STX17",0.160844561580524,0.0890701602292386,2.05768821406861,0.0404031988922516,0.0815600458194835,-5.17161932568082
"GIMAP4",-0.264773052487677,-0.441178592719306,-2.05742271026856,0.0404288705039837,0.0815643013437545,-5.17215774891781
"CCDC25",0.193924759067755,0.0824168436817967,2.0573799749652,0.0404330038861998,0.0815643013437545,-5.17224440681347
"LAMTOR1",-0.139537845338369,0.0120461682257348,-2.05727012715447,0.0404436300789862,0.0815643013437545,-5.1724671462197
"NOL11",0.170794413630871,0.191243333346516,2.05605752320107,0.0405610901755103,0.0817516697349066,-5.17492518408331
"HMCES",0.198503349098082,0.0386726629447399,2.05587293844375,0.0405789956152798,0.0817516697349066,-5.17529922716121
"PRAF2",0.277593734470513,-0.228057305094534,2.05585940305658,0.0405803088653554,0.0817516697349066,-5.17532665402025
"TGS1",-0.131249734074415,0.0663654470459512,-2.05578270089478,0.0405877514580507,0.0817516697349066,-5.17548207287581
"STAMBPL1",-0.209456359395772,0.105375822125643,-2.05491402431341,0.0406721223666856,0.0818957746172462,-5.17724184680176
"NCK1",-0.129206159700009,-0.0299005161076786,-2.05457510099837,0.0407050810403783,0.0819101932238607,-5.17792824453587
"TOR1B",-0.202400259496264,0.041794063534845,-2.05439638685898,0.0407224692920022,0.0819101932238607,-5.17829013737265
"TRIM24",0.176957530721425,0.106822051565492,2.05437466577259,0.040724583107613,0.0819101932238607,-5.17833412008078
"NECTIN1",-0.231116982663457,-0.0645996243009049,-2.05431287099795,0.0407305972569707,0.0819101932238607,-5.17845924493148
"SLC16A1",0.42187333771986,-0.923253707683714,2.05381633773372,0.040778949594732,0.0819628407393259,-5.17946451474419
"RABIF",0.202339348206341,0.152011899240196,2.05378040844838,0.0407824502785965,0.0819628407393259,-5.17953724715829
"RAB27B",0.433126290299612,-0.308225815812814,2.05260702314046,0.0408969169644347,0.0821670279477392,-5.1819118742824
"PI4K2A",-0.175421269035991,-0.00139290512874972,-2.05200420827199,0.0409558293360108,0.0822595062316542,-5.18313130067268
"SLC25A40",0.247990746447105,-0.145431810208942,2.05177398255409,0.0409783480725607,0.0822788529695913,-5.18359692916365
"HMGA1",0.285152647908881,0.243770095238452,2.05126608113032,0.0410280639751271,0.0823527785228503,-5.18462397302502
"PDCD11",0.171113787335982,0.221593772558513,2.04959987524686,0.0411915210446444,0.0826548905939832,-5.18799152143143
"GSS",0.256366498573236,-0.0389984015617775,2.04806893059688,0.041342196973918,0.0829311742627918,-5.1910833434596
"CDKN2C",-0.193508964767828,-0.406007557001706,-2.04764052878539,0.0413844442540866,0.082989848166565,-5.19194811982431
"PABPN1",0.176344519515514,0.107182295382227,2.04704466391481,0.0414432671401558,0.0830817145023217,-5.19315064562528
"GBP4",-0.328312699748399,-0.493940787325681,-2.04579607870955,0.0415667562916161,0.0833031195611955,-5.19566933175356
"HTT",0.123944392166609,-0.0160433238120009,2.04342431506154,0.0418021934773656,0.0837486681371132,-5.20044960354239
"CRTC3",-0.168127046024667,-0.21939369900818,-2.04296017122534,0.0418483999319915,0.0838149415200018,-5.20138444944442
"VDR",0.20600015571236,0.162283796228752,2.04217013755653,0.0419271492448477,0.0839463304886649,-5.20297520359714
"TRIM28",-0.186291672329987,0.365636294608916,-2.04106373125921,0.0420376458246633,0.0841411813763246,-5.20520197425088
"RAB29",0.288605990701194,-0.144817058796211,2.03984280709887,0.0421598664882899,0.0843593693286529,-5.20765785977132
"OAF",-0.274287585518641,-0.158830501969224,-2.03878651189352,0.042265850517334,0.0845449422159078,-5.20978143855612
"EIF4E3",-0.17120798838924,-0.351758752223124,-2.03851153501585,0.0422934776054329,0.0845737095241745,-5.21033407688679
"LMF2",0.24520220017416,-0.157806307984158,2.03747610333237,0.0423976457643181,0.0847554690686195,-5.21241439694022
"IGF2BP1",-0.575728800873263,-0.388603599469382,-2.03691697642226,0.0424539865343686,0.0848202571309928,-5.21353732879021
"FAM210B",0.382686743460023,-0.211443297711703,2.03689082141697,0.0424566236163904,0.0848202571309928,-5.21358985027317
"CCDC12",0.156573843037376,0.214408814423895,2.03654061022585,0.0424919471181382,0.0848550155565339,-5.21429304088086
"CD2",0.340250957466646,-0.513561384282185,2.03645484626513,0.0425006013703673,0.0848550155565339,-5.21446522874644
"TIMM23",0.181116404032141,0.14457686919881,2.03573384660566,0.0425734150852409,0.0849738216065218,-5.21591249648323
"LSM14B",0.254183132069227,0.122727859999046,2.03515286898435,0.0426321650587656,0.0850644918438181,-5.21707833339399
"TRAF4",0.225456996458863,-0.146878935311331,2.03440037398761,0.0427083616706432,0.0851899060503146,-5.21858786866964
"EXOSC8",0.132167002654967,0.16552958955127,2.03347312294542,0.0428024128995593,0.0853508452103954,-5.22044722289373
"BCAP31",0.263101897859999,-0.0696942750950357,2.03300019368546,0.0428504498920076,0.0854199570903741,-5.22139523784451
"TGFB1I1",-0.254452259965071,-0.694677025016566,-2.03066428206176,0.0430883882415297,0.0858665042293458,-5.22607455799985
"NCAPH",0.320115921584958,-0.0557745666177435,2.0305373071175,0.0431013541198204,0.0858665042293458,-5.22632876505924
"IQSEC2",-0.147853806397931,-0.114732421585549,-2.03020800480889,0.0431349958245045,0.0859067212537308,-5.22698796439688
"MSRA",-0.197333870511106,-0.139238730787102,-2.02945337911194,0.0432121728810857,0.0859703792449727,-5.22849818538749
"SET",0.195106374944926,0.171778347830671,2.02938162987777,0.0432195169150083,0.0859703792449727,-5.22864174753769
"PTP4A2",0.237680576091872,-0.0860423393771721,2.02919813064746,0.0432383041594402,0.0859703792449727,-5.22900888634581
"ELP5",-0.147023525522894,0.00347249236237552,-2.02919181292715,0.043238951111493,0.0859703792449727,-5.22902152604187
"PSMG2",0.228234332814556,0.11201542925716,2.02911034847212,0.0432472940333666,0.0859703792449727,-5.22918450638631
"GPRIN3",0.216822717842841,-0.0677969021451114,2.02910593574006,0.0432477459882306,0.0859703792449727,-5.22919333445427
"CC2D1B",-0.109074125787939,-0.0183764071139755,-2.02890092281875,0.0432687479642551,0.0859853581549234,-5.22960346062835
"WBP2",-0.207651685739327,-0.283218998355693,-2.02859981399883,0.0432996099103926,0.0860199157678459,-5.23020575235512
"YWHAE",-0.137598970903099,-0.0660370182452247,-2.02704118097483,0.0434596597782565,0.0863110194974083,-5.23332200818938
"SNX30",-0.215705404239867,-0.0206584718762767,-2.02627786010863,0.0435382251437952,0.0864401640370437,-5.23484730296407
"LSS",-0.223100873243098,-0.296030540197044,-2.02610283176545,0.0435562570411833,0.086449083372072,-5.23519697182243
"MRPL2",0.191155259130275,0.0514597937491499,2.02436221810342,0.0437359249200266,0.0867787074625139,-5.23867273892049
"GATAD1",-0.134856296699515,0.0297894090498968,-2.02320134493985,0.0438561005678326,0.0869901218159711,-5.24098922392314
"ERAP2",-0.568172022122463,-0.588100988295598,-2.02232591553634,0.0439469117188796,0.0871431774301386,-5.24273525782769
"IFNGR1",-0.230905586321121,-0.190077187198608,-2.02214558443021,0.0439656378494952,0.0871532436103779,-5.24309483459139
"ARGLU1",0.198010704767527,0.2499427207481,2.02151054589278,0.0440316360681345,0.0872569820903287,-5.24436084022639
"SRP9",0.16775225160217,0.353609348217879,2.02085880171516,0.0440994578101649,0.0873642687303452,-5.24565974670227
"POTEF",-0.546743763137795,-0.102835281738144,-2.01941280328391,0.0442502475079692,0.087615392606783,-5.2485401190622
"WDR45",-0.115679485660418,0.0483353439191918,-2.01931752951105,0.0442601980527772,0.087615392606783,-5.24872983006855
"RPUSD2",-0.149292138536849,0.108584292667742,-2.01924872274676,0.0442673855206706,0.087615392606783,-5.24886683401797
"RPS20",0.151109989362872,0.258620129833249,2.01846786487812,0.0443490223084975,0.0877497698914646,-5.25042131279658
"SSNA1",0.25855880108775,-0.023324310307024,2.0180756714831,0.0443900732976547,0.0878037850079074,-5.25120184347224
"IFIT2",-0.323106536487085,-0.545244679216889,-2.01755981889799,0.0444441167688098,0.0878403708619387,-5.25222825138391
"STK11IP",-0.130418599935958,-0.00557336689530997,-2.01751493531463,0.0444488216488687,0.0878403708619387,-5.25231754553818
"MTG1",0.192416036452238,0.107157215670668,2.01750520626221,0.0444498415434493,0.0878403708619387,-5.25233690085633
"MRPS35",0.196557797152657,0.266727341934938,2.01640031853903,0.0445657958075398,0.0880422667794375,-5.25453441087816
"KLC4",0.219158121518439,-0.19918669957689,2.01603510942195,0.0446041796088443,0.0880855648553233,-5.25526051664982
"CPXM2",-0.284675801392579,-0.157343854330038,-2.01592931327185,0.0446153041099633,0.0880855648553233,-5.25547083571806
"FOCAD",0.154571325984678,0.0777557494158284,2.01570411419687,0.0446389916985317,0.0881050887156491,-5.25591848779392
"INPP1",-0.20023722722284,-0.192063001724816,-2.01411818177092,0.0448061101580202,0.0884076061059824,-5.25906963209986
"SCFD1",0.128924925715022,0.16220350529736,2.01351315769068,0.0448700044250195,0.0885063263063792,-5.2602711378135
"HSP90AA1",0.148477972861268,0.169350669149872,2.01335164276529,0.0448870744434156,0.0885126529713429,-5.26059182764524
"MAPK13",0.206844869520512,0.222616734098468,2.01310996741166,0.0449126266468229,0.0885356965544811,-5.26107163009721
"NMI",0.2290042977449,0.205658047235736,2.01278924833626,0.0449465551257292,0.0885752328635127,-5.26170827270756
"POLD2",0.174234668808099,0.0582749676545746,2.01226368262864,0.0450022010212954,0.0886575296269581,-5.26275133164399
"WWP2",-0.201981662043247,-0.266248580856295,-2.01164577971434,0.045067698028795,0.0887591770246317,-5.2639773068129
"GNAI2",-0.159943554200134,-0.212770629744673,-2.01097405617002,0.0451389915392353,0.0888721742146215,-5.26530965020303
"HMGB2",0.253347725462217,-0.0836501803842986,2.01027157888206,0.0452136512571439,0.0889917272740024,-5.26670252827283
"ISG20L2",0.20761816869756,0.135759814105818,2.00956216802823,0.0452891539799755,0.0891128653812461,-5.26810867237451
"PEX1",0.165189307061221,0.0561361614931782,2.00829916379004,0.045423839991014,0.0893503445294592,-5.27061091158084
"GMPPB",0.166138195269763,0.125978614739616,2.00759287695532,0.0454993057275059,0.0894712248445104,-5.27200952395677
"GSTA1",0.569875829511555,-2.41010496333536,2.00680942329969,0.0455831407684817,0.0896084833148879,-5.27356038300358
"RPL14",-0.217715679783142,0.20378691279375,-2.00550655700986,0.0457228461264266,0.0898554547606137,-5.27613811969528
"WDR18",0.127279021801218,0.215548415734456,2.00513083908195,0.0457632013299182,0.0899070893820086,-5.27688117866918
"MRPL49",0.215709734246379,0.271551766579083,2.00358963093979,0.0459290553638167,0.0901678200062024,-5.27992781096544
"RAB4A",0.193946768659094,-0.081973663131941,2.00351339649579,0.0459372723650283,0.0901678200062024,-5.28007845049251
"CLIC6",0.591295282038161,-0.704442900804399,2.00350404781931,0.0459382801065272,0.0901678200062024,-5.28009692312476
"DAP3",0.193200309628067,0.14512277344084,2.00306512814126,0.0459856145560429,0.0902329898402993,-5.28096411717307
"SEC14L2",0.331669749342221,-0.213810363997998,2.00197410389934,0.0461034527721019,0.0904364196466576,-5.28311890125653
"MICU1",0.186009195634612,0.202212721399785,2.00152578400341,0.0461519484403442,0.0905037441006135,-5.28400400552204
"CNBP",0.221596142037239,0.39680833221938,1.99800066247834,0.046534773623677,0.0912264444541533,-5.29095680368578
"KDM3B",0.12094028246883,0.167985016235161,1.99677645076808,0.0466683485857594,0.0914602227501762,-5.29336858769447
"EHBP1L1",0.126550251238904,-0.103303960107488,1.99654318630462,0.0466938370357925,0.0914820955733461,-5.29382797160196
"MCUR1",0.221014956687445,0.0646971276590551,1.99481560105501,0.0468829741976221,0.0918244755373671,-5.29722859452669
"TSPYL1",-0.152909236558493,0.0536417257952424,-1.99467491095643,0.0468984055145206,0.0918265314965392,-5.29750540597743
"NOB1",0.203445287064505,0.101757867430669,1.99402090872286,0.0469701948341612,0.0919389006793745,-5.29879192228624
"SPECC1",-0.1621428233097,-0.0226482490517008,-1.99324235221949,0.0470557774431827,0.0920781915337793,-5.30032291779585
"SHOC2",-0.117921413085619,-0.0364928622289686,-1.9925016705617,0.0471373189446445,0.0921977975997954,-5.30177889243048
"LUC7L",0.218547141373642,0.296683009947636,1.99242487114538,0.0471457806050638,0.0921977975997954,-5.30192982854921
"CHD2",0.122228494690814,0.103785231819437,1.99139823562309,0.0472590172848733,0.0923909446919523,-5.30394695970081
"SUMF1",0.216393912341246,0.16017434187485,1.99105253817731,0.0472971989784051,0.0924372866474187,-5.30462595685235
"LOXL1",-0.265871931507314,0.20635334232881,-1.98807066211957,0.0476276252366189,0.0930545860268701,-5.31047799256996
"PGK1",0.189018691444704,0.232961795713651,1.98757466381924,0.0476827762279293,0.0931338409958178,-5.31145057592534
"PLA2G2A",-0.596141134910394,-1.04487216897259,-1.98731120316495,0.0477120928407968,0.0931626032992318,-5.31196708910512
"P3H3",-0.264733251242126,0.337915301399987,-1.98704116138705,0.0477421575622026,0.0931928083260971,-5.31249643516898
"PDGFRA",-0.20976780238249,0.00676120893151115,-1.98594621474299,0.0478642258805723,0.0934025312492219,-5.31464207111718
"JUND",-0.147479798188187,0.0309159790442922,-1.98487044870557,0.0479844123858073,0.0936084549597859,-5.31674899661223
"DGKA",0.188555578828641,0.0521802220895938,1.9842851205316,0.0480499132405239,0.0937076041663852,-5.31789491413694
"TRMT112",-0.142498060514014,0.121955331763568,-1.98380461062538,0.0481037408515186,0.0937839344540293,-5.31883537861741
"HEXA",0.201904273865425,0.0667601443152939,1.98328557794904,0.0481619410231383,0.0938687403640836,-5.31985099085767
"CDK16",-0.12354526746867,-0.0571697128248824,-1.98253306816258,0.0482464269802068,0.0940047104878304,-5.32132299638806
"EVL",-0.283446761183779,-0.181555289261436,-1.98222854346508,0.0482806521781348,0.094036133273406,-5.32191853067565
"IGFBP6",-0.266883883941659,-0.39930456522049,-1.9821275294748,0.0482920095541892,0.094036133273406,-5.32211605582589
"TKTL2",0.433951208164129,-0.202446648220817,1.98103291464649,0.048415225784729,0.0942473221449678,-5.32425586127084
"FEZ2",0.146987723278097,0.0252662085184299,1.98017397141807,0.04851209908254,0.0944071175379511,-5.32593415641024
"TRIM16",-0.25331217189565,-0.0495917406753465,-1.97983297801522,0.0485506023033016,0.0944532588990191,-5.32660022871116
"ELAC2",0.166918570808427,-0.0760626353547412,1.97750491205849,0.0488141649271659,0.094937082869313,-5.33114471446683
"AATF",0.192286966262247,0.219422670304372,1.97674664687898,0.0489002689487563,0.0950755838117567,-5.33262375371634
"ORC4",0.154916170388654,0.0591771155555797,1.97570368776798,0.0490189102924618,0.0952772426841304,-5.33465719967996
"MSH6",0.229577740683627,0.126167801001051,1.97465644581124,0.0491382829234278,0.0954801997766544,-5.33669794137827
"AP5B1",-0.136526789480912,-0.200063406167768,-1.97437610129838,0.0491702802814344,0.0955133068442223,-5.33724406442745
"PGD",-0.195029455375352,0.0668407636185119,-1.97307214701284,0.049319339136716,0.0957737166629963,-5.33978322765826
"PML",-0.197719578271091,0.220251253934306,-1.97203066972995,0.0494386668798145,0.095976250540473,-5.34181009800898
"XDH",0.476045606623409,-0.855533992185843,1.97097029283679,0.0495604099279972,0.0961833487508395,-5.34387267602167
"MPC2",0.256137128492461,-0.0967311828831499,1.97055208254936,0.0496084945268087,0.0962474134164914,-5.34468585426942
"PRPF40A",0.122110424342478,0.308220524744588,1.9698266136399,0.0496920000603925,0.0963801398498197,-5.34609607388098
"LSM8",-0.124046996927035,0.190909932904644,-1.96948048887747,0.0497318826678135,0.0964282025004522,-5.34676871783691
"METTL14",0.162297272113301,0.0895918399066789,1.96869040321332,0.0498230222000216,0.096546832871739,-5.348303703738
"HMGN3",0.289283535448554,-0.172875981231305,1.96868793739774,0.0498233068617666,0.096546832871739,-5.34830849340621
"CRCP",0.15327979412488,0.207474777617789,1.96773233239555,0.0499337281936445,0.0967314485790109,-5.3501642457498
"SMC4",0.271758562260453,0.00673099263617195,1.96699392557608,0.0500191931128058,0.0968286101136096,-5.35159760387267
"IPO4",0.216081565562692,0.0822147919238322,1.96696315300489,0.0500227574739001,0.0968286101136096,-5.35165732663193
"DHRS3",0.301590448938664,-0.182663981482854,1.96690599179583,0.0500293789764758,0.0968286101136096,-5.35176826148271
"ITGA3",-0.262778731498127,-0.738215309843844,-1.96676779848699,0.0500453902133976,0.0968302474280435,-5.35203644528643
"COPS6",-0.115908587965581,-0.0431577826027999,-1.96645884348062,0.0500812017071365,0.0968500180867178,-5.35263594992014
"IMPDH1",-0.199111431778694,0.150048185484396,-1.96641793460983,0.0500859451405391,0.0968500180867178,-5.35271532370018
"WDR7",-0.125139668868325,-0.119811332661754,-1.96578302287775,0.0501596124439316,0.0969631018633071,-5.35394700974523
"UMAD1",0.194742875151809,0.0889284043227761,1.96564330118105,0.0501758362634277,0.0969651073068964,-5.35421800827931
"GPAA1",0.203833329091135,-0.0215427029789826,1.96451476237394,0.0503070388679521,0.0971892415043492,-5.35640618661369
"CDKN2AIP",0.14371798773238,0.1471670817179,1.96416651591686,0.0503475838643227,0.0972381497198127,-5.35708117062504
"VPS13A",-0.145402577451629,-0.144786403914715,-1.96379107167113,0.0503913262071352,0.0972932016427451,-5.35780873944141
"CMIP",0.22884861300651,-0.0467952661594504,1.96251380974777,0.0505403773473911,0.0975514840879965,-5.36028291236826
"TOR1AIP2",0.147286780121855,0.0569581075236682,1.9621116065839,0.0505873895323938,0.0976021166797535,-5.36106169105498
"TTC27",0.134343648730837,0.10509200228621,1.96202786986581,0.0505971818653068,0.0976021166797535,-5.36122380933096
"SLC30A6",0.175146930361228,-0.0589380541144616,1.96170881422096,0.0506345074668207,0.0976446179932498,-5.36184145432201
"DNAJC5",0.264923344225582,-0.114384028255749,1.96046971947094,0.0507796861955679,0.097895017016516,-5.36423922969616
"FAM169A",0.321551394877218,-0.463143390302798,1.95962338458721,0.0508790483416157,0.098056964582317,-5.36587612376297
"STX16",0.179157843200714,-0.0351924406033135,1.95821820106146,0.0510443821692218,0.0983459203833679,-5.36859236053068
"EPM2AIP1",-0.202984072470406,-0.104691521491526,-1.95792113025711,0.0510793933172333,0.0983836881841734,-5.36916635823669
"PPP2R2D",-0.164737700443653,-0.23397796401505,-1.95743075697198,0.0511372302342262,0.0984653845131286,-5.37011366723318
"TATDN1",0.204940336698805,-0.00629439134374995,1.95710737805962,0.0511754011859483,0.0984966937543685,-5.3707382476464
"PHACTR2",-0.204697894714158,-0.273105353769318,-1.95703165383921,0.0511843429721213,0.0984966937543685,-5.3708844883317
"HECA",-0.124437894869749,-0.0651678858434789,-1.95664267806882,0.0512302953330887,0.0985554190122843,-5.37163560184249
"ARFRP1",0.169728442983753,0.232483643554147,1.95641700682764,0.0512569713166941,0.0985770367039433,-5.37207130689699
"MRPS36",-0.157486947112807,0.0721444407816057,-1.95577836296014,0.051332526985683,0.09869261812815,-5.37330407501461
"REPS2",-0.22998325019562,-0.17588656557107,-1.95498259778681,0.0514268021453795,0.0988179259315817,-5.37483958261322
"DBN1",0.205581065073564,0.0683512050249763,1.9549080067597,0.0514356464828329,0.0988179259315817,-5.3749834820795
"LAIR1",-0.226358513384284,-0.0749067240333873,-1.95483644814242,0.0514441324661829,0.0988179259315817,-5.37512152644164
"CHCHD5",0.198855839415927,0.110188818956492,1.95370906188558,0.0515779822319111,0.0990452380603766,-5.37729572561506
"IL4I1",0.35489229783822,0.114970219674565,1.95286312565996,0.0516786087915057,0.0992086341352267,-5.37892633493731
"DPP9",-0.137507060869972,0.110226765310025,-1.95205150041413,0.0517753090295312,0.099364396799987,-5.38049015850928
"HSPA14",0.178091853917136,0.23908355868593,1.95166524447481,0.0518213824721795,0.0994190419567441,-5.38123416578339
"CGGBP1",-0.128179087335389,0.035439358942419,-1.9515517729588,0.0518349241462805,0.0994190419567441,-5.38145270759614
"NUP210",0.241971763878247,-0.0185203998206848,1.94987623256668,0.05203522932153,0.0997443541359161,-5.38467828920857
"MAMDC2",-0.336752489121537,-0.618962708839133,-1.94987164891977,0.0520357781717677,0.0997443541359161,-5.38468710947081
"HSPH1",0.297408438756815,0.235637782459332,1.94893809168667,0.0521476646331792,0.0999288231341083,-5.38648312126516
"GPKOW",0.117444904342722,0.169310667808657,1.94848653772466,0.0522018556794623,0.100002654819492,-5.38735153582578
"PYCR2",0.280265461666696,0.291619660090665,1.94754492360474,0.052315011103103,0.100189365894815,-5.38916178630352
"CPNE1",-0.282254607845041,0.197541985880401,-1.94737071484109,0.0523359686458787,0.100199448217072,-5.38949660842322
"AP5Z1",-0.12416380867547,0.0131473636307521,-1.9469396643549,0.0523878548989695,0.100217723939959,-5.39032494402088
"STK25",-0.154465652031343,-0.0713067007804491,-1.94692854199703,0.0523891942870055,0.100217723939959,-5.39034631512005
"MOV10",0.176909735572485,0.130450918297863,1.9469002468591,0.0523926018029103,0.100217723939959,-5.39040068238857
"AK4",0.374569840670256,0.000809529229406006,1.94444890218106,0.052688518861805,0.100753576799229,-5.39510785059798
"RAB25",0.28741498092045,-0.0992833534115878,1.94397556071882,0.0527458202071769,0.100832952701444,-5.39601611181884
"NCBP2",0.186841669167217,0.263497722977927,1.94296204628296,0.0528686892966656,0.101037587895603,-5.39796014571934
"PLSCR1",0.304743599339261,-0.221771110264221,1.94252371908818,0.0529219023996962,0.101109020593076,-5.39880059932159
"SMIM20",-0.228330528218293,0.257713219517678,-1.94158318684687,0.0530362351513419,0.101297146706945,-5.4006033611738
"OGT",-0.127519538873382,0.068740589038259,-1.93928523213356,0.0533164508713535,0.101801895578227,-5.40500436835613
"ZC3H4",0.101954441068389,0.15897823265565,1.93775147786001,0.0535041693753917,0.10212978220086,-5.40793895599896
"NCDN",0.148749112721665,0.021589814754171,1.9368662347025,0.0536127677592068,0.102306491973262,-5.40963169085558
"UFC1",0.167600194592956,0.189816477583701,1.93573752298212,0.0537515020732269,0.102540585819406,-5.41178888226961
"UQCRC1",0.174589026563655,0.126063050086914,1.93408617515831,0.0539550179927234,0.102898085389349,-5.41494271997593
"TTC39A",0.366069548049178,-0.474640117727538,1.93383066862444,0.0539865648522488,0.102927505697703,-5.41543046579276
"RHOT1",-0.153968155084793,-0.0301380269020131,-1.93364630436924,0.0540093375271141,0.102934945192144,-5.41578236637338
"POLR3F",0.120749264892328,0.139451999086563,1.93353807569861,0.0540227096850235,0.102934945192144,-5.41598892981667
"TPRG1L",-0.160218553991699,0.0398709856415657,-1.93335998709489,0.0540447194057121,0.102946161517145,-5.41632880216782
"CORO1C",0.167246876784553,-0.310576614069691,1.93290330294034,0.0541011947200844,0.103016819280595,-5.41720021901699
"VRK2",0.200840185926016,0.00985824866483265,1.93279914890844,0.0541140817332992,0.103016819280595,-5.41739893120578
"PAK4",-0.171233322034903,-0.120581785191813,-1.93190163383481,0.0542252382428357,0.103197659070196,-5.41911083812929
"ECHS1",0.218257452549098,0.102180260486469,1.9306480562512,0.0543808130940024,0.103462899763172,-5.421500592355
"VCL",-0.182294467252723,-0.589182862973559,-1.92998901045688,0.0544627536820464,0.103587930372316,-5.42275635432573
"ARHGAP26",-0.188076369502923,0.0264727668281857,-1.92925929149074,0.0545536018967471,0.103714076733229,-5.42414628970404
"MCM6",0.348575188936915,-0.0805789495063352,1.92912101550015,0.0545708312199173,0.103714076733229,-5.42440961358564
"CEP41",0.165538066427328,0.0162706367353692,1.9289778370739,0.0545886761958474,0.103714076733229,-5.42468225390466
"PRKRA",-0.12276571921325,0.167530074640662,-1.92893472493194,0.0545940504150954,0.103714076733229,-5.42476434415793
"UBE2E2",0.192740203477887,-0.0413805920941459,1.92826438896177,0.0546776693648783,0.103811301170055,-5.42604050669566
"PTPN7",0.239940957706992,-0.152826777636888,1.9282637779862,0.0546777456280181,0.103811301170055,-5.42604166965208
"GLRX3",0.165917863306498,0.250666049100994,1.92797719246334,0.054713527607772,0.103848357246024,-5.42658712880179
"FPGS",-0.186242156204066,0.129267190860299,-1.92402490744974,0.0552089989286593,0.104757639869091,-5.43410144106223
"APTX",0.15817678417704,-0.0650666688038056,1.92292546034003,0.0553474952443101,0.104989232660404,-5.43618909293344
"TWF2",-0.128967998595123,0.089073087876557,-1.92194307856152,0.0554714908952502,0.105193189594943,-5.43805347179067
"PARK7",0.168823834358698,-0.075820123297084,1.92025914136798,0.0556845773526804,0.10556592232686,-5.44124710596008
"TBC1D17",-0.178436324461522,-0.222396854040194,-1.92003401467933,0.0557131168685055,0.105584175296661,-5.44167385760455
"EXOSC6",0.108835902424105,0.17423915633659,1.91992234314041,0.0557272781127247,0.105584175296661,-5.4418855247606
"ENO1",-0.237586507213846,0.166926311584326,-1.91693871635818,0.0561067533610032,0.106271616793238,-5.44753636462694
"MRPL54",0.207214772259653,0.0824783911619325,1.91666575481005,0.0561415778870038,0.106306042351281,-5.44805291104551
"GALNS",0.205409005387892,0.121197357881513,1.91586797632921,0.0562434623909243,0.106467390265654,-5.44956219709987
"CWF19L1",-0.13530391625604,0.178576656082004,-1.91527726789169,0.0563190015295002,0.106578786237658,-5.45067933945318
"ZCRB1",0.132965496084903,0.208867009152221,1.91486764155783,0.0563714338937665,0.106646401603466,-5.45145382318375
"SNX4",-0.135873286748541,0.0669710698840477,-1.91412720508573,0.0564663136952343,0.106794257388647,-5.45285336114322
"TRIM4",0.109395364980988,0.122780204410835,1.91326671897152,0.056576744427119,0.1069714282402,-5.45447914618768
"IGBP1",0.137886178423522,0.200632621419911,1.91292172342699,0.0566210702105712,0.106997156092974,-5.45513077299958
"IRF6",0.260191451438642,-0.124579895163394,1.91289996352061,0.0566238669441128,0.106997156092974,-5.45517186920903
"CXXC1",0.115745154773665,0.103356423767616,1.91240255544785,0.0566878287673729,0.107086327420022,-5.45611115970932
"NT5DC2",0.25318864958438,-0.0288341081116926,1.91147603704263,0.0568071310283712,0.107279956112437,-5.45786013233445
"CKAP5",0.110871145264192,0.196332110993508,1.91117861178725,0.0568454731786365,0.107320622781074,-5.4584214010368
"STRBP",0.186204440826223,0.317622150627889,1.91068484143473,0.0569091746375917,0.107409128010944,-5.45935300229699
"ANP32A",0.157764410800237,0.300898971069708,1.90922137868062,0.0570983269496521,0.107734284152934,-5.46211274848822
"ERC1",-0.129465248931251,0.0139693690381156,-1.90767848088498,0.0572983148243702,0.108072307177012,-5.46502005070662
"RENBP",-0.211179918520971,-0.136280872531486,-1.90757823738482,0.0573113284418736,0.108072307177012,-5.46520886128995
"NOSIP",0.17609016443829,0.182414823780628,1.90699187260148,0.0573874998281493,0.108183993623482,-5.46631309635656
"PLIN3",0.167140654479482,0.286552613480269,1.90662587613767,0.0574350872452733,0.108241745000316,-5.46700216815042
"UROD",-0.169526085209977,-0.106237094001797,-1.90543947329414,0.0575895718033157,0.108500860420233,-5.46923495260608
"FKBP14",0.256693689736037,0.363901642043543,1.90392351354471,0.0577874736740247,0.108800912991068,-5.47208597762844
"LFNG",0.284850120321105,-0.220043346290836,1.90384896131858,0.057797220770529,0.108800912991068,-5.47222612874404
"WBP11",0.108627145320136,0.2477288662639,1.90382806894879,0.0577999525239943,0.108800912991068,-5.47226540345505
"SLC27A4",0.180255510903898,-0.144576748829216,1.90322601221608,0.0578787199633487,0.108917072492184,-5.4733970041371
"NOL6",0.148597237165501,0.181946785458635,1.90295050493139,0.0579147946223547,0.108952847278649,-5.47391471935145
"SREK1",0.112318631963567,0.206784367784905,1.9019438599049,0.0580467633879899,0.10916894970024,-5.47580571728643
"JTB",0.228078807087155,0.0435540622602505,1.90115203482201,0.0581507460709135,0.109332306732268,-5.47729248490049
"LRPPRC",0.22896177717244,0.185311039198415,1.89906712698787,0.0584252805664688,0.109816136713837,-5.48120430792547
"DYNLRB1",0.17457344995967,0.030699143626761,1.89827204397589,0.0585302592070294,0.109981078586487,-5.48269498198945
"CP",-0.268514087527742,-0.422870450821113,-1.89773777088288,0.0586008902267884,0.110081401617547,-5.48369632934179
"PSMD5",-0.142688693494779,0.0507854073247606,-1.8972861997085,0.0586606434698069,0.110161237810211,-5.4845424597442
"ARFGEF2",0.152155025507052,0.110446867890983,1.89687601186892,0.0587149647914547,0.110230829224769,-5.48531087746875
"XYLB",0.185933976699288,-0.0253236234782758,1.8960224627426,0.0588281351148409,0.110410829720241,-5.48690933670615
"RB1",-0.209767262286021,0.119494907096933,-1.89283687790372,0.0592521130202394,0.111167955441555,-5.49286883184228
"KIF2A",0.15409265386724,0.178105943983534,1.89273014903949,0.0592663618360302,0.111167955441555,-5.49306832719206
"ERH",0.122110447436038,0.306964453022734,1.89213298065108,0.0593461393980979,0.111284904568827,-5.49418433870682
"LMNA",-0.159869458409449,0.0179758787479109,-1.8916961184559,0.059404557842938,0.111361744517663,-5.49500054552088
"PAFAH1B1",-0.116375505425039,-0.0537221240381981,-1.89035445597486,0.0595842684602239,0.111665850930006,-5.49750607337677
"MRPL58",0.176926059277923,0.166972777713254,1.89013950898011,0.0596131018629819,0.111680724649918,-5.49790732092845
"ADGRG1",0.315300363863469,0.166541842533165,1.89003453716368,0.0596271872093296,0.111680724649918,-5.49810325852031
"FXR2",0.131575746334826,-0.0501776940859741,1.88969885613155,0.0596722482356675,0.111732347502856,-5.49872976030706
"AGO3",-0.119543231955253,-0.0103486981777179,-1.88955410950025,0.0596916874347611,0.111735978971255,-5.4989998760875
"THOC5",0.12036848825068,0.211479634307915,1.88607620739546,0.0601603520490827,0.112580260209084,-5.50548399948173
"MST1R",0.220001336364134,-0.069029771400401,1.88535659158364,0.0602577055470525,0.112729402261333,-5.50682417555971
"DPH2",0.150493794683399,-0.0869547283904672,1.88484746541481,0.0603266620914195,0.112825347818897,-5.5077720440581
"COMMD9",-0.131791113602413,0.0389020915860021,-1.88387632227276,0.0604583768821517,0.113038575810407,-5.50957938051987
"MGRN1",0.160085633375867,0.0440380087515921,1.88360157620953,0.0604956837307518,0.113075216809382,-5.51009052857005
"SAFB",0.11153661690408,0.261522180081482,1.88318922033122,0.0605517121245151,0.113119700304113,-5.5108575542359
"ALG12",-0.189799625227747,-0.118012891934933,-1.88316565364001,0.0605549155269318,0.113119700304113,-5.51090138581594
"PTK2",-0.188744096522115,0.0513347961713005,-1.88295502350168,0.060583552587613,0.113128661332011,-5.51129311199592
"PRKAA2",0.334474131623683,-0.406366388516511,1.8828697589285,0.06059514827807,0.113128661332011,-5.51145167333726
"MRPL37",0.163643907100358,0.127904818027076,1.88199246567859,0.0607145645007186,0.113318472475033,-5.51308271411735
"CCT8",0.105835341317623,0.176843472091233,1.8817440660387,0.0607484119579555,0.113336465478227,-5.51354439711939
"LENG9",-0.190954100753453,-0.0942131241740211,-1.88166120868023,0.0607597057685154,0.113336465478227,-5.51369838501904
"UBXN1",0.132035325953071,-0.0803483966188952,1.88099808959246,0.0608501546976576,0.113438235141611,-5.5149305327412
"FTH1",-0.258192112594567,-0.275191034337923,-1.88096168942208,0.0608551228953921,0.113438235141611,-5.51499815592836
"KIF22",0.240591818082895,0.00469900768516421,1.88079268988322,0.0608781937792669,0.113438235141611,-5.51531210162181
"UQCRFS1",0.159348782047428,-0.0231933737210527,1.88074042646787,0.0608853299655911,0.113438235141611,-5.51540918431032
"SGCD",-0.263027342182964,-0.275204684862205,-1.88018794411113,0.0609608099684901,0.11354573268635,-5.51643529468323
"CNPY2",0.166079979601568,0.330321597650273,1.87994465225264,0.060994073128589,0.113574557283768,-5.5168870604212
"ISOC1",0.234429435870523,-0.273551445957092,1.87981171290464,0.0610122551388234,0.113575291271541,-5.51713388972913
"UTP15",0.15205048853641,0.220769925282105,1.8791179183726,0.0611072180752308,0.11370140486313,-5.51842178507531
"MAOA",0.404453025189943,-0.861904805699384,1.87905659149189,0.0611156180877467,0.11370140486313,-5.5185356041828
"NR3C1",-0.149752087174752,-0.0941122420401437,-1.87511643875407,0.0616573224995553,0.114675794978054,-5.52584067620649
"PSPH",-0.226281826638551,0.119396921438512,-1.87465540284577,0.061720967274986,0.114760738512168,-5.52669445926863
"HAUS4",-0.137252743233385,0.0617245500509516,-1.87396765882482,0.0618160100158962,0.114854442973935,-5.52796769654647
"P3H4",0.291917519266299,0.405540800899401,1.87391689723893,0.0618230298294066,0.114854442973935,-5.52806165458517
"CDK7",0.116249692465356,0.274996993189338,1.87390027839512,0.0618253281912943,0.114854442973935,-5.52809241498129
"NGLY1",0.147581424965435,-0.0876670984247979,1.87303606874119,0.0619449450631004,0.115043186221029,-5.52969164267865
"MYO1F",-0.190825573258737,-0.0101582914799874,-1.87249188499656,0.0620203652191735,0.115149762118181,-5.53069828903149
"DHRSX",0.201046063697457,-0.0801028441258991,1.87220700602618,0.0620598779303813,0.115189628077176,-5.53122515195348
"PMPCA",-0.172873960980264,0.243381700979672,-1.87167275194946,0.062134035382771,0.115293756442602,-5.53221300440325
"SNX6",-0.106508745524335,0.142432745762786,-1.87146522270504,0.0621628614561996,0.115313733410179,-5.53259665802033
"PKP4",-0.207500888057891,-0.0352150512562669,-1.87098432826976,0.0622297010195621,0.115404194310167,-5.53348551429773
"HSD11B2",0.348167099038507,-0.82548390490104,1.87075588044276,0.0622614739243288,0.11542959088468,-5.53390768513722
"HNRNPR",0.178275495851729,0.20792511498448,1.87038269687113,0.0623134059160408,0.115466151611869,-5.53459721860585
"ACTR5",-0.127046677674992,0.0413032941821204,-1.87035427668077,0.0623173623264682,0.115466151611869,-5.53464972523927
"COA6",0.19635718490469,0.168442583375888,1.87002725682864,0.0623629021929478,0.115517009138953,-5.53525384203268
"RTN3",0.213790587665691,-0.1937243068636,1.86938215906823,0.0624528177766446,0.115650012037087,-5.53644525359421
"ANXA11",-0.1323645527922,0.111311851320874,-1.86901685548084,0.0625037825933374,0.115710829764703,-5.5371197432828
"PDE12",-0.10471951487868,0.0222323023969661,-1.86856007216751,0.0625675586872838,0.115795322382118,-5.5379629578483
"RPS28",0.140263582538724,0.335250696182971,1.86819595632373,0.0626184352619103,0.115855899492117,-5.53863496524272
"MRPL9",0.188718603973645,0.0802771288084779,1.86750774294607,0.0627146906650611,0.115953883050669,-5.53990477257205
"HUWE1",0.13313030255998,0.166280868128397,1.86746822179721,0.0627202219303697,0.115953883050669,-5.53997767826513
"MRPS30",0.177441060718674,0.0505397992594323,1.86742783313838,0.0627258750285059,0.115953883050669,-5.54005218271584
"DOCK1",-0.149679173439551,-0.0773928445542745,-1.86600977972353,0.0629246248169183,0.116287620681917,-5.54266704792791
"MLST8",-0.107868406506865,0.0533596091107065,-1.8651184282383,0.0630498212365562,0.116478596226887,-5.54430968873938
"SHPK",-0.158487355051431,-0.119033998574234,-1.86501437964661,0.0630644490456301,0.116478596226887,-5.54450138620382
"PDLIM5",-0.182480296351969,0.158914788116785,-1.86460802297071,0.0631216042323265,0.116550446218451,-5.54524995095597
"ECHDC3",-0.382836520683542,-0.416807986681744,-1.86365115198504,0.0632563606641704,0.116765499520303,-5.54701200777344
"TMEM205",0.291871976642972,-0.247344981742956,1.86350609940932,0.0632768092935948,0.116769487670405,-5.54727904159373
"MAGT1",0.196070382788495,-0.122765767136529,1.86204333418055,0.0634833278925067,0.117116743309349,-5.54997077457167
"YIF1A",0.185314525024817,-0.0386940918010878,1.86148557660898,0.0635622213476318,0.117228418054486,-5.55099659686552
"GOLIM4",0.220749440076446,0.0333050253915132,1.86103814320485,0.0636255685187965,0.117305784968902,-5.55181929450023
"MPO",-0.452236225107288,-0.620010896722556,-1.86092980712487,0.0636409145077961,0.117305784968902,-5.55201846337374
"TMLHE",-0.316885454723561,-0.0297317100338795,-1.86065053508595,0.0636804880292347,0.117344853121692,-5.5525318345925
"SDC2",0.336252213471354,-0.448670698795798,1.86045701434369,0.0637079223606948,0.117361536143403,-5.55288752942355
"NAXE",0.168950701114389,0.0619195288491366,1.85993766648245,0.0637815958229106,0.117463365829041,-5.5538419216726
"PDCD4",0.233440261110368,-0.231285601745579,1.85839616624071,0.0640006858071545,0.117832865881973,-5.55667316058383
"GSTM3",0.388303275906873,-1.308806767144,1.85790365075438,0.0640708173882913,0.117927981846134,-5.55757726816916
"WASHC2C",-0.123501140183187,0.0377415153126665,-1.85754861069395,0.0641214127294223,0.117987095180796,-5.55822886742251
"TMCC3",0.282186927172612,-0.306614935264972,1.85702188255866,0.0641965356994336,0.118091293702358,-5.55919533834652
"VTN",-0.32819571240439,-0.428550938168198,-1.85660812969202,0.0642555970968166,0.118165895006675,-5.55995432755299
"C7orf25",-0.118327524450682,-0.0658208635604087,-1.85633789984084,0.0642941955374429,0.118202832855333,-5.56044994840197
"SH3BP4",-0.179778728244356,0.0128636305476134,-1.85511414213198,0.0644692324658302,0.118490515053059,-5.56269352303771
"METTL16",-0.148273307696283,0.0967732090941917,-1.85495026242794,0.0644927025329116,0.11849954120076,-5.56299386167683
"ISLR",-0.254917946700026,0.15914182707744,-1.85454008861352,0.0645514767197401,0.118573411638533,-5.56374546407288
"ACAT2",-0.195785021436922,-0.304930556042112,-1.85387006213018,0.0646475809479878,0.118715790725597,-5.56497287030325
"EIF4EBP1",-0.176194898212718,-0.0552455371752683,-1.85017077617472,0.0651803198479613,0.119659672866369,-5.57174168816421
"ROR2",0.210983841763055,-0.174643217618135,1.85003193170504,0.0652003856279411,0.119662104695143,-5.57199548285878
"HDHD3",-0.186156090746238,0.0188753876442535,-1.84934721609027,0.0652994154818117,0.119809416049244,-5.57324680607217
"DNAJB14",0.159295765082697,-0.0992810851325591,1.84891441500719,0.0653620753925648,0.119889931451171,-5.57403751946309
"OARD1",-0.168815764705008,0.10484919941283,-1.84753043144335,0.0655627796046149,0.12022353468566,-5.576564795444
"BTN2A1",-0.213643190360693,-0.279257268463221,-1.84681106780052,0.0656673025871424,0.120380627912404,-5.57787768472751
"C5orf24",-0.153261073084773,-0.0313614203445391,-1.84664932625846,0.0656908224992563,0.120389179580296,-5.57817280546719
"PYCARD",0.297166227167617,-0.0241253099254156,1.84650495685352,0.0657118221052114,0.120390554548916,-5.57843620685581
"BAG4",0.205450502339838,-0.00791467518399317,1.84638494339347,0.0657292831883355,0.120390554548916,-5.5786551555689
"BECN1",-0.107513818523255,-0.00104187096848087,-1.84554935696272,0.0658509614424327,0.120578832466284,-5.58017918630498
"CDK13",0.22069940711267,0.102096969419919,1.84518562673063,0.0659039861362911,0.1205894749272,-5.58084238480298
"UBAP1",0.117918765089592,0.122226837981394,1.84515911426734,0.0659078525123059,0.1205894749272,-5.58089072063871
"CD44",-0.179140911350082,-0.288531271076083,-1.84512085246231,0.0659134326540218,0.1205894749272,-5.58096047592714
"SORD",0.264139255477938,0.140296735683763,1.84474638933234,0.0659680653975136,0.120654854644264,-5.58164308674553
"ACSS1",-0.300526437588796,-0.0971669424938476,-1.84356187902929,0.0661411278220978,0.120936741450199,-5.58380144320463
"MSH2",0.174533478635521,0.156276242688121,1.84196176436213,0.0663755084910958,0.121330553024806,-5.58671493718573
"ZW10",0.11083134081603,0.164754114324589,1.84150452393752,0.0664426100067262,0.121418450169704,-5.58754702676872
"CSTF3",0.111005059853876,0.284371687616241,1.84088734881655,0.0665332714609271,0.121549338563096,-5.5886698457952
"GNG5",-0.164280004705591,-0.158455002511234,-1.83970456294383,0.0667073057281815,0.121832421932048,-5.59082064303386
"PDCD6IP",-0.138609880240382,0.0569245413385666,-1.83914666318887,0.0667895253059311,0.121947703482519,-5.59183466707445
"DNMBP",-0.192459257245321,-0.165599310026427,-1.8390009121412,0.0668110189360289,0.121952074301471,-5.59209953073723
"PACS2",-0.13229441259696,-0.0229889584523231,-1.83807675029782,0.0669474365088655,0.122166156647358,-5.59377846986111
"PLEKHS1",0.385185759702938,-0.366970037796861,1.83699424225903,0.0671075207718544,0.122423291465226,-5.59574402753554
"CCDC90B",0.183258351416815,0.0734862688526065,1.83527802317167,0.0673619685695297,0.122852376268622,-5.59885791734385
"ATF2",-0.11790541392525,0.260542280409623,-1.83366152401482,0.0676023606835293,0.123255589081763,-5.6017882684793
"GTF2B",0.132308012231189,0.156510233108845,1.83322825103711,0.0676669137328094,0.12333806571053,-5.60257326547283
"CEP55",0.257308676229978,-0.0473913251184941,1.83191351762036,0.0678631068536527,0.123660370222766,-5.60495416569973
"RPL37",-0.359369076472961,-0.145142860930548,-1.83139382768285,0.0679407878840839,0.123766599326641,-5.60589483023364
"SFRP1",-0.360479850593999,-1.29419496374043,-1.82989542860014,0.0681651735203549,0.124139940937669,-5.6086055428014
"RHOA",0.144447613736063,0.0214080449252805,1.82965492514534,0.0682012459176955,0.124170218187763,-5.60904042850625
"ERCC3",0.173431237063848,0.101051863036049,1.82926066528394,0.0682604138882704,0.124242515016136,-5.60975322008062
"FCN2",-0.291710978863662,-0.152810953399617,-1.8288824765185,0.0683172098436631,0.124310454503217,-5.61043681490439
"ST13",0.142485554036877,-0.0291483598157588,1.82786757690317,0.0684698192241672,0.124552648360771,-5.61227061139449
"ABT1",0.162975865391023,0.0983772434458974,1.82754155305604,0.0685189027809236,0.124606435276616,-5.61285948397623
"LAP3",-0.27546672492413,-0.0321237782188941,-1.82730259225952,0.0685548972653614,0.124636394942862,-5.61329103568544
"IP6K1",-0.106174003210095,0.00626788148510114,-1.82696514538821,0.0686057532210056,0.124693348794797,-5.61390035432907
"FIBP",-0.118352662118353,-0.0111462893719243,-1.82556257445741,0.0688174658177809,0.125039498383698,-5.61643175680674
"COX7A2",0.246913678578369,0.147665031712331,1.82544412544168,0.0688353699011276,0.125039498383698,-5.6166454499364
"DUSP3",0.143132734878084,-0.0627636086158728,1.82527931669194,0.0688602878560798,0.125049185995754,-5.616942757767
"HEBP1",-0.270674422398195,-0.420635438506825,-1.82409981348926,0.0690388380587518,0.125337782486531,-5.61906976251923
"JAGN1",-0.322212964052259,-0.569342080542367,-1.82327890665416,0.0691633302019383,0.125528102143086,-5.62054931320759
"CTH",0.262327104245013,-0.113446678911352,1.82139492091191,0.0694497408263212,0.126001843143787,-5.62394242238932
"GPD2",0.213702233000886,-0.0463802341933778,1.8213024775683,0.0694638195561677,0.126001843143787,-5.62410882686308
"NAA50",0.128124594001805,0.201535815300473,1.82116431878451,0.069484864942392,0.126004221146598,-5.62435750689177
"VPS26A",-0.0938186757790673,0.0471137576075016,-1.82101741867632,0.0695072476418119,0.126009022201297,-5.62462190065823
"EOGT",-0.156726029500838,-0.132881434027208,-1.81849078649036,0.0698931542041612,0.126672662388183,-5.62916611244441
"ATP6V1H",-0.112691307944599,-0.00445088631003133,-1.81827979339494,0.0699254601177243,0.126695250525445,-5.62954530909307
"TMSB10",0.288014649736786,0.111990966392147,1.81748616329711,0.0700470859509924,0.126879615261585,-5.63097123439455
"ACAP1",0.232709062489429,-0.255036712510502,1.8164558386614,0.0702052459532258,0.127130032731522,-5.63282152153715
"WASF2",-0.112221591436212,0.0182874746736752,-1.81538199753473,0.0703703991035831,0.127386113543545,-5.63474886239331
"DTWD2",0.193537789411906,-0.00833952339237952,1.81527700611499,0.0703865635993151,0.127386113543545,-5.63493724209784
"PLEKHO1",0.176284860947414,-0.232833654677881,1.81437769658269,0.070525146835427,0.127600754475546,-5.63655038087116
"PRG3",-0.44687334831066,-0.689598804948909,-1.81314078817979,0.0707161211248145,0.127910037785252,-5.63876780851121
"CHMP1A",0.144762481724756,0.0411153359835225,1.81292232523266,0.0707498952611735,0.127934885653524,-5.63915929689173
"SUPT4H1",0.24849703530705,0.0569167231793629,1.81267052243235,0.0707888401871685,0.127969066986147,-5.63961047334917
"RPL26L1",0.209262553197122,0.344729915298229,1.81207452453383,0.0708810902090442,0.12807249106613,-5.64067812860684
"HSPA1L",-0.187212232983516,-0.16373157921643,-1.81204173635075,0.0708861681171034,0.12807249106613,-5.64073685452436
"HEXIM1",0.162344049504776,0.184733698832947,1.81110774598169,0.0710309411516966,0.128262675599961,-5.64240925882334
"IPO7",0.127150945223488,0.0817696913412012,1.81110344361999,0.0710316086016384,0.128262675599961,-5.64241696068173
"F11R",-0.217609120182183,-0.296096773624158,-1.80987418133907,0.0712225227612348,0.128571051125384,-5.64461678580836
"KTI12",0.22283061738599,-0.080082712974313,1.80922997875625,0.0713227411309324,0.128715574369984,-5.64576903320179
"CLEC16A",0.123940603801824,0.198404390641232,1.80836473644492,0.0714575292449497,0.12892238604945,-5.6473160086305
"EIF1AX",-0.229727179532491,0.378174045818551,-1.80628298334973,0.071782685708246,0.12947244300767,-5.65103502346401
"DPY19L1",0.246424122111928,-0.0571254500595967,1.80590149654307,0.0718424033100266,0.129543559766879,-5.65171608753874
"DDB2",-0.186202393107489,0.0746905935555866,-1.8057142903809,0.0718717233446412,0.12955984007779,-5.65205025299338
"PRKRIP1",0.13795941746324,0.116545940442725,1.8054268243975,0.0719167651367086,0.129604444086335,-5.65256331742573
"NFKB1",-0.117311597807219,0.058442860627915,-1.80469508675461,0.0720315227380266,0.12977462547469,-5.65386894903506
"ATG7",-0.119198078766554,0.0202480360691669,-1.80362493997837,0.0721996239194979,0.130040789485471,-5.65577746603869
"ZNHIT6",0.1483155652864,0.101612680212174,1.80229044794221,0.0724097010748615,0.130360719382743,-5.65815586561852
"PSMB5",-0.221559741864917,-0.139846490357759,-1.80223725715978,0.0724180848317289,0.130360719382743,-5.65825062916715
"CFAP20",-0.139328206742215,0.0672728499560542,-1.80194806494139,0.0724636803323379,0.13040603126324,-5.65876579979146
"UNC13B",0.218938718882702,-0.361028548008029,1.80138474262567,0.0725525643493767,0.13052919790667,-5.65976907645971
"C5orf51",0.147781049734022,0.093891142012143,1.80062312268432,0.0726728793592099,0.130708826678466,-5.66112503203524
"RANBP1",0.204657424149801,0.0459175459753268,1.79936668790404,0.0728717200238812,0.131029550085182,-5.66336070597548
"RFC1",0.158994519351616,0.114289984807442,1.79840060572153,0.0730249140814281,0.131268039529819,-5.66507869192872
"LARS2",-0.16049425077941,0.0419162788499961,-1.79807370858658,0.0730768108750362,0.131324356160176,-5.66565980893011
"ATF7IP",0.166690967300884,0.197748212947856,1.79740666130669,0.0731828024910293,0.131448581164934,-5.6668452811407
"STAU2",0.164208948203205,0.226677429779775,1.79737956067651,0.0731871113612124,0.131448581164934,-5.66689343509168
"KYNU",0.354033803399646,-0.561844970679161,1.79707657268212,0.0732352991958646,0.13149813986659,-5.66743175302905
"NDUFAF3",-0.155940379360796,-0.0249021458221133,-1.79646399519172,0.0733328044276255,0.131636197995611,-5.66851984593337
"ZMYND8",0.122186510376758,0.252850164436701,1.79614767328022,0.0733831957911397,0.131689630445876,-5.66908157141345
"CORO1A",0.222749843764782,0.00923474693326978,1.79430937278679,0.073676607917939,0.132179022634459,-5.67234411155236
"DYNLL1",-0.11001277876572,0.0235962257108924,-1.79416916080252,0.073699026725014,0.132182102707644,-5.67259281955028
"CDC34",0.146544111303885,0.161289628302752,1.79401491269119,0.0737236962722331,0.132189216708287,-5.67286640281177
"GAL3ST4",-0.174533750194239,-0.0640724533909524,-1.79363023425195,0.0737852490590047,0.132262441112225,-5.67354858997345
"CHD1L",0.195608846912904,-0.0468280584097282,1.79203305848865,0.0740412663679398,0.132684110513414,-5.6763794804941
"PPP1R21",-0.0980882629490363,-0.0298334886764783,-1.79163778800956,0.0741047382282073,0.132760593037908,-5.6770796900232
"PIGK",0.177416239647636,0.0655636881460065,1.79133515769578,0.0741533642787916,0.132810443455844,-5.67761568795422
"CD4",0.2078314733815,-0.0976441358287229,1.78867617094199,0.0745817323111562,0.133540202133127,-5.68232128415145
"CBX5",0.177770290383506,0.196142287889289,1.78764085941159,0.0747490714198561,0.133802304742299,-5.68415161575431
"CDK11B",0.127468570350175,0.309009395153166,1.78701611268545,0.0748501992215965,0.133945774111517,-5.685255605286
"EEF2K",0.15862957385555,-0.082324251775561,1.78655208352189,0.0749253842861782,0.134042751097576,-5.68607534596241
"PCNP",0.152827669947996,0.158929961731154,1.78639832795538,0.0749503104385357,0.134049784915981,-5.68634692010286
"AZGP1",0.370209392909137,-1.06150784867725,1.78579501893508,0.0750481818742589,0.134187242023843,-5.68741230643127
"CYHR1",0.155755952953314,0.260490885468947,1.78495301470537,0.0751849507259319,0.134394151843526,-5.68889861572578
"MTHFD1",0.15069915127574,0.146799442559232,1.78458271474718,0.0752451641618111,0.134464140266769,-5.68955205305087
"LAMTOR4",-0.16851291218583,0.207025218572681,-1.78409593332634,0.0753243784822251,0.134568034865419,-5.69041083315868
"NOP10",0.191468891416312,0.214755993749086,1.78234986831189,0.0756090797860877,0.1350388739676,-5.69348935175121
"PRPS1",-0.133506918347803,-0.0132950696443056,-1.78039875937284,0.0759282572023697,0.135563967745807,-5.69692588895221
"PITPNC1",0.190085681257851,-0.227179016441559,1.78026730284933,0.0759498015198086,0.135563967745807,-5.69715729386961
"GRSF1",0.188770122510838,0.133951166553563,1.78016374022613,0.0759667778534843,0.135563967745807,-5.69733958492671
"WAC",0.11051756183312,0.0859216746464941,1.77937976432008,0.0760953907220527,0.135755537792765,-5.69871920284617
"PLK1",-0.262493772266797,-0.228616654127897,-1.77825515470132,0.0762801967635775,0.136047222440068,-5.70069721709018
"LSM4",-0.146491060279712,0.142183999840413,-1.77721035719659,0.0764522166986582,0.136304343470295,-5.70253375492044
"THBS1",0.492422952194263,-0.339014540790175,1.77710297030128,0.0764699153318278,0.136304343470295,-5.70272245885432
"OGFOD2",0.246560414956816,-0.164365163918891,1.77699080863106,0.0764884044877162,0.136304343470295,-5.70291954124328
"CSTF1",0.101615475709556,0.251928017242193,1.77593232444131,0.076663069441646,0.136577482808289,-5.70477883226074
"SNRNP27",0.153352473808672,0.277748720553111,1.77531206613033,0.0767655725922556,0.136721947280768,-5.70586784818973
"GK",-0.244210148826263,-0.00527413366515429,-1.77431503079607,0.0769305766483729,0.13697761625763,-5.70761760668434
"FN1",-0.287470772507084,0.0206002233063514,-1.77157241871143,0.0773859629208776,0.137750034360135,-5.7124258100269
"IFIT5",-0.175529169223733,-0.118005905159081,-1.77116192448335,0.077454311252722,0.137796670954474,-5.7131448390805
"CTNNB1",-0.191411837330164,-0.0478380619282922,-1.77115583642009,0.077455325302366,0.137796670954474,-5.71315550181106
"PEX6",-0.130584589351916,-0.0135136490821153,-1.77047086753344,0.0775694855704062,0.137961327400291,-5.71435493755866
"PLCB2",-0.171912663925442,-0.0646656836343897,-1.77028501732991,0.0776004840099084,0.137978025731903,-5.71468029773961
"MICALL2",0.161381451076079,0.245040345784458,1.76962015834759,0.0777114605699885,0.138100495962109,-5.71584396418284
"PKM",0.165357661183344,0.231424714942641,1.76961321323355,0.0777126205155611,0.138100495962109,-5.71585611757402
"MAK16",0.182045240634815,0.378994570863001,1.76871213392249,0.0778632354140525,0.138329648892244,-5.71743253699203
"DYNC1I2",-0.0909990855201596,-0.0214797751375299,-1.76833085754782,0.0779270374000671,0.138404487844069,-5.71809933484347
"PARP4",0.189851497416244,0.213268970198758,1.76813919229471,0.0779591264081277,0.138422976116767,-5.71843447668586
"PVR",-0.235954660084351,-0.161789083401193,-1.76772875379705,0.0780278792567006,0.138506535739236,-5.71915204094442
"SRPX2",-0.330413931036374,-0.0995587764970648,-1.76557197150598,0.078389978841795,0.13911062115199,-5.72292002893618
"MAP1S",-0.111889419800947,0.0843565649606145,-1.76484062466978,0.0785130752621873,0.139290354417634,-5.72419669735265
"TAB2",0.114832158148656,0.0617072378270669,1.76427828849711,0.0786078321307955,0.139419724487536,-5.72517798099548
"TP53I3",0.200081181267688,-0.0231679176271258,1.76248619687745,0.0789104336748644,0.139917555960569,-5.72830315598443
"PCOLCE",-0.259865571226078,0.166472329070524,-1.76170083056966,0.0790433454494516,0.14009741012196,-5.7296717505896
"PTRHD1",0.19605667955899,-0.094682296921359,1.761627583473,0.0790557507704656,0.14009741012196,-5.72979936188796
"AKAP8",0.123030927494618,0.170517835979856,1.76029501495194,0.0792817159382702,0.140458866888417,-5.73212005748303
"NTHL1",-0.180660896697705,-0.0135696758767388,-1.75994152142361,0.0793417467031293,0.140515032802426,-5.7327353845417
"GTPBP3",-0.173232430067924,-0.0592146828769053,-1.75984918935744,0.0793574327776895,0.140515032802426,-5.73289608722197
"BANF1",-0.171669139901,0.0608381538093996,-1.75930887853995,0.0794492756850501,0.140638654075144,-5.73383632482632
"CDKN1B",-0.195011775719245,-0.296537186641626,-1.75912928058592,0.0794798232537484,0.140653733779153,-5.73414879469292
"THEM6",-0.213993108688442,-0.0872646629430962,-1.75849024104654,0.0795885944086568,0.140807197367491,-5.73526036083354
"C18orf25",-0.169845562356953,-0.192394315547222,-1.75826203674182,0.0796274665916937,0.140836945758439,-5.73565721077367
"ATOX1",-0.189631990656277,0.248480018559502,-1.75755177025813,0.0797485521863456,0.140994232212355,-5.73689204896761
"PRDX1",-0.135041277248874,0.0689698029321291,-1.75748139069303,0.0797605586140994,0.140994232212355,-5.73701438113309
"RALBP1",0.124301888040015,-0.0910525004528891,1.75723805157573,0.0798020825141442,0.141028590327376,-5.73743731062502
"LZIC",0.142699062865466,0.000227295831388309,1.75554761953645,0.0800910288255151,0.141500060611764,-5.74037373746433
"DHCR7",0.31868158147175,-0.608942392434145,1.75390547285446,0.0803725388655446,0.14195813572794,-5.74322363240867
"COPS5",-0.0945103138986139,-0.0391124324064153,-1.75366930001738,0.080413091852732,0.141990484369384,-5.74363328777926
"CORO7-PAM16",-0.10119690716826,0.218351041881685,-1.75284358431775,0.0805550058702344,0.142201745225725,-5.74506511357489
"KCNMA1",0.212296161971931,-0.328180276862753,1.7521146785784,0.080680451108485,0.142341060533193,-5.74632851680471
"GMPS",0.145027024045168,0.216534385742245,1.75206439950672,0.0806891100476037,0.142341060533193,-5.74641564587691
"WDR6",-0.110476357403866,-0.0298852660585264,-1.75199649920304,0.0807008048755145,0.142341060533193,-5.74653330705135
"EMG1",-0.182508098545068,0.15195411452867,-1.75170247171716,0.0807514627410646,0.142391076940541,-5.74704276150324
"CYTH1",-0.14837478765914,-0.0776566305627206,-1.75142085765989,0.0808000062192827,0.142435579400504,-5.74753062881469
"RPA1",0.134893922628304,0.123876171369999,1.75129727598318,0.0808213162361823,0.142435579400504,-5.74774469701832
"NOP2",0.227299637244374,0.183262246258398,1.75090613366504,0.0808887937458978,0.142515162270297,-5.74842213608874
"KRT80",0.427831485841431,-0.255476347529157,1.75002824039097,0.0810404098948368,0.14274290129063,-5.74994206285575
"TTC8",-0.149127725200275,-0.282728957474879,-1.74985599612958,0.0810701844385505,0.14275596460015,-5.75024018745663
"GEMIN5",0.118027432206808,0.174552019688979,1.74738804420036,0.0814977807696423,0.143469349383558,-5.75450861626192
"DDHD2",-0.16315815108086,-0.177852971402792,-1.74536638963468,0.0818494199987895,0.144048662263581,-5.75800074836248
"NEK9",0.118951442672869,-0.0222540992615978,1.74442289954654,0.0820139498364772,0.144298448527392,-5.75962914041056
"GALNT1",0.19321554561882,0.138040054768138,1.74426858811702,0.0820408849453293,0.144306074483727,-5.75989538794138
"NUDT15",-0.198171774201328,-0.063140975700395,-1.74369306943133,0.0821414054837121,0.144443093917241,-5.76088817869344
"ERAP1",-0.227528358259044,0.0817501625498305,-1.74353138821202,0.0821696628957442,0.14445300043759,-5.76116702683212
"B4GAT1",-0.162130918612254,-0.287539562041636,-1.74304154546593,0.0822553222208174,0.144552697057533,-5.76201169318045
"MGST3",0.257605301071027,-0.566768605081033,1.74294820804097,0.0822716524834888,0.144552697057533,-5.76217261428565
"EHF",0.25765801819427,-0.0848062914634154,1.74261470893589,0.0823300228725424,0.144615459708716,-5.76274752401277
"SMC2",0.25159179197849,0.0315719525749393,1.74237366586768,0.0823722322207365,0.144649808231409,-5.76316298413674
"HNRNPA3",0.125417665581785,0.163518744517397,1.74065498992768,0.0826737027689787,0.145139288473998,-5.76612364642025
"SHROOM3",-0.164214834191732,-0.225396482654368,-1.73959564234241,0.0828599685397651,0.14542630542232,-5.76794709343896
"RPL13A",-0.147567184138678,0.113672000041128,-1.73910235284558,0.0829468204556294,0.145538732786258,-5.76879581702816
"HELLS",-0.227353386550372,0.14680731023246,-1.73701401555226,0.0833153286314591,0.14614515750326,-5.77238626380608
"TOM1L1",0.225649493558968,-0.0600809941575502,1.73659670165595,0.083389127344958,0.14623344459017,-5.77310323750794
"PDZD8",-0.145577661247164,-0.0145208574465489,-1.736346107787,0.0834334684725518,0.14623344459017,-5.77353369356425
"RPL18",0.141078402546136,0.102291944598805,1.73634102614797,0.0834343678374298,0.14623344459017,-5.77354242188706
"TFRC",-0.303425144440332,-0.26187088574537,-1.73613970440251,0.0834700047565215,0.146255757511084,-5.77388819588362
"RFXAP",0.141380189964871,0.190441862333847,1.7353290434853,0.0836136290493119,0.146467221256476,-5.77528012330168
"CDC42EP4",-0.165993095057577,-0.399301618942749,-1.73449797073071,0.083761078319108,0.146647371049841,-5.77670643579482
"HK3",-0.283173451521121,-0.233578845435706,-1.734490492971,0.0837624059857117,0.146647371049841,-5.77671926630955
"FUT8",0.23571927123495,0.205818548707038,1.73410038312477,0.0838316932288667,0.146728443329582,-5.77738855056616
"CPPED1",-0.209052639899063,-0.171645296427587,-1.7339282004097,0.0838622893509299,0.14674176966448,-5.77768390542144
"FCGR3A",-0.235240669173879,-0.0344512212216259,-1.73355236003519,0.0839291061034396,0.146818449991907,-5.77832850587031
"PREPL",0.130672083326719,0.0391798871486266,1.73297919199697,0.0840310870382514,0.146956584699873,-5.77931127704222
"BAG2",0.239003543990918,-0.539520656458681,1.73274940514735,0.0840720001533746,0.146979064410194,-5.77970518687903
"QSOX1",0.24860316845094,-0.22712972040413,1.73264845083615,0.0840899799985023,0.146979064410194,-5.77987823059266
"PLP2",-0.199880582088573,-0.216769938245626,-1.72971256092297,0.0846142275691629,0.147854910516997,-5.78490624879877
"SELENBP1",-0.357545389398736,-1.10095076626365,-1.72954686290889,0.0846438944661061,0.147866283492774,-5.78518977433449
"HIKESHI",-0.193625247996957,-0.274593491527866,-1.72914088799963,0.0847166167368374,0.147952844054898,-5.78588432444559
"BCL2L1",0.212743884487374,0.199298031506564,1.72894636108494,0.0847514803239809,0.147973257278813,-5.78621706829638
"STRIP1",-0.0756996944443633,-0.00627231371903963,-1.72831224921195,0.0848652083489319,0.148131316377236,-5.78730147955347
"ABCB7",0.188361402200173,-0.017701935463866,1.7280472148799,0.0849127790106613,0.148173843668508,-5.78775460592164
"PCSK1N",-0.364269768763994,-1.16321058195562,-1.72738425047802,0.0850318684941674,0.148341114845699,-5.78888777022678
"CD63",0.312305474044011,-0.237591724346719,1.72618757745539,0.0852471724872778,0.148676098424274,-5.79093208884656
"UBE2F",0.103929243360063,0.0995380517135752,1.72540189092392,0.0853887729137933,0.148882390784973,-5.79227354816782
"XPNPEP1",0.121574305743176,0.084157632263374,1.72483168989502,0.0854916570111718,0.149021083815542,-5.79324671795291
"HDGF",0.213860064855609,0.270633961647605,1.72405143857915,0.0856326045735295,0.149226031714516,-5.79457787150098
"PLEKHA1",-0.185558741943146,-0.190751124030242,-1.72370590696503,0.0856950829635325,0.149294162270711,-5.79516717929528
"TMEM102",-0.173638954929453,-0.252646635782436,-1.72339056313968,0.0857521351478456,0.149317690108326,-5.79570490025141
"SEC23B",0.15608838029772,0.176950344328598,1.72327953148014,0.0857722303971369,0.149317690108326,-5.79589420726332
"BCL2L2-PABPN1",0.160900486465535,0.160833216161428,1.72324354065307,0.0857787450771091,0.149317690108326,-5.79595556841493
"YWHAB",-0.13344412802416,0.183724246397931,-1.72307589855793,0.0858090951744355,0.149329809945154,-5.79624136665675
"CRK",-0.123748109042414,-0.207655311644814,-1.72268550862435,0.0858798055557311,0.14941214127339,-5.79690680222892
"AARS2",0.14222584471131,0.0751583058915938,1.72203206174145,0.0859982686377962,0.149577484405429,-5.798020297716
"PRR15L",-0.208401682565318,-0.279919776065946,-1.72152593009076,0.0860901161273012,0.149696457372772,-5.79888247794235
"RNASE6",-0.196120269887365,-0.0839819511800379,-1.72036520928348,0.0863010522647642,0.150022384620343,-5.80085879132203
"NAGLU",0.212514080574641,0.00450461104968955,1.719582006671,0.0864436193574696,0.150153276419598,-5.80219157967492
"RNASE4",-0.250477091776147,-0.492641412915441,-1.7195777248996,0.0864443992970822,0.150153276419598,-5.80219886439515
"LGALS8",0.170174728124398,0.0965769116797263,1.71956400720865,0.0864468980608369,0.150153276419598,-5.80222220263946
"RABL6",-0.132575213277732,-0.0223126077896127,-1.71891424094204,0.0865653242155846,0.150318084067584,-5.80332745646515
"MFAP5",0.224386680188028,-0.655923544462066,1.71795461574024,0.0867404658117804,0.150581259980483,-5.8049590305793
"OSBPL11",-0.100807851947396,-0.0399025112875378,-1.71772054007364,0.0867832306318188,0.150614549492841,-5.80535687497549
"TIMM10B",0.167915999838534,0.233753891978889,1.71583870734466,0.0871276566519467,0.151171219489859,-5.80855337854721
"HMGN1",0.173223395634571,0.162803057182736,1.71553285469783,0.0871837404740153,0.151227433557888,-5.80907257836433
"SDF2",0.201740361181332,0.219288230686369,1.71514252872372,0.0872553565702115,0.151310551792721,-5.80973504373276
"DDX23",0.0958545796019766,0.318340652406647,1.71415013746881,0.0874376529678654,0.151585504805816,-5.81141867382725
"IVD",-0.212468652977921,-0.0357751290434095,-1.71386963552782,0.0874892354331093,0.151633759022911,-5.81189438269019
"CMC1",0.225241909145649,0.224932739573574,1.71333491427155,0.0875876354793435,0.151763107879405,-5.81280101533873
"CLTA",0.118809459127416,0.28442337450805,1.71220057063434,0.0877966756942789,0.152084040778071,-5.81472340192648
"FBXO2",0.337235846269062,-0.471471038731195,1.71178506810567,0.0878733468117509,0.152175568048015,-5.81542724638079
"CS",-0.136873272822938,0.0727671647731357,-1.71157078604135,0.0879129086705889,0.152202798769444,-5.81579016593135
"NT5C3B",0.150140405440672,-0.0788215013499725,1.70836637251855,0.0885062471207052,0.153188503080971,-5.82121200748142
"MMP12",0.489552692184184,-0.749408609767842,1.70734268528281,0.0886964779343906,0.153476154908153,-5.82294197419993
"KRT16",-0.483055263899867,-1.12429642914674,-1.70699512600974,0.0887611397568028,0.153546431142559,-5.82352909574518
"LYSMD2",0.188542921553988,-0.159287905761004,1.70621281095113,0.0889068255320855,0.153756793343003,-5.82485020765553
"NAA35",0.109104853839172,0.138261753080159,1.70583746693836,0.0889767922363222,0.153836127383947,-5.82548384777677
"CAMKK2",-0.107242358277785,-0.140947519995293,-1.70547622048954,0.0890441731345605,0.153910948961605,-5.82609355963229
"TPP2",-0.127493908635309,0.0845367586720228,-1.70424237029132,0.0892746264539753,0.154267520949562,-5.82817509562445
"TNK1",-0.137763319384412,-0.122811537509409,-1.70174740387975,0.0897421001756405,0.15503336299282,-5.83237964348299
"SUCLG1",0.158815305074879,-0.0121332514798216,1.70137967386209,0.089811167644264,0.155110712850589,-5.83299883483126
"SMC6",0.132351051105951,0.00619210291098834,1.70098980396039,0.089884440390834,0.155195281745667,-5.83365516217451
"FARS2",0.140853452378746,0.0565933951962855,1.70022652765599,0.0900280316653362,0.155401184694018,-5.83493967343427
"ACOX3",-0.231566286347799,-0.0568433367394271,-1.69984068696113,0.0901006884474328,0.155484566415367,-5.83558878592756
"SPR",0.216654372607309,0.0886874141714446,1.69930386393161,0.0902018552225035,0.155617088785649,-5.83649166015684
"C12orf29",0.140226919931769,0.0946872852486202,1.69916189182389,0.090228625869084,0.155621225330659,-5.83673039396249
"USP48",0.132357906733516,-0.0120591775036346,1.69851416157311,0.0903508451519157,0.155789939588167,-5.83781933884145
"POLDIP3",0.137518675876177,0.0979786240315732,1.69810000421153,0.0904290620128193,0.155882710840133,-5.83851539408171
"CRIPT",0.156120811564934,0.106011761020437,1.69672859514988,0.0906884540673248,0.156287659708467,-5.84081906763081
"LRRC20",0.191085183570573,0.0304291936099367,1.69649137792318,0.0907333829128275,0.156322895277497,-5.84121735623224
"TXNL1",0.16204021783428,-0.000719081423164303,1.69619443945253,0.0907896482817779,0.1563776380575,-5.84171583990044
"SGCE",-0.208133071153815,-0.4033355002049,-1.69583275547123,0.0908582200264663,0.156453542305552,-5.8423228988753
"ENAH",0.156082397911779,-0.0815287256227517,1.69350485805284,0.0913005684872248,0.157172857856816,-5.84622705264193
"OPTN",-0.14781261203596,-0.0652958002865673,-1.69206917704249,0.0915742433909547,0.157601494353435,-5.84863222858553
"EMILIN2",-0.210096708277346,-0.0524983044713714,-1.69181443162615,0.0916228730335898,0.157642695855422,-5.8490587905389
"RNF41",0.12458289257424,0.00535160248583538,1.68929776127299,0.0921044141456968,0.158412537098341,-5.85326947175531
"AFAP1L2",-0.226691493068597,-0.249054758389494,-1.68921685006777,0.0921199295608676,0.158412537098341,-5.85340474336614
"THYN1",0.16392062217561,0.1771598322729,1.6880540930442,0.0923431311748523,0.158722458318877,-5.8553479984431
"VAMP7",0.191063563853276,0.0360969100108743,1.68792100709429,0.0923687060169554,0.158722458318877,-5.85557033416286
"MBD3",0.18015953381448,0.158660340945322,1.68781607690212,0.0923888742558398,0.158722458318877,-5.85574562023337
"CCNYL1",0.18732583917787,-0.207496977745324,1.6877603368715,0.0923995892828921,0.158722458318877,-5.85583872969681
"NPM1",-0.157376000363907,0.279187500966156,-1.68699323691839,0.0925471524295803,0.15893318135096,-5.85711980457493
"AGPAT3",0.18604638042214,-0.175444090609474,1.68674044357389,0.0925958226310854,0.158952809080824,-5.857541849979
"NAGA",0.170116348793872,-0.0288364674736328,1.68667528387312,0.0926083711481075,0.158952809080824,-5.85765062580522
"DCAF5",0.143801495009279,0.0114881825715713,1.68636670992106,0.0926678152417483,0.159008170297083,-5.85816569464753
"ATG16L1",0.115873952543741,0.0581892150909977,1.68624315240476,0.0926916261513386,0.159008170297083,-5.85837190976341
"SEC13",0.101519454625205,0.368216943546793,1.68612014664222,0.0927153356328958,0.159008170297083,-5.85857718926139
"ARHGAP21",-0.144209079111819,-0.148926167596004,-1.68502033156525,0.092927543505548,0.159329313985748,-5.86041197341035
"COL6A2",-0.19427625189282,-0.572851998274329,-1.68488473303084,0.092953734162085,0.159331434261722,-5.86063810635864
"STOML2",0.184143818147109,0.0744478709910972,1.68394778636903,0.0931348667067839,0.159599067075366,-5.86220013083389
"TNC",0.360697440882493,0.12147288862326,1.68321725581238,0.0932762917749521,0.159798530448905,-5.86341743752136
"PSME3",0.151477479188261,0.412179717442691,1.68239022251455,0.0934366078878378,0.160030241782147,-5.86479492324105
"RNASE1",0.332892919367912,-0.358673725949098,1.68099240587429,0.0937080721711597,0.160421493793348,-5.86712157841507
"LIMK2",0.146173993915394,-0.053475488317601,1.68091843281119,0.0937224558649983,0.160421493793348,-5.86724465305394
"MYO19",0.154284395669518,-0.00580329616465503,1.68078458993695,0.0937484854666183,0.160421493793348,-5.86746732414243
"RNMT",0.135483959045347,0.383322772475556,1.68069687887345,0.0937655465680151,0.160421493793348,-5.86761323742187
"BOD1",0.134097808350404,0.185676938656498,1.6802743767981,0.0938477645321658,0.16051914721079,-5.86831599329867
"STX8",-0.115038858230185,-0.0516286800399451,-1.67715064109735,0.0944574401028507,0.161518681054285,-5.87350637420533
"ACAA1",-0.178377803634399,-0.0189534925146701,-1.67695509114875,0.0944957124145311,0.161540863123636,-5.87383098306472
"TRIP6",-0.146269339133807,-0.160608842879645,-1.67632238125729,0.0946196296097613,0.161709404458867,-5.87488101339793
"ITGA7",-0.255294120292144,-0.51439927524752,-1.6759887482137,0.09468502480841,0.161737876317177,-5.87543454602487
"ARMC9",0.158973148159223,0.114725699410551,1.67597892435602,0.0946869509277379,0.161737876317177,-5.87545084320572
"MRFAP1",-0.16816698043787,0.00528717824204026,-1.67474861509095,0.094928421533009,0.162106972850565,-5.87749110890352
"CFL2",0.20204801288278,-1.02922104462398,1.6745200326211,0.0949733395534396,0.162140313649388,-5.87787001310378
"SNX8",-0.122629306613584,0.204097220819361,-1.67438220667812,0.095000431560037,0.16214321184465,-5.87809845237145
"RPS8",0.139548658428034,0.212295513744737,1.67387495488005,0.095100194000559,0.162233906289092,-5.87893903639409
"SMYD5",0.126470053540946,0.163978402219295,1.67385364435147,0.0951043870383822,0.162233906289092,-5.87897434530735
"TMCO4",0.144630163655568,-0.0644580064808803,1.67346021288004,0.0951818249416336,0.162322636819533,-5.87962613325691
"RALGAPA2",-0.186868660264525,-0.069172784609333,-1.67301741485555,0.0952690401850825,0.162427989741456,-5.88035952535268
"FKBP4",0.209620909554579,0.0805305161733401,1.67176557635489,0.0955159551007956,0.162805492076503,-5.88243187285347
"UBE4B",0.110506628164228,0.0316147106464324,1.67083889632896,0.0956990665199166,0.163074069850458,-5.88396495662658
"PAPSS2",0.242865503997884,-0.627357568589992,1.67013192766523,0.0958389528679596,0.163268867145657,-5.8851339916218
"SRRM1",0.102426155834017,0.227548682102512,1.66971286403074,0.0959219496648974,0.16336667074163,-5.88582672064665
"DPF2",0.100870403222788,0.140746653331651,1.66923289018729,0.09601708090257,0.163485083083442,-5.88661992670378
"COL5A3",0.217251276686543,-0.442262822089944,1.66865336511233,0.0961320443518531,0.163637190932173,-5.88757735259042
"PRTN3",-0.429871307320752,-0.966847836149537,-1.66770438120509,0.0963205382400126,0.16391434879064,-5.88914445073409
"NUP43",-0.133455944672365,0.0530022358102686,-1.66645339172529,0.0965694724064681,0.164291936282842,-5.89120892435682
"TRAPPC2L",-0.0882055186391299,-0.0049942089821533,-1.66633086984608,0.0965938807839917,0.164291936282842,-5.89141103695251
"RHOB",0.233416557702395,-0.404439409004104,1.66573002551621,0.0967136506519772,0.164451840056691,-5.89240198069993
"EMILIN1",0.199111300295337,0.00192091739408155,1.66552626223194,0.0967542950811023,0.16447714965198,-5.89273795792288
"GPD1L",-0.247838753286058,-0.442323915731547,-1.665311209283,0.0967972063309132,0.164506298222752,-5.89309250639185
"LAMP2",0.202835621440966,0.0679562972275393,1.66517278095116,0.0968248361405768,0.164509467471416,-5.89332070336306
"SDHAF3",0.238634282029887,0.0617920276230651,1.66452469440974,0.0969542762242404,0.164685568952321,-5.89438881594859
"PPP2CA",0.144437263925728,0.111757538396415,1.66423919016045,0.097011343089711,0.164738677028671,-5.89485922628165
"GIMAP2",-0.221247445147328,-0.297160744241007,-1.66391082424156,0.097077010544484,0.164806357970362,-5.89540015942359
"BOLA2",0.168533274931768,0.293572893079775,1.6628003320275,0.0972993541918044,0.165139919328727,-5.8972287495265
"BRD2",0.125619546421615,0.00302732522032576,1.66209871153505,0.0974400439007818,0.165304795439375,-5.89838345286624
"ANKRD13A",-0.106369863705337,-0.129307474413602,-1.66205767713171,0.0974482772175107,0.165304795439375,-5.89845097106984
"LMOD1",-0.249917400728308,-1.14079996058677,-1.66090592795266,0.0976795970119179,0.165653181121141,-5.90034539598438
"PIK3R2",-0.118049894112289,0.035340562356468,-1.65889577803489,0.0980843757008158,0.166295469689248,-5.90364864534806
"OCIAD1",0.149217071196852,0.0806183301185359,1.65844600681969,0.0981751289957934,0.166405149625203,-5.90438720909223
"RICTOR",-0.122000750289589,0.0188455412890939,-1.6575511899149,0.0983558824449383,0.166667279567657,-5.90585599115097
"TRIP12",0.111801735694327,0.143506310764282,1.65731301616035,0.0984040386213115,0.16667342017852,-5.90624680606264
"EMC1",0.10989299089904,0.0688023666852626,1.65720291489804,0.0984263063065584,0.16667342017852,-5.90642745052167
"MRPS31",0.156652558325322,0.247319083385435,1.65714600417896,0.0984378179315897,0.16667342017852,-5.90652081999263
"GALM",0.22126076794596,-0.0111242629720803,1.6548007723742,0.098913140124016,0.167433828126151,-5.91036573660516
"SON",0.0939551064357799,0.226336745547695,1.65465046119632,0.0989436672400689,0.167441111934227,-5.91061198333422
"POGZ",0.11357315937809,0.0522107784556083,1.65341823181821,0.0991942090374343,0.167820621278224,-5.91262984911557
"PNPO",-0.163927953463143,0.0123721321527001,-1.65298842849812,0.0992817179026135,0.167924177167732,-5.91333333571028
"AGTRAP",-0.21404667196661,-0.163827373108666,-1.65208432955872,0.099465996347622,0.168191310031665,-5.91481254512096
"IGF2BP3",-0.624247483454736,-1.20245075503507,-1.65194691595361,0.0994940287314719,0.16819416824211,-5.91503729983395
"GGCT",0.272402021778677,0.165861994503258,1.65151964348854,0.0995812327929273,0.168297027893817,-5.91573603237474
"THBS4",0.346165713999935,-0.487541565144101,1.65131553965241,0.0996229109234092,0.168300669887908,-5.91606974726246
"MDK",0.365658773152598,0.217157288793677,1.65125093926646,0.0996361052742822,0.168300669887908,-5.91617536206074
"SELENOO",-0.125192332772159,-0.145915409453838,-1.65027928007665,0.0998347314591414,0.168591579044332,-5.91776343179757
"YPEL5",-0.127069871154963,0.0880659327017254,-1.6486512180735,0.100168250203896,0.169110068099385,-5.92042225859834
"RRP9",0.149567957502766,0.22627219054643,1.64834712971604,0.100230643410174,0.169170673585503,-5.92091858643356
"LDHD",0.237387191514427,-0.442899689280012,1.64820078261934,0.100260682171491,0.169176653188417,-5.92115741957136
"QRSL1",-0.150769448097067,0.0348245617072498,-1.64671913991775,0.100565205809636,0.169645664225766,-5.9235742319689
"THOC2",0.114037554367094,0.208428497697904,1.64551284149106,0.100813684142634,0.170019908412763,-5.92554033182405
"ADAM15",0.196365661915103,-0.201426432497551,1.64475319891043,0.100970410469185,0.170239258211182,-5.9267777170555
"EMC10",0.128280756392292,0.048938108908701,1.64329331338934,0.101272155467888,0.170702933649014,-5.92915415315535
"CRKL",-0.0991196342777568,-0.0541931409838002,-1.64151372711398,0.101640955009744,0.171279360711854,-5.93204819803137
"PHLDA3",-0.218602014604884,-0.0583298321439314,-1.64044477450016,0.101862999513813,0.17160824588277,-5.93378509480258
"NACA",0.127398158003314,0.249826132797788,1.63969020494357,0.10201997330429,0.171816822381091,-5.93501049339643
"ICAM1",-0.269383230615825,-0.145660828037483,-1.63959100192782,0.102040624975583,0.171816822381091,-5.93517155490013
"TMEM222",0.183815809940111,-0.299068036870246,1.63904890405891,0.102153535699285,0.171937279366149,-5.93605151100852
"DAAM1",-0.155841747206099,-0.325569530780484,-1.63898457233025,0.102166941645269,0.171937279366149,-5.93615591797945
"OGDH",-0.13270662147692,-0.0477688563288496,-1.63885979201868,0.102192948346834,0.171937279366149,-5.93635841828858
"NEGR1",-0.247902338693311,-1.07631281531307,-1.63677410972258,0.102628430071513,0.172624479980666,-5.93974093183277
"PGM1",0.16627537408162,-0.189403936937497,1.63635009429905,0.102717143842012,0.172708964007082,-5.94042807233662
"SPRYD3",-0.103777677307601,0.100632430302837,-1.6362755061895,0.102732755724181,0.172708964007082,-5.94054892838776
"KCTD14",-0.354112054334011,-0.830534003812205,-1.6355252407135,0.102889897704404,0.172927611698505,-5.94176429150236
"SLC25A11",0.166437500498714,-0.308562100220162,1.63503663470792,0.102992338712282,0.173054232283663,-5.94255549475432
"CLGN",0.342435694999747,-0.158158541211822,1.63472774539757,0.103057142389401,0.173117562261595,-5.94305556145561
"YME1L1",0.139215464546728,0.171260941148363,1.63435451011783,0.103135489030496,0.173203602698506,-5.94365967503002
"RAB22A",-0.129806584534917,0.0409133686660107,-1.6339958899595,0.103210812587896,0.173284522317569,-5.94424000490962
"TMED4",0.171534085699136,0.185806767356728,1.63342933527869,0.103329899648892,0.173438856271865,-5.94515656531023
"SCARB2",0.208450746412991,-0.140547511833491,1.6331189937182,0.103395178449277,0.173502815873492,-5.94565849686822
"DUSP11",0.139755632415486,0.0681895449361846,1.6319408658391,0.103643291633407,0.1738734674407,-5.94756309009217
"CLK3",-0.12010904175035,0.0370177643881606,-1.63148087681799,0.103740294040088,0.17399048527606,-5.94830635361785
"GTF3C1",0.104352701015276,0.169682141123479,1.63107557608794,0.10382582383894,0.174088205150113,-5.94896107936563
"SHC1",0.110260816585514,0.136254915697751,1.62940375032881,0.104179220984653,0.174634897870047,-5.95166006699114
"ITPKB",0.158726785877385,-0.425172227164222,1.62924753701677,0.104212290948357,0.174644482337338,-5.95191211789427
"CLIP1",0.102373257956419,-0.00597632042298073,1.62862840660385,0.10434344169063,0.174818387613401,-5.95291085379696
"MRC2",-0.21807799702014,0.137380405357852,-1.6278097653976,0.104517057056992,0.175063328779878,-5.95423085243433
"NR2F2",-0.18642903365925,-0.191267818256623,-1.62636200608072,0.104824658272216,0.175532505394204,-5.95656365891355
"GRAP2",-0.203255997615878,-0.252663727940264,-1.62617848372079,0.104863702242525,0.175551845521374,-5.95685922666004
"HELZ2",0.178614875108128,-0.029123328287977,1.62569086231123,0.10496749894945,0.175679549355763,-5.95764439472105
"STAU1",0.148221974927643,0.358405103709669,1.62472548089823,0.105173234872885,0.175977752794385,-5.95919816849721
"TPR",0.0863183570561,0.257877801067472,1.62374014475259,0.105383554813013,0.176283468032771,-5.96078312262944
"RAI14",-0.151482731696004,0.142639953789827,-1.62209772765664,0.105734873641384,0.176824821424891,-5.96342291561362
"PRPF4",0.0985684985662607,0.231511731101163,1.62163923606732,0.105833113062124,0.176942766928951,-5.96415936186141
"CD209",-0.236190898794266,-0.323608797722695,-1.62098557475882,0.105973296564785,0.17711976483955,-5.96520894269316
"PARP12",0.136483945399176,-0.012981857417554,1.62088695581041,0.105994459115414,0.17711976483955,-5.96536725851071
"THNSL1",0.2193576879721,-0.106982519218578,1.61994056328724,0.106197715848726,0.177412981604949,-5.96688604750165
"MTMR2",-0.150341984289978,-0.128013038697598,-1.6198104232652,0.106225690287381,0.177413296490957,-5.96709483044274
"ACOT1",-0.199126693854719,-0.243971640514186,-1.61938026039181,0.106318198341329,0.177521364123794,-5.96778482097401
"SEPHS2",0.159805302481782,0.119579702287527,1.61878570221904,0.106446165802485,0.177688566967024,-5.96873820818042
"UQCRH",0.184547768204793,0.205593413642811,1.61766294666923,0.106688152290801,0.178045962461256,-5.97053763185937
"ANAPC16",-0.102850189999487,-0.0388174103803014,-1.61649489239008,0.106940366600205,0.178420235365119,-5.9724083509792
"USF1",0.139908431958622,0.125629123891843,1.61601656011489,0.10704378826533,0.178520762935528,-5.97317404911539
"APOBR",-0.17566364106324,-0.224443938453355,-1.61595761273821,0.107056538963216,0.178520762935528,-5.97326839464626
"GM2A",-0.210616598669193,0.0422275287785575,-1.61282174356918,0.107736592051674,0.179607869516955,-5.97828248344132
"NELFB",0.110103766016605,0.206783549746243,1.61173492228198,0.10797308325784,0.179955138763066,-5.98001801607618
"IMP4",0.132688996850274,0.149911831155443,1.61053475552971,0.108234717762729,0.180344121324381,-5.98193321078994
"UBAC2",0.178496907411757,0.0455855006094876,1.6085390665424,0.108670890532166,0.181023646242599,-5.98511476984714
"IRAK4",-0.106450591946607,0.128891934502947,-1.60832844240156,0.108717005393305,0.181053228856613,-5.98545032364588
"RALGAPA1",-0.138184324520455,-0.0528656650709049,-1.60744320236988,0.108910993314166,0.18132899408369,-5.98686016222752
"UCK2",0.204518127176383,-0.0718000437010136,1.60653509208331,0.109110278601124,0.181613432968763,-5.98830563012799
"MTFR1L",-0.129311819064002,-0.0320608169297003,-1.60578051137912,0.1092760920033,0.181842024352637,-5.98950610843206
"COL2A1",0.313726030568071,-0.122741869423208,1.60480619188758,0.109490487329724,0.182151318811956,-5.99105535249084
"RBM8A",0.110281489705397,0.260272574905851,1.60443068330787,0.109573205700533,0.182241447876504,-5.99165219331198
"PIP5K1C",0.126737574352272,-0.36067547818595,1.60393763862132,0.109681890688465,0.182374706261941,-5.99243563956405
"PPIP5K1",0.168593696068231,-0.27016063404833,1.60355097851419,0.109767184514448,0.182469011487829,-5.99304987524652
"EXOC8",-0.0836995153961416,0.0182822147657611,-1.6021905524076,0.110067701223425,0.182920945422063,-5.99520984503961
"RPL5",0.0974906182945676,0.215789343940561,1.59898106860596,0.110779260515468,0.184055575954011,-6.00029844065634
"RANBP10",-0.101163850937146,-0.0994672853844809,-1.59747369108972,0.111114710869912,0.184564887852338,-6.00268490123295
"NDUFAF7",-0.152632021763558,0.0356322224260949,-1.59706225267072,0.111206411776974,0.184669164940436,-6.00333590020633
"NHP2",0.140275235449429,0.323861830692914,1.5957502293894,0.111499234789414,0.185107283965265,-6.0054107479727
"ANKRD54",-0.10308649312456,-0.0893712888544223,-1.59130294895944,0.11249634723004,0.18668854111181,-6.01243123312995
"DEFA3",0.568875833236964,-1.03654157708349,1.59124146778969,0.112510181080383,0.18668854111181,-6.01252815221351
"NOC3L",0.156622846763705,0.220042250802385,1.59087226523332,0.1125932835211,0.186777894331572,-6.01311008656948
"TAP2",0.282262433162756,-0.322357206293964,1.58860952424826,0.113103657864938,0.187575806614968,-6.01667369733722
"CAPZA2",0.0911825997001046,-0.122405593669909,1.58801968702837,0.113236999514017,0.187748180186186,-6.01760181643853
"SLC25A13",0.225815211360854,0.149320543979002,1.5876419182053,0.113322465224411,0.187841106037868,-6.01819606392639
"ZNF414",0.112780116085297,0.00697849717600242,1.5875102345248,0.113352269089379,0.18784174361165,-6.01840317560073
"PRKAB1",0.155977063466188,-0.0254662970073823,1.58698286688059,0.113471689967231,0.187990851178196,-6.01923244820718
"DEF6",0.154506899645344,-0.00988874849707073,1.58653058914827,0.113574186233035,0.188111849312044,-6.01994342763735
"KLHDC4",0.158742539183116,0.139825241034343,1.58298834074801,0.114379474599097,0.189367731795253,-6.0255049301244
"TOR4A",-0.15846501691991,0.106010901415811,-1.58293448514016,0.114391752785324,0.189367731795253,-6.02558939156571
"C2orf49",0.109230003688228,0.0855501871908323,1.58123079523386,0.114780704017198,0.189962362661951,-6.02825981778389
"CBLL1",0.0820795912368543,0.0877231563902156,1.58095385830295,0.114844027173934,0.189994969611068,-6.02869363129585
"OPA1",0.114704678080922,0.212477776105324,1.58088437615575,0.114859918981789,0.189994969611068,-6.02880246128053
"TXNRD1",-0.192178973340229,-0.102240767842411,-1.58033599498969,0.114985404539902,0.190138123862868,-6.0296612261525
"PSMB6",-0.160120741167503,-0.0902246028080209,-1.58024595142459,0.115006019476648,0.190138123862868,-6.02980220632127
"PRR5-ARHGAP8",-0.194556335921983,-0.240454150133283,-1.57881177774951,0.115334758830963,0.190632263819751,-6.03204660885266
"RPRD2",0.122972982330029,0.107127630605376,1.57851322339466,0.115403286315857,0.190696165405472,-6.03251357749939
"POTEJ",0.306766205410736,-0.899968133103549,1.57765275775583,0.115600969804439,0.190973400310827,-6.03385894454096
"EMD",0.165074539388987,-0.0543969706881797,1.5772145007848,0.115701757762023,0.191090461280527,-6.03454389636063
"RRP8",0.120959247900731,0.24552808833374,1.57690230772646,0.115773596538899,0.191159662244859,-6.03503170856823
"TOP2B",0.128097538640156,0.152591109517324,1.57556517060798,0.116081683864597,0.191586953612535,-6.0371199543492
"TTC19",-0.169925534944162,-0.106322323692956,-1.57551874597042,0.11609239209505,0.191586953612535,-6.03719242570705
"CA2",0.367619754590117,-2.38576057318028,1.57500508943872,0.116210923316009,0.191733009140237,-6.03799413080851
"TFG",-0.100129958614721,0.0942522336392233,-1.57456983642283,0.116311436915818,0.191849270138852,-6.03867326368075
"S100A6",-0.263709505029271,-0.212886947621328,-1.57406638474916,0.116427785300162,0.191991582939445,-6.03945857748192
"NCKAP1L",0.165530719532479,-0.0585322450933026,1.57377194134509,0.116495874137324,0.192020058216971,-6.03991775312897
"TAF12",0.0913191245665343,0.331566784603571,1.57373162076284,0.116505200553257,0.192020058216971,-6.0399806252791
"MRPL23",0.174432474566613,0.0746044467893322,1.5730234465568,0.116669101977424,0.192199737088403,-6.04108462731381
"CDK5RAP1",-0.135039211378019,0.177930876507738,-1.57290301258026,0.116696993578459,0.192199737088403,-6.04127232811575
"TIMM44",0.142095588067925,0.184157177632767,1.57287050405544,0.116704523209356,0.192199737088403,-6.04132299142635
"MED18",0.129804033490837,0.107093263570825,1.57247925385159,0.116795174729343,0.192299430285419,-6.04193265920841
"TMED3",0.193402948437297,0.352612921722876,1.57232568743775,0.116830770792657,0.192308448443185,-6.04217191408608
"RTN1",-0.190251433452061,-0.584582486346131,-1.57100221743955,0.11713790052005,0.192764302788793,-6.04423291257084
"RAB6B",-0.241448783617601,-0.148840241440183,-1.57082650693613,0.117178724439533,0.192781797358005,-6.04450641248672
"COX11",0.176587836691487,0.0533151422371349,1.57017743694244,0.117329624214524,0.192980332460004,-6.04551645273
"TRIM47",0.134823873729612,-0.112076739655188,1.56852391062078,0.117714738608861,0.193563895446195,-6.04808770389715
"RPP40",0.136885155099469,0.259537141817679,1.56839139105269,0.11774564614508,0.193564868855905,-6.04829365772539
"MCM2",0.260920929394684,-0.0515518661798756,1.56719315518839,0.118025401162346,0.193974822759738,-6.05015510451232
"FDXR",-0.216278242599483,0.0643501738633559,-1.56584770020218,0.118340151785303,0.194442066173227,-6.05224358414935
"POGLUT1",0.113361868663412,0.0908176822745832,1.56414922228014,0.118738431136425,0.195046278056618,-6.05487751925166
"ACADSB",0.285107392534925,-0.35531219938001,1.56374428959416,0.118833540246296,0.195152303105092,-6.05550505772389
"VPS26B",-0.0961731543096425,0.0771175782613143,-1.56332793960896,0.118931393552508,0.195262779077594,-6.05615012306798
"COL6A3",-0.203598560113388,-0.482518485983215,-1.56282565188403,0.119049528941094,0.195406489020279,-6.05692810945967
"DFFB",0.150586693561191,0.0274502074621637,1.56256268303363,0.119111414645445,0.195457821257046,-6.05733531997538
"SUDS3",0.0984653858022322,0.120126958438212,1.55963303852685,0.119802575783287,0.196541481597197,-6.06186734463728
"DIMT1",-0.130430766891156,0.202876011093081,-1.55896909003694,0.11995965213564,0.196748620314941,-6.06289327744237
"B4GALT1",0.195037242514309,0.0806453652226102,1.55835243153046,0.120105685740665,0.196937545827977,-6.06384575224844
"CELF2",-0.161157594764186,-0.0891544163919025,-1.55813379155121,0.120157496399288,0.196971916433749,-6.06418336875022
"SLC44A1",0.144051112445982,-0.270822216049868,1.55757832006282,0.120289204381069,0.197137209952034,-6.06504089920037
"NDUFAF1",0.164134773851383,0.0111665657188905,1.55640539564804,0.12056768976289,0.197542904576868,-6.06685065652585
"MRPS14",0.152344200128922,0.0557554130046393,1.55575131499957,0.120723207002645,0.197746966832192,-6.0678592832275
"AKR1B1",-0.191107265643766,-0.208246335611368,-1.55533682002227,0.120821840850019,0.197855802843289,-6.06849823998405
"PHF1",0.145382433823207,-0.112114963383136,1.55521170498446,0.120851625855729,0.197855802843289,-6.06869107569853
"GFM1",0.154439520302514,0.160065131490901,1.55472197119782,0.120968267865393,0.1979959985441,-6.06944573933667
"LSM3",0.163860182233456,0.189436301402266,1.55402952976805,0.121133340610703,0.198215371552881,-6.07051236907881
"CRISPLD2",-0.214896218140128,0.00224203427216538,-1.55373081038091,0.121204607663696,0.198266434600447,-6.07097236881617
"METTL17",0.155557621387787,0.0832957618924583,1.55363844650025,0.121226650067368,0.198266434600447,-6.07111458286002
"DSCC1",0.226678656292831,-0.00771569736298821,1.5530742299977,0.121361367291583,0.198435936019657,-6.07198313452883
"TOMM40",-0.157875347307113,0.183728428828285,-1.55256274741106,0.121483594933625,0.198584934370506,-6.07277023924437
"KCTD10",-0.0920863316478249,-0.0377443707558454,-1.55067587369633,0.12193533277351,0.199272357245677,-6.07567168096636
"REXO4",0.193637501186363,0.143983966084415,1.54977666689632,0.12215107615646,0.199573853955731,-6.07705316596875
"SP140L",0.140812574641848,0.0696085045829539,1.54918364023208,0.122293522794688,0.199755472766458,-6.07796382283625
"RCC1",0.15927083554527,0.301362264139634,1.54854172987955,0.122447858371837,0.199897001875606,-6.07894915878989
"MCU",0.179425344040675,0.161091481578099,1.54853452969493,0.122449590390909,0.199897001875606,-6.07896020883078
"ARMCX3",0.197086081415345,0.14662145575,1.54843268646358,0.122474091047357,0.199897001875606,-6.07911650104838
"UBLCP1",-0.12101626714087,0.291420278730238,-1.54819573613595,0.122531109614559,0.199938956015578,-6.07948009418023
"NDUFA4",-0.182940353084227,0.273972668193497,-1.54763743323866,0.122665539272485,0.200107171245482,-6.08033657630681
"MLX",0.132753264518111,-0.00445868705834034,1.54737843346603,0.122727941216385,0.200157830055331,-6.08073379967774
"AP1S3",0.20172319860397,-0.259203794158605,1.5471164371108,0.12279109048317,0.200209681495159,-6.08113555219121
"DDX21",0.219310732035434,0.174351447846831,1.54686450478374,0.122851838050984,0.200257591512774,-6.08152180900985
"HNRNPA0",-0.1184629309696,0.239133020067556,-1.54668618326293,0.122894850351724,0.200276574654354,-6.08179516997168
"NOP16",0.150917323755686,0.283182796601591,1.54633309959165,0.122980051270248,0.200364283582682,-6.08233634386227
"HSP90AB1",0.126279137369111,0.256219272764997,1.54494201762041,0.123316177596513,0.200860661722891,-6.08446728024719
"C9orf78",0.1124721610047,0.108160355133116,1.54463447821758,0.123390585335379,0.200930601215608,-6.08493813099155
"RNF31",-0.0918827366475431,-0.0219729279587046,-1.54430139536433,0.123471212909986,0.200991522779992,-6.08544798519768
"PSMG3",-0.136535136551551,0.115647867529732,-1.54421039642623,0.123493247717842,0.200991522779992,-6.08558725959365
"TBP",-0.121979133629946,0.135662862070982,-1.54408988675048,0.123522433107077,0.200991522779992,-6.08577168789325
"ABCC4",-0.201808066808469,-0.233247701095816,-1.54333868296801,0.12370448382223,0.201236466039476,-6.08692101214236
"MVP",0.166027530690148,0.213117319323022,1.54110307991057,0.1242475165634,0.202068363030389,-6.09033817115014
"ERI1",0.15653354984069,0.182955269684398,1.53966101895537,0.124598786239106,0.202588044343441,-6.09253979643606
"PRPH",-0.25372301802639,-1.12724693564901,-1.53768614226652,0.125081105571695,0.203320483471301,-6.09555158656481
"NRP2",0.173641598462557,-0.232714899912598,1.53726475653646,0.125184208609942,0.203436287089458,-6.09619372855054
"P4HA2",0.241709225360161,0.442890381625445,1.53667115032315,0.125329562782495,0.203620676429067,-6.09709801983705
"DCUN1D1",0.105121799915198,0.133561824556427,1.53650198674428,0.125371009431496,0.203636198224397,-6.09735565819832
"NCOA2",0.131806942774944,-0.0190722149518926,1.53602165389631,0.125488753939056,0.203775608825248,-6.09808705905085
"GPN1",-0.105614844168847,0.080619707315052,-1.53533767756499,0.125656567170317,0.203996232235564,-6.09912815794808
"RTKN",-0.150103308923825,0.0853686617459036,-1.5350891950315,0.125717575707902,0.204043396262062,-6.0995062667466
"MED27",-0.0936640946466812,0.101810221762397,-1.53481358828882,0.125785271016947,0.204060616824912,-6.09992557911518
"HSPA9",0.16823527061004,0.270367325390556,1.53466956350916,0.125820658139006,0.204060616824912,-6.10014467111981
"PPP1R11",0.120656969446148,0.0196860086387914,1.53464365381053,0.125827025020799,0.204060616824912,-6.10018408307389
"GBE1",-0.136565765204443,-0.0232210710662968,-1.5345256595962,0.125856023344793,0.204060616824912,-6.10036355901799
"CDK5",0.122263319265272,0.23073824148549,1.53369063550046,0.126061388824944,0.204341702880748,-6.10163328960303
"EBAG9",0.167297185011304,-0.0846042872736051,1.53158101063424,0.126581397107433,0.205112181534223,-6.10483813228954
"DHX29",0.121950674959041,0.207858445279087,1.53150179228434,0.126600956527231,0.205112181534223,-6.1049583923546
"ASPH",0.210454073405314,0.030959252283397,1.53105409332288,0.126711540141996,0.205239265298489,-6.10563792147367
"ACSF2",0.243373264042998,-0.223729953756235,1.53073193877419,0.126791160455261,0.205316144942136,-6.10612677484121
"IRF3",0.115089520934379,0.0505219410595692,1.53043385735228,0.126864865948303,0.205374656453828,-6.1065790081125
"GPT2",-0.287902101755717,-0.22071970949593,-1.5303256750385,0.126891624073665,0.205374656453828,-6.10674311508752
"HMGCL",0.188345628125733,0.0579330422414912,1.5285051594107,0.127342577893902,0.206052295958582,-6.10950302748664
"THBS2",0.442313551921782,0.135704476402788,1.52828447489593,0.1273973279279,0.206088659442523,-6.10983736640025
"SLC3A2",0.221171503441595,-0.0217713793586662,1.5280393949783,0.127458151820222,0.206129993997911,-6.1102086087783
"FASTKD1",0.147888000652448,-0.0939867031524792,1.52781717553631,0.127513321818344,0.206129993997911,-6.11054517180233
"KPNA2",0.255648108783849,-0.00304993300919337,1.52770431146034,0.127541349512547,0.206129993997911,-6.11071609189717
"CCDC115",-0.118284384262295,-0.0172871199243025,-1.52766137392917,0.127552013513821,0.206129993997911,-6.11078111274539
"CCDC134",0.157048237211615,0.246106086974728,1.52681094558562,0.127763370200182,0.20641931141907,-6.11206855592573
"NCOA4",0.133173688368823,-0.0590326847880214,1.5255197453843,0.128084794737611,0.206886267239982,-6.11402192182334
"SAP30L",-0.144723785872453,0.0685714371677356,-1.52498483467947,0.128218137449809,0.207049268491915,-6.11483067323677
"ARL6IP1",0.181395763577998,0.0340468007329165,1.52471706245823,0.128284928499769,0.207068848744127,-6.11523542299343
"AKR7A3",-0.47762458969953,-1.51010206046763,-1.52467619791827,0.128295123826431,0.207068848744127,-6.11529718542024
"HIGD2A",0.245124376094811,0.314339119738687,1.52443559819895,0.128355164072351,0.207113399697236,-6.11566079333502
"NAA25",0.115814173695482,0.105531729749156,1.52282214233201,0.1287583595623,0.20771150222468,-6.1180976772595
"RPL35",0.193453977304477,0.182611958366536,1.52218405890209,0.128918086325289,0.207916640865615,-6.11906070479212
"ESYT1",-0.119800682641534,-0.118289373569186,-1.52152379764499,0.129083527457329,0.208060695416241,-6.12005678525851
"ZNF316",0.137708326061975,0.164702799294913,1.52151734234758,0.129085145773439,0.208060695416241,-6.12006652171782
"TBCK",-0.0906538388331217,-0.0564640888444627,-1.52137455675802,0.129120945572894,0.208060695416241,-6.12028187335268
"DDX60",-0.192714808197569,-0.217743190196685,-1.52130754248639,0.12913775034214,0.208060695416241,-6.12038293853624
"PRKAB2",0.150537774389942,-0.363522794698457,1.52098443610486,0.129218797754126,0.20813875470739,-6.12087015829595
"TRMT11",-0.140696928865299,0.0648713820554701,-1.52034799619649,0.129378557249027,0.208343527877689,-6.12182956262599
"ASCC1",0.101388766510068,0.159116441529604,1.52004080183163,0.129455724465122,0.208415229629299,-6.12229250253736
"SH3BGRL3",0.155579207347691,-0.04813191348471,1.51845036477865,0.129855816488955,0.209006651949074,-6.12468780573943
"KIAA1671",-0.129682256090071,-0.265046360653172,-1.51767248262191,0.130051852164791,0.209263398774191,-6.1258584471764
"GPRC5C",0.316179318647248,-0.124844567720454,1.51755736924209,0.130080881712571,0.209263398774191,-6.12603163203076
"WDHD1",0.240376225681591,-0.013036779713964,1.51733795128031,0.130136229013732,0.209299703338206,-6.12636170432806
"STARD10",0.263897546026932,-0.152729106891636,1.51715877366795,0.130181439464377,0.209319690501146,-6.12663120781817
"CHMP5",0.0980396726782551,0.0964178928238483,1.51671995886156,0.130292213801353,0.209445061712397,-6.12729110259973
"ICAM3",0.219410429092583,-0.263055391281865,1.51558744279942,0.130578445497567,0.209852346967522,-6.12899332350707
"VDAC1",0.185188507262591,0.310788360900439,1.51538203176679,0.130630413468711,0.209883037241499,-6.12930193088828
"PLAT",-0.33701421981938,-1.58395939646911,-1.51474506312507,0.13079166585617,0.210089254463307,-6.13025864361161
"HAUS8",0.150509406135759,0.0965809587202131,1.51454534608558,0.130842257334178,0.210117659225031,-6.13055853247783
"DDX18",0.157530430163102,0.237607026905539,1.51428432604046,0.13090840081494,0.21017101815524,-6.13095041323481
"CDK2",-0.13968605983948,-0.0822235477664627,-1.51337603019603,0.131138769527436,0.210487944553213,-6.13231355814676
"TIA1",0.184407263719168,0.166955371815725,1.51156872379406,0.131598091097984,0.211172106474145,-6.13502351365612
"SULF1",0.302527756419436,0.185002793128224,1.50936418812816,0.132160062060214,0.212020602073987,-6.13832476870578
"HK2",0.219182686001696,-0.194399043435292,1.50908717271946,0.132230809550099,0.212080813608988,-6.13873925854289
"MLF2",-0.182469820599281,-0.135982084674856,-1.5074947010552,0.132638085737776,0.212680607090834,-6.14112057055015
"ANLN",0.306800175123893,-0.286553098841747,1.50735497069872,0.132673868430252,0.212684571912418,-6.14132939883537
"SPAG1",0.254805356598412,-0.162200459615068,1.50641584445726,0.132914558392887,0.213016931560889,-6.14273243615072
"TMEM65",-0.239557284001376,0.0625316295617512,-1.50625600711764,0.132955557121443,0.213029167432977,-6.14297114431006
"CD74",-0.218859594360591,-0.0344917493076761,-1.50567495713464,0.133104680946739,0.213214598054422,-6.14383869959456
"TRIT1",0.147431577245899,0.0639914393394586,1.50415063043523,0.133496510582371,0.213788618025693,-6.14611307521295
"PTN",-0.313680731888681,-1.62384915972751,-1.50361105846942,0.133635422729189,0.213926269771367,-6.14691760045126
"DCTN2",-0.0739765802983385,-0.0456417485858461,-1.5035565046883,0.133649473785119,0.213926269771367,-6.14699892666019
"DEK",0.136640855467681,0.120415571975914,1.50300945566694,0.133790437072022,0.214098230753097,-6.14781428066525
"MED16",0.095090448733947,0.0620869311927958,1.50274484681598,0.133858662779743,0.214153736368994,-6.14820856422574
"HINT2",0.182908670057955,-0.0345899940515513,1.50204802326647,0.134038458370023,0.214387664502153,-6.14924654683481
"HIRA",0.100766667045056,0.0898781488116257,1.50160277477056,0.134153440350888,0.214517835372007,-6.14990953666473
"TRIO",-0.11551499674367,0.0680279213523436,-1.50072435109968,0.13438051116673,0.214827131647364,-6.1512169701643
"CASK",0.136161994253284,0.0971844167686277,1.49961812372108,0.13466689335443,0.215231067351198,-6.15286238990134
"THAP11",-0.114567880237044,0.0950058074253238,-1.49899279892863,0.134828988130166,0.215436208511289,-6.15379197817706
"EEF1A1",0.0936640699588902,0.19652710638866,1.49775290716223,0.135150836986509,0.21589644587412,-6.15563403151339
"TFIP11",0.0940144153858191,0.0987495669530875,1.49610336581273,0.135579945958951,0.216527752613282,-6.15808235249991
"HSPE1",0.225347136577987,0.276391969601692,1.49434534539207,0.136038437373667,0.217205657071984,-6.16068875301823
"BAZ1B",0.13283606277471,0.0858267203564134,1.49396765529425,0.13613709563106,0.217308838901079,-6.1612483131263
"CD9",-0.211998755485959,-0.628176281211826,-1.49285400584116,0.136428320415872,0.217647122595817,-6.1628974085283
"RPL23A",0.110144729809452,0.322351971858255,1.49274198026606,0.136457642369707,0.217647122595817,-6.16306322917274
"SH3GLB2",-0.123219609124872,-0.0883518901149205,-1.4926418480644,0.136483855446828,0.217647122595817,-6.16321143481379
"GYS1",0.123287027200832,0.0160563462909523,1.49250777613098,0.136518959538745,0.217647122595817,-6.16340985928312
"GPATCH4",0.202923328513391,0.210399807358919,1.49238663848682,0.136550683061029,0.217647122595817,-6.16358912607509
"GSTP1",0.254082723935942,-0.283541939876998,1.49237571812194,0.136553543166616,0.217647122595817,-6.16360528598431
"SAMD4A",-0.151010156512555,-0.0548383485601696,-1.49212089218419,0.136620296713636,0.217699175072764,-6.16398234319354
"OTULIN",0.124381466410449,0.088887890841836,1.49198801999759,0.136655113602026,0.217700324438357,-6.16417892441868
"RIPK3",0.156033957509923,0.0554047904025243,1.49087531036408,0.136946950192542,0.218082692899938,-6.16582447381153
"PON3",0.304372957691783,-0.465433259373135,1.49081247281602,0.136963445345145,0.218082692899938,-6.16591736604662
"RGS19",-0.161177654898669,-0.0845033962418587,-1.49029633149414,0.137098993144584,0.218244096541553,-6.16668022738172
"XRCC1",-0.162687253904621,0.257232812706693,-1.48996984916816,0.137184786806967,0.218312133106974,-6.16716263651589
"COX15",0.212638757101293,-0.0878444493993086,1.48987349108193,0.137210115921423,0.218312133106974,-6.1673049949544
"MRPL52",0.180845991289043,0.104978639413165,1.48595735973347,0.13824259672081,0.219900094684199,-6.17308296027268
"MORF4L2",0.145499921210192,0.104343574878799,1.48572949680293,0.138302857007256,0.219941156162224,-6.17341869343283
"DFFA",0.104251872585308,0.11696856864632,1.4826961936648,0.139106977904917,0.221164854064466,-6.1778831217497
"RUVBL2",-0.09576412789903,0.221336862309086,-1.48227580998321,0.13921870528849,0.221287386922332,-6.17850113390796
"MAPKAPK5",-0.172459456528564,0.00668097939495564,-1.48032312655525,0.13973858944565,0.222058460331129,-6.18136953501951
"UBE2L3",0.0921514884540875,0.00924389091178496,1.47953359747354,0.139949219966269,0.222337837642356,-6.18252825719899
"USF2",0.112788533467703,0.14977520411622,1.47777028955313,0.14042052110329,0.223017775088983,-6.18511390613621
"FTO",0.115597918751916,0.0868033608709981,1.47767113664442,0.14044705930036,0.223017775088983,-6.18525920990201
"TNPO2",0.12472607343273,-0.0258269559392216,1.47737881302318,0.140525322037178,0.223086569171403,-6.18568753995661
"RRP36",0.175273715929914,0.0105839401419974,1.47701621193555,0.140622446712815,0.223185265289914,-6.18621872855645
"HSPB11",-0.139720884680951,-0.0552883066026139,-1.47647639031553,0.140767136925571,0.223359386001435,-6.18700929611335
"ZCCHC3",-0.235250057690982,-0.00594118742922623,-1.47448161782643,0.141302800206396,0.224153634613127,-6.18992816190443
"FGF1",0.201949200210539,-0.294057297031997,1.47358761992493,0.141543378684327,0.224479501465332,-6.19123504725084
"PDCD5",0.143390389391207,0.0853981886879041,1.47331604117872,0.141616524204302,0.22453973355959,-6.19163189806738
"ARL6IP5",-0.146925007188076,-0.304327270290687,-1.4731181941342,0.141669829600372,0.224568486096915,-6.19192096125414
"WNK1",-0.110992681910197,0.026159467923555,-1.47261632673579,0.141805115840181,0.224727144363255,-6.19265403962555
"TAF5L",-0.0827111180697329,-0.0027590735723541,-1.47223288311807,0.141908546254623,0.224835252564707,-6.19321397009521
"UTP4",0.131244076953232,0.16342945734442,1.47147068157446,0.142114316004772,0.225105409995156,-6.19432656132764
"CCDC86",0.134184628512114,0.258715746113071,1.47127747591918,0.142166511829892,0.22513223661554,-6.19460849471461
"PLEKHA5",-0.149003089620467,0.00785455972295024,-1.47084803293654,0.142282581745642,0.225253442839145,-6.19523502415632
"ESF1",0.146534092704245,0.280562242629176,1.47058390088636,0.142354007693479,0.225253442839145,-6.19562028601923
"ILKAP",0.0956692772868167,0.110414873160147,1.47050430121784,0.142375538264741,0.225253442839145,-6.19573637635985
"CCDC174",-0.101930335107074,0.140481242271557,-1.47047240929644,0.142384165277805,0.225253442839145,-6.19578288667288
"GLA",0.224284891771319,-0.0232780122917463,1.47031700986039,0.142426207803999,0.225264140903773,-6.19600950275057
"EPHB2",-0.218001631707962,0.104145891529438,-1.46776567014086,0.143117829526391,0.226301966697872,-6.19972669366155
"MAP4K5",-0.100318868624242,0.158652330277216,-1.467345648468,0.143231937500222,0.226426323579826,-6.20033803612055
"RFK",0.167986643052324,0.0680747568678681,1.46697486022045,0.143332728408417,0.226529572001916,-6.20087757570354
"FKBP9",-0.176632053141064,0.521456882119926,-1.46539649755584,0.143762384401624,0.227152394061958,-6.20317276925923
"XPO5",0.178873128146959,0.0653524456223349,1.46493509682897,0.143888172413662,0.227294898778138,-6.20384325957239
"ARL14EP",-0.0916410921935939,0.158918988622519,-1.46371567348804,0.144221022199886,0.227764340031233,-6.20561427678426
"AHSA1",0.110904286959454,0.179796678402524,1.46324628722391,0.144349302252518,0.227895346718984,-6.20629559717405
"UCKL1",-0.0999233756310713,0.131069633488108,-1.46315097701471,0.144375360607407,0.227895346718984,-6.20643391486148
"CDH11",-0.20085094226203,0.199120186281928,-1.46223063251531,0.144627174422452,0.228166325064953,-6.20776909513996
"ATG3",-0.0958856015990751,0.0442507794580499,-1.462135612226,0.144653191996762,0.228166325064953,-6.20790689761498
"GXYLT1",0.143832463482425,0.0529868753646882,1.46213180706953,0.144654233964437,0.228166325064953,-6.20791241583105
"PTBP2",-0.153582227475051,0.0780496725125161,-1.46096679014057,0.144973522810661,0.22861347076959,-6.20960125011075
"CHMP1B",0.150581052199363,-0.0306362013141183,1.4603361582101,0.145146582220759,0.228829858636925,-6.21051487374693
"SPARC",-0.195283326731308,0.384682256560127,-1.45923475958305,0.145449211636369,0.229195500755619,-6.21210958348721
"PPP4R1",0.100271932417227,0.0560277288942088,1.45923079971382,0.145450300557834,0.229195500755619,-6.21211531481988
"PHLDA2",0.166153154371453,0.176987791168892,1.45745906783929,0.145938137135758,0.229907477328352,-6.21467809789019
"APLP2",0.182191803092904,-0.305681379938369,1.45668329159162,0.146152138452661,0.230187815495866,-6.21579927882543
"TFDP1",0.172707070711312,-0.0138384326241562,1.4562377626342,0.146275148598258,0.230324740764458,-6.21644290758973
"DDX39A",0.157648673455193,0.117960334829853,1.45605556831592,0.146325475206284,0.230347179287999,-6.21670605671866
"GLIPR2",-0.14439959110028,-0.571091354486887,-1.45498118121173,0.146622518360664,0.230735631103424,-6.2182571676683
"ARHGAP15",0.165633709371763,-0.136873730774208,1.45490170832672,0.14664450916487,0.230735631103424,-6.21837185912775
"PRCC",0.137302603762144,0.181900317249148,1.45361664874536,0.147000447684963,0.231238693882358,-6.22022553698947
"BCKDHA",-0.1354956678824,0.0375212008246624,-1.45340147629056,0.147060111417325,0.231275569310252,-6.22053576175357
"MRPL10",0.184397071340991,0.171998912201499,1.45311037792904,0.147140857739341,0.231345574160475,-6.22095538049096
"MRM3",0.155449307985843,0.0510607861492638,1.45260298493371,0.147281682351589,0.231509980752067,-6.22168658990064
"IGFBP5",0.282344800838341,-0.301690410834162,1.45201078273288,0.147446176251905,0.231711502674972,-6.22253969990574
"TMBIM6",0.217183192736922,0.00173847281864003,1.45154907973419,0.14757451969069,0.231856128992386,-6.22320457813354
"MTFMT",0.167804559935349,0.0515300651812449,1.450800811357,0.147782704228801,0.232126092620147,-6.22428168325958
"HIBCH",0.191455444598259,-0.0781017954048101,1.44950186527074,0.148144634557025,0.232637356528923,-6.22615016679088
"TUBGCP2",-0.0743782647968614,-0.0308226690503804,-1.44896781422703,0.148293636421816,0.232814081276936,-6.22691789913556
"HNRNPDL",-0.123977889896204,0.353686973661622,-1.44854950994175,0.14841042487649,0.232940158022712,-6.22751904307297
"FCER1G",-0.274335201449173,-0.0324926309295251,-1.44789153173059,0.148594271868353,0.233171399822914,-6.22846427496132
"PUS3",0.127842579895677,0.000233669761098878,1.44648632240994,0.148987489087779,0.233730987180706,-6.23048153702779
"WDSUB1",-0.114293856222862,-0.126509654523832,-1.44424770083235,0.149615566049471,0.234658656159635,-6.23369121749078
"MPP7",0.203905382064122,-0.149261831534841,1.44390343840807,0.14971233351209,0.234752762641133,-6.23418437699854
"PPP4C",0.103283438129107,0.131810644880681,1.4433912845778,0.149856381699024,0.234895924427946,-6.23491782787851
"HLA-DMB",-0.214576502920978,-0.180048491781017,-1.44331725643201,0.149877211608372,0.234895924427946,-6.2350238216656
"SAMD1",0.124034562948265,0.00991236690887909,1.44304463409192,0.149953940732091,0.234905436967574,-6.23541411710774
"SRSF2",0.0892542819099112,0.256006973846885,1.44303425834839,0.149956861563012,0.234905436967574,-6.23542896993801
"HACD2",0.248479664008354,-0.235623543770384,1.44278295601436,0.150027617916065,0.234958631443236,-6.23578867589375
"MAVS",0.132210412302034,-0.142399000793356,1.44252081319955,0.150101453755071,0.235016621438481,-6.23616383263873
"RPL32",0.118448419403495,0.22328131981619,1.44101233740443,0.150526876155683,0.235558464620617,-6.23832132813655
"POLR3K",-0.115358475968948,0.175336523347292,-1.44090143883041,0.150558188323046,0.235558464620617,-6.23847985271551
"GTF3C4",0.106158306851417,0.172553173603055,1.440901404623,0.150558197982262,0.235558464620617,-6.23847990161162
"DDX24",0.155683627948665,0.268351979702578,1.4400361475419,0.150802674283387,0.235883163963603,-6.23971633439939
"GNS",-0.146310081095928,0.117698385389789,-1.4384373034122,0.151255223386452,0.236533088739284,-6.24199911677469
"CIB1",0.188739708659706,0.0803511274587442,1.43737870958274,0.15155542732186,0.236944516025973,-6.24350916780035
"LACTB2",0.205893069506469,0.184861740354976,1.4371342284836,0.151624823853533,0.236994981714763,-6.24385775639992
"RUNX3",-0.130747313029794,0.0201873988881195,-1.43655065302319,0.151790571386329,0.237195985879028,-6.24468959936188
"TFE3",0.143809528963273,0.00707143997675211,1.43641932679982,0.151827889854905,0.237196250727567,-6.24487674903436
"DENND6A",-0.0793265849636142,-0.0175109134213549,-1.43493315733219,0.152250698177271,0.237798607598306,-6.24699347392194
"METTL3",-0.086942034280564,0.064942062423387,-1.4337804254521,0.152579264593648,0.238200419270796,-6.24863379939661
"DDX27",0.15572806777646,0.33207772635434,1.43376883556965,0.152582570840651,0.238200419270796,-6.24865028506813
"RRS1",-0.176095577315144,0.215658204529981,-1.43333407695816,0.152706634039842,0.238335824576971,-6.24926859900871
"MIF",-0.138703134116974,0.0212410549799102,-1.4330449028373,0.152789195775998,0.238406406410006,-6.24967976005038
"ATP6V0D1",-0.107273790844741,0.131519947599876,-1.43254344660941,0.152932446777809,0.238571627822211,-6.25039255931105
"SRSF5",0.120693722020385,0.242089220749819,1.43236295853445,0.152984031918901,0.238593806497846,-6.25064905533674
"TOE1",0.137984890860987,0.108744141342091,1.43206443027107,0.153069383207444,0.238638734622627,-6.25107323111016
"BCLAF1",-0.150209498061986,0.247801341533879,-1.43200076869993,0.153087589195658,0.238638734622627,-6.25116367589314
"AAMP",0.128012169542992,0.161613123812205,1.43022470121351,0.153596177686113,0.239331285512442,-6.25368535618995
"LIPE",-0.269107315078183,-0.326473439868074,-1.43018755062349,0.15360682976194,0.239331285512442,-6.25373807000708
"CWC15",0.0999700458612435,0.276878281041726,1.42967037096538,0.153755177719788,0.239470634749942,-6.25447176752829
"SLK",-0.0995470385949497,-0.0513616400884377,-1.42961426824094,0.153771276816721,0.239470634749942,-6.2545513419657
"MSRB3",-0.197511491516802,-0.708351031840312,-1.42879763684712,0.154005761074457,0.239777318815023,-6.25570927848821
"CUTA",0.135313978457954,0.0704082639624252,1.42704178306855,0.154510854276813,0.240505071808252,-6.25819676546343
"NBEAL2",-0.120499418913451,-0.0475570439889329,-1.42611699599402,0.154777388567905,0.240861229833311,-6.25950568030645
"TRAPPC1",-0.0978758178540317,0.0787520964693479,-1.42572393321049,0.154890779971395,0.240978954706959,-6.26006175532821
"ATXN3",-0.107107122278428,-0.0720987296354514,-1.42550865160691,0.154952911620836,0.241016891765904,-6.26036625502659
"TSR1",0.12949238984287,0.0348643955161909,1.42520236445495,0.155041340819599,0.241095704123999,-6.26079939697875
"RAP1A",-0.124138217146069,-0.38540823126328,-1.42501862142224,0.155094408362161,0.241119502652155,-6.26105919665471
"RPS14",0.0798621557302712,0.0751021272898719,1.4241674049109,0.155340432306537,0.241443198704294,-6.26226232502885
"MAOB",-0.278730907972833,-0.931088335559742,-1.42363694563867,0.155493899435098,0.241622912604794,-6.26301172884128
"AGL",0.171811105777548,-0.120474215985058,1.42260414708095,0.155793029930902,0.242028831170027,-6.26447001894255
"THOC6",0.0886018973774758,0.190981242596422,1.42136071994334,0.156153746747441,0.242530205055318,-6.26622432528494
"RPL39",0.228630879550162,0.0600073345330555,1.42055447447373,0.15638797757235,0.242834931128273,-6.26736101802366
"PPOX",-0.126432597617316,0.0330276726054491,-1.41921204311125,0.156778575184854,0.243347639561182,-6.26925224393252
"RPL13",-0.137066675659621,0.242747167786942,-1.41915773856902,0.15679439141029,0.243347639561182,-6.26932871134873
"ING1",0.127469335466048,0.0271798751278196,1.41871366252736,0.156923774387992,0.243489258679789,-6.26995391609456
"RBFOX2",0.108072595706249,-0.107003210485803,1.41845110345733,0.157000310052888,0.243533652241872,-6.27032347622264
"FASTKD5",-0.167362059429264,0.15092206215909,-1.41835384439048,0.157028668172245,0.243533652241872,-6.27046035425986
"PRG2",-0.331373780448589,-0.70608729974272,-1.41800832274925,0.157129444501679,0.243630768126085,-6.2709465509027
"NPC1",-0.15785146428763,-0.0666076694149053,-1.41749036431792,0.157280606719896,0.243805941710739,-6.27167517072195
"PARS2",0.141595042033906,-0.0404623707068594,1.41679033503286,0.157485080824566,0.244027291695573,-6.27265949444935
"HBG2",-0.484389087791323,-4.58187487344543,-1.41664633883022,0.157527166281121,0.244027291695573,-6.27286191052654
"IST1",0.0895053812406991,0.0495423726888769,1.41660907949567,0.157538057379664,0.244027291695573,-6.27291428282241
"DHRS4",-0.198622276599221,-0.186275444015831,-1.41639434538654,0.157600836454125,0.244065326403004,-6.27321608988101
"MAP7D1",0.0980674914565319,-0.0122404418200037,1.41426592409256,0.158224125949877,0.2449711552352,-6.27620512453807
"MCEE",0.157951275142794,0.0430450383131185,1.41229033304809,0.158804336811491,0.245809864373665,-6.27897555910786
"MGAT5",-0.172885638727738,0.210241916817112,-1.4104584565095,0.159343784319805,0.246542316132102,-6.28154103947371
"CRNKL1",-0.101980675381818,0.228668776197664,-1.41042123591863,0.15935475938562,0.246542316132102,-6.28159313153594
"ACP6",0.183843807403689,0.174578482076044,1.41000250202127,0.159478269127169,0.246673630905275,-6.28217907679759
"FAM160A2",-0.101109451635607,-0.099907057940103,-1.40974058769653,0.159555560341407,0.246733410699898,-6.28254549295587
"DVL3",0.0885297876245052,0.129156574740148,1.40938602489779,0.159660237566209,0.246835500450422,-6.28304141648246
"ITGAL",-0.19566014765224,-0.367333302005106,-1.40915739831331,0.159727762430049,0.246880116948889,-6.28336112889641
"NSUN5",0.11098317183802,0.0338248312635106,1.40739846978334,0.160247987711444,0.2476242501301,-6.2858191084974
"GPR107",0.119283183311967,0.153730265856842,1.40654783279283,0.160500035432902,0.247953720357871,-6.28700672602183
"THSD4",-0.265853251725926,-0.158343591404327,-1.40631208212563,0.160569942696632,0.248001713623124,-6.28733574395183
"DDA1",0.103710706653138,0.235602590185629,1.4052597112076,0.160882284691953,0.248424035733524,-6.28880378743969
"ARFIP1",0.119471286961765,0.144485444189377,1.40333499923174,0.161454728667306,0.249247689202309,-6.29148592600323
"MPHOSPH6",0.0926905332719736,0.0930221874147033,1.40067586590163,0.162248142926144,0.250411987571532,-6.2951855247638
"DNAJA1",0.0955745561641682,0.220531386287119,1.3995946560262,0.162571590912549,0.250765638682148,-6.29668780752765
"NXT1",-0.13527448388523,-0.0432255829848556,-1.3995435938483,0.162586878429484,0.250765638682148,-6.29675872731975
"RPE",-0.111712008355642,0.0374841147712149,-1.39951611827154,0.162595104799388,0.250765638682148,-6.29679688683913
"ZNF326",0.124267565547671,0.117207625072015,1.39906479193362,0.162730280047828,0.250902730774853,-6.29742360652805
"COLGALT1",-0.142504468156194,0.230815394079925,-1.39895697050068,0.162762585884016,0.250902730774853,-6.29757329970523
"UQCR11",0.292639547496873,-0.0528300434087313,1.39831916628874,0.162953786422246,0.251136839562163,-6.29845855780586
"NXN",0.166175428494829,-0.248633260774935,1.39768880661781,0.163142922382844,0.251367654298856,-6.29933309107714
"FOXRED1",0.138715505498443,0.0104452186473744,1.39733255271628,0.163249887928744,0.251471781525941,-6.29982716971793
"TAF15",0.167444277149353,0.191031984334456,1.39560664521835,0.16376884528254,0.252210341806323,-6.30221902075581
"MPZL1",0.172031776309209,-0.321341472934087,1.39501823781455,0.163946056716563,0.252422370903124,-6.3030337981284
"NRDE2",0.109199475771626,-0.00453500207837348,1.39450743145342,0.164100014604057,0.252598503675725,-6.30374084472829
"DENND1A",-0.0879936248319885,-0.0537680933713275,-1.3925213560345,0.164699660950524,0.253422127698086,-6.30648749353383
"PPTC7",-0.149777171530212,0.00601750828747538,-1.39247240817669,0.164714460445898,0.253422127698086,-6.30655513726841
"CBX1",0.110694651796029,0.0615386300290359,1.3918544368979,0.164901391985566,0.253648611859272,-6.30740894362362
"PCM1",0.162129496476712,0.0507904945334605,1.39144107853924,0.165026519221851,0.253779943456532,-6.30797984199439
"TRAPPC13",-0.0835077565215643,0.0438307478737738,-1.39126010602588,0.165081323797801,0.253803094738493,-6.30822973438675
"CAMK1D",0.202476156046111,-0.0788486619200448,1.38891733477621,0.165792036685091,0.254834413633679,-6.31146180503369
"FNTB",-0.11595282563692,0.0461427213074882,-1.38811136702688,0.166037072266641,0.255149628501204,-6.31257246780297
"YRDC",0.118306641955231,-0.0633613725188448,1.38793772903269,0.166089898631514,0.255169394312372,-6.31281166598136
"MRPL21",0.127615745066385,0.147471086522942,1.38734053861966,0.166271680453674,0.255387221481045,-6.31363411072583
"PBDC1",0.122685426016146,0.234714262846382,1.38713205888011,0.166335176039148,0.2554233042352,-6.31392114458433
"CPT2",0.15874273840524,0.0165237682008914,1.38299241730615,0.167599760542679,0.257303311148114,-6.31961175370176
"YEATS4",0.0983538383306657,0.214918419326895,1.3825029269528,0.167749769174883,0.257471701005198,-6.32028352617733
"TOMM20",0.179476528211366,0.209964854312504,1.38214701441991,0.16785890529239,0.257551243108646,-6.32077182997218
"HEATR5A",0.110592544710815,0.0173969801430941,1.38207085086733,0.167882266847014,0.257551243108646,-6.32087630846885
"CTBS",-0.192719707245852,-0.359313085474187,-1.38176080787851,0.167977391272554,0.257635273426678,-6.32130155585642
"PLEKHA7",-0.143620507520555,-0.155771775785277,-1.38144212037337,0.168075210291011,0.25769339792469,-6.321738561563
"MRPL16",0.133090533208741,0.168717942152277,1.38137438537937,0.168096006633725,0.25769339792469,-6.32183143149552
"TOP2A",0.309700116446038,-0.17770588269323,1.38046977190814,0.168373931727633,0.258057502179773,-6.32307129527218
"AKAP10",0.123712983623962,-0.123539316822649,1.38013280345066,0.16847754733005,0.258154341181274,-6.32353293921205
"THOC7",0.0835265825539206,0.237123236785599,1.37946859819439,0.168681926876197,0.258340336010353,-6.32444256858715
"CRABP2",-0.406008200228665,-0.273941987425858,-1.37929136661044,0.168736493567781,0.258340336010353,-6.32468521415779
"LYAR",-0.147601870966191,0.130928123715389,-1.37927770222909,0.168740701158605,0.258340336010353,-6.32470392061375
"PAPSS1",0.113833473621588,0.00453610852020093,1.37911523885263,0.168790733589893,0.258340336010353,-6.3249263179625
"ELP3",0.0961109980716475,0.151708891682072,1.37908114553958,0.168801234429944,0.258340336010353,-6.32497298526994
"SLC25A20",-0.136660105767896,-0.150655950716927,-1.37890818174222,0.168854515370853,0.258359952226911,-6.32520972247753
"TRUB1",-0.113739956931752,0.229717004473436,-1.37818372436679,0.169077819872068,0.258639645396059,-6.32620097528811
"ABCB1",-0.224977573931073,-0.510966360307811,-1.37785749047926,0.169178449835611,0.258731593341407,-6.3266471829554
"UBXN2B",0.126379325067352,0.017295611142326,1.37771181306084,0.169223400001354,0.258738364226208,-6.32684640008432
"IGFBP4",0.167037380768211,-0.0946316874788191,1.3772749124517,0.169358263841607,0.258882574725559,-6.32744374657312
"KRT17",-0.416491853951588,-1.03816767138741,-1.37607161186788,0.16973012101833,0.259388899641464,-6.32908797486436
"MPHOSPH10",0.115186006763472,0.298923122190819,1.37551739435705,0.169901598098602,0.259588826001333,-6.32984479747263
"IMP3",-0.122020639724442,0.131043290463217,-1.37447344937476,0.1702249530339,0.259970090224968,-6.33126955850745
"TBC1D10B",0.0879689340344462,0.113034033498972,1.37444888233043,0.170232568086232,0.259970090224968,-6.33130307437583
"FAM98A",0.0880766844366186,0.124870132595155,1.37398613806878,0.170376052943408,0.260079300649526,-6.33193426783623
"MRPL43",0.122385149134057,0.136197673734308,1.37387471453957,0.170410616051981,0.260079300649526,-6.33208622061858
"TYROBP",-0.213461869723711,-0.301477542582708,-1.37375518708473,0.170447698831066,0.260079300649526,-6.33224921150878
"MCFD2",-0.168333675401241,0.354962183769286,-1.37369294265585,0.170467012250316,0.260079300649526,-6.33233408415476
"HPGDS",-0.177462143777033,-0.448180693924893,-1.37097504201011,0.171311939021326,0.261305955721731,-6.33603633763429
"THBS3",-0.164661200641522,-0.11987194131296,-1.36994256860296,0.171633733177672,0.261734269486372,-6.3374408460937
"TMX4",-0.146128983105834,-0.276249845757607,-1.36843032563232,0.172105878632002,0.26239160340624,-6.33949611303209
"SETDB1",0.0856964647872811,0.142246433565408,1.36585232109405,0.172913020702168,0.263521708108791,-6.34299466633881
"TMEM109",0.149817052654116,-0.251974734140592,1.36579923163108,0.172929672196685,0.263521708108791,-6.3430666443366
"SLC15A4",0.186925044270949,-0.328535006180542,1.36521744989756,0.173112226785978,0.263707884936463,-6.34385523512596
"ARFGAP1",0.116550978902876,0.319760120885724,1.36514666316663,0.173134448497048,0.263707884936463,-6.34395116212491
"S100A9",0.436804914539517,-1.27828601097998,1.36315879606402,0.173759364312904,0.264596599365106,-6.34664302204562
"UCHL3",-0.145928018907906,0.176620742290413,-1.36222171479662,0.174054536281619,0.264982883681006,-6.34791062064585
"FRMD8",-0.10900275421951,0.0558482455601108,-1.3615349367933,0.174271103817198,0.26524934395061,-6.3488390843497
"RRM1",0.171172168761304,0.165264850759681,1.36124977778877,0.174361084793667,0.265323052051373,-6.34922445832208
"CD180",0.126127421645665,-0.0498318834361889,1.36057251372382,0.174574932888398,0.265585167141391,-6.35013941704791
"MCCC1",-0.153018473858857,-0.0562580732234223,-1.35979529302664,0.174820584899717,0.265895529915364,-6.35118885866546
"PUS7",0.149651283032555,0.128170249303295,1.3579934548195,0.17539107911923,0.266699699970537,-6.35361950842681
"RCC1L",0.132807969837338,0.0863891382580244,1.3577124971924,0.175480160928644,0.266771625602236,-6.35399822837289
"SLIRP",0.16936526528953,0.174352469459718,1.35741758829681,0.17557370266443,0.266850295527824,-6.35439567072891
"BAZ1A",0.15376411823857,0.140377551387632,1.35636890937225,0.175906634316148,0.267292684461828,-6.35580826110302
"RBM10",0.0814407453403373,0.1776620069995,1.35546502588529,0.17619397601071,0.267623439298016,-6.35702494298885
"PURB",0.107189103490636,0.131557521678489,1.35542051642046,0.176208134504128,0.267623439298016,-6.35708483470245
"PRKAG1",0.102333466856531,0.0299781089634669,1.35518840012652,0.176281984675897,0.267671931547111,-6.35739713771068
"DCAF7",0.108313073685239,0.147120837178859,1.35486128255451,0.176386099821065,0.267766345068354,-6.3578371712685
"SLC12A4",-0.117420479976117,-0.144934261350016,-1.35423168481898,0.176586618088758,0.268007025551871,-6.35868380084675
"EMC7",-0.0965700189329161,0.0647660112762652,-1.35233380357985,0.177192099874449,0.268862062190675,-6.36123355572063
"LOX",-0.203884747810861,0.120159265655202,-1.35010762916883,0.177904295364363,0.269878575885355,-6.36421985719815
"LSM5",0.112276795518247,0.169888672055889,1.34979054546996,0.178005910383662,0.269922588749816,-6.3646448132122
"LZTS2",-0.102993317866013,-0.0351865401627635,-1.34975327355654,0.178017857670396,0.269922588749816,-6.36469475859844
"TYSND1",-0.155042565563132,0.0284734590327756,-1.34943466556771,0.178120010006906,0.270013357999547,-6.36512164637761
"POFUT1",-0.137609370938236,0.307229864918509,-1.34897344809361,0.178267963538953,0.270173498029008,-6.36573943328961
"NFIC",0.127651399623329,-0.0785715479757619,1.34648918460143,0.179066468635719,0.271280259796209,-6.36906343697658
"RNF170",0.175783416751291,-0.0675025323718826,1.34643718888937,0.1790832098733,0.271280259796209,-6.36913294373221
"NRBF2",0.115987815963204,0.101590250552437,1.3462663541577,0.179138222348947,0.27129922905551,-6.36936129325723
"MSH3",0.113560966613306,0.106726800961988,1.34574900254812,0.179304897749127,0.271459798184766,-6.37005264641945
"TRIM29",-0.39530556790745,-0.788696473698596,-1.34567336314313,0.179329276232317,0.271459798184766,-6.37015370370387
"TSC22D1",-0.140537347277642,0.0311609166200234,-1.34469836592196,0.179643738234711,0.271871360186924,-6.37145583622401
"QPCT",-0.230962384494104,-0.249815789693941,-1.3413848407042,0.180715513877294,0.273428567797754,-6.37587415265676
"PSMG4",-0.130106077283691,-0.035081547325601,-1.34047053971301,0.181012086940054,0.273812408223701,-6.37709140064392
"MAP4",-0.131087197979158,-0.100447777051518,-1.34009843249069,0.181132891739421,0.273930249586974,-6.37758656784236
"SH3PXD2A",0.099267332831029,0.16789882626048,1.33967823840581,0.181269380229399,0.274071748227495,-6.3781455612824
"PAF1",0.0810174584207894,0.239074598797922,1.33933999295844,0.18137930565745,0.274173027136084,-6.37859541067316
"GNB1L",0.110388942635718,-0.0731379906992329,1.33735429990218,0.182025632867881,0.275084891328147,-6.38123401626235
"NSMCE3",0.10562068844542,-0.0209230222072302,1.33641884342675,0.182330710472619,0.275480735060973,-6.38247571676455
"ASRGL1",-0.265272654115964,-0.371156911072993,-1.33618107389216,0.182408314211815,0.275532785957521,-6.38279118884509
"CD40",0.192740859270809,-0.280799500814787,1.33463814337478,0.182912497172421,0.276229019499979,-6.38483699628059
"KRT8",0.233695928640699,0.116195614111904,1.33428689338536,0.183027419886133,0.276337213519262,-6.38530240005871
"CHMP6",0.0976073125311759,-0.164953878735561,1.33399136075761,0.183124154509846,0.276417902256587,-6.38569388484854
"COMMD4",-0.0799698948601054,0.0938586049682671,-1.33303618385483,0.18343706616381,0.276824785501282,-6.38695859743995
"WBP4",-0.116975250345401,0.0692423910185001,-1.33251662305153,0.183607438947331,0.277016421946765,-6.38764615138559
"CELF1",0.100752471888813,0.221112415131607,1.33221399396219,0.18370673040012,0.277100749729451,-6.38804650940171
"SDR39U1",-0.141704466217794,-0.0929861496736024,-1.33021719677312,0.184362873612692,0.277963529974247,-6.39068588325888
"YWHAH",0.0843478759686429,0.0813349453011878,1.33020834271337,0.184365786913224,0.277963529974247,-6.39069757786562
"CYP7B1",0.186780770540679,-0.0359075318321979,1.32945753091966,0.184612955244839,0.278270471963715,-6.39168898389563
"CSE1L",0.120516669483117,0.197582008917252,1.329000257958,0.184763610828293,0.278431827977025,-6.39229251657114
"RRAS2",-0.161792390542005,-0.502844580290569,-1.3281455070359,0.185045466663019,0.278790775045629,-6.39342011053153
"PSMD8",0.0759672760959522,0.271146664019325,1.32659124552698,0.185558806120875,0.279498225308277,-6.39546866508556
"MCRIP2",0.20836791574102,-0.0405295438438152,1.32522079925909,0.186012312262227,0.280115239102434,-6.39727297784936
"RPS29",0.190625847009596,0.15499804089092,1.32507790841133,0.186059644838879,0.280120450906919,-6.39746099996703
"KCTD5",0.126489172711113,0.298096914905901,1.32434069847853,0.186303987642862,0.280388221868681,-6.3984307347911
"VMAC",-0.183994461038188,-0.218767156929478,-1.32425329568803,0.186332972442148,0.280388221868681,-6.39854567006974
"URB1",0.10858262605183,0.0403527446879917,1.32414393851788,0.186369242538869,0.280388221868681,-6.39868946494078
"RALYL",0.168883014158532,0.339301527640756,1.3238213618673,0.186476260898357,0.280483139183983,-6.39911355586133
"COA3",0.14696302807602,0.188915497634027,1.32354190027054,0.186569012233759,0.280511661376793,-6.39948088085207
"CYBA",0.189173364971526,-0.15576492945443,1.32349949448256,0.186583089407555,0.280511661376793,-6.39953661241621
"VPS72",0.127718795368112,0.0953329087163008,1.32326543591733,0.186660802491887,0.280562435007226,-6.39984419075807
"RNF141",-0.128835961155348,0.0314862681174868,-1.32203198040141,0.187070736329909,0.281112415030941,-6.40146419587799
"LRRC15",-0.280743343267993,0.0939466677913125,-1.3202403620645,0.187667362337484,0.28194261377055,-6.40381462257341
"TNFAIP8L2",0.128276085015324,-0.0693797554798207,1.31552418187791,0.189244638852147,0.284245358520573,-6.40998670750999
"NAIP",0.162324519785297,-0.0793528874008196,1.31439354267643,0.189624223707484,0.28464188297357,-6.41146313185944
"DNAAF5",0.123005560657496,0.0722206632082062,1.3143486080989,0.189639321044377,0.28464188297357,-6.41152178289407
"DDAH1",0.220697398781985,-0.381057534012872,1.31433951615619,0.189642375907528,0.28464188297357,-6.41153364994683
"ZDHHC20",-0.117137456178769,-0.0117557266652988,-1.31270770485409,0.190191249323272,0.285398619724816,-6.41366221909377
"C4orf33",-0.253739175542102,-0.214049252340573,-1.3117484571707,0.190514448366716,0.285816436283243,-6.41491226076943
"TTC9C",0.114584133100494,0.0644686067942011,1.31094430175419,0.190785705091785,0.286156149168674,-6.41595949747128
"AKT3",-0.14735312171529,-0.334452111102178,-1.31068739124026,0.190872426001063,0.286218985443115,-6.41629393332266
"SDAD1",0.105002222474621,0.155820879394264,1.31031365141613,0.190998635029104,0.286340991937269,-6.41678033708546
"CPNE3",-0.0946794766285903,0.100837480283365,-1.30898002840051,0.191449492023123,0.286949532058132,-6.41851486209624
"CHTOP",-0.14014949873182,0.0692147572283404,-1.3085580638639,0.191592308951157,0.287096196351358,-6.41906330985882
"RGS3",0.148319157845961,-0.218096872527563,1.30819510464764,0.191715218075043,0.287212967482203,-6.41953492554395
"SYNE2",0.123383360418174,-0.126851160134824,1.3078736167767,0.191824132374856,0.287308722780543,-6.41995254677476
"MRPL45",0.129935655417466,0.18701819396519,1.30606138056593,0.192438940603025,0.288161968984596,-6.42230478917963
"RBM22",0.0711348058235613,0.249441576667496,1.30444310454605,0.192989175774603,0.288858425205572,-6.42440254729096
"DDX54",-0.130502953374426,0.19627324499959,-1.30442738895706,0.192994524968985,0.288858425205572,-6.42442290666157
"SDSL",0.148905708623341,-0.00106388518205212,1.30425184289365,0.193054283907188,0.288880150632153,-6.42465030813164
"NRBP1",0.0991638638135241,0.102481280969405,1.30368452074386,0.193247503629277,0.289101525462261,-6.42538500720706
"CDKN2A",-0.214498942594884,-0.305149424473821,-1.30171186271975,0.193920466191795,0.29004033184226,-6.42793719551781
"CAMK2D",0.140520447975269,-0.175184985824481,1.30084998091937,0.194215034816511,0.290355192340781,-6.42905108144664
"HDHD5",0.139858026711395,0.0727346954102371,1.30082981619501,0.194221930538368,0.290355192340781,-6.42907713335786
"CYLD",0.109778689321992,-0.122301397303445,1.30052105639918,0.194327539532289,0.29044507020451,-6.42947598712288
"GMFB",-0.0939507098699698,0.0517949309142863,-1.29962556343361,0.194634075675871,0.29075771777553,-6.43063224868357
"CNPY3",0.112931257319083,0.306804141780163,1.29957122124919,0.194652689008276,0.29075771777553,-6.43070239000519
"FAP",-0.241412725818163,0.526601169186436,-1.29951094935586,0.194673334924102,0.29075771777553,-6.43078018161005
"RINT1",0.0900942975009919,0.0403309531245959,1.29896043424059,0.194861986549612,0.290971418175694,-6.431490554067
"WAS",-0.132731776658818,-0.113621867020733,-1.29776919531422,0.195270663748671,0.291513487967095,-6.43302668242318
"TRMT10C",0.1361745904321,0.236431813377516,1.29697195158333,0.195544525822259,0.291854090083012,-6.43405396621147
"PKP3",0.165327305903775,0.188238743856516,1.29439951274508,0.19643011573379,0.293107335583139,-6.4373644063838
"NUDCD1",0.137079473727348,0.125268144147608,1.29379029831685,0.196640275950791,0.293352374286402,-6.43814744417963
"ABHD17C",-0.176750276751189,-0.189298886845502,-1.29183609433123,0.197315532484214,0.294290977554708,-6.44065676643378
"BRD9",-0.0795171675770779,0.0717893881084558,-1.2912386213306,0.197522323507052,0.294471464645735,-6.44142321029849
"RFT1",0.153100836581747,-0.0472887594629028,1.2912199639465,0.197528783567374,0.294471464645735,-6.44144713851124
"GRK2",0.0883512900771327,0.0549049084471213,1.29015434900043,0.197898007191292,0.294953028925396,-6.442813228369
"EIF3M",0.0732190265838782,0.231907348163751,1.28916023977885,0.198242911938242,0.295398131324545,-6.44408664314216
"CLASP2",-0.0827215563386853,-0.0948142064393015,-1.28871353805136,0.198398038179013,0.295560306526598,-6.44465853404165
"ZNF346",-0.0862533581734003,0.214420655414476,-1.28677485616041,0.199072318123461,0.296495626596291,-6.44713826227773
"FHL3",0.162555860157737,0.368277381313434,1.28595033181984,0.199359599761925,0.296854254776094,-6.44819177427023
"CPTP",-0.0888855437301798,-0.129745985478331,-1.28433499473005,0.199923298991946,0.297618458707942,-6.45025378643175
"XPO7",0.103969978488555,-0.0798231052567647,1.28421264234619,0.19996604351716,0.297618458707942,-6.45040986731388
"PSME2",0.150940314029709,0.0511030354275638,1.28351149699265,0.20021112206448,0.297913776364881,-6.45130401130568
"CAND1",0.0830455208235762,0.114234921812424,1.28320322728666,0.200318944438339,0.298004767064024,-6.45169698292735
"POSTN",-0.273019214779934,0.183176403933549,-1.28286751010659,0.200436415447836,0.298110065836113,-6.45212483733854
"RAB9A",0.105275901597635,-0.0470374368072308,1.28241997232378,0.200593092216213,0.298273612901844,-6.45269502903665
"ARSB",-0.135011026870487,0.0198821807005127,-1.28227662849645,0.200643293882105,0.298278796609369,-6.45287761657297
"MAD2L1",0.141606673385558,0.00434569964097287,1.28033745331634,0.201323334352365,0.29922008608935,-6.45534570031093
"CDK5RAP3",0.0818352372252399,0.168851434061741,1.27978944572029,0.201515818336809,0.299431097798628,-6.45604250632544
"PIN1",0.0817250684549663,-0.167521622817646,1.2796662722022,0.201559100757792,0.299431097798628,-6.45619908402678
"AGR3",0.334293054817375,-0.580135335689071,1.27809767550139,0.202110891734476,0.300180982490027,-6.45819177312728
"TLK1",0.0894318517587034,0.109618663837817,1.27782456096551,0.2022070791772,0.300254000127074,-6.45853848070084
"ZNF451",-0.0897310991566284,0.067092105533268,-1.27740515567803,0.202354853593489,0.300394997286628,-6.45907075548114
"DECR1",-0.148558390737625,0.0436468476881134,-1.2772880525036,0.20239612816399,0.300394997286628,-6.4592193423255
"PHACTR4",0.0966596311204838,-0.149079667967769,1.27492384708006,0.203230742377415,0.301563627720147,-6.46221628911507
"KALRN",-0.168309427446176,-0.271158983792425,-1.27411261797277,0.203517702634957,0.301919268430345,-6.46324336370131
"MTHFD2",0.211386946664728,-0.0258472848766305,1.27368505550343,0.203669065701984,0.302073631708982,-6.46378442814505
"STK38",0.0865453307949595,-0.0235707159036312,1.27345223869449,0.203751520699764,0.302106080621284,-6.46407897356411
"ANAPC4",0.0913138622147037,0.0109317636382357,1.27324384570676,0.203825346392658,0.302106080621284,-6.4643425742554
"FERMT3",-0.139385980153649,-0.127325511454201,-1.27322255818378,0.203832888851447,0.302106080621284,-6.46436949888809
"MX2",0.204761146109934,0.161466543340402,1.272801306676,0.203982185961165,0.302257195953131,-6.46490220954475
"STRADA",0.0774029357465712,-0.0232191020293521,1.27263924874447,0.204039642723116,0.302272185333433,-6.46510709997355
"PSMB9",-0.146351578970445,0.0083804180901671,-1.27094456366621,0.204641192950851,0.303093021802641,-6.46724814883223
"PPA1",0.166404515138269,0.206501248622272,1.27023127983057,0.204894769273171,0.303398214705287,-6.46814846000272
"LCP2",-0.137285098206376,0.0379268044917396,-1.2700356605301,0.204964353094602,0.30343088210272,-6.46839528441493
"MYL12B",-0.164622573461996,0.0887902497227985,-1.26822711392632,0.205608489492955,0.304313909460481,-6.47067545152607
"DPP3",0.105577184362607,0.187882046450923,1.26789772487762,0.205725964402586,0.304417214996642,-6.47109039002961
"AIF1",-0.16558014571998,0.0682577098892383,-1.26599004781361,0.206407291177158,0.305354623300776,-6.47349143285995
"AMACR",-0.248398195025524,0.0299731224031649,-1.26516735403751,0.206701623644487,0.305719218663435,-6.47452578776074
"PTK6",0.165561050413155,-0.0272242059158701,1.26441988183162,0.206969309609478,0.306044243134904,-6.47546499088531
"POLR3C",0.0885511020546597,0.0246899755566698,1.2641470322272,0.207067085896782,0.306117930875424,-6.47580769103341
"RPP25",0.153761907401675,0.086049030606532,1.26386618772634,0.207167762338439,0.306195870956234,-6.47616035630634
"SHMT2",0.189724980062762,0.211457631005431,1.26332023321795,0.207363576854339,0.306414357374439,-6.47684570649836
"GHDC",0.128485550260181,-0.012898456235092,1.26290948004044,0.207510988346962,0.306561235676851,-6.4773611418003
"FAHD2B",0.156172129790578,-0.0549712176809959,1.26198304059897,0.207843750151196,0.306981805393335,-6.4785230786821
"DDT",0.149944252801341,-0.34936204174877,1.26166454599223,0.207958237921687,0.307079867976404,-6.47892233836579
"YBEY",0.158996802566496,0.0527555478844673,1.25938422747344,0.208779275495533,0.308220965095718,-6.48177799331435
"RBM19",0.106852451320648,0.245759021005675,1.25818414662652,0.209212315778035,0.308788866445389,-6.48327880603601
"COL12A1",-0.259173925607243,0.0817728562262343,-1.25801009748817,0.209275174348555,0.308810258427438,-6.48349635300456
"ZKSCAN1",0.128841039316252,0.13991671653808,1.2573335979702,0.209519625471148,0.309099539887541,-6.48434163812584
"ANK3",0.181257211644125,-0.552188797714172,1.25646881567112,0.209832414418968,0.309467969801938,-6.48542152651525
"LARP1",0.0892876374052984,0.266220836183748,1.25637519394845,0.209866297453781,0.309467969801938,-6.48553839157356
"COMP",-0.352108446863382,-0.0326747865657075,-1.25507537979226,0.210337129871736,0.31009064286101,-6.48716001764193
"PQBP1",-0.0809784085437657,0.179386789839764,-1.25473375471719,0.210461004247904,0.310201641764281,-6.48758594737682
"MRTO4",0.118650805979388,0.364093861673782,1.25393431127632,0.210751092286747,0.310557517713104,-6.48858222493672
"OGFR",0.109353712743304,0.0901669621221218,1.25377124078391,0.210810300113104,0.310573088653015,-6.48878536842793
"TOR1AIP1",0.120197176952077,0.0379762548279855,1.25339347483457,0.210947506247963,0.310578674457456,-6.48925586618166
"NAGK",0.0966474119575639,0.0297397443628572,1.25336762856862,0.210956896088103,0.310578674457456,-6.48928805190679
"MINPP1",-0.118042225535542,0.162898490716893,-1.25335903708984,0.2109600174036,0.310578674457456,-6.48929875052037
"CARM1",-0.0933927024761313,0.113403487804062,-1.2525120531051,0.211267894491834,0.310960236590678,-6.49035310811335
"DPM1",-0.0998753131583243,0.194961126711037,-1.25201789501463,0.211447670710621,0.311153117650914,-6.49096792862813
"ALKBH3",0.1100746994119,0.00625236524787867,1.25137030363344,0.211683434587343,0.31142827876502,-6.49177328360677
"PLGRKT",0.197106769685596,-0.184156781915688,1.25058220361765,0.211970609825614,0.311778931982619,-6.49275282060174
"GGACT",-0.135183464521169,-0.246669235700839,-1.24967400290544,0.212301899080353,0.312148825749597,-6.49388087380178
"TAOK3",-0.0745590317955344,0.109331575714901,-1.24962477506997,0.21231986691159,0.312148825749597,-6.49394199526152
"FAS",0.161433721982752,-0.376437658638075,1.24832358612013,0.212795192322652,0.312775622232996,-6.49555669151414
"CCDC88B",-0.131299868843637,-0.153433048601918,-1.24786966469066,0.212961191668071,0.312947573947212,-6.49611958831757
"SSBP2",-0.192148483972919,-0.382669934325402,-1.24685094755824,0.213334079006887,0.313423399553377,-6.49738213611529
"SMG8",0.0947018869981366,0.162078045818076,1.24640233082551,0.213498439013473,0.313592715229129,-6.49793780563161
"PREP",0.135680759470602,-0.114735300359051,1.24607035251759,0.213620125208469,0.31363360713416,-6.49834887592881
"ARPC5",-0.0858925369112601,0.263208625151258,-1.24596016343221,0.213660525977302,0.31363360713416,-6.49848529297457
"HSPD1",0.155327311940956,0.249422544909325,1.24592439964061,0.213673639942615,0.31363360713416,-6.4985295669398
"ASF1A",0.120153628073744,-0.0969745818274906,1.24567897962251,0.213763646966932,0.313693607419871,-6.49883335192139
"RPRD1A",-0.114408091519439,-0.0749087481702353,-1.24546750740489,0.213841225778554,0.313735346184758,-6.49909506820057
"SLC1A5",0.177587582780166,-0.11066060338796,1.24329628642295,0.214638920938416,0.314833335674658,-6.50177960740903
"SLC5A6",0.187674707785579,-0.0251782740383819,1.24262271093607,0.214886826438289,0.315124572073605,-6.50261148597918
"MAT2B",0.0911682208468181,0.0609460637070636,1.24083959177884,0.215544093615233,0.316015852521989,-6.50481151613294
"AAAS",-0.0958540938670155,0.176474675226891,-1.24049883889276,0.21566986232139,0.316092328977361,-6.50523158423213
"ACAD10",0.143199005592052,0.012167039917178,1.24043002692624,0.215695266617754,0.316092328977361,-6.50531639931787
"RCCD1",-0.0961449301230202,-0.0281117367565222,-1.23940769281526,0.21607295135745,0.316573151541376,-6.50657594148989
"HDAC6",-0.0890175516410196,-0.00156105191773621,-1.23927149159056,0.21612330477384,0.316574283317497,-6.50674366726898
"CAD",0.0932703456397626,0.17571076430362,1.23899326137431,0.216226192499107,0.31665234841899,-6.50708623870901
"C6orf132",-0.138691492069834,-0.0408926682516705,-1.2384370463433,0.216431983379003,0.316881039641123,-6.50777085098757
"MAN1A1",-0.120271597319693,-0.211124266002029,-1.23807504837397,0.216565993030433,0.317004554218091,-6.5082162493309
"IL18",0.171317796722063,-0.225769535761673,1.23691106592388,0.216997299443475,0.317563088917394,-6.50964752631653
"BTK",-0.128327611486169,-0.135812789744907,-1.23617993589578,0.217268532326782,0.317857725006472,-6.5105458695174
"CC2D1A",0.0876790600463056,0.0123133444814052,1.23599015812203,0.217338975660158,0.317857725006472,-6.51077896441005
"C20orf27",-0.102193526227138,-0.176944409279369,-1.23596591370882,0.21734797609683,0.317857725006472,-6.5108087401001
"PPIB",0.120041745727995,0.366482808873064,1.23534874271059,0.217577183832118,0.318031761053683,-6.51156652160957
"RAB11B",0.0945002913253461,0.0137233352302043,1.23512816252259,0.21765914622909,0.318031761053683,-6.51183726577671
"PYCR1",0.21568832155789,0.332944058550714,1.23511285761524,0.217664833999017,0.318031761053683,-6.51185604952347
"MTA1",0.101276555099133,0.0845818031430743,1.2351091361082,0.217666217040657,0.318031761053683,-6.51186061690249
"PYHIN1",0.196879909025692,-0.303544146926765,1.23484721216672,0.217763573044397,0.31810121571459,-6.51218204003381
"POU2F1",0.0947740619921649,0.195905389504821,1.23449162515314,0.217895793530836,0.318221555739796,-6.51261829484732
"GPX4",0.115849525545848,0.188016445780571,1.23172067475769,0.218928122406092,0.319656085424856,-6.51601359306836
"PARD3",-0.103037791191435,-0.184023140384785,-1.23080581975334,0.219269728951407,0.32008166880538,-6.51713292233585
"AKAP5",0.206771510357889,-0.6662530021913,1.22976745847303,0.219657918295441,0.320540013808132,-6.51840236363756
"OCLN",-0.157971950597114,-0.197769491542218,-1.22969742206744,0.21968411909544,0.320540013808132,-6.51848794793705
"NCAPG2",0.113746621828769,-0.0106684512220441,1.22955628912159,0.219736924139529,0.320543810973473,-6.51866039734546
"SPPL2A",0.155910386015799,-0.0706168557436402,1.22930604582216,0.21983057543581,0.320607177742724,-6.51896611975258
"AP4M1",0.0742768450843284,-0.0570910585916016,1.22878647907185,0.220025110482851,0.320817613709295,-6.51960067788938
"CORO1B",0.0946160669527285,0.0451140134721515,1.2280092688944,0.220316343394984,0.321093493783437,-6.52054940533229
"NIPSNAP2",-0.150412402519478,0.0987268094883948,-1.22786593359191,0.220370083716885,0.321093493783437,-6.52072430737359
"SMARCA5",0.0887032302678944,0.245276743683499,1.22781116397514,0.220390620836788,0.321093493783437,-6.52079113356314
"EXOSC5",0.111084987951145,0.198962090027775,1.22774489661045,0.220415471143744,0.321093493783437,-6.52087198457973
"TUBB8",0.165164525453442,-0.131569410502544,1.22760023943391,0.220469724697131,0.321099268291784,-6.52104846186031
"SNRPB2",0.0726277142694698,0.317018783665201,1.22642117111627,0.220912292117283,0.321670464120605,-6.52248612030935
"ARHGAP35",0.115103125319374,-0.0807251808489411,1.22561865879376,0.221213883643638,0.322036171241365,-6.52346385455077
"TIMM8A",0.154152816638349,0.239740228094437,1.2254185212009,0.221289143358102,0.322072300055045,-6.52370759172944
"SNRPE",-0.109914809863374,0.0228269558915635,-1.22445339994269,0.221652326213881,0.322527370755614,-6.52488240906017
"DIABLO",-0.111204051646907,0.227511943198205,-1.22421129863843,0.22174349813955,0.322586519849859,-6.52517696885814
"CENPB",0.10680098164734,0.155700090158253,1.22389498288551,0.221862658838302,0.322686350041585,-6.52556173691545
"UBL4A",-0.0852177113296302,0.234868259041663,-1.22226489727618,0.222477466160036,0.323506859811394,-6.52754301894158
"DBNL",0.0944941659044826,0.00535252305111795,1.22084073028597,0.223015610763657,0.324215545247256,-6.52927187608356
"DEFA4",-0.230630762176133,-0.610366272846758,-1.2200412452548,0.223318118926662,0.324515470629936,-6.53024152972172
"RRP1B",0.126402627160464,0.174870808253869,1.22002685282988,0.223323567415496,0.324515470629936,-6.53025897977424
"CCDC91",0.126432574741712,-0.227081590604174,1.21940848336644,0.223557751565963,0.324764604946214,-6.53100852730336
"CLP1",0.0764529584039963,0.144440358231658,1.21925022405189,0.223617714669592,0.324764604946214,-6.53120029850086
"DAD1",0.145643512745,-0.134251566185051,1.21917134239798,0.223647606569852,0.324764604946214,-6.53129587436938
"GTF2F1",0.0911281300923527,0.209252969186043,1.21886697533099,0.223762972211173,0.324858248651282,-6.5316645990893
"GRWD1",-0.0982181256672687,0.145037975287998,-1.21762395332416,0.224234564323285,0.325468900478331,-6.53316950781329
"SPAG7",0.100580873974717,0.00165386589551251,1.21645424139629,0.224678994613466,0.326039859228859,-6.53458427130791
"XPO6",0.0943611480291481,0.0277162799820557,1.21319955282739,0.225918934904364,0.327764689698788,-6.53851371703164
"GSTCD",0.1135455351317,0.0472860015667742,1.21194114217716,0.226399665076061,0.328387519652578,-6.5400302224996
"U2AF1",-0.108173221778297,0.189107667872748,-1.2102428919315,0.227049581673779,0.329255411988889,-6.54207430388496
"RBM38",0.191387301398328,-0.0912511356269965,1.21006524071417,0.227117645531135,0.329271809754111,-6.54228796780436
"RHOG",-0.0826971666121329,0.0435619960179528,-1.20994419991326,0.227164028499117,0.329271809754111,-6.54243352767681
"ZNF800",0.134719860568007,0.0506921395352494,1.20881842740378,0.227595750771677,0.329822711910386,-6.54378665507071
"MRPL51",0.161015135069624,0.0938242944548855,1.20802936799302,0.227898696949731,0.330186789204454,-6.54473432443639
"ATP6AP2",0.133967827265264,0.0447899101968422,1.20782838846265,0.227975905780514,0.330223720147137,-6.54497560514225
"POLR1C",0.0772009294170487,0.159447359428664,1.20678517041024,0.22837697198516,0.330729636227091,-6.54622737390321
"GSTM2",-0.17619562138816,-0.771921511432955,-1.20649801029431,0.228487459520823,0.33081460975974,-6.54657175229629
"SNRPG",0.0711230941706369,0.274730652632837,1.20559846043811,0.228833817222979,0.331240970974546,-6.54765001672996
"DPAGT1",0.157295136983537,0.0323600031207364,1.20544542980868,0.228892776641679,0.331251219142593,-6.54783337078371
"MAGED2",0.152371365898172,0.229394505418609,1.20494877876919,0.229084200469058,0.331453120325161,-6.5484282756036
"DR1",0.0907949451645587,0.179527540966464,1.20368713663692,0.229570988849608,0.332082184822099,-6.54993841899433
"ACSM3",0.209145762029215,-0.266813055770818,1.20338134687696,0.229689085114868,0.332111678277665,-6.55030420299667
"METTL26",0.113363809000048,0.0455242428931736,1.20336498160394,0.229695406620856,0.332111678277665,-6.55032377644777
"RPS19BP1",-0.127668919847904,0.184295228029425,-1.20225162358725,0.230125761657364,0.332658589128882,-6.55165477281426
"RPL37A",0.0877127590213686,0.236612736323066,1.20199130532958,0.230226467547043,0.332717573107879,-6.5519658017269
"UBTD2",-0.0911670010311076,-0.118131262756382,-1.20187677602684,0.230270783956729,0.332717573107879,-6.55210262047901
"TMEM126A",0.112610359604372,0.147832756795861,1.20157069093573,0.230389251600686,0.332813432459362,-6.55246821177841
"RABL2B",-0.119099740527725,-0.132576129502883,-1.20101801658331,0.230603269769016,0.333047246658034,-6.55312809811873
"GTPBP10",0.142423258789961,0.133755520554726,1.20075956025462,0.230703403355846,0.333093830859766,-6.5534365885035
"NAPRT",-0.169067005793416,-0.212061180261467,-1.20066547819332,0.230739861220477,0.333093830859766,-6.55354886738813
"DHX36",0.0794329698234194,0.179810800443977,1.2004408141507,0.230826937720551,0.333144212781582,-6.55381694940918
"TACC2",-0.149814671330651,-0.241908617380954,-1.19933709313622,0.231255064572372,0.333686686394259,-6.5551332503424
"UBQLN4",0.0805450927828954,0.112260144697463,1.19912189685264,0.231338603907084,0.33373180884472,-6.55538975424003
"SEPSECS",-0.113604510291272,-0.148470230618047,-1.19861897673615,0.231533921779365,0.333938127526824,-6.55598903355768
"SAT2",-0.123592105831245,-0.172983933353938,-1.19834244044923,0.231641369626997,0.334017647937754,-6.5563184478462
"DYNLL2",0.126959783516961,-0.212570064846936,1.19690627382627,0.232199962539021,0.334747518810487,-6.55802801986594
"PFDN4",0.113981419307268,0.227267221326434,1.19642614731024,0.232386920417947,0.334941419157695,-6.55859909557109
"PPP3R1",0.0976009207311946,0.00788152485254921,1.19617015758179,0.232486644861832,0.335009530002888,-6.5589034839678
"NAMPT",0.214568187897066,-0.0999147714877464,1.19587788793237,0.232600539957636,0.335034980104334,-6.55925093259814
"RPL38",-0.111061762410158,0.227598964292839,-1.19585553879726,0.232609250869619,0.335034980104334,-6.55927749766879
"RPP30",0.0873187415794336,0.180939878722795,1.19553945236607,0.232732475215957,0.335098369424156,-6.55965315786487
"NOA1",-0.127769331006068,-0.0715256995544061,-1.19547341518581,0.232758225277389,0.335098369424156,-6.55973162883944
"SMAD4",0.0865669025235196,-0.185904758876357,1.19503110479909,0.232930748940693,0.335271152386458,-6.56025710875026
"PCP4L1",0.341906246896316,-0.817602162941019,1.19474493646655,0.233042417755408,0.335356285185549,-6.56059698383537
"RPS6KA5",-0.140700272338124,-0.270897541177464,-1.19421677255362,0.233248618412039,0.335573379267218,-6.56122405920724
"CUL2",0.0695173464692358,-0.00511584187417294,1.19397349367263,0.233343640711046,0.335573379267218,-6.56151280547168
"NVL",0.102948814422348,0.211906135966942,1.1939547878715,0.233350948151362,0.335573379267218,-6.56153500486184
"TFB1M",0.141624172459851,0.0410857471549683,1.19375738426974,0.233428074006518,0.335608703564876,-6.56176925552898
"TRMT10A",0.119037409385045,0.00859184294991527,1.19297058277477,0.233735658806645,0.335975277235575,-6.56270253869335
"POLR3E",0.0877460218877297,0.238918096618337,1.19205568002517,0.234093685066839,0.336414174915995,-6.56378700508446
"SUPV3L1",0.116519197722042,-0.0741348015380533,1.19148842647503,0.234315862716385,0.336657692044131,-6.56445897639993
"DPH1",0.10792093928167,0.155158082773244,1.19116940592726,0.234440880221182,0.336761534355961,-6.56483675037974
"PTEN",0.103921241587516,-0.130437145484474,1.19081375608605,0.234580307925874,0.336886024765341,-6.56525778137415
"TBC1D20",0.118752016654124,-0.0661931947636059,1.19038023001253,0.234750345730136,0.337054409149296,-6.56577083645744
"BCAR1",-0.0931150385553661,0.00118394971454049,-1.19011935702826,0.234852707702649,0.33712557074672,-6.56607947651971
"PTPN6",-0.100225667737432,-0.0455885714857631,-1.18904378352326,0.235275079130383,0.337655963193413,-6.5673512843295
"COTL1",0.135579431240752,-0.159934693930551,1.18693766644814,0.236103702686782,0.338769020596652,-6.56983835250253
"UGGT2",-0.109230807283679,0.166414058726751,-1.18651909026046,0.236268632586813,0.338826558275673,-6.57033211933603
"CUL5",-0.0709278278039806,-0.00185074693469511,-1.1864988568968,0.236276607131447,0.338826558275673,-6.57035598293088
"ADH5",-0.0940960908550418,-0.307851629679892,-1.18640010773633,0.236315529730732,0.338826558275673,-6.57047244368591
"DYNC1I1",0.1883149310325,-0.488696529546389,1.18629727323726,0.236356067433022,0.338826558275673,-6.57059371230835
"DDX46",0.100361098300639,0.28610776625014,1.1858185385855,0.236544851255265,0.339021071888859,-6.57115812778581
"SYBU",0.220010523198383,-0.235860117822332,1.1847389723184,0.236970959503783,0.339506155498154,-6.57243007881268
"CNNM3",-0.10040428159836,-0.153089107509337,-1.18469164273793,0.236989653101844,0.339506155498154,-6.57248581650622
"GBP3",0.168161493162633,-0.165565148653774,1.1834023768418,0.23749927266164,0.340159904877652,-6.57400327163125
"CGN",0.177373343094045,-0.278716676774824,1.18146400371984,0.238266933331012,0.341182859232678,-6.57628163726987
"ERLIN2",0.156272117629605,-0.280227430628359,1.18122693452609,0.238360941296591,0.341240943986263,-6.57656003446276
"CYB5R2",-0.153244839643131,0.00283302712636568,-1.18075190505596,0.238549389722087,0.341434174708704,-6.57711770856157
"OPLAH",0.137869278815534,-0.0282349891439218,1.18051907610717,0.238641793605304,0.341489881705484,-6.57739096337643
"ACAD9",-0.10357559768074,0.085968191481098,-1.17792472077341,0.239673144080192,0.342888869583694,-6.58043215919402
"ORC3",0.10711873159331,0.0939619242430386,1.1767776485848,0.240130151966458,0.343421280215392,-6.58177468288178
"UVRAG",-0.0758150347916673,-0.0511991859139131,-1.17672069063238,0.240152860792752,0.343421280215392,-6.58184131219128
"NRAS",0.148681808286761,-0.167669183135583,1.17650271653736,0.240239779922771,0.343468650874808,-6.58209626835491
"MTHFR",0.0950035671847849,-0.0539550675164222,1.17635600389488,0.240298295445429,0.343475401034041,-6.58226784628569
"PTGR2",0.163022033486947,-0.215876037774919,1.17552095244475,0.240631543211365,0.343874754566822,-6.58324402061807
"COQ10B",0.128822197717319,-0.280057290137922,1.17445518752668,0.241057337722642,0.34437091040109,-6.5844889002466
"EFR3A",0.0872759143451278,-0.0684261554254919,1.1743819817225,0.24108660446247,0.34437091040109,-6.5845743680753
"LASP1",0.123947237288371,-0.183058954799077,1.17361112446057,0.241394935875785,0.344734212830884,-6.58547402376628
"GDE1",-0.115942536743803,-0.0055718187467131,-1.1723200048357,0.241911988954288,0.345335272196355,-6.58697955740689
"PRKD2",0.0842312341184375,-0.074670496229849,1.1722900619292,0.241923989433719,0.345335272196355,-6.587014453382
"MAN1A2",0.103433792059087,0.014083612725063,1.17209535643882,0.242002033512926,0.345339458508209,-6.58724134492789
"TAPBPL",-0.190689233020281,-0.266181003923112,-1.17196519051851,0.242054218027692,0.345339458508209,-6.58739300725771
"AAMDC",-0.159576247755648,-0.260943982100538,-1.17187799379406,0.242089180310532,0.345339458508209,-6.5874945948487
"TPD52L1",0.226313805416012,-0.326334069224519,1.17141132429797,0.242276356154135,0.345529268269858,-6.58803815563536
"TYK2",-0.0722435775921221,-0.105113675119464,-1.17091995707213,0.242473548471715,0.345660706123741,-6.58861025144862
"RMDN2",-0.14249343908354,-0.323971497467387,-1.17091188268966,0.242476789777327,0.345660706123741,-6.58861965041417
"SETD7",0.107101104910043,-0.0650443412843897,1.17073765965249,0.242546735722362,0.345683238300732,-6.58882243866648
"ACP1",-0.0940705307866378,0.00596072551488283,-1.16995134524972,0.242862597505443,0.346056167166314,-6.5897373030835
"S100A12",-0.370262403039489,-1.30492064569887,-1.16948007779087,0.243052044386405,0.346248840563855,-6.59028532319277
"TMEM192",0.135420835892552,-0.011755830597485,1.1690415771755,0.243228412875634,0.346385142505123,-6.59079504325062
"ENY2",-0.0867985165754974,0.178570536948994,-1.16877894317762,0.243334089644886,0.346385142505123,-6.59110024239266
"GSTT1",-0.288656818204101,-0.927317206185181,-1.16877780098493,0.243334549302896,0.346385142505123,-6.59110156955221
"RFC5",0.0914281649690048,0.181461473738532,1.16870282920546,0.243364721891618,0.346385142505123,-6.59118867946096
"UBXN4",0.0969718046906483,0.11377313895929,1.16497424160262,0.244868634695832,0.348448012599261,-6.59551394384263
"GDF15",0.207509523078212,-0.138445934989084,1.16442523649602,0.245090626159169,0.34868619608429,-6.59614964713473
"HNRNPM",0.120681017061996,0.384562574431301,1.16425433741188,0.245159758533386,0.348706851912602,-6.59634747372828
"PEX16",0.135121846144862,-0.076945059236279,1.16406621647267,0.245235873409215,0.348726157084846,-6.5965652024201
"TUFM",0.106437526472042,0.210485133438706,1.16395083905709,0.245282564051377,0.348726157084846,-6.59669872145401
"DRG2",0.0694434636809654,-0.041071291913694,1.16351691246714,0.245458220453535,0.3488760511121,-6.59720075991802
"KCTD21",-0.106992529226952,-0.059101475383763,-1.16342046642955,0.245497274494388,0.3488760511121,-6.59731231951916
"TRAF2",-0.0989365932167525,0.188329937981333,-1.16276588054761,0.24576245264343,0.349175180268869,-6.59806923981628
"ADAMTSL4",0.12802214712754,-0.316101090909308,1.16245812785397,0.245887195505452,0.34927469261453,-6.59842495888427
"PIP4K2C",0.109284652509858,0.174222786263857,1.16210749401328,0.246029373926157,0.349398921823513,-6.59883012874226
"BUD13",0.0888940320684864,0.173365797416234,1.16114749118336,0.24641894142825,0.349874347569352,-6.59993882576352
"IFT20",-0.0910170814766008,0.160187380198081,-1.16100483354937,0.24647686869008,0.34987879203783,-6.60010350198495
"PUM3",0.138427759758658,0.154546359878571,1.16021509308245,0.246797722474984,0.350256380974165,-6.60101477241036
"RUFY2",0.0791540497427877,0.0523868293471712,1.15981316252215,0.246961130634615,0.350410404244892,-6.60147831827654
"CTSA",0.114475648350038,0.112161106873892,1.15916620353954,0.247224316968117,0.350705901764369,-6.60222412044028
"TPM4",0.198823643874465,-0.12909058993557,1.15839767162086,0.24753721613886,0.351071773666509,-6.60310953321694
"WDR43",0.0993349967374511,0.244053316436761,1.15750545555889,0.247900821141425,0.351509381076615,-6.60413670981358
"CEMIP",-0.201232339713231,0.171428054082485,-1.15547559627534,0.248729448553549,0.35260602331581,-6.60647068985073
"DAGLB",0.115921953009552,-0.133860349873121,1.15515699483947,0.248859684220331,0.352663579094768,-6.60683665634038
"MYCBP2",0.0768946759181471,-0.0123205992804285,1.15510604675578,0.248880514863121,0.352663579094768,-6.60689516936418
"FMO5",0.276771868572734,-0.862166233972084,1.15370782487752,0.249452670189249,0.353395895087277,-6.60850000467542
"GATAD2A",0.0721121423034642,0.174582550479701,1.15326130883871,0.249635579869358,0.353576569979114,-6.60901209562348
"EPHB3",0.167452922539854,-0.0788752855387771,1.15256876270119,0.249919458887256,0.353900143046159,-6.60980595940299
"LPIN3",-0.10853134542639,0.0201975244210278,-1.15167105752915,0.250287770917412,0.354303543485765,-6.61083429244235
"BRD1",0.0873254915169368,-0.0838675398755002,1.15154718308438,0.250338624220107,0.354303543485765,-6.61097612983618
"ACP2",0.115460622129387,0.0727574361501628,1.1514688031371,0.250370804731052,0.354303543485765,-6.61106586778867
"ENO2",0.191549563204505,-0.616407876751083,1.15100870024594,0.250559768015937,0.354492381737593,-6.6115925218149
"CTSL",-0.120914037348296,-0.14754697714026,-1.15009918884872,0.250933596653862,0.354924641632495,-6.61263297429133
"BRD7",-0.0840510557165316,0.178316813265365,-1.14986703623702,0.251029078954924,0.354924641632495,-6.61289841888153
"MIOS",0.0710841998217628,0.0630879726278047,1.14985979739722,0.251032056634667,0.354924641632495,-6.61290669495669
"ZBTB7A",0.0773284450306486,0.0349623715621127,1.14933898536675,0.251246356420213,0.355148989537981,-6.61350199722038
"TXNL4A",0.0900661761420971,0.114925674109255,1.14882110506738,0.251459576990844,0.355371712945228,-6.614093683151
"ARAF",0.0783654814367959,0.0442943057600338,1.14867887668463,0.25151815714483,0.355375842746126,-6.61425613488761
"ATF1",0.116373191091502,0.15307888668726,1.14842598939029,0.25162233842864,0.355444387359926,-6.6145449307707
"PRPF4B",0.0756255181136855,0.216679188482812,1.1464191754468,0.252450152096242,0.35653488633809,-6.61683446463218
"OXNAD1",-0.135958177694292,-0.140661638811343,-1.14411317984849,0.253403730741787,0.357802481376893,-6.61946042381543
"HLA-B",0.237310033904566,-0.714160174418436,1.14267080542265,0.254001462862506,0.358567176736038,-6.62110026525775
"MTA2",0.0725947006250107,0.156926388409163,1.1424747932282,0.254082767988141,0.358602668789628,-6.62132295393222
"EIF6",0.104834240485325,0.259887716531037,1.14229052702878,0.254159217508988,0.358631293656328,-6.62153226346587
"PIN4",-0.129293736965952,0.24602918730011,-1.14150938006507,0.254483483242187,0.358970483492408,-6.62241920293545
"RALGAPB",-0.0891551504007155,0.011141269361467,-1.14144061971024,0.25451204052782,0.358970483492408,-6.62249724683582
"IKBIP",-0.145483548746528,0.406098017233913,-1.14100686510976,0.254692237438696,0.359127353989717,-6.62298945645648
"PPIG",0.0815401854710804,0.261999597351692,1.14090214906727,0.254735753519096,0.359127353989717,-6.6231082567632
"TRAPPC12",0.0878440835721175,-0.147443357092794,1.14057706443113,0.254870879659967,0.359238535679666,-6.62347699622922
"AFMID",0.160339760487103,-0.232660617522074,1.13926946303962,0.255414908886681,0.359925886833251,-6.62495913918178
"SFRP4",-0.261509092563785,0.50066248820576,-1.13856867603964,0.2557068057051,0.360257712803853,-6.62575277454372
"NSDHL",0.139346263221274,-0.0481049550737052,1.13762674511466,0.256099512250063,0.360731388863148,-6.62681874009811
"ALDH1L2",0.164195864446702,0.134671839160052,1.13671055406725,0.25648189099179,0.361190311862059,-6.62785473654187
"HAUS1",-0.0833331698533207,0.0937850595634094,-1.13611984971751,0.256728636646811,0.361458069457528,-6.62852224503645
"ACTA2",-0.244268604491775,-0.666383548549242,-1.13525956460886,0.257088286083877,0.36188463550387,-6.62949376975268
"CSK",-0.0838908099027509,0.0960382813305583,-1.1348640851855,0.257253737390007,0.362037715061757,-6.62994014185262
"NSFL1C",-0.0972170133799339,0.0154723710139654,-1.13361543248594,0.257776606176462,0.362693616226688,-6.63134846594627
"MRPS23",0.124139221897486,0.271714859495783,1.13327754037137,0.257918224482088,0.36281292428247,-6.6317293015325
"GON7",0.094223563964784,0.0929816385960386,1.13273186179873,0.258147045271222,0.363054820276817,-6.6323440937675
"OLFM4",-0.391063386311597,-1.12449350965651,-1.13227828651736,0.258337351734479,0.363184989281453,-6.63285489364387
"EIF1",0.0785159614759117,0.14410094147364,1.13224013651403,0.258353362774684,0.363184989281453,-6.63289784752619
"TANC1",-0.0832105155088071,-0.185783423792514,-1.13160494190926,0.25862004689645,0.363479858999303,-6.63361281533721
"ALDH1L1",-0.20566219308001,-0.100680260809551,-1.13137411816318,0.258717004859438,0.36352301275963,-6.63387252929681
"RANGAP1",0.071159048285696,0.316915982224612,1.13116466765028,0.258805006850746,0.36352301275963,-6.63410814942538
"GLO1",0.148725583365764,-0.131240832877081,1.1311252922294,0.258821553015705,0.36352301275963,-6.63415243974094
"TTC33",-0.0851549627695879,-0.0830951132332311,-1.13067847764809,0.259009363047621,0.363602628845219,-6.63465491916289
"WWOX",0.10852801202848,-0.18391814272958,1.13055423330976,0.259061603647656,0.363602628845219,-6.63479460704572
"GGH",0.239465811759292,-0.422453221073306,1.13042867153895,0.259114405633481,0.363602628845219,-6.63493576064275
"KIF3B",-0.0744869412385106,0.180600143954168,-1.13037674894977,0.259136242619513,0.363602628845219,-6.63499412625284
"PARG",0.0698893642238218,0.0727347103944062,1.13019481317691,0.259212769112004,0.363602628845219,-6.63519861725812
"SUGT1",-0.0956424691760565,0.152421649205142,-1.13017782285736,0.259219916445331,0.363602628845219,-6.63521771226125
"EPS8",-0.117894681042912,0.136993789174261,-1.12967238388364,0.259432602643726,0.363821034017174,-6.63578563244119
"CYP4X1",0.261613229678654,-0.826632506138738,1.12949648053324,0.259506650365679,0.363844963237782,-6.63598322142957
"SP2",-0.0703729683681876,-0.0307771257524651,-1.12915608982481,0.25964998191921,0.363966000999815,-6.63636548932654
"GTF2I",0.104553731578168,0.178500351144032,1.1273493355264,0.260411690913408,0.36495360985121,-6.6383926088673
"FMR1",-0.127855829333782,0.0652251321989685,-1.12675782355453,0.260661403415813,0.365200553255329,-6.63905556613004
"ISYNA1",0.136496314370056,-0.27850681108336,1.12661416358945,0.260722075966161,0.365200553255329,-6.63921652583656
"POLD1",0.0996484353822867,0.0644597676473547,1.12652559444668,0.260759486654823,0.365200553255329,-6.63931575045557
"CYB5B",0.173452099673063,-0.303689604586429,1.12621074786858,0.260892504785105,0.365264874966874,-6.63966841257046
"EARS2",0.117768851456392,0.0591417393611033,1.12614609174959,0.260919826894896,0.365264874966874,-6.63974082228831
"RAC1",0.0771622458150316,-0.0430832492801618,1.1259098266023,0.261019683727498,0.365324568303392,-6.64000538540764
"MAN1B1",-0.0955658487558447,0.0641392322052486,-1.12542525194054,0.26122457096761,0.365531204389259,-6.64054782624426
"IRF8",0.10373981216927,-0.0376745461334042,1.12431149121394,0.261695913199712,0.36611051835674,-6.64179370993666
"NKTR",0.0669493240644163,0.147766406337368,1.12334339199069,0.262106091049761,0.36654800448824,-6.64287565815327
"FAM177A1",0.122612264893034,-0.0673498217305078,1.12330245939061,0.262123443773423,0.36654800448824,-6.64292138406944
"MISP",-0.186227097825626,-0.048632954202396,-1.12295952787087,0.262268855448056,0.366671040515839,-6.64330440882463
"PARP2",-0.108232288066048,-0.0021301237633905,-1.12151474286442,0.262882095609171,0.36744793793007,-6.64491683383302
"TAPBP",0.180166493318314,-0.14929725106564,1.12125586665154,0.262992080793211,0.367521215991388,-6.64520553010953
"CCDC28A",-0.0921715933927781,-0.121203497020959,-1.12102533756074,0.263090049380214,0.367577672930562,-6.64546255827389
"NEPRO",0.0933550255681072,0.0864267758836103,1.12024999670502,0.263419733794405,0.367957777352281,-6.64632663888991
"FAM91A1",0.0769190152630105,0.255811855886029,1.12008690966198,0.263489116836871,0.367974193132857,-6.64650831614312
"GTPBP2",-0.101176172283482,-0.00314235294875141,-1.11958489574635,0.263702770956111,0.368192038608084,-6.64706738960888
"RASA1",-0.0900302590491108,0.12060025729668,-1.11619208518921,0.265149878268763,0.370131607508975,-6.65083931032107
"UBE4A",0.0708714076155645,0.045547809752191,1.11524549973884,0.26555459622188,0.37055861623033,-6.65188963943361
"CDK19",0.0730752408328927,0.115594016600821,1.115205180053,0.265571844615503,0.37055861623033,-6.6519343584297
"WIPI1",0.100782789878257,-0.02904338987039,1.11444731801482,0.265896195277879,0.370893646208075,-6.65277461281065
"ILVBL",0.104413270354003,-0.0452359520917218,1.11437273463634,0.265928130358742,0.370893646208075,-6.65285727401495
"PDHB",-0.0988783681186876,0.108859249702213,-1.11293687731553,0.266543452280946,0.371670657963276,-6.65444757291319
"SLC11A2",0.155488441805245,-0.0943750509472384,1.11272089014113,0.266636096447799,0.37171866284262,-6.65468661570077
"REXO2",0.141225754474997,-0.0129432333944583,1.11247095580942,0.266743329465963,0.371786980711673,-6.65496317187199
"NSMAF",-0.0727274415970222,-0.0613776950391629,-1.11192762282053,0.266976546446865,0.371951368415783,-6.65556416543519
"CSNK1G1",0.103774173112427,-0.00726319220770819,1.11192475124927,0.266977779396951,0.371951368415783,-6.65556734097443
"TRAPPC6B",-0.0668138608394896,0.0820540000373761,-1.11141011530847,0.267198809212483,0.372178097037893,-6.656136321868
"WARS2",0.115304182136241,0.121670175519866,1.11076175559685,0.267477451636268,0.372484957185948,-6.65685277544593
"PIGO",0.107352060612669,-0.192808364740627,1.10955605165484,0.267996154602601,0.37312591520663,-6.65818400489922
"CAMK1",-0.102353365317786,-0.115753499617672,-1.10736817336717,0.268939168546361,0.374320720858726,-6.66059599792463
"GPCPD1",-0.120854118155513,-0.0873699555075098,-1.10729309574535,0.268971568880162,0.374320720858726,-6.66067868224362
"EDC3",-0.0751821738049764,0.0877651332044967,-1.10650315346859,0.269312637805261,0.374713705030855,-6.66154832242665
"CCNB1",0.187769621047152,-0.0959279873350478,1.10616910650421,0.26945695704525,0.374832825867957,-6.66191588632527
"ACADS",-0.1542160196966,-0.365264876426423,-1.10500666225913,0.269959586564866,0.375450220042838,-6.66319410689216
"MPP6",-0.120464008032667,-0.0307406606174557,-1.10409588092149,0.270353850585207,0.375916667244457,-6.66419466752662
"PYGL",-0.154434241420645,0.0293662637442846,-1.10329820770939,0.270699477356497,0.376315297827397,-6.66507029781369
"NMNAT3",-0.189816300135844,-0.255930801419442,-1.10244858312707,0.27106794879539,0.37672425925326,-6.66600226582443
"SURF2",0.107751012773876,0.106229328729689,1.10234783821811,0.271111663472001,0.37672425925326,-6.66611272740715
"MRPS2",0.0987955811125034,0.212009860229499,1.10147545117749,0.271490407783415,0.377168462510249,-6.66706883560119
"ARPC1B",-0.0808387865991522,0.315903449658547,-1.10122529631939,0.27159907891998,0.377237354558206,-6.66734285867418
"SSH3",0.124808951015262,-0.100291070388033,1.10065900874706,0.271845193529745,0.3774970771395,-6.66796294963341
"SIRT1",0.0780709867061966,0.0810816315048607,1.09966366449142,0.272278152403607,0.378016091127861,-6.66905209492756
"FKBP10",-0.161696690313617,0.443602728350333,-1.09881657894268,0.27264699433875,0.37844588235933,-6.66997823917478
"LGALS3",0.142431442336092,-0.144074905706155,1.09866400063587,0.272713467176718,0.378455876531916,-6.67014498235263
"PRKAA1",0.0800452740990703,-0.0160264808861477,1.09707245058602,0.2734075118815,0.379258921869214,-6.67188291629737
"TTI1",0.0837511730524178,0.0608445706561976,1.09706460867347,0.273410934591071,0.379258921869214,-6.67189147328311
"COPE",0.0613378908675378,0.283197639369106,1.09692451316301,0.273472086144326,0.379261353178003,-6.67204433332075
"TELO2",0.114068260868002,0.0348814291912182,1.09652981889916,0.273644420310984,0.379417942168433,-6.67247488516767
"TMEM63A",0.151258872013453,0.0724829188399779,1.09499451729524,0.274315483529016,0.380265819004075,-6.6741482044893
"PARP10",-0.0791357989531059,-0.0166714213089506,-1.09409919851063,0.274707338265325,0.380726363104862,-6.67512293458076
"C11orf52",-0.165890943856687,-0.354786287052934,-1.09318968355047,0.275105799236042,0.381195861137615,-6.67611230953051
"FMNL1",-0.119510032943973,-0.0300108038422334,-1.09202612354104,0.275616135612432,0.381761598091204,-6.67737684499932
"AMPD3",-0.130236583819301,0.128494885665816,-1.09198617724894,0.275633667533352,0.381761598091204,-6.67742023415277
"PRPSAP2",-0.0724910757497317,-0.0775288947001192,-1.09125870113491,0.27595308128401,0.382121106917893,-6.67821013378666
"NUDT16L1",0.102531986913127,0.113122742977757,1.09028751632523,0.276379895641541,0.382629148671127,-6.67926383980147
"CPM",-0.138396390914988,-0.310543613904182,-1.08888309540623,0.276997907045339,0.38340161207121,-6.68078594646053
"RABL3",0.0745085178084444,0.239605918974824,1.08867112557306,0.277091265860843,0.383447709692563,-6.68101550947176
"ZMYM2",0.0944625199401977,0.149327037589906,1.08761176028218,0.277558169585656,0.384001686096921,-6.68216213546194
"ACOX1",0.12527990539934,-0.153467473181905,1.08748999922417,0.277611868915174,0.384001686096921,-6.68229385505396
"CCM2",0.0780760918476976,0.134061479533702,1.08728456748557,0.277702484983079,0.384030935176008,-6.68251605535281
"IDUA",0.131064893155116,-0.147261529067155,1.08716937350229,0.277753305973814,0.384030935176008,-6.68264063391633
"PSMG1",0.105358554170147,0.183180918789593,1.08700352635015,0.27782648517417,0.384048951685879,-6.68281996922626
"PHYH",0.159098852727701,-0.0893659608887837,1.08674424019088,0.277940920277829,0.384123977483537,-6.68310028839846
"RPA3",0.104887421059393,0.249234253008421,1.08635527943716,0.278112647285993,0.384278133070995,-6.68352067672037
"NBL1",-0.215168813288603,-0.732114623779008,-1.08536943493991,0.278548224682848,0.384751901650048,-6.68458550701091
"LTV1",0.108667474425986,0.0795974562903101,1.08530650701657,0.278576044060794,0.384751901650048,-6.68465344412524
"HINT1",0.105165129035945,-0.153146004714737,1.08504412060758,0.278692061152234,0.384789859071719,-6.68493667487631
"ING4",0.103190863536493,0.025835295904216,1.08490951805428,0.2787515899929,0.384789859071719,-6.68508194405673
"OTUD6B",-0.111968092799831,-0.204571734662591,-1.08477347005971,0.278811766918781,0.384789859071719,-6.68522875503992
"NCOR2",0.0707420724348515,0.216039128096858,1.08469928244106,0.278844585422842,0.384789859071719,-6.68530880406541
"ARHGAP5",0.0902361490259996,-0.00794034862781581,1.08422380316327,0.279054986681172,0.384996994373224,-6.68582172089319
"HADH",-0.123232690905826,-0.010012547597374,-1.08274599453145,0.279709614519413,0.385769679346905,-6.6874144614581
"FAH",-0.130667403417955,-0.227395674204157,-1.08264715361726,0.279753435655893,0.385769679346905,-6.68752091245684
"RAB12",0.102233019178447,-0.37314778870281,1.08255047765104,0.279796301496557,0.385769679346905,-6.68762502248677
"NCOA7",-0.0934866143816562,-0.184620771078593,-1.08179808210574,0.280130064735807,0.386146473086816,-6.68843495928968
"FAM120A",0.0771471216745261,0.106498110902912,1.08067777285567,0.280627538135348,0.386748722424821,-6.68963991078572
"ECM1",-0.187852005542736,-0.218876563444563,-1.0790035917864,0.281372081042603,0.387691138855636,-6.69143827003045
"FBN1",0.174482176850334,-0.135450679610342,1.07832927305471,0.281672344606194,0.387986056905826,-6.69216182254872
"USP14",-0.0836123198968612,0.0749734666817247,-1.07825001282653,0.281707652281192,0.387986056905826,-6.69224684027614
"NRF1",-0.0728583468705312,0.092494377654798,-1.07774929166703,0.281930775858169,0.388209619118915,-6.69278379062191
"COPS7B",0.0733410640896314,0.0770590771722886,1.07557664060791,0.282900313375467,0.38941459843859,-6.69511077303823
"CDC37",-0.0652852954888862,0.206506205145256,-1.07545025081788,0.282956784128131,0.38941459843859,-6.6952459972425
"TFB2M",0.142173774868051,0.222516932159218,1.07537851506469,0.282988838959289,0.38941459843859,-6.69532274017332
"DNAJB2",-0.0921786781451834,-0.106460014026393,-1.07507161255233,0.283126005013733,0.389496638369441,-6.69565100718079
"FGD2",-0.101186121582817,-0.142043042906038,-1.07497216547618,0.283170461285974,0.389496638369441,-6.69575735713647
"ALDH6A1",0.15426336876484,-0.216398913714016,1.07467277875004,0.283304326154739,0.389596838789146,-6.69607746609605
"IMMT",0.0758901138620374,0.0907514805896347,1.0743718975606,0.283438902623104,0.389697974429052,-6.69639908375333
"ADCY6",-0.108713770705037,-0.274386579523128,-1.07327762132985,0.283928711141574,0.390220982154728,-6.69756802247977
"PWP2",0.0909040860100113,0.20965107165328,1.07324899518697,0.283941532199039,0.390220982154728,-6.6975985859082
"CDIPT",0.163323483973571,-0.497582795435191,1.07168444634933,0.284642860130896,0.391100637386652,-6.69926778502741
"NEDD1",-0.0687311009188128,0.00815734601061957,-1.07090989752406,0.284990496336721,0.391494044558942,-6.70009324734361
"ZNF207",-0.0688056627870604,0.31533741380575,-1.07005201336193,0.285375872005412,0.391939114380416,-6.70100683113684
"GTF2H4",-0.0582876392232125,-0.0381531892547037,-1.06981999236128,0.285480160430736,0.391998026741989,-6.70125379159462
"TLR2",0.131002835066132,-0.0641041949330282,1.06914719973229,0.285782712496979,0.392329094666354,-6.7019696035519
"TFAM",0.112284291367481,0.215478809624292,1.06758101155829,0.286487863810879,0.393179557079515,-6.70363420385726
"CLPB",-0.0672729747047462,0.0926394202607106,-1.06749778401698,0.286525368690835,0.393179557079515,-6.70372259322632
"SETD3",0.0660511715538554,0.0824097943335161,1.06515315058841,0.287583301138614,0.394535708633862,-6.70620983036696
"CINP",-0.0655776223377937,0.144383927290819,-1.06500869296642,0.287648568973834,0.394535708633862,-6.70636289646629
"RPL27",0.0964534831291217,0.116073075398628,1.06483175877756,0.287728523821853,0.394535708633862,-6.70655034637489
"PLA2G4A",0.220988480564963,-0.574741250180434,1.06466497296827,0.287803906503723,0.394535708633862,-6.70672701643534
"ACSS2",-0.116267196170456,-0.228796119581422,-1.06462360745472,0.287822604669778,0.394535708633862,-6.70677082914564
"HLA-DQA1",-0.274320625166413,-0.675162467737582,-1.06384648803033,0.288174033564604,0.39475486853013,-6.70759360897575
"APIP",-0.0982922431415648,-0.00609233240004097,-1.06367376444388,0.288252182077174,0.39475486853013,-6.70777640005539
"PHYHD1",-0.179055878162338,-0.694194640136753,-1.06361465797446,0.288278928001695,0.39475486853013,-6.70783894487829
"ANXA7",0.0756704265426332,-0.0113426578974893,1.06356412751239,0.288301794579724,0.39475486853013,-6.70789241207176
"LDB1",-0.097597766023417,-0.107857338473044,-1.06352120301996,0.288321220189095,0.39475486853013,-6.70793782926976
"RPL34",-0.124714834339418,0.280101599212628,-1.06345001430246,0.288353438813551,0.39475486853013,-6.70801314803598
"GATM",0.174848722959521,-0.168122217227642,1.06244574128194,0.288808213018243,0.395292698847049,-6.70907515087691
"DCAF8",0.0911302253573322,0.0807484566195012,1.0620505111324,0.288987321803338,0.395453075378121,-6.70949282724991
"CYTH2",0.0730561177311245,-0.0471116932116041,1.06131237386076,0.289322029126523,0.39582626011846,-6.71027247209508
"POLR1B",0.097144776086515,0.192034309627754,1.06083025976223,0.289540784656552,0.396040683383051,-6.71078140620496
"SYNPO2",-0.162058149288193,-1.265598264448,-1.05979020330816,0.290013083179766,0.396601742579312,-6.71187853885615
"ZNF740",0.104867853872698,-0.0179677322317389,1.05946581088533,0.29016049907386,0.396718369718757,-6.71222051460233
"GPX7",0.15315720633259,0.335554227321354,1.05893887872943,0.29040006446961,0.39696091022018,-6.71277578688658
"UFL1",0.066386309313674,0.126772108544862,1.05830035917342,0.290690541283911,0.397272925106543,-6.71344828043842
"NCBP3",0.073089088281613,0.11336823702314,1.05798313225379,0.290834927879908,0.397385194631546,-6.71378223639599
"SAMD9L",-0.152138043169597,-0.180248429848161,-1.05663468024572,0.291449219769858,0.398139338517447,-6.7152006896007
"GLMN",0.0958678584630639,-0.0151722121938644,1.05599328221245,0.291741718096229,0.398453662041588,-6.71587475346291
"FPGT",0.0983087556033023,-0.071845162163304,1.05568329895128,0.291883151535582,0.398479923429443,-6.71620037818051
"DTX3L",0.109741099249019,0.326501966231909,1.0556775745331,0.291885763802585,0.398479923429443,-6.71620639055432
"EIF1B",-0.116087246086607,0.117211643022125,-1.05487584076216,0.292251780916474,0.398839764799746,-6.71704813411203
"SF3B6",0.06536115545476,0.339617277678753,1.05477818892795,0.292296383251848,0.398839764799746,-6.71715061577584
"METTL1",0.104934425365118,0.215560382597458,1.05468983607271,0.292336742249461,0.398839764799746,-6.7172433304159
"RCC2",0.0912708111693164,0.228808206556783,1.05086450109169,0.294087735682563,0.401142959267926,-6.72125011618264
"NUB1",0.0946084039458489,0.0966998261984794,1.05055371469882,0.294230303443625,0.401251705999048,-6.72157500922281
"ARHGAP4",-0.104673262114589,-0.0254586144362724,-1.05003015504229,0.294470582420483,0.401493629885711,-6.72212211748328
"ALKBH4",0.061186700918374,-0.0247593991009894,1.04872842672602,0.295068561424585,0.402223049678901,-6.72348122065819
"SARAF",0.138297734756602,-0.305889464106624,1.04845494960992,0.295194293264354,0.402308551225806,-6.72376653865123
"SAP30BP",0.0684079461400456,0.164876896919659,1.04705246104685,0.295839657598157,0.403102051592879,-6.72522858991445
"COL16A1",0.142253687268908,-0.176756983252796,1.04664627733548,0.29602674275737,0.403270909431578,-6.72565166091372
"CEP170",0.0887602638157464,0.0540613391564221,1.04644401175288,0.296119934423631,0.403311813416144,-6.72586227496939
"BLOC1S1",-0.0675130123044036,0.185230557461212,-1.04439084892905,0.297067023050351,0.404515449387181,-6.72799789321585
"PCCA",-0.129141725977297,-0.0833471633064551,-1.04365180547484,0.297408428506241,0.404874589679041,-6.72876559698851
"FBXW9",-0.110371803147228,-0.135097588536476,-1.04354543613512,0.29745758812598,0.404874589679041,-6.72887604691966
"PLAA",0.0742337812831441,0.0121942089076653,1.04153938268275,0.298385726856294,0.406051335459812,-6.73095696323958
"LRRC1",0.0875037854586805,-0.198754577526919,1.04071109306012,0.298769516862572,0.406486973187199,-6.73181500309712
"TAF6L",0.0834635903930251,0.0380516840353191,1.03986993517374,0.299159608051834,0.406930996465905,-6.73268567937266
"HNMT",0.133632514275395,-0.0395009253495799,1.03778385484946,0.300128511003497,0.408161989937663,-6.73484194749325
"PLXNB2",-0.0548977909349074,-0.0198917291541133,-1.03575414494432,0.301073247125724,0.409359600276351,-6.73693581954159
"NFYB",-0.0923305637409139,0.120625357294268,-1.03516211566086,0.301349183825259,0.409622711040265,-6.73754579655416
"PPP1R9A",-0.127346955694099,-0.262842290401679,-1.03506370942492,0.301395066008953,0.409622711040265,-6.73764715245168
"NUDT3",-0.102796072313095,-0.297353058336161,-1.03354249344667,0.302104931667072,0.410500103999629,-6.73921274802537
"IRS1",0.152366882764861,-0.231818993376005,1.03284573616495,0.30243044185038,0.410854972598868,-6.73992906844923
"ABHD10",-0.0975467823562117,0.0984975368690306,-1.03148894003946,0.303064980477105,0.411629419346164,-6.74132258261642
"MRPS16",0.0910200931474253,0.075000649345353,1.03075106086018,0.303410440565059,0.412010987453828,-6.7420796664797
"DPYSL4",-0.132215942853515,-0.0294404190888471,-1.03049348331556,0.303531095034232,0.412087187283345,-6.7423438212113
"PFAS",0.0894690529798087,-0.0411352359214683,1.03006642309827,0.30373120913741,0.412271209681625,-6.7427816417848
"GDI1",0.0779784766891208,-0.216837807399206,1.02974572420356,0.303881541773402,0.412387597071875,-6.74311030257443
"FDPS",0.128480899380828,-0.222601988446966,1.02851023395271,0.304461161246544,0.413086382184272,-6.74437551551711
"BCR",0.0733996697293243,-0.00521836974012634,1.02777087753239,0.30480837628502,0.413469616014416,-6.74513193712688
"PYURF",-0.129712817297924,-0.13890829090135,-1.02674011989981,0.305292878975817,0.414038876860788,-6.74618558383277
"TAP1",0.174991316023744,-0.296403438341911,1.02633842843468,0.305481831023878,0.414207154616152,-6.74659591082585
"CNPY4",0.0889685354993901,0.0191888688552462,1.02607577102977,0.305605424825431,0.414286759556343,-6.74686412855071
"NCLN",0.0723469875034812,-0.0337273165786197,1.02534770401274,0.305948191887419,0.414663384674415,-6.7476072517656
"FAAH",-0.153110328547481,-0.320242302016772,-1.02427272707316,0.306454748778627,0.415261793495657,-6.74870350066455
"PRDX3",0.104630772271516,0.152420505145955,1.02394840579244,0.306607686904855,0.41527214912996,-6.74903401534535
"MYCBP",0.0763988603011066,0.205369569201297,1.02382945673792,0.306663791684822,0.41527214912996,-6.74915520984233
"FRG1",-0.0647838590977669,0.113502838228085,-1.02382010438455,0.306668203205284,0.41527214912996,-6.74916473815011
"WDR77",-0.0742142088826328,0.1111663785034,-1.02358530753671,0.306778971104851,0.41527214912996,-6.74940392410428
"CYB5R1",0.125229512755735,-0.131011267533151,1.02356705178426,0.306787584564764,0.41527214912996,-6.7494225188314
"PTPRK",0.120249026745272,-0.110361223379937,1.02315014174437,0.3069843355662,0.415450399022931,-6.74984708040217
"RHPN2",-0.14710924457276,-0.0910678538162735,-1.02164731343167,0.307694257038166,0.416322914004808,-6.7513760636777
"CUEDC1",0.102493713374653,-0.0718845720488681,1.02127635845106,0.307869660395756,0.416471987632818,-6.75175313103397
"VRK3",-0.0874709275103399,-0.0691035965925404,-1.02113457792837,0.307936717835577,0.416474463753476,-6.75189721178965
"COMMD1",-0.0546666832360336,-0.0090528020937954,-1.0206364765731,0.308172380060529,0.416704923059398,-6.75240323670651
"PACSIN2",0.0976677987164298,-0.279917774302924,1.01826536404114,0.30929584610289,0.418135502300858,-6.75480870405581
"PLPBP",0.101015108674461,-0.156577072951041,1.01584763630495,0.310444195176106,0.419599108001574,-6.75725573725502
"CBLB",0.0820028470644019,-0.0444727551449883,1.01547404434972,0.310621892146976,0.41975042991713,-6.75763334191441
"GATB",-0.090475383968081,-0.0325205205349562,-1.01514048665587,0.310780604010149,0.419876038215151,-6.75797036567583
"NCS1",0.125183624030723,-0.0679293563881662,1.01442265363937,0.311122342249476,0.420248816429639,-6.75869528465237
"ZNF593",0.0962218071965177,0.031297739157732,1.0141652039777,0.311244966767334,0.420325531474075,-6.75895515152517
"GALC",0.14856869201396,-0.18341627045076,1.0129818865719,0.311808998361963,0.42099819296704,-6.76014873612967
"GLT8D1",-0.122481614904954,-0.0930632700008587,-1.01252092624485,0.312028899485723,0.421133102081828,-6.76061332123659
"TRAF5",0.0999943719556867,0.164759414534825,1.01249592135789,0.312040831002213,0.421133102081828,-6.76063851674158
"SLFN5",0.120998820954596,-0.108278887779111,1.01113359668925,0.312691344433543,0.421921858454813,-6.76201029211831
"NUP93",0.0494943236439423,0.274208572950626,1.01069764933559,0.312899699752913,0.422113793138042,-6.76244887605148
"CTSB",0.136257526765245,0.226061109445253,1.00977859728294,0.313339249448857,0.422617471003581,-6.76337287063808
"PSIP1",0.117753580676346,-0.308978558673714,1.00832475547898,0.314035403306822,0.423466958841406,-6.76483282498076
"ANTXR1",-0.150541193840664,0.101298309878378,-1.00800065589232,0.314190733519143,0.423586958091159,-6.76515800224791
"ERP29",0.0892438014062849,0.193928812189223,1.00693602414247,0.314701333476839,0.424185774593544,-6.76622544288605
"YKT6",-0.0797293412866088,0.142444427433517,-1.00549437195055,0.315393626238999,0.425029190277756,-6.76766911177834
"ABCC1",0.0946533791460905,-0.00935821241491946,1.00534431914077,0.315465740483612,0.425036664483617,-6.76781925637383
"MAX",0.0796335802106586,0.14826528570603,1.00514485704583,0.315561617299203,0.425076144821816,-6.76801880599915
"SLC4A2",-0.116593508812126,-0.144865522994959,-1.00491547309354,0.31567190062501,0.425135010649797,-6.76824824196178
"SLC17A5",0.120210261307084,-0.0873342042854134,1.00370051706979,0.316256451711662,0.425820829079074,-6.76946260558604
"ARNT",0.0819580196892927,0.0342447833333162,1.0034571834048,0.316373612427171,0.425820829079074,-6.76970564510334
"ZCCHC24",-0.100282549218121,0.169035861324604,-1.00344141002028,0.31638120801114,0.425820829079074,-6.76972139739928
"IGFBP3",-0.157634467214872,0.190748197905304,-1.00254504052311,0.316813047200406,0.426299692179878,-6.77061616409372
"HINT3",-0.0916544760847806,-0.103769112180851,-1.00242578246139,0.316870530788676,0.426299692179878,-6.77073514900427
"SCFD2",0.0662869728791178,0.131516108396724,1.00178249164489,0.317180721963896,0.426627113911834,-6.77137672379633
"SEPHS1",-0.0710502508270551,0.0364636299282174,-1.00100955584673,0.317553691682799,0.427038820849762,-6.77214705632144
"SSB",0.0680501829233504,0.283281430264742,1.00083001423698,0.317640368375524,0.427065435265892,-6.77232590864773
"TSTD1",0.171355178549753,-0.0661282038942265,1.00067910854795,0.317713232650049,0.427073471678013,-6.77247621032616
"LEMD3",0.0825140904270275,-0.0042660975842413,1.00011276040101,0.317986789979388,0.427228167093587,-6.77304009070771
"KLHL42",0.118934126740522,-0.147026052415381,0.999923643240438,0.318078171817814,0.427228167093587,-6.77322831315684
"LETMD1",-0.0935232305826038,-0.115817215591571,-0.99989521772783,0.318091908583634,0.427228167093587,-6.7732566011301
"MAP2K6",-0.124109170937793,-0.171934513567597,-0.999886833708083,0.318095960276102,0.427228167093587,-6.77326494443036
"TXN",0.159436437669724,-0.0717552487823687,0.999649557681421,0.318210641251534,0.427292312174773,-6.77350103922505
"TEFM",-0.106277826516197,0.147230146658859,-0.999357023981121,0.318352066980756,0.427392335507176,-6.77379203994489
"RABEPK",0.063110639127732,0.0473729071061372,0.998536207905745,0.318749112180747,0.427835417547628,-6.77460810264174
"NUBP2",0.0834992166097178,0.164539969789483,0.997785387525893,0.319112584159208,0.428233259742863,-6.7753539913248
"METTL5",0.0802891391994907,-0.0542594558532525,0.996000036918584,0.319977965978285,0.429290810449442,-6.77712537532932
"SDR16C5",0.246164391839226,-0.58382148135555,0.995882230098474,0.320035122590344,0.429290810449442,-6.77724214965811
"IFITM1",-0.122775434254075,-0.00846445793666479,-0.995499717095665,0.32022075356233,0.429449592836689,-6.77762121554627
"PRPF8",0.0488628444549241,0.218597787920175,0.994930599124193,0.320497073515016,0.429729906424481,-6.77818493686483
"NAP1L1",-0.0853773713907756,0.305634174664784,-0.994303412874501,0.320801768240124,0.430034969147133,-6.77880580468539
"BDH1",0.172715090521946,-0.0708865615021561,0.994185044976411,0.320859294129513,0.430034969147133,-6.77892293646228
"PSMB10",0.122392382790957,0.086176923862464,0.993445504921554,0.321218858204775,0.430426528780166,-6.77965443962289
"NUP153",0.0680442301970863,0.187235876975184,0.990034875082684,0.322880524864311,0.432562348144907,-6.78302100267529
"FNDC1",0.186798291244292,0.198631875274318,0.989840862472098,0.322975217213421,0.432598439670168,-6.78321216259961
"RNF2",0.0702741026312653,0.185510053674286,0.986573340077645,0.324572739766985,0.434647009943834,-6.78642604509385
"SNX7",0.0938101052103049,-0.0131159064663586,0.985693382792322,0.325003840882996,0.435133051800783,-6.78728975138028
"ABCE1",0.0667066079236408,0.282925040049275,0.985400362527409,0.325147477886435,0.435234097757838,-6.78757719011971
"RBBP7",0.0922232463473059,0.166718094770576,0.98474069888629,0.325470993375553,0.435575831629199,-6.78822397739544
"SLU7",0.0538478592589114,0.221177359935509,0.984047994228019,0.325810939304742,0.435939406425143,-6.7889026972646
"HARS2",0.116391692990553,0.248668201553129,0.98368526367669,0.325989042389725,0.436086326347872,-6.78925791535585
"NAA38",-0.0684674075397756,-0.0168303145956009,-0.983417245241264,0.326120682040345,0.436171042066946,-6.7895202992602
"PARVG",-0.113077978143943,0.0198602862669119,-0.98231224531656,0.326663779124689,0.43680591198139,-6.79060131820912
"HSPA6",0.112926673062839,-0.136245106114496,0.981896373477739,0.326868329009163,0.436921236424511,-6.79100785176188
"BACH1",0.0746100545850568,0.0831125256520411,0.981858660121849,0.326886882756443,0.436921236424511,-6.79104470981117
"HNRNPH2",-0.0700960225890273,0.215789151724556,-0.981307575590311,0.327158076840713,0.437107895628896,-6.79158313567452
"SARS2",-0.100026019040814,0.0278066496500301,-0.981296658403843,0.327163450776898,0.437107895628896,-6.79159379905244
"KIF13B",0.11917371022176,-0.142257984651809,0.980611159175863,0.327501000016625,0.437467339980366,-6.79226312522517
"SYTL4",-0.136213877650222,-0.258751934679498,-0.980262155745293,0.327672941309677,0.437605465438672,-6.7926037159418
"XRCC4",0.0765948877366052,0.305551184945495,0.979854712043377,0.327873748443041,0.437782075242329,-6.79300118573076
"DNAJC9",0.0945686840191544,0.138188869917194,0.979252444220769,0.328170720811215,0.438086985653274,-6.79358840960204
"ATXN2",0.0642379468539199,0.135482801199607,0.977652084611968,0.328960693854956,0.439049755489945,-6.7951470499163
"BIRC2",-0.0587832501898307,0.155045319817496,-0.976337963312606,0.329610298319179,0.439824818133324,-6.7964250186668
"OSBPL5",0.0981400550940309,-0.141563956195645,0.975890637599722,0.329831613389532,0.440028176241572,-6.7968596481954
"TOMM34",-0.106687400826253,0.231786992564945,-0.974189707814772,0.330674033392223,0.441059892042896,-6.79851049335796
"RCL1",0.0843751919553308,0.254527937939651,0.973505451720755,0.331013319233778,0.441420226254736,-6.7991737936162
"SIGLEC1",0.120192218244717,-0.373686885165899,0.973302035258899,0.331114226132941,0.441462587984721,-6.79937089094934
"KIAA1143",0.0951184998262388,0.0985946359367147,0.972504502133339,0.331510043683205,0.441898043615295,-6.80014325368769
"ACY1",0.124458868393083,0.0401162679755159,0.971460618872879,0.332028589520506,0.442496878331963,-6.80115324044964
"PTCD3",0.0781123769878262,0.112652591649213,0.971024603423265,0.332245334668372,0.442693335112177,-6.80157477849029
"CD300A",0.10383781169265,0.14192408159755,0.969941113802001,0.332784339499981,0.44327802725045,-6.80262147730112
"SYNM",0.180975122874268,-1.85035653802916,0.969863441114666,0.332823001196344,0.44327802725045,-6.80269646791322
"PTPRE",-0.0866092189136652,0.0480151454611572,-0.966636025428371,0.334432027314962,0.445328153160799,-6.80580716045741
"RBBP9",-0.102273086975291,0.00590077103915272,-0.964205218756462,0.33564722452702,0.44685311271998,-6.80814324730201
"SPRYD4",-0.107519761906211,-0.0922506831930356,-0.963408975629112,0.33604589873253,0.447290611508694,-6.80890719197153
"CMAS",0.104859593928719,-0.0311199024289884,0.962524826104813,0.336488945698682,0.447786977550247,-6.80975474190571
"PTPRC",0.13322062640747,-0.246977082206913,0.961645388484793,0.336930005805024,0.448280493241317,-6.8105970073461
"UQCC3",-0.145121949811272,-0.00100659441555671,-0.961408554293386,0.337048847908492,0.448345186228275,-6.81082370014978
"LYRM9",0.133711983937189,-0.223603444710279,0.959656219364797,0.33792900105936,0.449422343629247,-6.81249927373537
"UTP20",0.0862081363666014,0.0130955554643606,0.958717693359961,0.338401008054913,0.449956359106751,-6.8133954374333
"TSC22D4",0.0683554835847127,-0.0936604577249969,0.958495207195444,0.338512963943603,0.449979497260806,-6.8136077533695
"BOP1",0.0792034982558085,0.180241009489028,0.958403022509228,0.338559358628178,0.449979497260806,-6.8136957097756
"ECI2",0.12248929070368,-0.179796867610378,0.956352169272069,0.339592571722679,0.451258807585704,-6.81565032003839
"MKRN1",0.0726633965635652,0.121857332703871,0.956021476663996,0.339759363537592,0.451376552006972,-6.81596510398205
"MEPCE",0.0746336478826604,0.185534820438801,0.955896194060076,0.339822566248632,0.451376552006972,-6.81608433132521
"POLE3",-0.117528849183161,0.00216440605073214,-0.955514853113749,0.340014992161795,0.451538212344647,-6.81644714535822
"HNRNPD",0.109880578598675,0.277191319236103,0.953905053899266,0.340828075265793,0.452523863708066,-6.81797714807708
"FGGY",0.0966068284834438,-0.183620134788011,0.952544936238745,0.341516022446716,0.453342994453697,-6.81926784617192
"GEMIN7",-0.0749110737052348,-0.113300892678969,-0.952302445317867,0.341638768002872,0.45341166778182,-6.8194977681297
"CDK1",0.178827872751307,-0.0515468276163302,0.952046228286511,0.341768492335904,0.453489572644378,-6.8197406414825
"INTS8",0.0559413227571963,0.154965389766144,0.951835760505814,0.341875077211164,0.45353674797284,-6.81994009956369
"MTIF2",0.075272021956195,0.125853162139516,0.951230493076797,0.342181715156812,0.453849242059876,-6.82051346066136
"UBE3C",0.0585341082700232,-0.0489820339248073,0.950861109505154,0.342368937450031,0.454003253503312,-6.82086319416185
"GGA3",-0.0633866071649294,0.0585102487440723,-0.950570349801293,0.342516355461486,0.454104428908137,-6.82113839132254
"CCNY",-0.0861712623638224,-0.197862677099993,-0.950106478860389,0.342751626950978,0.4543220133033,-6.8215772608697
"RABGGTA",-0.0528816912353739,-0.00603424415746487,-0.949228086664516,0.343197424401106,0.454818504524919,-6.82240772641069
"CBR3",-0.123500600124065,-0.169743774877262,-0.948471882739727,0.343581507393701,0.45514328815803,-6.82312205855711
"CHERP",0.0540206483786302,0.246664642353814,0.948464878120527,0.343585066393376,0.45514328815803,-6.82312867267687
"MAP1A",0.097795275616357,-0.168041450330817,0.948055063720121,0.343793331491966,0.455324708893632,-6.82351555582926
"ZFAND1",0.0881052098611327,-0.0122560345926278,0.946646977796867,0.344509528822211,0.456178627442932,-6.82484358475613
"DOHH",0.0697786086230909,-0.0702418014035735,0.945828604344582,0.344926218713639,0.456635684529667,-6.82561452735799
"SBF1",-0.0564292787372838,-0.0476965485419304,-0.94524056343321,0.34522582984139,0.456929242338353,-6.82616807745806
"LTBP3",-0.152443467318331,0.294848890399914,-0.945048345748051,0.345323802289865,0.456929242338353,-6.82634894659951
"CHD8",0.0670624981921689,0.136189107527043,0.94497213689335,0.345362650512904,0.456929242338353,-6.82642064595099
"S100A1",-0.31524518687203,-1.5960615684879,-0.944777203403665,0.345462032536422,0.456966040552114,-6.82660401848165
"ATXN7L3B",0.0819113732835409,0.0867562606453063,0.944074513813921,0.345820433430066,0.457344224010277,-6.82726472123808
"NTMT1",0.0785276713568913,0.228050946236399,0.943935838912491,0.345891191502839,0.457344224010277,-6.82739505232466
"SQOR",0.114270241662745,-0.135910796827097,0.943486834158966,0.346120357171484,0.457552480443049,-6.82781691064094
"MINDY1",-0.104712217843521,-0.288145352023017,-0.943322645272754,0.346204181108379,0.457568556484579,-6.82797112296266
"C2orf69",0.0845710578773109,-0.0510073158774421,0.942254372927322,0.346749887150007,0.458194956426489,-6.82897383230189
"MCRS1",-0.0739985867204661,0.234460135669386,-0.94178927188472,0.346987646709424,0.458414261171047,-6.82941003562623
"DDX47",0.0917787533873792,0.1117140990965,0.941469775618058,0.347151033513807,0.458505280365916,-6.82970955679455
"PIP4K2B",0.0717151214153056,-0.182928100855276,0.941266672401839,0.347254923782754,0.458505280365916,-6.82989990932249
"GOLGA1",0.0974803109907143,0.123518473858444,0.941233348861823,0.347271971158899,0.458505280365916,-6.82993113693139
"AKT1",0.0677558490356891,-0.0354574774560908,0.940627748991345,0.347581872030708,0.458819568516864,-6.83049845516184
"ACTR6",-0.0527178254817252,0.080707148256189,-0.940244870555549,0.347777891818728,0.458983431017483,-6.83085694340383
"MYO5B",-0.105349115809982,-0.18964324630461,-0.939871164278577,0.347969283883722,0.459141119569656,-6.83120670377901
"MYO5A",0.0782251720420771,0.0200657876374744,0.938746694239401,0.348545582042406,0.459806516805943,-6.83225828723867
"THTPA",0.0799175246152436,-0.139536192662765,0.9381046858891,0.348874888530197,0.460145871362385,-6.83285811996126
"TMED5",0.105123470264978,0.0915323461888078,0.937834373222949,0.349013599861055,0.460233753637513,-6.83311055279422
"HNRNPA1",-0.111005768458292,0.113505122399621,-0.936069673944197,0.349920022318172,0.461333748193584,-6.83475674781924
"SRF",0.104689785386725,-0.251463277385679,0.934686289138919,0.350631634134668,0.46210111673154,-6.83604507818682
"ELANE",-0.224924855819532,-0.761142183804741,-0.934656797764587,0.350646814497152,0.46210111673154,-6.83607252253187
"SH3BP5L",0.100363367317322,-0.0705235924069827,0.934480281995553,0.350737682809989,0.462125485914524,-6.83623676813716
"IGF2R",0.0900640291057151,0.0291348880698689,0.933977524128974,0.350996579029239,0.462371189829109,-6.83670440862011
"RIOK3",0.074955993369933,0.091672593535644,0.933448882345799,0.351268935424651,0.462634519943563,-6.83719585504454
"ANO1",-0.154571300495926,-0.32282849398936,-0.932445711986932,0.351786138804612,0.463220147714467,-6.83812768115588
"RAB5C",-0.0694453148648936,-0.0167025335371309,-0.930997271524333,0.35253376385133,0.464108882925926,-6.83947135183942
"CDC42",-0.0904049895888929,-0.0136060658619222,-0.930439004583037,0.352822187622996,0.464392840233525,-6.83998868298699
"WDR3",0.0743685312995086,0.201252235063219,0.927750469563823,0.354213295164203,0.466127759609117,-6.84247575411212
"KEAP1",-0.0878292067851812,-0.12634432187776,-0.92734816181461,0.354421757088131,0.466275152397807,-6.84284729934344
"MBNL1",0.0662581828515249,0.191028108698469,0.927252469216551,0.354471353130612,0.466275152397807,-6.8429356511929
"TMEM209",0.0795831213899217,0.117573424204344,0.926675292051254,0.354770588785493,0.466572648691117,-6.84346835974046
"TRAP1",0.106410413317498,0.28542183178771,0.925723744013472,0.355264265488886,0.467125686809418,-6.84434587533693
"MID1",0.110280207890938,-0.280592949026971,0.925400195096633,0.355432226445404,0.467250312096748,-6.84464404714606
"UBE2D3",-0.0864525843691011,-0.00189524784826996,-0.924600762723692,0.355847444135821,0.467624841103576,-6.84538033253761
"GGA1",0.0611843739228694,-0.109579396603234,0.92456966415105,0.355863602650317,0.467624841103576,-6.84540896184924
"UNC45A",0.0573500333887335,-0.0499892196135336,0.922759029816606,0.356805191841185,0.468765668704931,-6.84707417823394
"FAM98B",0.0636521334978937,0.126558907504694,0.922244775174952,0.357072908354926,0.469020884560009,-6.84754653926114
"HDHD2",-0.0904169624579285,-0.331232438300374,-0.921964085439793,0.357219086602604,0.469116385840729,-6.84780425216911
"AMFR",-0.0729591756244656,-0.0784293607503862,-0.921299258879125,0.357565467506868,0.469474709033797,-6.84841434571585
"TIMM13",0.109308704631829,0.332357570349323,0.919537343355309,0.358484469007328,0.470432372468981,-6.85002909070382
"TSR2",-0.0974586820806819,-0.014030881879563,-0.919535253819457,0.358485559778203,0.470432372468981,-6.85003100387779
"UBE2C",-0.206459593488117,-0.162935326404866,-0.919477163286301,0.358515884797817,0.470432372468981,-6.8500841896972
"PAFAH1B2",-0.102966943920879,0.0706597209236795,-0.917833703364996,0.359374492115445,0.471462118791271,-6.85158750351107
"MCUB",-0.102317647348709,0.077304473258319,-0.917401957470082,0.359600268036763,0.471636211572597,-6.85198198847164
"UXS1",-0.0994084503673047,0.0513160256925974,-0.917297458590963,0.359654927822549,0.471636211572597,-6.85207744103508
"SP1",0.0577068988293184,0.118400656835732,0.916999589475416,0.359810761726271,0.471743678361857,-6.85234946468906
"LYPLA1",0.11746699587056,0.190302894347613,0.916733425951886,0.359950044490957,0.471829405476239,-6.85259245941575
"NFATC2IP",-0.0945683689725704,0.0943599618221949,-0.915365567509712,0.360666378102218,0.472671351433223,-6.85384014244525
"NSRP1",0.0812863517180252,0.222637512875626,0.913962533089527,0.361402065863193,0.473538311212084,-6.85511798528712
"PRMT1",0.0863645260783407,0.264555798815377,0.913388802008283,0.361703176563671,0.473835613943176,-6.85563996103332
"UBA1",-0.0584129875875021,0.118838167099956,-0.911936061788757,0.36246632285998,0.474701404566542,-6.85696019364018
"FSTL1",0.123335336357974,0.321794682780181,0.911847702629161,0.362512771913306,0.474701404566542,-6.85704042591328
"SLC25A35",0.127837847233055,-0.285126208979642,0.910822935969194,0.363051749537055,0.475309702848902,-6.85797037397731
"GLUL",0.150037132605124,0.166517076461008,0.909491376618325,0.363752837507273,0.476129944133649,-6.85917717382037
"GALK1",-0.0657788616244362,0.0330169162500845,-0.908406241663536,0.364324807577657,0.476736227917357,-6.860159338695
"ASH2L",0.0635038539614446,0.173918776684129,0.908329356022982,0.364365355087972,0.476736227917357,-6.86022888428191
"EPM2A",-0.0909208716894029,-0.67852275673304,-0.908007679675095,0.364535029648958,0.476860513072853,-6.86051978758854
"ECSIT",-0.0852502679389695,-0.097338935063928,-0.905759595164345,0.365722210564454,0.478315508900868,-6.86254994798492
"ECH1",0.128062027490758,-0.0789471053446863,0.905606460240089,0.365803166993619,0.478323412093848,-6.86268805619405
"APEX1",0.0709969190742449,0.243752336615921,0.905096933758397,0.36607261453553,0.478577732147699,-6.86314741694633
"ADO",0.060739548456087,-0.0148040593805909,0.904150102961456,0.366573647374925,0.47913464452178,-6.86400034380256
"BROX",0.100113588997073,0.18103866996656,0.902827109629282,0.367274452567508,0.479952390430524,-6.86519063870678
"RNF126",-0.0893954836180964,-0.0768363501178709,-0.902110060381945,0.36765463222645,0.480350895593592,-6.86583504198333
"TRA2B",0.0623622213255995,0.283426424620967,0.898772323534452,0.369427539887731,0.482522999713986,-6.86882791930458
"TXNDC9",0.0787247987689561,0.210723750540632,0.8986729366413,0.369480413012185,0.482522999713986,-6.8689168681533
"DDX49",0.10171962569043,0.190699325952611,0.898553708335644,0.369543847862395,0.482522999713986,-6.86902356166832
"HS2ST1",0.0971661790503002,0.145947361519487,0.897270834369968,0.370226825020814,0.483315943111408,-6.87017067242687
"PPA2",0.0976731965074946,0.100553450977183,0.897115992796635,0.370309312901412,0.48332480843735,-6.87030901721564
"SZRD1",0.0757364075121856,-0.0498240932734966,0.895465960207506,0.371189037516815,0.484374004607575,-6.871781780087
"NOMO1",0.158513128194128,0.0656485130280025,0.894680255795226,0.371608397940435,0.484822153831156,-6.8724821247978
"ISCU",-0.0727906954730116,0.293357167415719,-0.894251448757563,0.37183739308486,0.485021808957473,-6.87286408775892
"PPP1R12A",0.0601361790719164,-0.264978472063571,0.892933126013022,0.372541965270483,0.485841594822719,-6.87403725193501
"NUDT21",-0.0588882455213143,0.246582120816505,-0.892285440185541,0.372888422523514,0.486155529367764,-6.87461299105536
"NFS1",-0.081943758307703,0.153465632134836,-0.892196299153432,0.372936121141816,0.486155529367764,-6.87469219751153
"ATAD3A",0.099367884712164,0.303943518754984,0.892056171101964,0.373011110160169,0.486155529367764,-6.8748166926737
"RNF220",0.0695856136975072,0.14764686798581,0.891369052741374,0.373378954819895,0.486535638066333,-6.87542687344054
"ALG13",-0.0922327636060761,-0.0619177562525636,-0.890830524617671,0.373667410225492,0.486649242628055,-6.87590477474764
"APOBEC3G",0.111133977356311,-0.197950972400946,0.890769367357607,0.373700177053857,0.486649242628055,-6.87595902882649
"EXOSC9",0.0615325370399869,0.154535416799747,0.890632772733053,0.373773368152907,0.486649242628055,-6.87608019182341
"RPL7",0.0691260630651142,0.197044590786636,0.8905785855829,0.3738024055639,0.486649242628055,-6.87612825211691
"DNTTIP1",0.0684507363501417,0.0613919631136529,0.890494951481001,0.373847225542774,0.486649242628055,-6.87620242412925
"TAB1",-0.0403323585520462,-0.0600293693065745,-0.890140990213582,0.374036952330855,0.486796971184775,-6.87651626261719
"PLEKHF2",-0.0710423813819871,-0.0392533422166067,-0.889315872729242,0.374479455840614,0.487273553197946,-6.87724736796532
"MITF",-0.0731475863572995,0.042016211492886,-0.889060850258722,0.374616287985262,0.487352281741218,-6.87747319721133
"ATPAF2",-0.0905355925694034,-0.0632387476223631,-0.888567063195316,0.374881317375347,0.487525597361836,-6.87791027568267
"KATNA1",-0.0601389913572147,0.0111572771622215,-0.888528125451481,0.374902221307223,0.487525597361836,-6.8779447313721
"MRPL28",0.107871118153985,0.189822098105603,0.88798666156614,0.375192984032492,0.487804358185188,-6.87842371257427
"CASTOR2",-0.083381749541727,-0.0143315525099935,-0.887004226426172,0.375720902817834,0.488383132700456,-6.87929203685164
"SMARCAL1",-0.0517403011493599,0.0367650805909505,-0.886750874842357,0.37585711786413,0.488383132700456,-6.87951580622802
"ACAD8",0.127434896962611,0.0443383722205676,0.886731355419134,0.375867613796404,0.488383132700456,-6.87953304385628
"GLYR1",-0.0606981187371102,0.13555815331635,-0.886536316854521,0.375972499396912,0.488420022105652,-6.87970526193026
"SPRYD7",0.0712082434482889,-0.100015587147714,0.885532036263752,0.37651285718941,0.489022496573308,-6.88059143975129
"MAP3K4",-0.0531460642511788,-0.0660137948156693,-0.885338266355222,0.376617171349101,0.489034013637169,-6.88076230739206
"SLC7A6OS",-0.0686300959048069,-0.0450674161013414,-0.885231033782972,0.376674906666813,0.489034013637169,-6.88085684981709
"PNO1",0.0766572440180276,0.243892164240753,0.884219781671242,0.37721964678505,0.489641684229019,-6.88174786750063
"DCTN6",-0.0505049426428135,-0.0612425580089203,-0.883706501840798,0.377496326343314,0.489820977648776,-6.88219973230117
"C11orf98",-0.0903783407456275,0.179678919926393,-0.883678910174604,0.377511202977232,0.489820977648776,-6.88222401516936
"RHBDF1",0.0901238840595814,0.0650950531053717,0.882808816514349,0.377980518672496,0.49033027462899,-6.88298937992862
"PPID",0.0763023407516381,0.245243424678373,0.882367472132084,0.378218711280202,0.490539604209647,-6.88337731500053
"TAF9",0.06252100110427,0.170602766768792,0.880881724181054,0.379021248501306,0.491480640065158,-6.88468184607016
"MYLK",0.122785755066582,-1.10887091635437,0.880619831441627,0.379162820754026,0.491564387921717,-6.88491156887428
"ARL15",-0.0850525726179382,-0.0630548829437159,-0.879811195007498,0.379600154313618,0.491933777411022,-6.88562044635252
"RPS6",0.0846360307703397,0.239874927937284,0.879808087105278,0.37960183575632,0.491933777411022,-6.88562316959215
"DHX37",-0.0637127189546243,0.143437490461439,-0.879304150666877,0.379874537182575,0.492187280826043,-6.88606460757482
"TDRD3",0.0683827942953263,-0.00266133472336762,0.878807758172105,0.38014327450515,0.492435546300544,-6.8864991911074
"CCDC61",-0.0891931341962631,-0.00977480406590595,-0.878427616400849,0.38034915526564,0.492602303523552,-6.88683183387742
"DDX20",-0.0639691645885208,0.104090804856661,-0.876741121425633,0.381263372792311,0.493686196568425,-6.88830587252531
"GTF2H1",0.0511042014233581,0.12598053190469,0.87648220272458,0.381403847682858,0.493767957715947,-6.88853192426267
"TRIAP1",0.0789702843915676,0.25227946236999,0.876074142068027,0.381625303469575,0.493954502869094,-6.88888805107518
"ALDH4A1",-0.137980330639304,-0.0824194633339569,-0.875199114622697,0.382100450709842,0.494469269919404,-6.88965115735659
"HDAC4",0.0550501503353205,-0.0480207394079197,0.874283548893945,0.382598000556812,0.495012813283738,-6.89044880423666
"GAA",0.112600504162611,-0.147277855704803,0.873410613431628,0.383072754953412,0.495526649185076,-6.89120853747902
"MPST",-0.107852622229224,-0.143393884122036,-0.873161351977703,0.383208384718611,0.495601688561541,-6.89142533607042
"MAGOHB",0.0642104541887333,0.202296239299671,0.872639614407242,0.383492371597656,0.49586852828089,-6.89187892513318
"CARS2",-0.113075048392488,0.0316565572969093,-0.870546196202636,0.384633140899518,0.497108333234446,-6.89369619075821
"POGK",-0.0656835693913904,0.102860490201319,-0.870536194542025,0.384638596117541,0.497108333234446,-6.89370486262466
"FAM160B2",0.0821383159462507,0.0682378596705799,0.870321836200422,0.384755525276879,0.497108333234446,-6.89389069661223
"GSR",0.107308910741803,-0.146517410950015,0.870308815666681,0.384762628479973,0.497108333234446,-6.89390198305482
"C11orf68",-0.058005184392276,0.00104819023875363,-0.868430922823613,0.385787934864322,0.498332179669977,-6.89552801552009
"NPL",-0.111565019691933,-0.207236183262869,-0.867609892585088,0.386236733478299,0.498810991759494,-6.89623783186506
"FBXO4",0.0844595540670437,0.0585587469668288,0.866292058037042,0.386957768636471,0.499641122900681,-6.89737575984612
"COG6",0.0560105435515833,0.225535544466294,0.866108518343227,0.387058255269777,0.4996698261014,-6.89753410668126
"PDIA5",0.0851744463454032,0.212094625196975,0.863371026833144,0.388558908745237,0.501505686747187,-6.89989188299359
"RDH13",-0.101797832685318,0.00347484501140003,-0.862437189046235,0.389071638230227,0.502065968088116,-6.90069448924856
"PPAN-P2RY11",0.095618026448208,0.0636901823375694,0.861324416397011,0.389683152854155,0.502753471605128,-6.90164975571512
"NCOA5",-0.0585818838325891,0.207643227770254,-0.86111462745148,0.389798506315756,0.502800699560828,-6.901829712758
"SLC2A3",-0.1651488776444,-0.327353268147769,-0.860147828923305,0.390330374656522,0.503385062044414,-6.9026584689687
"F13A1",-0.133855179952671,-0.287069249359644,-0.859795169156625,0.390524494871142,0.503436817250865,-6.90296054424606
"DARS2",-0.099145101651616,0.123931761962337,-0.859788439388821,0.390528199818878,0.503436817250865,-6.90296630751648
"ME1",0.119934363163276,-0.141298128425019,0.85864141918943,0.391159983741367,0.504149474402226,-6.90394794198735
"BRPF1",0.0616444324053658,-0.0145317493204158,0.856753146623935,0.392201409795426,0.505382243075327,-6.90556110800862
"MECR",-0.0850753772863309,0.180439883670608,-0.856620250844183,0.392274768470058,0.505382243075327,-6.90567450873661
"PPIF",0.098691070778198,0.185997403460026,0.855888742284181,0.392678711936498,0.505684514601189,-6.90629839565689
"TSSC4",0.0782181762836686,0.0605256270682795,0.855856267704767,0.392696650466274,0.505684514601189,-6.90632608018173
"SCCPDH",0.113187332146136,0.0164163333689498,0.855765148172053,0.392746986359796,0.505684514601189,-6.90640375384773
"RXRA",-0.0650836738790232,0.0288163779819737,-0.854967404030478,0.393187840773481,0.506150073253766,-6.90708342893368
"TP53BP1",0.0735682251875738,0.169301613067568,0.853639469314758,0.393922360034221,0.506993402301653,-6.9082134248461
"MYADM",-0.0916693224454158,-0.582350223349306,-0.853378573820208,0.394066766918611,0.507077046911594,-6.90843522634434
"TMEM70",0.118224267918097,0.0265694916076367,0.851398356261427,0.395163875563307,0.508386327920958,-6.91011651686966
"UBE2I",-0.0588943962635178,0.333449500899888,-0.850966763656324,0.395403238667058,0.508591796714175,-6.91048244155723
"VPS13C",0.0593399794560839,-0.00736347050753305,0.850474779328105,0.395676202610391,0.508840393487884,-6.91089934390316
"BLOC1S6",0.0599609137011647,0.217852418025293,0.849984006887002,0.39594860808236,0.509088172091395,-6.91131498015073
"MDH2",0.110774295919974,0.24311062400596,0.847777251682661,0.39717488301323,0.510562035039153,-6.91318093413839
"OGFOD3",0.1004445036059,0.101479807630065,0.847483730194392,0.397338163597743,0.510669117264812,-6.91342876159026
"GATAD2B",0.0614064714525169,0.0341959605831813,0.846202708339709,0.398051248267978,0.511482636383787,-6.91450935981165
"SASH3",0.0893341243756389,-0.0984940247503197,0.845758623270755,0.398298630258057,0.511601702912376,-6.91488358518137
"PGM2",-0.0791307362440225,-0.0162425302891857,-0.845670502749381,0.398347729727841,0.511601702912376,-6.91495782007262
"ENDOG",0.104010284109691,0.0197333629884417,0.845604897991473,0.398384286120647,0.511601702912376,-6.91501308213064
"EXOC6B",-0.0553252528213185,-0.102222210188019,-0.84423028275463,0.399150718283821,0.512482874772209,-6.91617000521617
"UBQLN2",0.0740285383384098,-0.0612225978833351,0.843242243173076,0.399702161079984,0.513087715821411,-6.91700041539798
"TK1",0.150292071519167,-0.0545095908854354,0.84265755168409,0.400028704670999,0.513403674236046,-6.91749137062397
"FKBP7",0.101832151103821,0.224777109036926,0.842016038343347,0.40038716792968,0.513729312395483,-6.91802964806246
"PPIL4",-0.0588083696943096,0.183347885657182,-0.841912985471006,0.400444769634622,0.513729312395483,-6.91811607904018
"ENPP1",-0.120714355878253,-0.26609017257715,-0.841771594854492,0.400523808473722,0.513729312395483,-6.91823464694236
"KRT15",-0.234500434997131,-1.0614606586279,-0.840758711541409,0.401090296186852,0.514352589104851,-6.91908345482331
"CDC42BPA",0.103883531300839,-0.116847754738846,0.8391006551208,0.402018660293705,0.515439587545242,-6.92047072891412
"MB21D2",-0.0813451649907857,0.0333288973260433,-0.838705589031768,0.402240053032762,0.515619903355588,-6.9208008732675
"USP28",0.0801567338836016,0.0926108329544084,0.838122680872537,0.402566845482719,0.515866123569536,-6.92128770862816
"APCS",-0.182037081989015,-1.17204135619127,-0.838074759144944,0.402593718676116,0.515866123569536,-6.92132771707843
"LILRB5",0.0814202276118172,-0.567256547032223,0.836315314238335,0.403581115009051,0.51702757209727,-6.92279504909551
"MRPL50",0.0703080286402115,0.0795978575305843,0.835757392070229,0.403894523562156,0.517282783265654,-6.92325970066546
"RPL29",0.110123173319762,0.115536127476929,0.835672260861481,0.403942358240024,0.517282783265654,-6.92333057291919
"DLG1",0.0681802621207296,-0.0717220495556699,0.835516776187338,0.404029732868769,0.517290925279144,-6.92345999630918
"DEGS1",0.0919201020893309,-0.11447527580867,0.83413034682661,0.404809339265857,0.518185170652064,-6.92461298152888
"ACTR8",0.0398224815906016,0.0403978745805827,0.833550529549668,0.405135645495191,0.518498916914571,-6.92509460490722
"SURF1",-0.0918573322490424,-0.00454104995758546,-0.833400976327806,0.405219835812226,0.518502735803821,-6.92521877671355
"RPL3",0.0781018339445301,0.139457098523054,0.833025967080155,0.405430991779783,0.518633567517703,-6.92553004372144
"ARL6IP6",-0.0916834740280842,-0.281408370220481,-0.832836554197485,0.405537669344845,0.518633567517703,-6.92568720810186
"FNBP1L",0.0813902403197545,0.104023306552877,0.832786675450054,0.405565763917916,0.518633567517703,-6.92572858882001
"NIT2",-0.0734111429335496,0.116047320968717,-0.831539355853311,0.406268705686668,0.519428451303439,-6.92676259536593
"HEXB",0.0869623600644001,0.152866475373528,0.83082211569418,0.40667324555448,0.51984157614922,-6.9273564762551
"SLPI",0.19619922713647,-1.19038912234724,0.830015866864093,0.407128276496767,0.520184199860106,-6.92802344781964
"MX1",0.209281986279889,-0.436370018407539,0.829822400384199,0.407237510525667,0.520184199860106,-6.92818339756318
"OSTM1",0.0794585204874762,-0.121046165028076,0.829818692939931,0.407239603974828,0.520184199860106,-6.92818646235567
"PHLDA1",-0.118441165946647,0.0598548653210543,-0.829769893412726,0.407267159765179,0.520184199860106,-6.92822680165694
"OSBPL2",-0.0726955119279012,0.168188802227974,-0.829578606717225,0.407375185025154,0.520218111277122,-6.92838490277896
"QDPR",0.102505837148052,-0.68371614998918,0.82851833977502,0.407974260277204,0.520822288727435,-6.92926056998649
"TBL3",0.0597165867381811,0.17958760630198,0.828322162091564,0.408085162968739,0.520822288727435,-6.9294224695288
"SOS2",-0.0659851641304479,-0.141737466909983,-0.828308271012723,0.408093016523627,0.520822288727435,-6.92943393197098
"NDRG1",0.120533538086368,-0.184569170820539,0.827373538715845,0.40862169093347,0.521392785093966,-6.93020480119138
"KIAA2013",-0.0688410607995325,-0.0929543479075084,-0.827207575807045,0.408715600550646,0.521408413489685,-6.93034157938988
"NOL7",0.0690800967510728,0.276558753407116,0.826670423978373,0.409019634788422,0.521692043173008,-6.93078408529682
"OSBPL1A",-0.0719839196566804,-0.39325502801472,-0.826334033313365,0.409210104681913,0.521824532017062,-6.93106105830907
"HMGN5",0.148711706071568,-0.421516338438152,0.826198320286203,0.409286962621996,0.521824532017062,-6.93117276817137
"PIK3CB",-0.0527690433288517,-0.00354418551901275,-0.824990088973347,0.409971596753888,0.522593061543936,-6.93216649767984
"MAP3K3",-0.143975558374502,-0.350584969895526,-0.823797012691184,0.410648314038437,0.523351194637809,-6.93314634152483
"BUD23",0.0830934646150622,0.188284888136832,0.823273002944321,0.410945744845848,0.523625739541157,-6.93357625134353
"USP13",-0.0876860210497082,-0.137665527527852,-0.822336190364423,0.411477804919088,0.524199079091855,-6.93434415535997
"PI4KA",-0.0452689497061645,-0.1095715619573,-0.821245709817669,0.412097657227655,0.524884009854095,-6.93523692412361
"MRGBP",-0.0625109187894251,0.0200438415680186,-0.820863010004643,0.412315323723157,0.525056510166006,-6.93554995809026
"GLE1",-0.0519842481697809,0.230312782681441,-0.82025323618954,0.412662283534562,0.525393555407413,-6.9360484297766
"RANBP2",0.0401467855645172,0.289912520202143,0.819957033334137,0.412830884938981,0.525503429093978,-6.93629043354296
"NUDT12",-0.115945366089856,-0.268681442524499,-0.818583378083033,0.413613318020469,0.526394465927984,-6.93741159992218
"IGF2BP2",-0.153968893362108,-0.390813655642931,-0.818072618454638,0.413904471113,0.526590369362628,-6.93782800034141
"MYO1G",-0.10250528942825,-0.127456397349824,-0.818023994896262,0.413932194805173,0.526590369362628,-6.93786762754956
"ASMTL",0.08571505623982,-0.0933950872899352,0.81768486761321,0.414125585689399,0.526731447136816,-6.93814394413075
"SSU72",-0.049754963177926,0.125335186380639,-0.816229419657776,0.414956179687062,0.527682773810374,-6.93932852875226
"RAD9A",0.0763357968885237,0.0877504098541752,0.815850918440034,0.415172344443393,0.527852532710288,-6.9396362453521
"ADA",0.0952134549227384,-0.00700010115315493,0.815539615793923,0.415350181700108,0.52795216934746,-6.93988922384568
"RMDN1",-0.0821884941577888,0.0694485339518503,-0.815424273778217,0.415416084385535,0.52795216934746,-6.93998293152706
"ABI1",0.0989690192158497,-0.204797285273699,0.814746696589563,0.415803355287081,0.528339188757813,-6.94053315117179
"DCUN1D5",0.0854459985323221,0.143130880027985,0.814291269280283,0.416063776182978,0.52856490468132,-6.94090272027048
"KAT8",-0.0715813284111654,0.0623195200662577,-0.812575492140616,0.417045754225627,0.529540997827943,-6.94229318687974
"BRMS1L",-0.0564231378601274,0.0766225131385486,-0.812520886548448,0.417077028763379,0.529540997827943,-6.94233739131429
"PIK3C3",-0.0545377863883577,-0.0727030273576535,-0.812514091527866,0.417080920607161,0.529540997827943,-6.94234289182675
"POLR2I",-0.0540935193761662,0.0777733181950052,-0.811472034791715,0.417678012489507,0.530115285111521,-6.94318588578673
"TBC1D10A",0.0608246005319795,-0.00784583132139271,0.811434908185146,0.417699295128592,0.530115285111521,-6.94321590026578
"LPIN2",-0.0991220489299917,-0.000105878273864813,-0.810706260074749,0.418117118861376,0.530540104119611,-6.94380468866288
"PRPF38B",0.0540408016346726,0.0804484143523922,0.809869571723906,0.418597200199997,0.531043735997811,-6.94448012979475
"SARM1",0.0873808683009972,-0.380433836383943,0.80751796800084,0.419948265152112,0.532651901667905,-6.94637481058246
"MLH1",0.0690781608996923,0.172951914983874,0.806637586069538,0.420454731764527,0.533188373846377,-6.94708272011914
"SAP130",0.0510583541296844,0.0187971618096677,0.805250929537317,0.421253178672875,0.533989735573551,-6.94819616203557
"IRF2BP1",0.0613801977193892,0.0402958308669528,0.80524963766715,0.421253922957553,0.533989735573551,-6.9481971984773
"PSPC1",0.0696306490889044,0.215760837424549,0.804270460844867,0.421818278637667,0.5345989895001,-6.94898229617499
"MRM2",-0.0701445696287327,0.207514153703548,-0.804026306849886,0.421959067902477,0.534629564289013,-6.94917790907615
"MRPL4",0.0705431322392301,0.0919624354995436,0.803938222950313,0.422009867504562,0.534629564289013,-6.94924846619194
"CASP9",0.0585042709410544,0.0800163009764881,0.803358020313651,0.422344570997596,0.534947448089596,-6.94971302869884
"PCMTD1",-0.0780739941266867,-0.0692606702597596,-0.803074923124306,0.422507938955706,0.535048232890159,-6.9499395805427
"TPRKB",0.0604400072812135,0.153779217679721,0.802402977627227,0.42289584993581,0.535433274209825,-6.95047699436347
"PPIL3",0.0785745057718592,0.132639542088171,0.801269565382769,0.42355063803466,0.536155992040307,-6.95138246829401
"RNASE3",-0.1773503333329,-0.447200232444695,-0.799968105638245,0.424303244077642,0.536928026717995,-6.95242062153352
"ARFGAP2",0.0547208936064618,0.26098268986509,0.799897736945391,0.424343959140351,0.536928026717995,-6.95247670559036
"DBT",-0.0774473663816509,-0.0520337792235499,-0.799596233995972,0.424518433593824,0.536928026717995,-6.95271694869667
"DPP7",0.108736812706475,-0.258471160759959,0.799506826680945,0.424570180130359,0.536928026717995,-6.95278817274926
"USP54",0.0745243402291723,-0.0824089310108398,0.799488154125437,0.424580987768074,0.536928026717995,-6.95280304676193
"SIRT6",0.0525966852703017,-0.0954488882335833,0.799061455218303,0.424828004255732,0.537134021222347,-6.95314284835084
"ERCC2",0.0501722384067908,0.181440094681766,0.798120968438477,0.425372750881365,0.537625268471411,-6.9538911667285
"GBP1",0.161953813357377,-0.379496788923278,0.798099928521678,0.425384942258037,0.537625268471411,-6.95390789754804
"NUMA1",0.0764109692820334,0.0107042952608839,0.797719336185709,0.425605508194745,0.53779013226609,-6.95421046650507
"MTAP",0.0912355692141701,-0.184798925503536,0.797584197703759,0.425683841577575,0.53779013226609,-6.95431786631952
"DSN1",0.0656400470159354,0.186679955683138,0.796736027884875,0.426175678476057,0.538251271952711,-6.95499152602287
"MAP2K1",0.05136261559931,0.0646331442653211,0.796627229936237,0.426238792342856,0.538251271952711,-6.95507788723097
"RPL22",0.0609075628704416,0.253147246878938,0.796448132396024,0.426342699044379,0.538251271952711,-6.95522002498466
"ABCB8",0.0772803879355104,-0.0658478541524573,0.796373417444671,0.426386050671388,0.538251271952711,-6.95527931183962
"VDAC3",0.107349022084318,0.125786879438643,0.795864069991502,0.426681656586758,0.538517963492084,-6.95568333509847
"GDPGP1",0.0625106944336256,0.00708028677366807,0.795574761600797,0.426849613621181,0.538623474895502,-6.95591270487988
"RASA2",0.0488592267581498,-0.0280899087543429,0.795419894761971,0.42693953696021,0.53863049663919,-6.95603545243204
"HMG20A",0.0541563460785955,0.123111575685427,0.795017021341859,0.427173517123463,0.538771934765766,-6.95635465864276
"COX6A1",-0.0899267394080095,0.0624254117084581,-0.794936298718783,0.42722040810009,0.538771934765766,-6.95641859772751
"AKAP17A",0.0586557573398982,0.142742365715493,0.79275596949463,0.428488079031962,0.540263899016406,-6.95814315469193
"KRAS",0.0679772005118584,-0.204002888540588,0.791825640170014,0.429029652632843,0.540678827174223,-6.95887757336205
"TTC38",0.102958317155969,-0.129826903488719,0.791821851189633,0.429031859133092,0.540678827174223,-6.95888056269461
"CETN2",0.0705921048835795,0.021515656614324,0.791754295929603,0.429071200828784,0.540678827174223,-6.95893385831928
"PSME1",0.0864121393712273,0.124005055435129,0.790856047828125,0.429594507653685,0.541231438707336,-6.95964207271374
"DVL2",0.0508233917409489,-0.0430729666588481,0.79019196299042,0.429981633603322,0.541612296420834,-6.96016514858973
"CAMP",-0.247879790622072,-1.31149152054215,-0.789539359422282,0.430362264771582,0.541900450829787,-6.96067875461645
"PLOD1",0.0975014722553363,0.343011539408433,0.789508722161231,0.430380138787447,0.541900450829787,-6.96070285608136
"ABCB10",-0.0774559794612433,-0.116987991599271,-0.789042625936546,0.430652116320754,0.542135994224766,-6.96106940586122
"APRT",0.0829893796116294,0.0620392792627249,0.788867150644782,0.430754536016408,0.542158035179335,-6.96120734816377
"VWA8",-0.0880144696827795,-0.0572459840737153,-0.788537354235206,0.430947066755545,0.542293461023681,-6.96146652062654
"FBXO3",-0.0504526824746904,-0.0613716588707365,-0.787424873492209,0.431596887885767,0.543004163379432,-6.96233997386244
"SRSF9",0.065109664877676,0.281282555921594,0.784519967336211,0.4332963860649,0.545034953708508,-6.96461493991696
"ITGB5",-0.0935017173080555,0.17222395284925,-0.784266862910202,0.433444647246965,0.545114058040549,-6.96481276094408
"CHI3L1",0.158281149900904,-0.425797088153314,0.782641773072565,0.434397279247969,0.546099013808118,-6.96608138155797
"DICER1",0.0688915333538266,0.0858051002736203,0.782639032797632,0.434398886629825,0.546099013808118,-6.96608351852978
"PUF60",0.0469306739104123,0.300866697234356,0.781576236298735,0.435022558659371,0.546775400992143,-6.96691176601745
"DNAJA3",0.0866994965660871,0.235643529820917,0.781384384529269,0.435135196732708,0.546809335000658,-6.96706115845989
"TM7SF2",-0.138753298641172,-0.701989043734785,-0.780965404955911,0.435381242563722,0.547010868510304,-6.96738728529389
"KIF2C",0.144762335820194,-0.247195551636128,0.78060831620187,0.435591006633521,0.547166747463119,-6.96766509977117
"GAR1",0.0935238923512071,0.405512982898727,0.780200331778385,0.435830739923579,0.547360203464212,-6.96798235606027
"ECT2",-0.124233676669578,-0.00335339717480316,-0.777161740912065,0.437618630925701,0.549407800340601,-6.97034002244139
"SELENON",-0.0644489646708099,0.0738938255566892,-0.777136985654052,0.437633214178904,0.549407800340601,-6.97035919259608
"TPT1",0.0600060284711638,0.343850180416622,0.776898644694424,0.437773634541673,0.549476048073242,-6.97054372965453
"ORC2",0.0596251896357106,0.0673946958021768,0.776512357547908,0.438001273799265,0.549653721149431,-6.97084269524849
"KIAA0930",0.0735313086238171,0.0934972033808476,0.776107574275367,0.438239886198454,0.549815877347124,-6.97115581690056
"NMD3",-0.0533868143530742,0.239414840198446,-0.776001017556008,0.438302711933729,0.549815877347124,-6.97123821721177
"PON2",-0.107692141139409,0.102639584219375,-0.775536227966324,0.438576812232986,0.550051649205974,-6.97159750717819
"VPS37C",0.074734804949893,0.0730655435862576,0.773727902516798,0.439644176820896,0.551242326309116,-6.97299333185019
"DDX52",0.0729527848377,0.235665159812919,0.773498503673359,0.439779686524516,0.551242326309116,-6.97317017000742
"METTL15",-0.0721894795498464,0.0255969808246273,-0.773489195330414,0.439785185625472,0.551242326309116,-6.97317734448639
"LPIN1",0.0886899615981455,-0.225297480462775,0.77291949504465,0.440121823598668,0.551556004647202,-6.97361628173717
"RNF149",-0.0713846978798798,-0.024835945992763,-0.772562760258168,0.440332695065219,0.551711981552477,-6.97389097129298
"RAB5A",0.0582004647931631,-0.0705311485098668,0.772182261570117,0.440557677881385,0.551885574509053,-6.97418382004715
"FAM118B",-0.0749246139396678,0.00467856700746503,-0.770813464078113,0.441367573321924,0.552784839910451,-6.97523611894048
"CHDH",-0.133846166231683,-0.150248927991814,-0.770676445680873,0.441448692044384,0.552784839910451,-6.97534135299138
"FAU",0.0897197602517347,0.270884244814133,0.770428389435799,0.441595570096131,0.552860336287019,-6.97553181986714
"MTMR6",-0.0499272711964967,-0.0655662101924147,-0.769229094718419,0.442306087969918,0.553641319680048,-6.97645182153558
"QTRT2",0.061042122119372,0.0675213125244352,0.767182858112613,0.443519889150489,0.555051840890998,-6.97801823132431
"PI4K2B",-0.0567498679287914,0.0843547905861059,-0.766062033120362,0.444185557569405,0.555775971993073,-6.97887446912086
"MRPS17",0.0860592011987973,0.193759629011741,0.765332296279692,0.444619262825203,0.556209638154177,-6.97943127041462
"GTPBP4",0.0791720613831602,0.183272437567698,0.765135271008896,0.444736402654659,0.556247195093045,-6.9795815133039
"PSMD12",-0.0435038463038845,0.276857727058488,-0.764964922160517,0.444837696479723,0.556264922056999,-6.97971138284476
"AUH",-0.0845243924514777,-0.131185479291776,-0.763648351948655,0.445621008859483,0.557135332204385,-6.98071412986635
"HMGB3",0.157231129824934,-0.0273160360471498,0.762511304070825,0.446298146764415,0.557872683455519,-6.98157876109482
"XPOT",-0.0677056404200713,0.137821197765438,-0.761903487836667,0.446660356400987,0.558216162775554,-6.98204042869653
"KIFAP3",-0.0494835090059621,0.0905751880584216,-0.760715410514093,0.447368840072055,0.558992180794535,-6.98294177497824
"KRT20",0.246508467941035,-3.686134952815,0.760460922549863,0.447520681775002,0.559068949328151,-6.98313466244189
"PIGR",-0.240959067167239,-0.98752337140076,-0.760318958160025,0.447605398428427,0.559068949328151,-6.98324223546415
"SENP3",-0.065550569458971,0.0420105705632392,-0.759012888808093,0.448385219349014,0.559848980633518,-6.98423096593811
"WDR55",0.0659077687898399,0.0716261946123469,0.758979314461361,0.448405275952985,0.559848980633518,-6.98425636031099
"DYRK1A",-0.0422517187387778,-0.0446754260004011,-0.75803160366024,0.448971629383724,0.560347855831255,-6.98497271135248
"ZNF24",0.0713595474068894,-0.0667155654683694,0.75801699122958,0.448980364985544,0.560347855831255,-6.98498374954352
"PDCD2",0.0666576130435734,-0.0887556459948395,0.757291801797953,0.449414019357662,0.560779463279006,-6.98553128931264
"RPL36",0.0916553112249119,0.0926549576105133,0.757116082977536,0.449519132958111,0.560801028514565,-6.98566388368704
"HABP4",-0.0686807549965151,-0.0401724145958602,-0.756710213824841,0.449761974179782,0.560935758654568,-6.98597002830359
"SLC27A1",0.0713118857900527,-0.226141831563358,0.756624479124505,0.449813280857254,0.560935758654568,-6.98603467653512
"SUMO3",0.0883245558167731,-0.0416868551921837,0.75649514642102,0.449890684427571,0.560935758654568,-6.98613218601975
"TBC1D9B",0.0469614203874551,0.100046044426681,0.756239225882572,0.450043871156613,0.561017203696794,-6.98632508655847
"NOMO2",0.0463681530148495,0.198237476782134,0.75563737068321,0.450404241498864,0.561313192949847,-6.9867784795885
"NKAP",-0.0561019831490004,0.136458392779146,-0.755549057859026,0.450457134013315,0.561313192949847,-6.98684497764974
"GTF3C5",0.0464676152843038,0.132197319376548,0.754848059713346,0.450877102734154,0.561726887991722,-6.98737254263973
"ARHGDIB",0.110559231283247,0.00295561803836215,0.754032756634522,0.45136583162443,0.562226070019896,-6.98798551864741
"CTDSPL2",0.0705564438861045,-0.0286864185689778,0.753641784064808,0.451600304720669,0.5624084153777,-6.98827923257765
"IPO5",0.0603695093796494,0.148264252891595,0.753437209451451,0.451723019272212,0.5624515362818,-6.98843285655371
"EIF4A3",0.0422228241424903,0.295736571409135,0.752720319024053,0.452153197109914,0.562877395895262,-6.98897087273503
"MGME1",0.0963333046330741,0.136818663719384,0.752266771130719,0.452425473499837,0.563017174428676,-6.98931099044646
"IRAK1",0.0511232843049309,0.0675029107137792,0.752239520247851,0.452441835864297,0.563017174428676,-6.98933141950631
"IRS2",0.115718626755076,-0.308127483273439,0.751951073222588,0.452615049939765,0.563122972304248,-6.98954761320988
"MED29",-0.0550636848950867,0.109357374876995,-0.750775304427208,0.453321494949561,0.563892021284423,-6.99042800786409
"CHP1",0.061954813782208,-0.0581752828885746,0.74990310822569,0.453845946022248,0.564434430337369,-6.99108020578204
"CD99L2",-0.0724474891786988,-0.362338441464464,-0.749683647835982,0.453977961538009,0.564488662983483,-6.99124419164229
"TMEM63B",-0.0803321478482947,-0.22492527175509,-0.748098893405706,0.454931909647707,0.565564689077222,-6.99242693679769
"TRIM22",0.0914042873167864,-0.102790470788161,0.747719930954577,0.45516019525418,0.565738338854962,-6.99270939718493
"TTC37",0.0529890903048083,0.0481650389747484,0.74746960973109,0.455311023380755,0.565815664516567,-6.99289589636109
"WDR44",0.0477915467362771,0.0276792018978049,0.747121171772912,0.455521017646134,0.565966471622994,-6.9931553927646
"MAU2",-0.053416495671742,-0.01099619386186,-0.746710589534807,0.455768534874737,0.566163831746147,-6.99346101586501
"PDE6D",-0.0591395339933133,-0.00190245510917149,-0.745940103874769,0.456233222996168,0.566630836185671,-6.99403408660995
"TSN",0.0548530406409783,0.0188550736977032,0.74570286747199,0.456376356671298,0.566698373657378,-6.99421041924501
"GUF1",-0.0760134624341681,-0.0623125931430778,-0.744890219037945,0.456866850322391,0.567197129945259,-6.99481401936437
"RSRC1",-0.0423113244972883,0.233768338798184,-0.74463517120242,0.457020851945961,0.567278020932146,-6.9950033226326
"RSRC2",0.0483300354069543,0.226942006662064,0.741177262125957,0.459111676839469,0.569762498857145,-6.99756349820361
"LONP2",0.0724021497691981,-0.0700893468814066,0.740505671286019,0.459518377705327,0.570156401408572,-6.99805935500133
"ETHE1",0.0923230997096084,-0.165760238181128,0.740290440879653,0.459648759446937,0.570207369160423,-6.99821817163441
"MCRIP1",-0.0669464036556277,0.293634576823695,-0.739735461337139,0.459985049554583,0.570427332920773,-6.99862747388717
"GRK6",-0.0639370523278248,-0.170439457088159,-0.739702954582309,0.460004751324833,0.570427332920773,-6.99865143841762
"RBMXL1",-0.0684564466958772,0.12005383374207,-0.737758966287944,0.46118383045328,0.571778399503727,-7.00008267121945
"EPS8L1",-0.117184879634543,-0.0282949653271884,-0.735853551729292,0.462341158094389,0.573101979117196,-7.00148186175777
"ATAD2",0.106100165957937,-0.0732678523193933,0.733816588590447,0.463580185186023,0.574526297052165,-7.0029736629101
"FAHD1",-0.107192672730802,-0.0749448137817267,-0.733166313271502,0.463976120221746,0.574905400274762,-7.00344903405814
"RUVBL1",-0.0494691528746026,0.195680517817602,-0.732907234941971,0.464133918677533,0.574989342405131,-7.00363831122237
"SURF6",-0.0772662489086047,0.195640028000941,-0.732606481685268,0.464317137977295,0.575104738309414,-7.00385795157954
"CYC1",0.073939586262702,0.10846830339036,0.732410632639665,0.464436471223448,0.575140975322288,-7.00400093199396
"NT5C",-0.0719314608040896,-0.230401858318536,-0.732132060674737,0.464606238099895,0.575239641316236,-7.00420423897682
"GCSH",0.0944911552617854,0.0307558162300198,0.731662846994713,0.464892263931517,0.575482184025346,-7.00454650553659
"ABRACL",0.133857123676377,0.0582553753679901,0.73133624686902,0.465091412670639,0.57561710988603,-7.00478461395126
"MTHFD2L",0.1147121651664,-0.0944645070485962,0.731049416590981,0.465266350511952,0.575685728812523,-7.00499364068979
"MVK",-0.0839815254247385,-0.159687910352372,-0.73094969337226,0.46532718032912,0.575685728812523,-7.0050662945506
"NCSTN",0.0722947746283428,0.0504320327013352,0.730084948498608,0.46585484919791,0.576226891152393,-7.00569589457901
"HSD17B10",-0.0751895851296785,0.2349865996642,-0.729617046248158,0.466140503134679,0.576468547843293,-7.00603625327133
"CDC123",-0.0765024013056387,0.129836883761436,-0.729142765253479,0.466430150969336,0.576715049174905,-7.00638102998681
"PLAU",-0.130006190294751,0.205003144921161,-0.728983527389258,0.466527421518604,0.576723637250007,-7.00649673722019
"SYPL1",-0.0746313850989205,-0.166277091160578,-0.727991408147595,0.467133712838602,0.577361354331102,-7.00721707481613
"NEDD4L",0.0768629585439498,-0.346500581214421,0.727599808208754,0.467373143186065,0.577545484660929,-7.00750113050879
"POLR2F",0.0967357450840834,0.0738063061909323,0.725850719181194,0.468443397568697,0.578756016539499,-7.00876801107413
"EXOSC2",0.062527311187829,0.105097328308683,0.725200765339638,0.468841446487268,0.579135739179959,-7.00923800379974
"STX4",-0.0514128766126615,-0.0796894269551792,-0.72399524273232,0.469580237898007,0.57993613519899,-7.01010862664436
"GTPBP6",-0.0753898073777687,0.108584776387741,-0.723781185602907,0.469711488033826,0.579986047398178,-7.01026306676178
"TXNDC12",0.0601785744717024,0.290856807796752,0.72292383947559,0.470237377949387,0.58052313577085,-7.01088117726819
"GTF2H5",0.0451439955980617,0.235579576141103,0.721523043851576,0.471097318339378,0.581472332804355,-7.01188952063669
"RBP1",-0.15578815086973,-0.616609525554447,-0.721048327684504,0.471388941476,0.581719828242029,-7.01223079621281
"CHTF18",-0.0778453656952093,-0.100441119074795,-0.720625458623938,0.471648798589527,0.581863843036217,-7.01253461011434
"SRSF3",0.0455314418672485,0.27951541666465,0.720561836968167,0.471687901574857,0.581863843036217,-7.01258030426227
"TOMM6",-0.0882252298529905,0.0938258854419104,-0.720063567931891,0.471994208543556,0.582129229582887,-7.0129380304158
"PANK4",0.0432464149726975,-0.187548683321114,0.719732822254151,0.472197592633584,0.582206349145235,-7.01317534901039
"HMGCS2",0.246542158956439,-2.30397536745778,0.719665324844244,0.472239104498539,0.582206349145235,-7.01322376679731
"BAD",0.0788225436834005,-0.100806841543952,0.719230718033706,0.472506442214165,0.582307883089828,-7.0135354140545
"SDE2",0.0453239972225358,0.107124025787198,0.719228001185933,0.472508113679686,0.582307883089828,-7.0135373616577
"ATP6V1C1",0.0498214475376861,0.174902367479695,0.719086685503263,0.47259505875826,0.582307883089828,-7.01363865530049
"ZZEF1",0.0450263808181917,-0.239270669108626,0.718028294744002,0.473246519452901,0.582912310160464,-7.01439666821488
"SLC25A22",0.0847745665780062,0.18150638591242,0.717993095917953,0.473268193558629,0.582912310160464,-7.01442185827313
"MFAP2",0.113483445023401,0.296470909100108,0.715815941253884,0.474609868860593,0.584452075732862,-7.0159775472263
"ATG13",-0.0469548433816521,0.0901271510167714,-0.715660229568373,0.474705906791306,0.584457619526126,-7.01608863076412
"ITGA2",-0.107360624405953,-0.0755057901707825,-0.714709337835606,0.47529261859779,0.585067162087313,-7.01676646694975
"MARS2",0.0788566240269841,-0.105238958664558,0.712605123134881,0.476592364414115,0.586487184797547,-7.01826324706747
"NDUFAF6",-0.0808540677743907,0.0219191355692219,-0.712544379210378,0.47662991416045,0.586487184797547,-7.01830639039087
"RPP38",0.0474745334020037,0.147459863785307,0.711661186720113,0.477176056376897,0.587046073211269,-7.01893326294402
"NSL1",-0.0548474966634793,0.0607911031579881,-0.711139737159493,0.47749866807328,0.587329800741263,-7.01930301361427
"RNF169",-0.0574242078389626,0.0507442460271939,-0.709468214155588,0.478533617551724,0.588489435298104,-7.02048643980468
"MKI67",0.136098295173298,-0.178113270544592,0.707999400373166,0.479444071730886,0.589495551319413,-7.02152405756297
"IREB2",0.0689765221360319,0.109413935384013,0.707373931857162,0.47983206070119,0.589859011855428,-7.0219652579935
"GGT5",0.0899119119286309,0.0735529906537801,0.706664128715523,0.480272572199451,0.590230772215862,-7.02246547646577
"MLKL",-0.0826583128671519,0.0465350534422533,-0.706588765082007,0.480319356684983,0.590230772215862,-7.02251855796155
"ARHGAP45",0.0704774025856888,-0.0628599513286425,0.706254165626506,0.480527100570215,0.590372433546435,-7.02275416102561
"WDR45B",0.0559688339207847,0.117136916580006,0.705660758599501,0.48089565210551,0.59071156958324,-7.02317172584167
"ZPR1",0.0572898669345286,0.213286583423506,0.70375616846771,0.48207959353001,0.592051972434913,-7.02450957150818
"KRT19",0.132107200616037,-0.0631963302433453,0.702240852264449,0.483022688567024,0.593096128173163,-7.02557140358599
"SHMT1",0.0880985360803541,-0.17714051816016,0.701558527162079,0.483447679130785,0.593503832195743,-7.02604878620433
"KYAT3",-0.091588726168824,-0.068744590720093,-0.701271634035869,0.483626433219321,0.593609145733442,-7.02624937022871
"WLS",0.125735625838854,-0.264256417964953,0.700572023913431,0.484062489307116,0.59403017378934,-7.02673816626913
"LRSAM1",-0.0432981704144603,-0.00917405629000714,-0.699821504508806,0.484530514395006,0.594490264106863,-7.027261990244
"AP3M2",-0.0535605167452047,0.0112937847899081,-0.699497087895617,0.484732897347171,0.594524035804207,-7.02748824308056
"IGSF8",0.072870481333559,-0.439574906902041,0.699478868327132,0.484744264744981,0.594524035804207,-7.02750094656894
"TKFC",0.0748690338328877,-0.0120627830784188,0.699245133446711,0.484890107488007,0.594588695277688,-7.02766388759419
"PSMD9",-0.0436851420924984,-0.00269481581725271,-0.696953946110768,0.48632099515563,0.596228793023944,-7.02925824307471
"SH3GL1",-0.0482817636458021,0.239338238961541,-0.696398797520456,0.486668040268448,0.59653972684086,-7.02964376594396
"SEC23A",0.0538995883013262,0.256918917378892,0.694048863630541,0.488138563864201,0.598227395445859,-7.03127228475059
"HGH1",-0.0557953595536507,0.0147062961262491,-0.693818228462281,0.488283018591712,0.598289593879885,-7.03143182058914
"HAUS2",-0.0754639635209387,-0.0355725846070711,-0.693588126250232,0.488427162583771,0.598351387777701,-7.03159093508392
"PHB",-0.0609701103984473,0.192792913792208,-0.692361411436744,0.489196007992595,0.599103027713051,-7.03243831395002
"MIEF1",-0.0564215962543763,-0.0515928643796083,-0.69230978882013,0.489228376898332,0.599103027713051,-7.03247394055517
"PNKD",0.0633968231451489,-0.0247204037909894,0.691995879968568,0.48942523196524,0.59922916703702,-7.03269052320347
"KNOP1",0.078941405210827,0.165108227316117,0.690072300297594,0.490632461161711,0.600592075252594,-7.03401556562928
"ITGB2",-0.0961797802673778,-0.0141635080229738,-0.68862255037825,0.491543378628604,0.60159180995661,-7.03501178378074
"CEP44",0.0801483856032483,-0.10715755982486,0.688278020535352,0.491759990192428,0.601741574813847,-7.03524822558148
"PIK3AP1",0.0787299553296443,-0.0607654704890358,0.687252914210651,0.492404795603113,0.602414607088486,-7.03595103139917
"SDHAF2",0.136436281169833,-0.277970743977743,0.686946505654316,0.492597619002405,0.602414607088486,-7.03616090022279
"CACTIN",-0.0426176985825064,0.12475928131675,-0.686844098225543,0.492662073227768,0.602414607088486,-7.03623102147329
"CLIC1",0.0499905555435546,0.279180179924367,0.686736498260508,0.492729800476396,0.602414607088486,-7.03630468696907
"MRPS18C",-0.0913928116530024,0.20184864835815,-0.686558674879705,0.492841739830189,0.602414607088486,-7.03642640386078
"CTHRC1",0.148666579901394,0.655959134230031,0.686504093521127,0.492876101398629,0.602414607088486,-7.03646375751029
"FBXO38",0.0645483663868726,0.0387404582474359,0.686269042430286,0.493024092005271,0.602480158364335,-7.03662458475119
"MEMO1",0.0492507059305975,-0.00250927719260911,0.685518233931123,0.493496968988768,0.602942622846016,-7.03713793693031
"DIAPH1",0.0505989969890366,0.151885690848777,0.684146231238898,0.494361718607101,0.603883599255087,-7.03807457224219
"ACYP2",0.0864332450378225,-0.206349391096717,0.683857095791195,0.494544059486414,0.603990784204429,-7.03827171978352
"RAB32",-0.0611528899208821,-0.0698361254336357,-0.683113226738636,0.495013340314562,0.604448303290969,-7.03877854635976
"AKTIP",-0.0524886143985731,-0.0775714348322279,-0.681915836554883,0.495769233414154,0.605255555516132,-7.03959321901674
"MMP11",-0.126074622784871,0.209951169626675,-0.681739919656791,0.495880339031753,0.60527546639605,-7.03971278815288
"RPL8",0.0634092676667932,0.0439239242173512,0.681152537744346,0.496251414451872,0.60561263021315,-7.04011180352283
"ARPC3",-0.0518287379178008,0.191994779154246,-0.679282458445023,0.497433817423204,0.606885145301447,-7.04137988596253
"SCO2",0.0714288593252908,-0.00956978445811125,0.679104861046384,0.497546185990406,0.606885145301447,-7.04150013226295
"EXOSC7",0.0471412038086919,0.130490206469592,0.679052552252954,0.497579285145352,0.606885145301447,-7.04153554312673
"BCKDK",-0.0761154817427708,0.15290778576954,-0.678426833188689,0.497975309328153,0.607108471473376,-7.04195891787024
"CUL4A",-0.0497688323745554,0.116687995685893,-0.678339134722432,0.498030828069633,0.607108471473376,-7.04201822540792
"VAPB",0.0727918808383502,0.036141111882923,0.678312581241499,0.49804763877487,0.607108471473376,-7.04203618113046
"LYPLAL1",0.0710037641087097,0.120714118109079,0.678110795882325,0.498175396687975,0.607112362677299,-7.0421726074547
"WDR24",-0.0511400757987273,-0.0220780614924838,-0.678007191571627,0.498240999284111,0.607112362677299,-7.04224263821397
"ENDOD1",0.0763930356663744,-0.267949793780527,0.67691962462314,0.498929928790265,0.60783583196448,-7.04297712913942
"TRNT1",0.0532487407294783,0.14355804292168,0.675631885281492,0.499746316463152,0.608714275203591,-7.04384528657717
"NCAPG",0.0961076702113651,-0.0546612949348184,0.674282155751853,0.500602768004924,0.609527810149311,-7.04475346655647
"AGAP1",-0.0493694729685763,-0.138436890594728,-0.674278414979242,0.500605142744399,0.609527810149311,-7.04475598105874
"HNRNPLL",-0.0425559624295199,0.236052851334291,-0.672658416266276,0.501634123609649,0.610664228645874,-7.0458436171262
"MXRA5",-0.109850975742329,0.490795185196947,-0.672430498052463,0.501778981511501,0.610724132091295,-7.04599642768633
"ARHGAP10",0.0673089787064528,-0.430489269068138,0.671745393250707,0.502214547218247,0.611137770914524,-7.04645545366272
"OVCA2",-0.0599172156820717,0.0131747228247198,-0.67158083279433,0.502319198926855,0.611148644273622,-7.04656564104826
"RBMS1",0.0596414418899219,-0.148015844088104,0.671223342363147,0.502546583770419,0.611308808796747,-7.04680491888197
"YWHAG",0.0448737558277371,0.201203231234812,0.67041922347689,0.503058250184921,0.611684845172819,-7.04734267267339
"ACOT13",0.0891616071923333,0.101442841640878,0.670362110722665,0.503094601939717,0.611684845172819,-7.04738084232626
"PRRC2B",0.0497320648713201,0.168223922477132,0.670285890258091,0.503143117752176,0.611684845172819,-7.04743177701132
"YIF1B",-0.0538651840388235,-0.0606498653484222,-0.669393485496713,0.503711335459618,0.612259066611395,-7.04802770100735
"BCAT1",0.115363367729626,-0.16684802906512,0.668672356540527,0.504170745800069,0.612685343499469,-7.04850867319585
"CNN1",0.127442290497768,-1.55657000033481,0.668541787219191,0.504253951462758,0.612685343499469,-7.04859570388138
"VPS37B",0.055194328485048,0.0682802498322708,0.665509072380989,0.506188602811455,0.614918993331647,-7.0506123841013
"EIF2B1",-0.036590415072318,0.196220998525077,-0.665296323072272,0.506324468464835,0.61496704035533,-7.05075351387224
"NMRAL1",0.0860166134010371,0.0631667134852946,0.664808157237726,0.506636293027765,0.615228743054827,-7.051077174355
"APOOL",-0.067240853637696,0.0564996426675822,-0.663608768827889,0.507402854062323,0.616042445937998,-7.05187137871209
"MTR",-0.0563112430220895,-0.0629992358252448,-0.663252400947203,0.507630736100405,0.616201948669408,-7.05210708079298
"DHODH",-0.0818669231449143,0.0761798212778018,-0.662884024078495,0.507866354091441,0.61637077948562,-7.05235059290459
"GPC6",0.101583470843336,-0.118222119994311,0.66170984681184,0.508617755665887,0.61716540667554,-7.0531258714496
"AP1B1",-0.0516506767480793,0.0623644113568725,-0.660366046721859,0.509478423335905,0.618092292038714,-7.05401146532246
"OASL",-0.095811514793906,-0.386798504031462,-0.65983758640013,0.509817097634192,0.618290730383401,-7.05435924042597
"PITPNA",0.0594745709680582,-0.1013582295325,0.659808625851449,0.509835660997432,0.618290730383401,-7.05437829108336
"ASS1",0.137128826500344,-0.228674799323987,0.659472528692021,0.510051121220413,0.6184345630445,-7.0545993195357
"KANK1",0.0685571692923685,-0.389469872177595,0.658885430355677,0.510427604356328,0.618773543538096,-7.05498514508117
"ZNHIT2",0.051511098589697,0.0283858687108301,0.658627624732828,0.510592971099029,0.618856514895084,-7.05515445984521
"CA8",-0.127939156148172,-0.757659483795261,-0.657878270220865,0.511073796464981,0.619321729062232,-7.0556462258749
"DDX5",-0.0475995105520893,0.393261078533589,-0.657234047905819,0.511487353335327,0.619589730058337,-7.05606855225296
"ARHGAP30",0.0729979068475597,-0.163797290088979,0.657231434038531,0.511489031658183,0.619589730058337,-7.05607026495921
"ZHX2",0.0524120968156011,-0.104329946727856,0.655545292313994,0.512572278154182,0.62078414188438,-7.05717367406174
"EPHX2",-0.112689394952803,-0.779834399362523,-0.655057320532858,0.512885995195794,0.62104628851226,-7.0574924747384
"ADGRE5",0.0638498230697495,0.101129375646433,0.654749253377256,0.513084103298039,0.621064167194969,-7.05769361858384
"CTCF",-0.0481127922137256,-0.0415354349204724,-0.654731845933668,0.513095298661466,0.621064167194969,-7.05770498147104
"ARHGAP27",0.0463090728004258,-0.0783785572718396,0.654103442558947,0.513499533424091,0.62129487204661,-7.05811497643847
"TSFM",0.07609098556389,0.331588917807981,0.654031924763571,0.513545549425692,0.62129487204661,-7.0581616125606
"FCHSD1",-0.0513798143656735,0.0222715641072153,-0.653981783233976,0.513577812789665,0.62129487204661,-7.05819430637574
"RACGAP1",0.110378278836248,-0.0900554967679963,0.65380021290911,0.513694652346305,0.621318498812494,-7.05831267487842
"GTF3C3",0.0412533583485044,0.186064720375857,0.652516488736167,0.514521118425282,0.622200254004815,-7.05914861927009
"PEX3",0.0536497879959286,-0.0436895542576623,0.651749335522997,0.515015345562172,0.622679981332033,-7.05964739713985
"AIMP2",0.0392695197331212,0.220135775371997,0.651203673192106,0.515367031166575,0.622987219613515,-7.06000181272157
"RAB3IP",0.079513709586259,-0.184963666345747,0.650879327643311,0.515576134911856,0.623122018060231,-7.06021233954513
"TUBA8",0.0575779791507747,-0.248907821111384,0.650185333801912,0.516023697359848,0.6235449106061,-7.06066244699056
"ACSL1",-0.0911897933914548,-0.107795142865905,-0.648434916653459,0.517153454602833,0.62479182736785,-7.06179559729885
"ACTG2",-0.125435846853321,-0.967658512124057,-0.647471417698668,0.517775866326897,0.625425445799704,-7.06241802794973
"KIF16B",0.0699278949367214,-0.0165991609054071,0.647197298175186,0.517953016201891,0.625493072462336,-7.06259494341076
"FMN1",-0.0887238920472633,-0.364461162203925,-0.646933525226782,0.51812350932358,0.625493072462336,-7.06276511069188
"RABGGTB",0.045656666475708,0.0323845015999998,0.646930071897938,0.518125741621503,0.625493072462336,-7.06276733807172
"PLTP",-0.0998786761352408,-0.0500998774145673,-0.646457043813336,0.51843156324129,0.625743956766661,-7.06307232674816
"ATE1",0.0473348135289174,-0.179851029843831,0.645068290609107,0.519329959698608,0.626709845525536,-7.06396645094152
"PIK3CD",0.055960579009445,-0.103306258160557,0.642520486192309,0.520980252979572,0.628582561465337,-7.06560182254721
"SIRT5",0.051312627991749,-0.0468004647912917,0.640841355037214,0.522069360349093,0.62966530787431,-7.06667608526993
"CRTC2",0.0474007245097375,-0.0471104037413924,0.640730304215463,0.522141430859046,0.62966530787431,-7.06674703372588
"COMT",0.0752736251426533,-0.108602068434799,0.640680890733109,0.522173501205086,0.62966530787431,-7.06677859920514
"UAP1L1",-0.069121918972158,0.0643257298500788,-0.638938773217448,0.523304820307306,0.630910362096327,-7.06788991701608
"KHNYN",-0.0514024749443646,0.00817848408955114,-0.638520544132651,0.523576603352382,0.631118862073807,-7.06815626109848
"DCP1B",-0.0438872926008563,-0.0546053353864934,-0.638233973374219,0.523762871203804,0.631224222845656,-7.06833865974505
"PACSIN3",0.0707720699286248,-0.55777559725177,0.635482604933031,0.525552966207858,0.633262066283671,-7.07008571418045
"GNPTG",0.0491220935482882,0.1326177275751,0.634524260387888,0.526177221557908,0.633894633895706,-7.07069247249677
"POLDIP2",0.050590341684538,0.214777207858988,0.634273450700256,0.526340659115941,0.633901191499026,-7.07085111724462
"LPP",0.0668241045097685,-0.532785587034323,0.634211205913487,0.526381224326991,0.633901191499026,-7.07089047927282
"PHIP",-0.0511688223385297,0.00992655685701897,-0.633892485161374,0.526588961229507,0.634031777757948,-7.07109196982773
"ITGB4",-0.0903118752010328,-0.194304610404955,-0.632652060616664,0.527397849557288,0.634885985939533,-7.07187518610702
"MXRA7",0.0984306742321025,-0.539140139444792,0.632062320200902,0.527782646016655,0.635168386927908,-7.07224701724866
"DDX31",-0.053722375394404,0.0824588963984101,-0.631987622104128,0.527831395620905,0.635168386927908,-7.07229408969123
"ENPP4",-0.0679851204022319,-0.122734170173319,-0.63040153581127,0.528867054031056,0.63629473148451,-7.07329228244689
"HPF1",0.0457958837445131,-0.0252145239073484,0.630022962149478,0.529114402773142,0.636472392936418,-7.07353016533925
"BSPRY",0.0983431663117979,-0.0431700157392532,0.629482204962483,0.529467819907587,0.636777553232237,-7.07386971163372
"FBLIM1",0.0653929363939476,0.152779148800129,0.629202732904516,0.529650518848473,0.636877318803672,-7.07404508064365
"CD47",-0.0829171504324763,-0.248601617121594,-0.62876283685446,0.52993815678056,0.637103206748988,-7.07432095849513
"EFHD2",-0.0785029095926746,0.0619289028738078,-0.626048692375392,0.531714635503483,0.639067287745113,-7.0760188584164
"ANTXR2",-0.0611318145588697,-0.191964916192123,-0.625961059775492,0.531772043819857,0.639067287745113,-7.07607355703385
"HDDC2",-0.0612679013079024,-0.254402356294155,-0.625238308509749,0.532245640113963,0.6395160730387,-7.0765243934473
"RSL1D1",0.0826214890210775,0.284356785883783,0.624176591937878,0.532941738635847,0.640231985172133,-7.07718572669246
"MAPK9",0.0470040400537801,-0.120329524524158,0.623410812603593,0.533444097355363,0.640714928821293,-7.07766202737584
"CXCL14",-0.208509850213613,-1.0336572663339,-0.622979867301203,0.533726907368341,0.640934042419947,-7.07792981093391
"SUMF2",-0.0685373540043356,0.225989991463604,-0.62200388723969,0.534367680369112,0.641552340418946,-7.07853558872607
"TMC5",0.103763097011251,-0.0758504094622357,0.621889599667771,0.534442740593324,0.641552340418946,-7.07860646352044
"SLC25A25",0.0689313967798373,0.0246879306128632,0.621604947332842,0.534629713883601,0.641656150967443,-7.07878293258135
"VCAN",-0.122808888768657,0.575832336486556,-0.620175879527867,0.535568894829971,0.642662543410894,-7.07966765926508
"PPP3CB",-0.0476454223869761,-0.10436076584307,-0.619390491486817,0.536085405846403,0.643100976186866,-7.08015302288423
"TGFB2",-0.105466818508978,-0.473877660031329,-0.619314024144526,0.536135708103788,0.643100976186866,-7.08020024631891
"SERPINB1",-0.0824373670608896,0.109840155364011,-0.618933121163004,0.536386311795679,0.643170684666877,-7.08043539141981
"FLOT1",0.0548568314458842,-0.176162461752498,0.618919483816798,0.536395285176369,0.643170684666877,-7.08044380756755
"RING1",0.0499856896013431,0.120772104936728,0.618147786397031,0.536903186072475,0.643658813945316,-7.08091975123616
"CHUK",-0.0398787680647759,0.0400871653873079,-0.617185111727167,0.537537121015886,0.644297825734266,-7.08151264946506
"MMS19",0.0381066812296643,0.013198285059223,0.615267783209571,0.538800833273537,0.645691313898561,-7.0826907593552
"STK26",0.0684213278859402,-0.077383845148984,0.614485348563966,0.539316965901277,0.646188558318569,-7.08317047859914
"NME6",-0.0555519555397923,-0.0705490024396984,-0.613774605165913,0.5397860229837,0.646629222654958,-7.08360571525654
"ZNF574",0.0587781765019587,0.0828603804207252,0.613075122931552,0.540247848432568,0.647061060259228,-7.08403356525968
"CALCOCO2",0.0594213532263576,-0.0087639988483516,0.612659673914295,0.540522238026431,0.647215579782235,-7.08428745118864
"UNC119",0.0468274170934994,0.00853941786397937,0.612572850425061,0.540579590756251,0.647215579782235,-7.08434048838254
"HLA-DPA1",0.118405341390534,-0.461680181018963,0.611173953275286,0.541504077136291,0.648104733197801,-7.08519398801687
"MARK3",0.0373301799749327,-0.0420929695442537,0.611007665571866,0.541614024066936,0.648104733197801,-7.08529531453705
"PITRM1",0.0674216344114115,0.227381332417895,0.610926398820157,0.541667760493675,0.648104733197801,-7.08534482398882
"MOGS",0.0480941380883431,0.0452781788899786,0.610834903987203,0.541728263285304,0.648104733197801,-7.08540055674457
"POF1B",-0.146221651414025,-0.0500143324807937,-0.610401851863649,0.542014673639337,0.64832590692903,-7.08566423119212
"SH3BP1",0.0513805552419127,-0.0690374386093025,0.610081454115902,0.542226625902581,0.648457952123615,-7.08585919316418
"PLEKHF1",0.0637488947750996,-0.0123835091447783,0.60928330939084,0.542754801921843,0.64896805435786,-7.08634441998503
"RBM34",0.0705094800499921,-0.0195297130392535,0.60867366427827,0.543158410841319,0.649329049470478,-7.08671462277104
"AHR",-0.0616469187179282,0.112556789153023,-0.608157533319297,0.543500227051244,0.64961605198843,-7.08702775068768
"MALT1",0.0456997014585067,0.0440799146004734,0.606769885192568,0.544419752768286,0.650593322370486,-7.08786829914199
"GFER",-0.0561620702586035,0.0444512188475871,-0.606535071766356,0.544575428800941,0.650657581005615,-7.08801034457081
"SNAP23",-0.0482444051664186,-0.0125719776601782,-0.606210442545991,0.544790687275634,0.650792991254429,-7.08820663182394
"UQCC1",-0.0841982670154771,0.182922125121392,-0.605886351580434,0.545005631179874,0.650927975137205,-7.088402489031
"RAB2B",-0.0513365918609855,-0.236750067741572,-0.605200216613673,0.545460829764153,0.651079959195056,-7.08881679470007
"RCN2",0.051601528297261,0.196591591989068,0.605150231501721,0.545493998504181,0.651079959195056,-7.08884695867196
"RRP7A",-0.0550466962124043,0.167866276099025,-0.605113976554355,0.545518056915107,0.651079959195056,-7.08886883549536
"THEM4",0.0957634121618356,-0.119874856485129,0.604997263463381,0.545595510115539,0.651079959195056,-7.08893925318623
"NIPSNAP1",0.0680396365491689,0.106137091325982,0.604926105342068,0.545642734792912,0.651079959195056,-7.08898217908549
"DPP4",-0.105407689727218,0.0192325749579348,-0.603975861802323,0.546273566943179,0.651710897782549,-7.08955492748855
"LSP1",0.0760914773792635,0.064794041982528,0.60380218701271,0.546388902553611,0.651726721988568,-7.08965951087138
"GNAI3",0.0457630518745662,-0.0314975585249423,0.603489658040623,0.546596480297115,0.651852545143272,-7.0898476337905
"AKAP9",0.0422385802253508,0.0724418106836208,0.603150554717844,0.546821752758886,0.651968298025978,-7.09005164287951
"CIZ1",-0.0422481291451146,-0.0131105863801792,-0.602850234141355,0.547021299692308,0.651968298025978,-7.09023222421703
"NPEPL1",-0.0786975341539521,-0.188552744250026,-0.602790061927092,0.547061285258495,0.651968298025978,-7.09026839469261
"FTSJ1",0.0399443561090629,0.0263747832903631,0.602728825104697,0.547101979768706,0.651968298025978,-7.09030520142243
"DOK3",-0.0639482525337579,0.0183394529222368,-0.602260277945454,0.547413399371003,0.652217681467411,-7.09058670078547
"COQ8B",-0.058099019131953,0.0953626487164144,-0.601027733873545,0.548233029479755,0.653072368139596,-7.09132616027016
"VAV1",0.0581151188002148,-0.022691918045904,0.599782728951802,0.549061563765685,0.653937340914736,-7.09207156102793
"LONP1",0.0655235449203783,0.190170675642797,0.599314956218236,0.549373020634204,0.654127280144772,-7.0923512240976
"PTX3",-0.109342464349469,-0.5768846435644,-0.599235495942454,0.549425936322069,0.654127280144772,-7.09239870866359
"CMTR1",0.045546385237972,0.016713178211272,0.597634604800074,0.550492569493224,0.655274991837106,-7.09335404485177
"C9orf64",-0.0466719872091054,-0.0274558774115915,-0.597335316628405,0.550692091164428,0.655390307937534,-7.0935323629543
"PPP2R1B",-0.0657779486155804,0.0778948194615713,-0.596541941616976,0.551221170752668,0.655897721814346,-7.09400463034993
"PPFIBP2",-0.0621681623533504,0.0251272738513299,-0.595915679508081,0.551638984662926,0.656129116853576,-7.09437697916159
"RPL19",-0.0735500287261417,0.120314301006079,-0.595872599158396,0.551667731679991,0.656129116853576,-7.09440257855877
"CNDP2",0.0643677052593081,0.0253381283966375,0.595773142498996,0.551734100777686,0.656129116853576,-7.09446167108455
"PMF1",-0.0432734191821732,0.139478501934543,-0.595634417477683,0.551826680893297,0.656129116853576,-7.09454407860723
"RPL24",-0.078314325853803,0.199315680742168,-0.595180600530107,0.552129595632366,0.656367057924531,-7.09481352798523
"PGAM5",0.0659027336051649,0.11814137417637,0.594404992273889,0.552647490128258,0.656860428977834,-7.09527356338803
"DDX19B",-0.0568476698595501,0.111029960115304,-0.59358925171489,0.553192440214666,0.657385767870956,-7.09575675654409
"MAPRE3",-0.0610359879595395,-0.194432703710132,-0.592966912679936,0.553608367542169,0.657757615697199,-7.09612494557718
"ABR",-0.0525889336021949,0.0155216182999838,-0.592282575386946,0.554065907675246,0.658178757303525,-7.09652936919613
"ARPC1A",0.0487840982089051,-0.212046688327436,0.591669142454227,0.554476199928512,0.658543626589202,-7.09689149428903
"BCL7C",-0.0371910553684993,0.117406452293611,-0.591179124365929,0.554804053862199,0.658810467530247,-7.09718049542483
"INPP5D",-0.0592751247128511,0.0503050103726992,-0.590659376328247,0.555151903074866,0.659100948518598,-7.09748676945873
"ANAPC2",-0.0385395092072236,0.00791727161752734,-0.589670024303586,0.555814337516153,0.65976474159521,-7.09806902607507
"SMARCAD1",0.0432597351217555,0.181830038550487,0.588037450559977,0.556908296753087,0.660940422819416,-7.0990277037967
"RPTOR",-0.0445260173115407,-0.0235391642642836,-0.586417862810236,0.55799459457569,0.662106576169072,-7.09997613513525
"CHM",0.0363099535157978,0.0727291165253694,0.585205753935839,0.558808262943651,0.662948858954889,-7.10068423881642
"ALDH3A2",0.0888191338315515,-0.447535092815489,0.583551761839138,0.559919493265045,0.664143779397606,-7.10164812811691
"GPT",-0.117847885268673,-0.718729618607842,-0.583165917210806,0.560178876724797,0.664226335949278,-7.10187259336872
"AFG1L",0.0608019648039619,-0.0612233909363638,0.58303709854765,0.560265487897723,0.664226335949278,-7.10194750068301
"EZR",0.066718479003727,-0.0923609482801433,0.582984013144986,0.560301181742022,0.664226335949278,-7.10197836473544
"IRF2BP2",0.0571004850438314,-0.0223211894484219,0.581964954583261,0.560986596228731,0.664915429166595,-7.1025703055472
"LY75-CD302",0.075617254100142,-0.0634744334134006,0.58128612555578,0.561443399888211,0.665333353431,-7.102964043621
"OGFOD1",0.0547223802326649,0.157302759930274,0.581080068845035,0.561582097147019,0.665374223470721,-7.10308347101464
"MRPL13",0.0504886252211066,0.156415142629195,0.580616548873242,0.561894154349604,0.665620440727685,-7.10335196583363
"MET",0.120726574840676,-0.107334546349828,0.580089352351071,0.562249183040286,0.665917461271049,-7.10365708551362
"D2HGDH",-0.073416866079102,0.0450104414435839,-0.579295152267745,0.562784224704157,0.666427536115735,-7.1041162136634
"NDUFAF5",-0.0591602359947915,0.0133650483962852,-0.57864688598951,0.563221135658677,0.666752844465327,-7.10449051196258
"ABHD11",-0.0893126688813855,0.0412942353972547,-0.578517421826618,0.563308410087756,0.666752844465327,-7.10456521233933
"TRA2A",0.0490055062412367,0.268183781338371,0.578220100412487,0.563508865301216,0.666752844465327,-7.10473670262882
"CAP2",0.068148515485316,-0.75023758474222,0.577989835794264,0.563664134301035,0.666752844465327,-7.10486945516602
"FMC1",-0.0692199253597914,-0.129193708624778,-0.577853535814697,0.563756052062132,0.666752844465327,-7.1049480101924
"CACNA2D1",0.0701689191941766,-0.529021659183486,0.577617134859664,0.563915492959946,0.666752844465327,-7.10508421349489
"DIS3",-0.0428170338086663,0.208626970843654,-0.577516565329634,0.563983328811126,0.666752844465327,-7.10514214014532
"MRE11",-0.0484964160315297,0.32552564784667,-0.577508092483009,0.563989044069988,0.666752844465327,-7.10514701992739
"DGUOK",0.0602639625405147,-0.0851666909284433,0.577493681705598,0.563998764754461,0.666752844465327,-7.10515531938865
"SCIN",0.153150569150015,-1.01125998082777,0.574457308399118,0.566048733931347,0.669052418761876,-7.10689941915593
"LOXL2",0.103568871804552,0.289465566047282,0.573345558152534,0.566800215653078,0.669816653145457,-7.10753571610552
"ACBD6",0.0434163526556192,0.13330878150698,0.57311277370159,0.566957625888329,0.669878690099367,-7.1076687917447
"SIRT2",-0.0473509179563971,-0.127364169428483,-0.572555525832252,0.567334525698302,0.670199990117236,-7.10798713395515
"TBC1D24",-0.0652425017558987,-0.135215090710402,-0.572256356276298,0.567536921549962,0.670305810320503,-7.10815791477177
"SELENOH",0.057294513162419,0.220912394467807,0.572007508286988,0.567705300030059,0.670305810320503,-7.10829990167693
"GLOD4",-0.0517190710702559,-0.010623493490227,-0.571908931138333,0.567772007112401,0.670305810320503,-7.10835613047356
"PDIA3",0.048767833332922,0.209995214845173,0.57180250556589,0.567844029447706,0.670305810320503,-7.10841682518473
"BICD2",-0.0407055710830861,-0.0325782034218123,-0.570265713806365,0.568884525690831,0.671385310668284,-7.10929200379781
"EPSTI1",0.0777685457303218,0.0608782824082788,0.570141271876614,0.56896882005107,0.671385310668284,-7.10936276863021
"ZWILCH",-0.0744623598279676,0.0799177123977252,-0.569901251381284,0.569131421840478,0.671453090992508,-7.1094992145422
"GFM2",0.053835186430808,-0.067396750498816,0.568330430430136,0.570196123842819,0.672584934553187,-7.1103907730793
"C1QTNF5",-0.110427578586507,-0.187104608360338,-0.567265162280166,0.570918704622122,0.673312879389038,-7.11099399501177
"LYRM7",0.0615808383995647,0.0055803443394231,0.566121665914755,0.571694835340456,0.674103697811415,-7.11164025770065
"RAB5B",-0.0412936436869918,-0.327445286942049,-0.565262907633259,0.572278035596463,0.674666775717026,-7.11212474100825
"NOL9",-0.0414462687887335,0.0529187426459708,-0.564719483512549,0.572647232604947,0.674977400809044,-7.11243094387969
"CNOT8",0.0520460569313346,0.109136891454409,0.564016314047054,0.57312512754601,0.67541600948344,-7.11282672210954
"PHGDH",0.115015892285767,-0.447818290790236,0.561758128090611,0.57466114185838,0.677101197779251,-7.11409441158285
"ARSD",0.0729055192865175,-0.122190559369276,0.561524560947349,0.57482012542221,0.67716356103705,-7.11422524071468
"RAP2B",-0.0609044219973653,-0.114627853792321,-0.560958679310328,0.575205394136605,0.677361192353095,-7.11454198566672
"SH3KBP1",0.0611555963748911,0.0387401635413601,0.560881136230766,0.575258197276259,0.677361192353095,-7.11458536457382
"CENPV",0.106531837837117,-0.473466424111736,0.560744937996493,0.575350947350148,0.677361192353095,-7.11466154167519
"UHRF2",-0.0509868387907242,-0.0522997079761975,-0.5606549492949,0.575412232940202,0.677361192353095,-7.11471186316968
"ABCF3",0.0339914222437279,0.227067823385775,0.560299318115997,0.575654461067677,0.677521425606842,-7.11491065250875
"FASTKD2",-0.0536875080272644,-0.0777389480136405,-0.558859690042842,0.576635517064242,0.678551009298781,-7.115714083891
"CCNH",0.0449587320594169,0.165477182297015,0.557407255592572,0.57762610200901,0.679591424604299,-7.11652257160648
"FCGR1A",0.072100260481308,-0.0483902552245507,0.555970863365441,0.57860653658996,0.68061951660407,-7.11732006421983
"USP7",-0.0393124278318775,0.233084203410255,-0.55453675577324,0.579586194797279,0.681646316776686,-7.11811423942002
"GNPDA2",-0.0449574366929545,-0.180156110212604,-0.554170685439452,0.579836387554731,0.681814978736088,-7.11831663259243
"ARFGEF3",0.0781755803610227,-0.132068987416882,0.553949289684631,0.579987726371754,0.681867360133244,-7.11843897326449
"KHK",-0.0689523417734908,-0.34099352095825,-0.552391165550055,0.581053334305336,0.682888429754174,-7.11929859410223
"LCMT1",0.044814977423137,0.117649724939934,0.552366604312101,0.581070139209777,0.682888429754174,-7.11931212524751
"IFITM3",-0.0533851595496261,-0.0720142505740178,-0.551986479541256,0.58133025133543,0.6830683943277,-7.1195214649748
"LCK",0.0829789804757839,-0.273758446484748,0.551383092600416,0.581743249814348,0.683427902495789,-7.11985346273914
"AIFM2",-0.0573518830287686,0.044057323007634,-0.550724010220124,0.582194527352216,0.683832240092697,-7.12021569128257
"DOCK5",0.0504656799327208,-0.0879115668014169,0.55033671932529,0.582459784269925,0.684017973618443,-7.1204283428002
"HGD",0.157557693796867,-1.28539454248839,0.550004061340608,0.58268766814961,0.684159757472465,-7.12061087757289
"COX19",-0.042143816098412,0.0785699351805328,-0.549244687722423,0.583208025656657,0.684521523561241,-7.12102714528344
"NECTIN2",0.0449034498343264,-0.121531618210883,0.54918167447389,0.583251214991701,0.684521523561241,-7.12106166161657
"HAAO",-0.0663315345911611,-0.59674138533027,-0.549085112329288,0.583317401675288,0.684521523561241,-7.12111454712732
"LSM12",0.037902437152241,0.184023263416715,0.548770359396311,0.583533167492724,0.684648892767556,-7.1212868677298
"ALDH5A1",-0.0990682683945901,-0.160037581868129,-0.548610328670771,0.583642884242303,0.684651812582602,-7.12137444336146
"MUC5B",0.205207893331395,-2.22911259606222,0.548295139387577,0.583859005620508,0.684779528083568,-7.12154685380882
"DIDO1",0.0383092239248508,0.25663710632228,0.546895814754025,0.584818956925382,0.685779438010755,-7.12231109862141
"SH3PXD2B",0.0584808051091817,0.255555674838387,0.546400031313176,0.585159246300449,0.686052476611893,-7.12258140435263
"DNAJB6",-0.0596252246897462,-0.344366621601629,-0.545438671158152,0.585819355370244,0.686700309168167,-7.12310484951488
"CASP8",0.0478612260463922,0.167373233392282,0.545257133416058,0.585944045542103,0.68672039845564,-7.12320359061951
"PFKFB2",0.0724039775959451,-0.141700177435265,0.544951404736378,0.586154064880481,0.686840466922714,-7.12336980688456
"TSPAN15",0.0822173284111623,-0.557361740893514,0.544763413507652,0.586283222265591,0.686865756727669,-7.12347196633712
"MBD1",0.0410401260793045,0.0453070895055206,0.543125005951471,0.587409433700413,0.688001262942276,-7.12436083115996
"ACYP1",0.0590546871079898,-0.313008395001889,0.543039910994178,0.587467953885872,0.688001262942276,-7.12440692365885
"THUMPD1",0.0456914159333882,0.258402095531077,0.542183170248757,0.588057289300376,0.688565155360885,-7.12487058381351
"THY1",-0.0804335829365636,0.161709596182502,-0.540752737232293,0.589041867933563,0.689591552393802,-7.12564309227438
"GCFC2",-0.0357175509018459,0.062639134836017,-0.540590773963751,0.589153396708672,0.689595680657171,-7.12573043250049
"TCAF1",-0.0449744898330465,-0.0891118973919613,-0.540014439920474,0.589550342777481,0.689918918123136,-7.12604101426913
"TATDN3",-0.039852210055051,-0.0376867040539351,-0.539876074340325,0.58964565954549,0.689918918123136,-7.12611552913603
"MTIF3",0.0625737635210691,0.164254476664641,0.537951487123661,0.590972201383335,0.691344357975924,-7.12715001243124
"PSMB7",-0.0471321171965306,0.144992897506594,-0.537571648992484,0.591234171602108,0.691524122674384,-7.12735374316714
"PDHX",0.0514018726803201,0.128143761598439,0.537146555373129,0.59152741761048,0.691740395868665,-7.12758157688541
"RAPH1",-0.0479601793277546,-0.0797676253570564,-0.536675979907946,0.591852117017637,0.691993365163453,-7.12783357728783
"NDUFAB1",0.0550918015779094,0.115553261216714,0.535887294268429,0.592396498305472,0.692503046810773,-7.12825543615862
"CFHR3",0.109023522951945,-0.586163628361162,0.534035083204493,0.593675872286194,0.693748412908832,-7.12924372738153
"TBL1X",-0.0340409838148085,0.139749617314956,-0.534030350372265,0.59367914301235,0.693748412908832,-7.1292462483213
"MORC3",-0.0350228039243515,0.0882981223275741,-0.533381762957167,0.594127441721515,0.694145236119281,-7.12959150700178
"HSPBP1",-0.0442555201463147,0.0101206380915304,-0.533046411138443,0.594359295333444,0.694289078065137,-7.12976985856893
"QPRT",0.116502882514326,-0.361240711989924,0.531344135086831,0.595536845359192,0.69553736192033,-7.13067346035525
"LAMA2",-0.0640673022949854,-0.251592309678936,-0.530237752011146,0.596302758954323,0.696304520103027,-7.13125920331067
"AIFM1",0.0549957021778836,0.200997583670336,0.528693142711298,0.597372795766132,0.697299127291317,-7.13207491402436
"MRPS34",0.0593162627483517,0.175089378109276,0.528582161097013,0.597449712662714,0.697299127291317,-7.13213343211976
"SFRP2",0.132163299735909,0.202686017128078,0.528535360496508,0.597482149633641,0.697299127291317,-7.13215810534159
"EIF4A2",0.0374563199512899,-0.0762213820593779,0.528243419855283,0.597684508566211,0.697407620585288,-7.13231196687079
"CBL",-0.0364897711585164,-0.118225767040415,-0.528086105388047,0.597793564207248,0.697407620585288,-7.13239484115646
"RAB4B",-0.0455140487865471,-0.209485176864357,-0.52660723094433,0.598819212977832,0.698439090558696,-7.13317271713197
"RNF135",-0.0405196173536811,0.0904034429106915,-0.526490174487192,0.59890042975965,0.698439090558696,-7.13323419486993
"DES",-0.145974865622291,-2.28916167448853,-0.526338220454562,0.599005866859737,0.698439090558696,-7.13331398036931
"HDAC2",-0.0388908144253268,0.129840154519616,-0.525132526131758,0.599842767404384,0.699287213780718,-7.13394623133179
"PHRF1",-0.034796693560488,0.197546053909274,-0.524714264373677,0.600133216792413,0.699498099528945,-7.13416522436389
"FAR1",-0.0643987647428237,-0.11095950682093,-0.524475402975172,0.60029911562214,0.699563762228028,-7.13429020900379
"ATP1B3",-0.0646893968637465,-0.268384869329777,-0.524065096027123,0.600584138886747,0.699752121787193,-7.13450477020751
"CAND2",-0.064383682707487,-0.433974770489185,-0.523927213243257,0.600679934144966,0.699752121787193,-7.13457683541369
"UBE2N",0.0298567578460793,0.0949121643251987,0.523559111240502,0.600935710169717,0.699922384063051,-7.13476913324494
"LENG1",0.0370187868533578,-0.0345463510493425,0.523268881746604,0.601137411243541,0.700029613494439,-7.1349206550622
"GLRX",-0.0660888950631702,-0.125826532479862,-0.522801863201284,0.601462040020533,0.700279928069129,-7.13516429809884
"NABP2",0.0350081436657109,0.325526269107219,0.522194384621499,0.601884422696754,0.700469119350419,-7.13548089398008
"FGD3",-0.0718326688006314,-0.379811976863223,-0.522122806321983,0.601934200267615,0.700469119350419,-7.13551817380223
"NADK2",-0.048007424843847,0.00135771416544084,-0.521912109165079,0.602080735841447,0.700469119350419,-7.13562788069647
"SRM",0.0469526692374505,0.125636813724484,0.52162209522878,0.602282461030149,0.700469119350419,-7.13577881436337
"DNAJC8",0.0347361225146051,0.227206614320297,0.521578436746166,0.602312831239323,0.700469119350419,-7.13580152855223
"PPHLN1",0.0367010749814722,0.297241695369982,0.521539054971884,0.602340227030692,0.700469119350419,-7.13582201607081
"HEBP2",0.0625145571826525,0.00838184675834691,0.521251729007304,0.602540121381462,0.700469119350419,-7.13597144446697
"PLOD3",0.0560958689106332,0.130775316578552,0.521123329868259,0.602629459113309,0.700469119350419,-7.1360381938854
"LDLR",-0.0649606255011717,-0.473103602473621,-0.521050351077972,0.60268023906806,0.700469119350419,-7.13607612523217
"C18orf21",0.063537152825988,-0.0621406212614806,0.520990927681982,0.602721588365106,0.700469119350419,-7.13610700713008
"KHSRP",-0.0314115986913232,0.250821251321731,-0.520753819548988,0.602886590943741,0.700533372734447,-7.13623019545963
"GEMIN8",0.0522980462215677,0.220608100019231,0.519774593592595,0.603568246505351,0.70119782640769,-7.136738354306
"POLA2",-0.0495468019207789,0.171538078415518,-0.519517160035729,0.603747508064554,0.701278486263812,-7.13687178818645
"SNUPN",-0.0466368627888792,0.0875557173840088,-0.51849168784434,0.604461824889261,0.701980493255353,-7.13740265954897
"CBR1",0.0693764620211603,-0.257886213857672,0.518053365863091,0.60476726457998,0.702207489424108,-7.13762925270577
"RUNX1",0.0351713756079409,0.0862752428999235,0.51714141749121,0.60540296816798,0.702817809409556,-7.13810007671839
"MTFR1",0.0655340800968478,0.188459523984401,0.516583145997627,0.605792277991764,0.703141918737941,-7.13838789446459
"HAPLN3",0.0752718546273816,0.249228706543612,0.515505120536238,0.606544355894359,0.703886897925387,-7.13894279386022
"PPP3CA",0.0372431457806004,-0.0192526029076084,0.514278837399701,0.607400374216725,0.70462719383504,-7.13957259992143
"C17orf97",0.0673754470171554,-0.192570649939877,0.514177561290509,0.60747109515228,0.70462719383504,-7.13962454731373
"POC1B-GALNT4",-0.0776791756605331,0.108526145130611,-0.514096209284739,0.607527905793401,0.70462719383504,-7.13966626766966
"KIF23",-0.0855768870327409,-0.0280241665416517,-0.513959040039693,0.607623700744829,0.70462719383504,-7.1397365982715
"SUGP2",0.0483185690411333,0.0644946897855713,0.513359127918141,0.608042741179829,0.70498509214331,-7.14004397022339
"KHDRBS3",0.081631333093483,-0.112473352743589,0.512997045477999,0.608295719468289,0.705150357444631,-7.14022931392931
"PARP9",0.0545372786733464,0.293689669208678,0.512612663202138,0.608564329654197,0.705270728538885,-7.14042592966014
"RPS23",-0.0389386616520322,0.176182391704515,-0.512465425518869,0.60866723487649,0.705270728538885,-7.1405012043665
"MAZ",-0.0511492666751342,-0.040283352660133,-0.512374296251661,0.60873092951884,0.705270728538885,-7.14054778304176
"INTS7",-0.0342425384077707,0.113984373065873,-0.511458684854741,0.609371059869676,0.705884291957163,-7.14101531821558
"KAT5",-0.0431697224885398,0.0285511599473317,-0.510787252162436,0.609840668848531,0.70629805568311,-7.14135763873348
"CBX3",0.0480749612066101,0.446251033508526,0.510614719122487,0.60996136683631,0.70629805568311,-7.14144552977047
"STAT1",0.083487468824199,0.014094031268604,0.510352264540775,0.610144991177197,0.70629805568311,-7.14157917140284
"SHARPIN",0.0362088457379194,0.0351960210455001,0.510315486849472,0.610170724377139,0.70629805568311,-7.1415978930895
"THOC3",0.0397898638604998,0.325988880832312,0.50920400146746,0.610948654395909,0.707070356773224,-7.14216305928178
"ARMCX2",0.0678095275992767,-0.294672187396233,0.50841897282347,0.611498362945197,0.70757829782622,-7.14256148793871
"ANKRD10",-0.0555596478216914,0.013326530935206,-0.508169105539483,0.611673376195981,0.707652565140667,-7.14268817529193
"ELOC",-0.0342399065482539,0.270641081051731,-0.507467605911331,0.612164842976108,0.708092848261314,-7.14304351629748
"RIPK2",0.0416296854582736,0.012472588259725,0.507218754667527,0.612339228940096,0.70816627002038,-7.14316945283988
"TIMP3",-0.107680316640131,-0.824350502047279,-0.506964156775035,0.612517664780081,0.708244347993628,-7.14329823376969
"DNAJC19",0.0600035390084765,0.288717484893015,0.506686192516749,0.612712503379863,0.708341360507048,-7.14343876017916
"SMARCD1",-0.0347135068784285,0.0184687437416918,-0.506512735062272,0.612834102041489,0.708353682392271,-7.14352641358811
"LPCAT4",0.0497653670983831,-0.130602353708831,0.505944525665127,0.61323250813819,0.70866793405781,-7.143813337489
"APPL2",0.0406164429392771,-0.0792780191716149,0.505808420594819,0.613327956711583,0.70866793405781,-7.14388201758087
"TADA3",-0.0298058727335669,0.0717686480595891,-0.505487171644805,0.613553270201713,0.70880000547095,-7.14404405011395
"OAS2",0.0931703895272893,-0.155669273815714,0.505175567773536,0.613771853987935,0.708924256098582,-7.14420111963197
"SPNS1",0.0599855663002228,-0.271430250543149,0.50470006784214,0.614105473994967,0.70912070208212,-7.14444061752041
"CYP20A1",-0.0471064445157551,-0.155810931926824,-0.504613215956602,0.614166419638046,0.70912070208212,-7.14448433840601
"VWA5A",0.0676899022063079,-0.190420491592825,0.504458328138533,0.61427511405109,0.70912070208212,-7.14456228965743
"DUSP12",0.0362982894542498,0.167589904127325,0.503832958032629,0.61471406168801,0.709499147483359,-7.14487678014956
"TIMM17A",0.0639146333955811,-0.131642272962748,0.503286148682835,0.615097981097281,0.709813954329684,-7.14515144427225
"HSD17B12",0.0591201041909859,-0.0126668804167963,0.502725697568337,0.615491588407022,0.710139825077491,-7.14543265166487
"FAM76A",0.0325042042944203,0.131265038122453,0.50167787820187,0.616227774738566,0.710860766342502,-7.14595755778682
"PTGES2",0.0423664752949029,0.213595913443248,0.501191417495512,0.616569688572106,0.711039628071647,-7.14620087906129
"PPDPF",0.0716840784204919,-0.0211293268011053,0.501140405835261,0.616605547475757,0.711039628071647,-7.14622638077197
"PDXP",-0.0373372930305891,-0.249927798369046,-0.500605032754571,0.616981946089621,0.71134520147747,-7.14649386773985
"PFDN1",-0.0416495099345316,0.248861728322241,-0.500383396858121,0.61713779869927,0.711396433416653,-7.14660451951395
"CPZ",-0.0678049397352647,0.210217779997221,-0.499024500383763,0.618093742480495,0.71236977359891,-7.14728187930553
"TSPO",-0.0749331501596011,0.101942528292016,-0.497702323956419,0.619024478629442,0.713313715222701,-7.1479391701514
"NUDT14",-0.0601621990525638,-0.154891387791288,-0.496132721302017,0.620130185697711,0.71445890214361,-7.14871720303934
"CCDC9",-0.0327200762171229,0.0660038852914699,-0.495266701587688,0.62074062326468,0.71490722254693,-7.14914542797979
"BCS1L",0.0428044330362839,-0.0561245693658121,0.495146851277825,0.620825123701345,0.71490722254693,-7.14920463209528
"SWAP70",-0.0333528905877617,0.135551592898421,-0.495043991840042,0.620897648734958,0.71490722254693,-7.14925543158604
"DDX55",-0.0420662037805662,0.030141180461713,-0.494886539555464,0.621008673740806,0.71490722254693,-7.14933317259299
"ANAPC10",0.029191586464403,0.102435509002512,0.494646280381196,0.621178105434797,0.71490722254693,-7.14945175135695
"PNKP",0.0372912080127778,0.126645830958629,0.494627833300229,0.621191115221671,0.71490722254693,-7.14946085344858
"ACTG1",-0.0935055971999565,-0.0879430755459424,-0.49354065631562,0.621958055806487,0.715660873368971,-7.1499966857313
"PTK2B",-0.0425032269648553,-0.127524724704048,-0.493246188765522,0.622165856694206,0.71577099008874,-7.15014161607364
"RPL26",-0.0435860132811962,0.236783786636659,-0.492480155643125,0.622706575303546,0.716264003479219,-7.15051823585317
"CAMK4",-0.047313366300715,-0.170432861995514,-0.492025653101172,0.623027490981055,0.716436615480725,-7.1507414155095
"NCAPD2",0.0756968850530667,-0.0835485745328349,0.49194980433677,0.623081053369533,0.716436615480725,-7.15077864037401
"MTG2",-0.0498460708762966,0.0382955357049371,-0.491484257411658,0.62340985415025,0.716685617347739,-7.15100699478698
"NF1",-0.0381178505811243,-0.041595705722523,-0.490391805879852,0.624181713459448,0.717443787657709,-7.1515420031356
"SNRNP200",0.0232903166662919,0.244464365610134,0.489901201947874,0.624528479068946,0.717713163940824,-7.15178188071717
"SIPA1L1",0.0472245803106573,-0.0306379358577719,0.489471037423242,0.624832594016979,0.717933437609936,-7.15199200957887
"NCAPD3",0.0498178330466422,-0.142654999251529,0.488684399553174,0.625388892177825,0.718271073699948,-7.15237579355216
"CPOX",-0.0446706464770493,0.291793760857942,-0.488674802054237,0.625395680705247,0.718271073699948,-7.15238047216278
"PSTPIP1",-0.0519697864863062,-0.0151853861691227,-0.488568937697354,0.625470563069364,0.718271073699948,-7.15243207307261
"DNAJB1",-0.0381946805222483,0.18458544588025,-0.488419292840294,0.625576419866157,0.718271073699948,-7.15250499463936
"POR",-0.0562948058414628,-0.154304821033622,-0.487453684411786,0.626259664914494,0.71892627840328,-7.15297499687169
"RFX5",0.0393889623497082,0.0288524338560792,0.48629948905982,0.627076773238985,0.719673063754888,-7.15353557370919
"ERAL1",0.063394432263566,0.0362280172207487,0.486216392480149,0.627135618908723,0.719673063754888,-7.15357588136916
"ISCA1",0.0470476095038884,-0.0623141152233689,0.485358585410235,0.627743222740026,0.720240876405223,-7.15399157587157
"PKN2",-0.0331735004224669,-0.0586554302738174,-0.485025802182871,0.627979008799982,0.720381956735157,-7.15415264574973
"ARHGAP9",0.0473525361443922,-0.0467853079624235,0.484211187329,0.628556346753751,0.720914724990605,-7.15454646064475
"EXT2",-0.049093503088229,0.0125823822465756,-0.483908725192961,0.628770767382146,0.721031133213901,-7.15469251372287
"PDXK",-0.0463696496630865,0.0587728899308812,-0.483604094884796,0.628986756862586,0.721149298360138,-7.15483952165609
"SNRPF",0.0437691345535318,0.274677770167239,0.483310334915667,0.629195069246321,0.721207071530757,-7.154981196248
"KIF3A",-0.0323715430174787,0.0995522382289663,-0.483214473515323,0.629263053327776,0.721207071530757,-7.15502740969234
"DUT",-0.048776246450241,-0.0168670034144233,-0.482875233523028,0.629503664762631,0.721256297475632,-7.15519087904396
"SMARCC2",0.0283802507417071,0.223855850356542,0.482835391804152,0.629531925737149,0.721256297475632,-7.15521007002415
"SRSF11",-0.0289815974618915,0.209968819213876,-0.482616710061292,0.62968705322448,0.721304599002208,-7.15531537660329
"EHMT1",0.0413419815888623,0.0305395407177383,0.481625831660727,0.630390163724748,0.721980483476684,-7.15579193888319
"BCCIP",0.0499744702465776,0.158784657878768,0.481251905432505,0.630655582888076,0.722003573103324,-7.15597152425407
"UBR5",-0.0311744080655503,0.204827477420349,-0.481183502511319,0.630704141619998,0.722003573103324,-7.15600436102196
"RAPGEF6",-0.0269182408354826,0.0554164597804459,-0.481040874031989,0.630805397683667,0.722003573103324,-7.15607281471816
"CDYL",0.0355660692277521,0.100905972637612,0.48096025216954,0.630862636545566,0.722003573103324,-7.15611149973981
"GINS3",0.0829585471777386,-0.0149430103976228,0.479260273056264,0.632070083188196,0.723255820995812,-7.15692569793396
"HLCS",-0.0407666794147341,0.0405430404730119,-0.478895106637675,0.632329579268916,0.723423107620862,-7.15710021730739
"CTSZ",0.0600215896727377,-0.16416252594797,0.477643902690991,0.633219059821866,0.724310945353388,-7.15769718204916
"RRM2B",0.0633978973931238,-0.194399274295335,0.477318762777127,0.633450288989501,0.724378719834031,-7.15785205499611
"GBP5",0.107364812069361,-0.407815481272127,0.477241542484169,0.633505210893223,0.724378719834031,-7.15788882163689
"UPP1",-0.0755304226444673,0.019709098481354,-0.476314757546316,0.634164532541598,0.725002782502794,-7.15832962517715
"GNPAT",-0.0536799143518331,0.0772182671358567,-0.475214646514228,0.634947538373701,0.72566557141039,-7.15885175652998
"ERO1B",-0.0635767280340091,-0.0162642836062315,-0.4751808755124,0.634971581436155,0.72566557141039,-7.15886776574641
"PITHD1",0.0513056904087426,-0.371737030496878,0.474901785019775,0.635170293042946,0.725719116544713,-7.15900002570437
"SERPINH1",0.06276383760077,0.582090946062747,0.474795809126974,0.63524575448213,0.725719116544713,-7.15905022696338
"NELFE",0.0293942587057655,0.185128663395661,0.474362709617037,0.635554187873379,0.725941590263243,-7.15925527186091
"PPP2R2A",0.051839979592717,-0.00848782224994515,0.474105619746312,0.635737305407441,0.726020871941784,-7.15937689907393
"ATG4B",0.0405292249178148,-0.0211460603796098,0.473540831509907,0.636139665965386,0.726350459082437,-7.15964386476527
"MED19",0.0322793729172647,0.12252839748949,0.472791954995421,0.636673339113435,0.726829835551454,-7.15999735578611
"BAG5",0.0326686720541753,0.0761314990647934,0.472321127022673,0.637008963057236,0.727082986971837,-7.1602193139282
"IQGAP2",-0.0635880348207414,-0.27043224638879,-0.471121662369598,0.63786432468354,0.727922024395419,-7.16078376865195
"OTUD7B",0.0371126323136741,-0.213834520964335,0.470970624492044,0.637972067113041,0.727922024395419,-7.16085474379061
"PAK1IP1",-0.0444719382981413,0.157252061056685,-0.469412426574884,0.639084051166962,0.729060508611945,-7.16158563947802
"SMDT1",-0.0514447771897585,0.154066956169975,-0.468657637515988,0.63962298814764,0.729535780594472,-7.16193881475302
"THAP4",0.0637688688020714,-0.28758876707041,0.468508941196959,0.63972918332787,0.729535780594472,-7.16200832470485
"MLXIP",0.0407078544405076,0.0274081948676378,0.466036759033071,0.641495838971359,0.731329815232509,-7.16316074952727
"COPS2",-0.0569253284638647,-0.0343487366038424,-0.465972008589264,0.641542138006986,0.731329815232509,-7.16319085156539
"TCP11L1",-0.0362823108399324,-0.111544982514523,-0.465826780558826,0.641645986676979,0.731329815232509,-7.16325835189167
"XPNPEP3",0.0546573276405988,0.0963965210200646,0.465476452183341,0.641896526083938,0.731484797259673,-7.16342109402798
"IMPACT",-0.0390966556187516,-0.128227803568807,-0.464797677101156,0.642382072622526,0.731907482814923,-7.16373606537852
"OAS3",0.0716051445683807,0.109610037367196,0.46382614990786,0.64307729998741,0.732568877862554,-7.16418608351058
"CENPC",0.0350425592100984,0.0556077199060381,0.463401673825654,0.643381154793707,0.732688182924954,-7.16438240858104
"SNIP1",0.0384043369243592,0.0727216440137247,0.463359240226441,0.643411533541146,0.732688182924954,-7.16440202473887
"COPG2",0.0389411646150137,0.174487959421116,0.462838651379156,0.643784278362728,0.732981921780674,-7.16464253596894
"ACLY",0.0442676928787813,-0.0540727828090196,0.461830003643395,0.644506732504069,0.733673647181044,-7.16510776124013
"SPC24",0.055113975269234,0.0229863673323904,0.460802718244767,0.645242882880657,0.734380714294652,-7.16558054097363
"NMT1",-0.0275041223127841,0.258693306360813,-0.460337529987282,0.645576350692371,0.734629299442308,-7.16579428515068
"DRAP1",0.0371441337621735,0.195155237360332,0.460010794133665,0.64581061241202,0.734764925205051,-7.16594428447055
"CASP4",0.0453552061435154,0.11573470614129,0.459547908820676,0.646142550425442,0.73500220488927,-7.16615660579239
"TSC22D2",0.0443556081896565,-0.0233352374255586,0.459398937711935,0.646249393617598,0.73500220488927,-7.16622489208927
"HCLS1",0.0513790058435427,0.0350914621288768,0.459082850043426,0.646476118328166,0.735129121197745,-7.16636970907508
"IAH1",0.042555902254214,-0.0378572497623616,0.458292651092006,0.647043059847392,0.735575457031692,-7.16673130677344
"CDKN2AIPNL",-0.0627285868407397,-0.108921474448985,-0.45821464809582,0.6470990355751,0.735575457031692,-7.16676696746888
"ARHGAP12",0.0378897044688039,0.171032998177226,0.457523719344938,0.647594940461225,0.736008133649861,-7.16708257527387
"SUOX",-0.0567891889787124,-0.134098440869095,-0.456434452568663,0.648377066268139,0.736765895732705,-7.16757917298108
"ECD",-0.03277533846752,0.0588335718426606,-0.455712445902956,0.648895703346707,0.737109092582258,-7.1679076849637
"PRKCD",0.0361254654507592,0.0299933153283802,0.455692577224001,0.648909977980403,0.737109092582258,-7.16791671784032
"MYH10",-0.0916559203477354,-0.281041346221782,-0.455331617924347,0.649169331401221,0.737272533083742,-7.16808075190384
"ADK",-0.0496533866353863,0.172000989939948,-0.454847936983551,0.649516928726264,0.737410112992972,-7.16830035196372
"CNOT4",0.0307680985085587,0.0874883495228338,0.454533612236153,0.64974285931946,0.737410112992972,-7.16844293622694
"PTGR1",0.0714561939524078,-0.296297692459792,0.454494482001667,0.649770987645948,0.737410112992972,-7.16846067962725
"EXOSC1",-0.0296949578315494,0.2302190207393,-0.45448516520886,0.649777684990995,0.737410112992972,-7.16846490405337
"ATM",0.0380619905285859,-0.0404385369761159,0.454359633602443,0.649867925733978,0.737410112992972,-7.16852181424088
"POLR3D",0.0328085465931688,0.151425993181356,0.453824760957292,0.650252486751597,0.737674477140992,-7.16876412462255
"ABAT",0.111309574960196,-0.295470682060155,0.453714225947908,0.65033197052884,0.737674477140992,-7.1688141641418
"ATG4C",-0.0275228867386861,0.00198361485697085,-0.453484877562394,0.650496903657082,0.737730502637739,-7.16891795198529
"PGPEP1",-0.0505234853219793,0.0523805074185267,-0.453203587175329,0.650699213728094,0.737828890011344,-7.16904517376744
"ZAP70",0.0602913022955617,-0.409407224193438,0.450471893602343,0.652665249023534,0.739926778234244,-7.17027656134578
"PYGB",0.0649300948782347,-0.145946220657745,0.450238752515464,0.652833156243116,0.739985745182371,-7.1703813118607
"MAPKAPK3",0.0346826762307319,0.0533272793700751,0.449475871756065,0.653382703181142,0.740477202664464,-7.17072369635308
"IDH3G",-0.0345667278755417,0.0719819413732999,-0.449147049110117,0.653619631347156,0.740614258411995,-7.17087109466265
"FH",0.0401115811898246,0.0491053111327938,0.448942940968319,0.653766716016713,0.740649482215527,-7.17096253415196
"CLNS1A",0.0409021971213855,0.0540856864914512,0.448197437589892,0.654304056372491,0.741126734067475,-7.17129616345515
"LIMK1",0.0380337764661794,0.0992139176936008,0.447853879800061,0.654551744917208,0.741275787743237,-7.17144972677593
"ITGA11",0.0738526497797415,0.169365098661691,0.447202355142871,0.655021567580324,0.741676309452096,-7.17174062199128
"GRHPR",-0.0339406756414599,-0.140382283542924,-0.446699788959404,0.655384068175036,0.741955190655603,-7.17196472068306
"IDH3A",0.035729565478515,0.0769425469283264,0.446434603857694,0.655575378868737,0.742040204587287,-7.17208286762005
"SFPQ",0.021760265587206,0.269262912302995,0.444860731834061,0.656711273607768,0.743147914930844,-7.17278262689234
"PRPSAP1",0.0287965236237297,0.0464640174520107,0.444707676184715,0.656821779498992,0.743147914930844,-7.17285054527599
"TRIM32",0.0278104043284159,0.104762030570781,0.444594933514409,0.656903184317883,0.743147914930844,-7.17290055986054
"LRIF1",0.0375346546823877,0.095314007880921,0.443975194022423,0.657350734595516,0.743522487226283,-7.17317526076669
"SIPA1L3",0.0372562827178124,0.0106296209819966,0.443678542853897,0.657565007523653,0.743633116018159,-7.17330661661001
"GALNT5",0.0658324248142579,-0.226436817181673,0.44260750174932,0.658338862170362,0.744376418444796,-7.17378013908448
"CHKB",0.0368917814605767,-0.149972678857683,0.442114423844817,0.658695247283303,0.744647513084966,-7.17399775156127
"DHX8",0.0289069518490648,0.173714489025182,0.441572122854452,0.65908729962177,0.744958826001948,-7.17423680814239
"PSMB8",-0.0389166761200592,0.0841558443009229,-0.440407069414207,0.659929884254612,0.745679345268706,-7.17474939473473
"TYMP",0.0570449146844597,0.133034643044421,0.440273028545476,0.660026852503457,0.745679345268706,-7.17480828170728
"HSD17B7",-0.0654415883790517,0.115331001934604,-0.440206306562802,0.660075122859629,0.745679345268706,-7.17483758740313
"DDX51",0.0302204892113432,0.127916761576863,0.439106047326948,0.660871315800624,0.746433981385248,-7.17532020460982
"PDF",0.0484231796551009,-0.0141073420301351,0.438960132012196,0.660976935121722,0.746433981385248,-7.17538411823509
"TKT",-0.0451941453609272,0.156532167161924,-0.438440481895435,0.661353133659403,0.746609778483272,-7.17561156233434
"MROH1",-0.0403086272866862,0.0138864510832008,-0.43829073860087,0.661461555646071,0.746609778483272,-7.17567705308283
"NAA30",-0.0298812096896812,0.0545853300507798,-0.438260568511497,0.661483401234122,0.746609778483272,-7.17569024537134
"DIP2C",-0.034449310134495,-0.27193641984146,-0.437731534963051,0.661866511407773,0.746910158242954,-7.17592142519577
"CLPX",0.0323389568124935,0.224523070702379,0.437191674731794,0.662257553633261,0.747219381507046,-7.17615704859408
"CCDC51",-0.0433617591738406,0.148922159152167,-0.436990771259114,0.662403099634061,0.747251553209096,-7.17624465928264
"CTSS",0.0586573939290868,-0.182024957488217,0.436818673658895,0.662527787194893,0.747260187465005,-7.17631967622044
"MOXD1",0.0670295195340403,-0.0197946006436286,0.436274606776205,0.662922034455862,0.747448279518143,-7.176556639544
"HTRA1",-0.0911422330901378,0.0702146691531871,-0.436189597225948,0.662983643415315,0.747448279518143,-7.17659363802493
"SRGAP2",-0.0427654326786631,-0.0855100991485699,-0.436103916892548,0.663045740828624,0.747448279518143,-7.17663092116195
"SYNGR2",0.0580282652090841,-0.0536679051720099,0.435162660664261,0.663728075833583,0.748085395268742,-7.17704001992149
"DERL2",0.0543722595288679,-0.0483517938217149,0.433062210307345,0.665251742951115,0.749670380999448,-7.17794975644654
"IMPDH2",0.0404599875915146,0.244823736132998,0.432721464375515,0.665499051300466,0.749816735936734,-7.17809692413068
"GTF2F2",-0.0331575450679509,0.32056848299456,-0.432104263109324,0.665947099898916,0.750189173051267,-7.17836319787124
"KRT18",-0.0780896519026775,0.0907190105272998,-0.431742095966802,0.666210065837403,0.750353019998556,-7.17851926773151
"PPP2R5C",-0.0538671776073279,-0.124601926955417,-0.431508893592172,0.66637941356753,0.75041138547243,-7.1786196932032
"EPHX1",-0.0745476699109895,-0.535721257983086,-0.43125793010268,0.666561678212331,0.750484273564756,-7.1787277067142
"TXNDC15",0.0441037397252654,0.00384010819441269,0.430982351310408,0.666761842737615,0.750577285944935,-7.17884624223222
"HS1BP3",-0.0295515201071786,0.0230013550010649,-0.430710488259036,0.666959331716763,0.75066725418853,-7.17896310532712
"MAP2K3",0.0332262916485571,0.0350042509020125,0.427430349574348,0.669343940683784,0.753158238629455,-7.18036730057196
"ISG15",0.0863652328890826,-0.210782579757355,0.427284760853702,0.669449859272048,0.753158238629455,-7.18042937715028
"FLNB",-0.107269407316174,-0.473439664396594,-0.427071698479632,0.669604878144362,0.753158238629455,-7.18052018527976
"RBPJ",0.0341059879343078,0.126435677344217,0.427017418921578,0.66964437285817,0.753158238629455,-7.18054331223732
"CRMP1",-0.0660619635298307,-0.93855337213645,-0.426779855429983,0.669817238822156,0.753216988023462,-7.18064449665564
"NUDT8",-0.0531865951721858,-0.127743944286638,-0.426621413056882,0.66993254110967,0.753216988023462,-7.18071195008293
"SH2D3A",0.0426749899683585,-0.0151024201697398,0.424535843151335,0.671450987401631,0.754791294816798,-7.18159750442084
"PCTP",-0.0441594466188454,-0.092209565677076,-0.422900734728446,0.672642408268802,0.755997496355624,-7.18228875658153
"CDK18",0.0459986808860697,-0.344374763642278,0.422605720326016,0.672857458409128,0.756106102066575,-7.18241319198615
"UBE2L6",-0.0598581788683143,-0.046284640022001,-0.421484520051706,0.673675000104451,0.756891584667767,-7.18288531664118
"AKT2",0.033286485177019,0.128972893732022,0.419733677916686,0.674952430055711,0.758193396535137,-7.18362007045574
"TFAP4",0.039253343378635,0.0325759980331719,0.419054112108896,0.675448501094381,0.758524321158783,-7.18390443219789
"GALNT6",0.098312410613122,-0.0214242475325062,0.419004642381899,0.675484618654478,0.758524321158783,-7.18392511464542
"C1orf226",0.0506439230356207,-0.0569855355156935,0.418368535759266,0.675949103247135,0.758820844879845,-7.18419084262865
"ALG2",-0.0323521458072225,0.00731818163088369,-0.418317508154023,0.675986368939163,0.758820844879845,-7.18421214149167
"ISOC2",0.0385389492363946,-0.0442191999593882,0.417960602368989,0.676247041146675,0.758980024208389,-7.18436104099499
"NSMCE2",-0.0331547247111707,0.013933329851764,-0.417337536060486,0.676702201635625,0.759357391466338,-7.18462067720064
"LBR",0.0533080172899375,0.0203436407865868,0.416480295089333,0.677328624597243,0.759926773511403,-7.18497726327936
"DBI",0.0700601951060986,-0.337086019697393,0.415965635983554,0.677704815963032,0.760215258243844,-7.18519099389444
"RAD23B",-0.0279014408115523,0.0817346870712645,-0.415272255887331,0.678211771543526,0.760478082710451,-7.18547852736411
"DCTN4",0.0350697170286251,-0.0589339156326804,0.415211592573125,0.678256131679595,0.760478082710451,-7.18550366065971
"COL7A1",0.0686875279852496,0.0680819566966916,0.415156490445626,0.678296426160692,0.760478082710451,-7.18552648673226
"GEMIN6",-0.037962602645168,0.168276414192996,-0.414344549593547,0.678890280462869,0.761008962187058,-7.18586248263413
"SHTN1",0.0406828601963131,0.126738678408121,0.414183208001938,0.679008309722736,0.761008962187058,-7.1859291704638
"STAM2",0.0262136118770042,0.103306960601439,0.41377890847892,0.679304109312053,0.761206868718403,-7.18609616689427
"FOXK2",0.0306046946037972,0.0600825378077787,0.412634102293607,0.680141958325164,0.761961616294834,-7.18656814673603
"TIMMDC1",0.0409274800799726,0.0590503334309204,0.412532521366367,0.68021632151614,0.761961616294834,-7.18660996334792
"GNL3L",-0.0392665645325977,0.1175834591165,-0.412009247645368,0.680599438024627,0.762251552942844,-7.18682521026561
"ECI1",-0.0591997059128207,-0.194270048331334,-0.411852911373416,0.680713916191088,0.762251552942844,-7.18688946572483
"ANGPTL2",0.0602326453152493,0.00546051581059999,0.411531469872974,0.680949316859039,0.762381446281775,-7.18702150421676
"TPD52L2",0.0351469798111244,0.277542781769461,0.4104676286807,0.681728620272767,0.763120133317254,-7.18745776369791
"SDS",-0.0717316886488359,0.189979140884833,-0.410144156463251,0.681965643440392,0.763251644761946,-7.18759018938094
"WRNIP1",-0.0366047813970661,0.0437300724183028,-0.409462266370192,0.682465399342829,0.763638815698741,-7.18786900542652
"GSTT2B",-0.0956679389575152,-1.2350172899713,-0.409345790090367,0.682550778573644,0.763638815698741,-7.1879165847277
"CDK4",0.0414012081649803,0.0282652654995341,0.408932722293635,0.682853597672481,0.763843766842816,-7.1880852094438
"PDK3",0.0485104048105506,-0.0845445144833664,0.408408585389,0.683237915108844,0.764139794704846,-7.18829893056275
"NOP53",-0.0440090694011711,0.182807009569334,-0.407395853044775,0.683980723185909,0.764836588010864,-7.18871110478069
"GPNMB",-0.069014130360417,-0.492734261775506,-0.406781993554406,0.684431119901971,0.765206216174765,-7.18896044320345
"CMPK2",-0.0561660234710422,-0.483644693005369,-0.40626307522881,0.684811945005375,0.765497946228872,-7.18917092531301
"SMAD5",-0.0273965820821318,0.0137341304135798,-0.40504211937922,0.685708300556806,0.766365744627202,-7.18966510706778
"PTMS",0.0644438388527784,-0.456622407749243,0.404317793371921,0.686240269190382,0.766826062089708,-7.18995757570339
"INHBA",0.0716288704577179,0.160425542541778,0.404143307295466,0.686368440809379,0.766835082164109,-7.19002795159574
"ERMP1",0.052052299163812,-0.259194972272781,0.403683068173953,0.68670656049451,0.767078619446719,-7.19021343536297
"INF2",-0.0420088818779321,-0.234553652189651,-0.403452724848402,0.686875808381783,0.767133467993298,-7.19030618814703
"CPE",-0.0807769518389564,-0.657941505689446,-0.403205152813489,0.687057732879551,0.767202452682045,-7.19040581947856
"RABEP1",-0.0414482612467586,-0.117310335980742,-0.402539374743605,0.687547059933918,0.767584948882617,-7.19067344794435
"EIF2AK2",0.0359172674374321,0.256852868436824,0.402324281058114,0.687705175498485,0.767584948882617,-7.19075981654834
"NSD3",-0.040103235151686,0.0333859514981198,-0.402248449149074,0.68776092287509,0.767584948882617,-7.19079025505727
"ARMC10",-0.0401938398170857,0.190274067084725,-0.402067992351787,0.687893591470685,0.767588463955932,-7.19086266636713
"UBA7",-0.0369312549316121,-0.0703498808020391,-0.401917133877582,0.688004507317118,0.767588463955932,-7.19092317594355
"UBE2A",0.0299018936728488,0.176709656419198,0.40154010656847,0.68828173900881,0.767763609987989,-7.19107430300729
"GALK2",0.0388257295322485,0.0852955007753495,0.399920870249176,0.689472856582957,0.768842361464167,-7.19172174421864
"LRRC14",0.0348238769683358,-0.0359756594851673,0.399898059751217,0.689489641620019,0.768842361464167,-7.19173084618096
"ARID2",-0.0300806004543246,0.0035307556903662,-0.399597291661095,0.689710975277158,0.768931677218065,-7.19185081170655
"HAUS5",-0.0254450626890812,-0.0422020411789879,-0.399461931663619,0.689810594691477,0.768931677218065,-7.19190477249618
"AGO1",-0.028905650490665,-0.0785798176889389,-0.399101811987568,0.690075654315498,0.768977053456758,-7.192048244013
"PPP6R1",0.0260378579278643,-0.0964473675827113,0.399079372583662,0.690092171700427,0.768977053456758,-7.19205717958286
"MIF4GD",-0.0337870528606332,-0.213200358607012,-0.398598210825689,0.690446384959052,0.769237509677813,-7.19224866169404
"GCDH",0.0450333610525157,0.117484385176836,0.398001405047322,0.690885825642134,0.769592811710577,-7.19248584460509
"AAR2",-0.0271423711007014,0.134403270639056,-0.397821965781257,0.691017971028773,0.769605746558297,-7.1925570880422
"POLR1A",0.0305981960950414,0.174906217607408,0.397653951555764,0.691141711187199,0.769609317392791,-7.19262376625687
"SH2D4A",-0.0541597345505028,0.103245383249662,-0.397435691636142,0.691302468982841,0.769654100166598,-7.19271034298369
"UBXN7",-0.0288734804689522,0.134139573797611,-0.397248414913527,0.691440417469509,0.769673477256419,-7.19278459181384
"TSPAN8",-0.127429833449198,-1.26862267738764,-0.395656878658051,0.692613161782822,0.770754678623576,-7.19341417057847
"RPS6KA1",0.037512979176567,-0.0944329396122306,0.395590408970459,0.69266215697042,0.770754678623576,-7.19344040967972
"VAC14",0.02785010397376,0.0806245607115219,0.395438871810369,0.692773860708019,0.770754678623576,-7.19350021294556
"MRPS10",-0.0384247486995389,0.184092265640027,-0.395065741055464,0.693048938016773,0.770926388368832,-7.19364736926809
"CHD3",-0.0338701920863855,0.124670705825974,-0.394508555328988,0.693459778946597,0.771249031279223,-7.19386685532665
"POLD4",0.0321428342283484,0.108381059280519,0.394133309123754,0.693736517791374,0.771327782938542,-7.19401449755007
"ATAT1",0.0311248502227496,-0.00562454290085294,0.394084938009245,0.693772193800477,0.771327782938542,-7.19403351915855
"DPCD",-0.0377463278789528,-0.109263883089931,-0.392733422017097,0.694769276852075,0.772301851096884,-7.19456405051913
"ZNF706",0.0437566374282975,-0.0691782114718961,0.390793801599808,0.696201161872437,0.773758819591908,-7.19532225775827
"RASSF2",-0.0384424790154042,-0.138679670339266,-0.39050997874486,0.696410779684441,0.773857088110887,-7.19543289097168
"RRM2",0.0649869777878805,-0.0480969392066774,0.386147309036001,0.699635758412762,0.777305431958498,-7.19712334113787
"GEMIN4",0.0275047533945012,0.0542825624658006,0.385308338461856,0.7002565699943,0.777859812006542,-7.1974462507459
"MAP1LC3A",0.0465763435054388,-0.416118090881055,0.384814749509467,0.700621904190013,0.77813025887167,-7.19763589929627
"FAM32A",0.0283094440082849,0.144808603572146,0.384559348578817,0.700810968750565,0.778204875734323,-7.19773393502238
"GLRX5",0.0371612090256961,0.117246947734047,0.384346198608588,0.700968770625638,0.778244757510815,-7.19781570292182
"CTNNA1",0.0350618117477901,-0.0202912456480324,0.383939893880536,0.701269607164494,0.778443400859752,-7.19797144276472
"RANBP6",0.0468437370070162,-0.0631617036295458,0.381174235652887,0.703318606545677,0.780582183694446,-7.19902716876496
"DCAF1",0.0318472975770757,0.054943609068545,0.380592838307338,0.703749623770717,0.780924808442132,-7.19924813372666
"NTPCR",-0.0425203025799429,0.0280847006511508,-0.379053955255147,0.704890931449941,0.782055360088249,-7.19983137273092
"CRYM",-0.101776344547301,-0.910780425990609,-0.378588806575532,0.705236038987673,0.782302312184902,-7.20000720011219
"NBN",-0.0278098313774829,0.245858367360931,-0.378157346818245,0.705556206196631,0.782521307500062,-7.20017010015602
"SBDS",0.0272314271520322,0.0192100295550813,0.37799246303579,0.705678572996923,0.782521307500062,-7.20023230393515
"PHB2",-0.0327029129628093,0.179726289075154,-0.377353879424073,0.706152563373183,0.782910942375026,-7.20047295915235
"RPP21",0.0296855491345194,0.0135545829348575,0.376999601249065,0.706415576691711,0.782951688362663,-7.20060629630389
"DOCK8",0.0377497250656274,-0.0627916597511821,0.376974030291582,0.706434561731763,0.782951688362663,-7.20061591542103
"RWDD1",0.034004799133015,0.229949885473389,0.376341447250233,0.706904278495407,0.783336309995344,-7.20085366887064
"SMPD2",0.0441860454672,-0.205468114764933,0.375921577461752,0.707216109567644,0.78354587187045,-7.20101125473424
"DHX33",-0.0324897112844312,0.0704955936003785,-0.37551610802134,0.707517292555767,0.78365383789847,-7.20116326902661
"GMIP",0.0265270846289347,-0.0106110222376529,0.375434254338025,0.707578099109285,0.78365383789847,-7.20119393685483
"MRRF",0.0441180197030177,0.121045631860487,0.375294720593595,0.707681758703614,0.78365383789847,-7.20124620006724
"SP100",0.0330169591639859,0.0798508811092675,0.375067048950453,0.70785090761167,0.783705227171929,-7.2013314341901
"ERLIN1",-0.03774443860138,-0.0433051507120251,-0.374809489182666,0.708042279394419,0.783781198670833,-7.20142779532047
"U2SURP",0.0296069167973246,0.231710492907568,0.374576496003076,0.708215413694627,0.78383695899466,-7.20151490834906
"ATP6AP1",0.0341081250684783,0.0182366110097729,0.37425144138269,0.708456983003221,0.783968429198539,-7.20163635149119
"PTBP3",0.032449014425615,0.0145393670856538,0.373760729277526,0.708821719012916,0.784236124743973,-7.20181948611109
"CHCHD7",0.0399264204496193,-0.0254718970097541,0.373516201707182,0.709003496269326,0.784301338128837,-7.20191065460619
"ITPKC",0.030596031437955,0.0903329506752151,0.372792392562222,0.709541660078978,0.784521061970519,-7.20218016676522
"CORO2A",-0.0504228524617393,-0.247818342764662,-0.372773992592943,0.709555342652688,0.784521061970519,-7.20218701123226
"TTPAL",-0.028254949146195,0.233050768926455,-0.372753295642013,0.709570733418911,0.784521061970519,-7.20219470973292
"IRF2",-0.0267127907539691,0.0748659429092147,-0.372365014423176,0.709859491026538,0.784704440824869,-7.2023390568317
"USP5",-0.0228703265514199,0.0619221026406621,-0.371640820808443,0.71039817233023,0.785163983093045,-7.20260788081901
"GPX8",0.0580326858452218,0.296839537943731,0.371131360010434,0.71077721475132,0.785446956764828,-7.20279668168901
"CRYZ",-0.0481934746015593,-0.0794544983778665,-0.370213954930307,0.711459951746932,0.786065373231382,-7.20313600990644
"GLCE",-0.0411727140232526,0.074183222888101,-0.369957666750765,0.711650724139673,0.786140116545296,-7.20323065538413
"PDHA1",-0.0324455174702681,0.0451562804734734,-0.369623450098757,0.711899531139153,0.78627893207464,-7.20335398093029
"TBRG4",0.0414390387993898,0.113868318331387,0.369229622202204,0.712192755176743,0.786466748841837,-7.20349916001807
"HADHB",0.0365438858508502,-0.00960771384685435,0.368116415053327,0.713021823170513,0.787246125011884,-7.20390869176474
"SUN1",0.0335080533997014,-0.113375653046157,0.367142057823361,0.713747761456082,0.787911386047214,-7.20426612875925
"DTYMK",-0.0317152062500119,0.220528599033235,-0.366933279695711,0.713903344090872,0.787946906140055,-7.20434259459771
"NDRG3",0.0295919423234421,0.0667083586316372,0.366727258909052,0.71405688365441,0.787980159373212,-7.20441800794626
"MGST2",0.042144687537922,-0.257483247874599,0.366246088829912,0.714415526959061,0.788239699262762,-7.20459397410449
"OXSM",0.0340614600586625,0.0301961605449313,0.36600000305291,0.714598973120653,0.788242368513603,-7.20468387960907
"TSEN34",-0.0261547202066072,0.0905741683936919,-0.3657547352908,0.714781825971989,0.788242368513603,-7.2047734261792
"CD82",-0.0646025075836967,-0.479095162283645,-0.365746048003479,0.714788302849454,0.788242368513603,-7.20477659678352
"VARS2",0.0358662599620582,0.0305956196882249,0.364317489611815,0.71585365649105,0.789280883559895,-7.20529695499622
"RB1CC1",0.0287324371840531,-0.120669528514226,0.363346965914389,0.716577746089873,0.78987415802268,-7.20564931143862
"KCTD9",-0.0279886324439676,-0.0619082619802414,-0.363264674629298,0.716639153864586,0.78987415802268,-7.20567914476038
"STAG2",0.0311844960829298,0.119098108893659,0.362679064880288,0.717076203350047,0.790219461234044,-7.20589125273545
"NDEL1",-0.0260549115213249,-0.129700774995083,-0.362157494278753,0.717465537813746,0.790512072293488,-7.20607987782518
"CD2BP2",0.0236857464022597,0.284356935047699,0.361983948148838,0.717595100368649,0.790518411983062,-7.2061425803362
"PPP2CB",-0.0370646944174429,-0.0635832797859813,-0.361805509801087,0.717728323765616,0.790528781653175,-7.20620701910164
"STAT2",0.0319236323329706,0.165102138411533,0.361390955059948,0.718037866701542,0.790733318194092,-7.20635660313139
"TACSTD2",-0.0622610675424199,-0.394959592540081,-0.361193382916312,0.718185407760125,0.790759411717261,-7.20642783291012
"KLF3",-0.028719076432108,0.102837012718661,-0.360967149554443,0.718354365137223,0.790809072655374,-7.20650934798657
"POLR3A",0.0281385930366079,0.224736386391559,0.360653693724471,0.718588485544891,0.790827302690475,-7.20662220621236
"CREB1",-0.0223584934059363,0.0496922527406505,-0.360613324833968,0.718618639030561,0.790827302690475,-7.20663673371133
"IL16",0.0445618082008961,-0.217545950482295,0.359684333399652,0.719312669384332,0.791454660351363,-7.20697059966912
"RPS6KA4",-0.0338062959905568,0.065643585305631,-0.358940823866847,0.719868297599776,0.79192954517136,-7.20723718618435
"THOP1",0.0267902746930868,0.275600640085171,0.358279759971893,0.72036243868141,0.792230098025519,-7.20747374877509
"SYK",-0.0321477373206656,0.0940545564344224,-0.3582433540258,0.720389655307152,0.792230098025519,-7.20748676403186
"POLA1",0.0311860321591787,0.0419016272358474,0.357965399709357,0.72059746217475,0.792322162215564,-7.20758609013802
"NUDCD2",-0.0274262425850133,0.0881216122674629,-0.357016019557087,0.72130740310786,0.792966213643886,-7.20792476724787
"NAA20",0.0306714297056745,0.0144782703059578,0.356792508602909,0.721474578407153,0.793013458965342,-7.20800437072504
"PRSS8",0.0578446013551238,0.150718234499738,0.356590540495665,0.721625652204093,0.793042992998818,-7.20807625886972
"PPP6C",0.02369633775066,0.10578537944827,0.355794717729794,0.722221040278434,0.793450243777876,-7.20835912662576
"DIP2A",-0.019905646753602,-0.0854328030518568,-0.355655064645572,0.722325537997932,0.793450243777876,-7.20840869987484
"UQCC2",-0.0472155492727516,0.30837967369666,-0.355596940809121,0.722369031649302,0.793450243777876,-7.20842932660897
"REEP6",0.0971532792411178,-0.497224682876355,0.354459534331406,0.723220326021577,0.794248672454037,-7.2088322865216
"ADSL",0.0268623019313523,-0.108718769487455,0.354025190386009,0.723545502566087,0.794469137383399,-7.20898582536065
"ALDOC",0.0369449973328656,0.0137698493334148,0.353643446904961,0.723831340573142,0.794646339332791,-7.20912061482534
"OSGEPL1",-0.0376025224618029,-0.0705593048823895,-0.353114550658929,0.724227426066074,0.794944492939984,-7.20930712220089
"HADHA",0.0278596410747644,0.0706072018665335,0.352791986417246,0.724469027855299,0.794985686633786,-7.20942073273884
"STK3",-0.0359424529692,0.134126585699764,-0.352656902921644,0.724570214075565,0.794985686633786,-7.20946827975292
"UPF3B",0.0242785473836493,0.150470873122652,0.352565771336075,0.724638480220616,0.794985686633786,-7.20950034618966
"PPM1H",0.0658689412907021,-0.270422362785995,0.351661324038423,0.725316115616714,0.795592406495914,-7.20981814478088
"RAD50",-0.0282224318968355,0.361043012670133,-0.350536702465398,0.726159012699802,0.79638016078465,-7.21021216900864
"RSL24D1",-0.0404198800907907,0.362191626310231,-0.349481320522071,0.726950318207122,0.797111073630855,-7.21058078723116
"ADAM10",0.0307025383619877,-0.330705483801084,0.348850808528274,0.727423203940024,0.797486045525343,-7.21080047914516
"CCS",0.0245685114250092,-0.135975051382866,0.348692322397007,0.727542085385297,0.797486045525343,-7.21085563878099
"MTCH1",0.0366650867003263,-0.183746882472537,0.348218285198633,0.727897702980691,0.797738900365896,-7.21102047355918
"ILF2",0.0186977073857132,0.249245308059081,0.347975333808103,0.728079985313444,0.797801734378984,-7.21110486708027
"POLR3B",-0.0261132884121898,0.168813417839669,-0.347346924463131,0.72855154190111,0.798181467920142,-7.21132288332058
"EPHB4",-0.0381516184983996,-0.182500138842207,-0.346003405416609,0.72956006079478,0.799149251702637,-7.21178767413364
"DOCK2",0.039619210228597,-0.173221388806004,0.345713629390034,0.729777644228956,0.79925047313926,-7.21188768625781
"PPP1R18",0.0346256062221325,0.0870073086704857,0.344563190125859,0.730641687292559,0.800059539249355,-7.21228391809486
"MCL1",-0.0290253246076019,-0.053189582556877,-0.344383238748921,0.730776871750365,0.80006108242191,-7.21234577719746
"ASPSCR1",-0.0266212721548327,0.0702147870716061,-0.344075299060963,0.731008224056508,0.80006108242191,-7.21245155795313
"RAB33B",-0.0282665901234986,-0.0750507131630334,-0.344060948316065,0.7310190062411,0.80006108242191,-7.21245648528975
"MAPRE1",0.0250557126188603,0.150987750038109,0.3438312798108,0.731191570971882,0.800112798741297,-7.21253531416196
"ACTR3B",-0.0366760181268725,-0.0778464646969378,-0.343557970387303,0.731396943737855,0.800200391666588,-7.21262905331746
"OTUD4",-0.0203709438054685,0.0509640501076245,-0.343010412253917,0.731808453238858,0.800513444223079,-7.21281662967579
"KRR1",-0.0306966601311344,0.310058329387432,-0.342592307561247,0.732122726043359,0.800720042101207,-7.21295965800867
"RTN4IP1",0.0350570122084512,-0.00517056386462156,0.341431450856304,0.732995532735723,0.801534954647491,-7.21335585850551
"ALG11",0.0360539106979072,-0.190361761888026,0.341267414885454,0.733118893522529,0.801534954647491,-7.21341173563497
"POLR2K",0.0381251452985358,0.284877731464556,0.339926899299812,0.734127267369275,0.802388765204295,-7.21386736254915
"CERS6",0.0473807266423726,0.0680630685253093,0.339766373410162,0.734248050424232,0.802388765204295,-7.21392180343945
"PPP1R13L",-0.0342333033997777,0.284333378331943,-0.339728126336428,0.734276829301284,0.802388765204295,-7.21393477079475
"ACACA",0.0395002560317327,0.033171573288881,0.339092623277899,0.734755066202356,0.802681484710448,-7.21415001938045
"THG1L",0.0266288651261123,-0.0529024900671575,0.339038064710661,0.734796128133526,0.802681484710448,-7.21416847991262
"MRPL46",0.0288326751432055,0.334214280047004,0.338623967492789,0.735107811273179,0.802884600578044,-7.21430849780534
"TLK2",0.0280744507836036,0.0870085871568222,0.337369614888703,0.736052205983021,0.803711088355746,-7.21473158611286
"ZNF512",-0.0514048054097909,-0.127760294419312,-0.337284531210322,0.736116279515177,0.803711088355746,-7.21476022768565
"DCTN5",-0.0163351842787079,0.00169923644680993,-0.336579915992394,0.736646971325276,0.804153002549477,-7.21499714364911
"R3HCC1",-0.0246521026605245,0.0388926883122161,-0.335182234778599,0.73770002972105,0.805131398661565,-7.21546562720626
"FOLR2",0.051150238063589,-0.62824731849573,0.335055647820525,0.737795428906628,0.805131398661565,-7.21550796120607
"TXNRD2",0.0366979905908308,-0.190809205012716,0.334819483164523,0.737973419506303,0.805188018377947,-7.215586898146
"HDDC3",-0.0392169411700492,-0.13273763984639,-0.334547155454115,0.738178682692765,0.805205420595384,-7.21567785337079
"VTA1",0.0249280942777005,0.127408668039368,0.334463703918056,0.738241586870067,0.805205420595384,-7.21570571069591
"AKAP13",-0.0224129506433457,0.0341861383099033,-0.334176857105595,0.738457819953275,0.805303702886706,-7.21580141133106
"ARHGEF35",-0.0388351766138238,0.0344502856295321,-0.333859958625115,0.738696730981177,0.805426678161683,-7.21590704269651
"PRR15",0.0664408509287558,-0.304339414295794,0.333420990950798,0.739027712327649,0.805649981767465,-7.21605319778442
"MNAT1",0.0250993960076108,0.246843618223203,0.331186015402724,0.740713634542178,0.807350043795119,-7.21679435703923
"GSTK1",0.0383138255356906,0.152753348110947,0.330055078444282,0.741567218276136,0.80814246265457,-7.2171674985359
"RRAGA",-0.0296313547174853,-0.049265307377893,-0.329251683572064,0.742173781173647,0.808665459521115,-7.21743179584675
"GREM1",0.083868323121818,0.417017630625038,0.329035476898163,0.742337044641883,0.808705345510736,-7.2175028126439
"SMAD1",0.0293537884698914,-0.00154042873467512,0.327935805076028,0.74316761649406,0.809472062660282,-7.21786329719261
"SNX27",0.0193471092057056,-0.0274458005415541,0.326281513207037,0.744417653237752,0.810695329340448,-7.21840332053575
"CPEB4",-0.0241971486435671,-0.0102425506312172,-0.326110276799549,0.744547083738855,0.810698009835025,-7.21845906268931
"PCYT1A",0.0229959314855385,0.200689994435707,0.324847053479606,0.745502125588445,0.811599500747182,-7.21886937299058
"MICAL3",-0.0246534499633231,-0.27060161335412,-0.323566048039884,0.746471012731489,0.812515754567091,-7.21928383393212
"CLEC11A",0.0557207405157372,0.0254373535663411,0.323315305813786,0.746660708534205,0.812583709560405,-7.2193647684191
"PRMT3",-0.0336731667387225,0.23063618737431,-0.322491073948766,0.747284379140602,0.81305604741162,-7.21963037186034
"FAHD2A",-0.0340556277042727,-0.043763609869699,-0.32240515138967,0.747349403642725,0.81305604741162,-7.219658020858
"ZNF22",-0.0333821371675166,-0.102774777686711,-0.320772713269162,0.748585143342721,0.814261693397492,-7.22018192387508
"PRKAR1B",-0.0398216870058736,-0.354479909121017,-0.320076482724868,0.749112380658844,0.814696397633574,-7.22040455864156
"COMTD1",0.0390078633134996,-0.153548030556131,0.319530367500038,0.749526022009429,0.8150074336734,-7.22057885245951
"MPG",0.0250622774595025,0.169334706086008,0.318913902871608,0.749993034724292,0.8153763879984,-7.22077524104358
"GFPT2",-0.0457681670794951,0.0951852448868627,-0.316415492236293,0.751886687035222,0.817295964712273,-7.22156728476887
"NIPSNAP3A",0.0494754391631618,-0.619761443325273,0.313778176912669,0.75388725015572,0.819239951096824,-7.22239660951493
"SLC44A4",-0.0665432314965815,-0.317625050398847,-0.313719594260466,0.753931707540319,0.819239951096824,-7.2224149525361
"CD8A",0.0520264824261661,-0.607006356294747,0.313037067248028,0.754449726095384,0.819663348837677,-7.2226284087289
"XAF1",0.0447284643097725,-0.109240793900243,0.312470893967805,0.754879519714739,0.819990767842567,-7.222805123431
"RBM45",-0.0184983664135548,0.176381867310941,-0.311810483413755,0.755380947094606,0.820395874672403,-7.22301084762147
"BOLA1",-0.0247029657773206,0.0466550121047615,-0.310980205897748,0.756011495608862,0.820808431408846,-7.22326886976472
"TNFAIP3",0.0255878481303872,-0.0437483007155094,0.310971754687917,0.756017914661774,0.820808431408846,-7.22327149257969
"EIF4E2",0.0187969749985394,0.0966998216340579,0.310357443078516,0.756484555705466,0.821175431516389,-7.22346195209488
"DUSP23",-0.029856428453013,0.246875140234804,-0.309432032586322,0.757187680879778,0.82179897032422,-7.22374815328504
"ALDH1B1",0.0512368177055726,0.0867539605002595,0.308753466351475,0.757703382589481,0.822218915335458,-7.22395747029982
"DNM1L",0.0258347102351553,0.00800074183976009,0.308120549049544,0.758184489357779,0.822601183440853,-7.22415229205525
"TCEAL4",-0.041311154283601,0.0309455235034509,-0.307732660416594,0.758479386154782,0.822781325280035,-7.22427149272183
"FOXP4",0.0258117430126646,-0.0268369607574992,0.306880889134725,0.759127078881477,0.823344045975579,-7.22453272091616
"DHPS",0.034989336523288,-0.01936224706714,0.304352552921612,0.761050641424384,0.825290140199506,-7.22530386977665
"CHD4",0.0185527008872878,0.227290423802205,0.303983011371306,0.761331913909263,0.825318243835005,-7.22541604680701
"PEF1",-0.0242556643639756,-0.0177978382772518,-0.30395062427886,0.761356566498966,0.825318243835005,-7.225425871653
"DCAF11",-0.024355264750966,-0.145644889280358,-0.303809049179162,0.761464334288491,0.825318243835005,-7.22546880714482
"BCAT2",-0.0383169029764251,-0.27337000465915,-0.301642079568627,0.763114423039539,0.826966325714096,-7.22612348932816
"COASY",0.0311985505500602,-0.0238848441235205,0.301078977594454,0.76354338734531,0.827290773493942,-7.22629284631225
"PWP1",-0.0234051755756619,0.222237252658145,-0.30086452026037,0.763706777544984,0.827327413407655,-7.22635726273985
"MTMR9",-0.0225044167616448,-0.153254558916034,-0.300249775681065,0.764175196118422,0.827543362592851,-7.22654165899584
"FAM83H",0.0339389811093404,0.11246545449867,0.300097022302591,0.764291603474658,0.827543362592851,-7.22658741980143
"EGFR",0.049874263415338,-0.253220439012964,0.300008181953691,0.764359307679979,0.827543362592851,-7.22661402327727
"BRF1",0.0247824531625696,-0.0818786889078171,0.299810711171903,0.764509804365772,0.827543362592851,-7.22667312822446
"VKORC1L1",-0.0442257410167743,-0.0374412777305641,-0.299613554468985,0.764660070598821,0.827543362592851,-7.22673210036198
"REEP4",0.027129068222487,-0.0669240068478355,0.29943902613163,0.764793097677242,0.827543362592851,-7.22678427170835
"YY1",0.0225013209683918,0.168697952403935,0.299412427008145,0.764813372382211,0.827543362592851,-7.22679222025382
"NEIL2",-0.0325449649762015,-0.00821733247269139,-0.29873218515497,0.76533192952026,0.827964142661278,-7.2269952553205
"PPP6R3",-0.0311778014487932,-8.68414399557348e-05,-0.297437287683616,0.766319338430472,0.828891915276734,-7.22738047405661
"TMTC3",0.0271681084205404,-0.0230283424825538,0.296261960838402,0.76721590041735,0.829721125366663,-7.22772867376987
"BAZ2A",0.0223437307572559,0.115058387569028,0.296050177652766,0.767377486041157,0.829755334186755,-7.2277912696725
"NUDT2",-0.0333473777061,-0.0415411391866274,-0.295691319377081,0.767651309711997,0.829823160452083,-7.22789723383538
"CRTAP",0.0386042780554474,0.557021379799854,0.295361068454961,0.76790333053836,0.829823160452083,-7.22799463727724
"LMTK2",-0.0267277082242223,-0.0451489105187407,-0.295355706482631,0.767907422565949,0.829823160452083,-7.22799621782741
"PAAF1",-0.0275322208547978,0.143079898586056,-0.295216368346039,0.76801376174117,0.829823160452083,-7.22803728051595
"RPF2",-0.0410938712003224,0.237384231683283,-0.295116428676583,0.768090035751263,0.829823160452083,-7.2280667206233
"DDX59",-0.0199663778857179,0.0314966617626235,-0.294473463154702,0.768580801298985,0.830198539973272,-7.22825588640157
"FN3K",-0.0336011705140195,-0.312409338600751,-0.29432054357577,0.768697536150663,0.830198539973272,-7.22830081590726
"VWA1",0.0333124126165672,-0.271282960979588,0.293705039680593,0.76916744916055,0.830565561117894,-7.22848142203922
"FANCI",0.0440126807207671,-0.12867897101108,0.292095555382318,0.770396629332088,0.831752194502093,-7.22895190389261
"WDR26",0.0254320608502823,-0.0164196910769811,0.291744168700961,0.770665064239167,0.831901341532897,-7.22905427703126
"CBR4",0.038631140183884,0.0217432504497033,0.291497107764185,0.770853818080919,0.831964440237774,-7.2291261821234
"PTPN12",-0.0221349419848703,0.0511373633446531,-0.291111266157569,0.771148627217641,0.832141961261558,-7.22923835641474
"SARDH",-0.039158263151805,-0.17847167303455,-0.289828850639711,0.772128717964427,0.833058780703424,-7.22961012126567
"RSBN1L",0.0192732159886846,0.0816175859462074,0.288260845380332,0.773327568028687,0.834211272489131,-7.23006244775969
"PMM1",0.0225808388101443,-0.0537093856370522,0.287482846901093,0.773922604369878,0.834617059442021,-7.23028596864679
"RAP1GAP",0.051304360358025,-0.338259238479033,0.287427200163361,0.773965169766046,0.834617059442021,-7.23030193295483
"CHCHD1",0.025750918863764,0.232403796157055,0.287148057538009,0.774178702311749,0.834635748289952,-7.23038196864572
"NUMBL",-0.027441800445029,-0.066231766569458,-0.287062783420925,0.774243936902331,0.834635748289952,-7.23040640291611
"GPHN",0.0346070075745135,-0.0627698275976734,0.28656092214575,0.77462789256625,0.834908692443536,-7.23055005824984
"UNC119B",-0.022828080464944,-0.039320838709392,-0.285863883761008,0.775161262929258,0.835342559291698,-7.23074916526962
"IQGAP3",-0.0371071858880723,-0.162716545643752,-0.28552644308236,0.775419509189387,0.83547984579383,-7.23084538012724
"RASSF5",0.0267315319107476,-0.182394765205642,0.285296388051701,0.775595586593558,0.835528567639593,-7.23091091087225
"ZC2HC1A",0.026498433298271,-0.122364724086968,0.284063989225011,0.776539025792749,0.836403792119889,-7.23126105842995
"RIN1",0.0315004503860922,-0.0964697439123818,0.283702380519576,0.776815911293323,0.83656090295292,-7.23136351073276
"NELFA",0.0176796929719062,0.226491261702341,0.282026723854515,0.778099340858816,0.837801735477832,-7.23183656122982
"GAPDHS",0.0413414387890016,0.102607568148171,0.281336372993246,0.778628275898926,0.838229900794916,-7.23203063779188
"JUNB",-0.0285686062068024,0.259269186265666,-0.280995888460897,0.778889187284392,0.838278276720338,-7.23212618227038
"APP",0.0337320993373325,-0.174086015083387,0.280935076906765,0.778935789472477,0.838278276720338,-7.23214323462764
"UXT",0.0266241099819322,0.0471596324441792,0.280419112011057,0.779331224945561,0.838562499372667,-7.23228776951613
"CRLF3",0.0262057603480832,-0.112031103974626,0.279963893026874,0.779680152400346,0.838796591925225,-7.23241506741908
"FAM98C",0.028650496419762,-0.193831112224453,0.278403983101745,0.780876168395665,0.839941768060364,-7.23284971434914
"IQGAP1",-0.0174701452182272,0.0590841850203567,-0.27692104632665,0.782013650533332,0.841023607656279,-7.23326066310629
"C1orf174",-0.0245839137125138,-0.0219676622398045,-0.275423945578663,0.783162472343457,0.842117276172612,-7.23367331165659
"RPL7L1",-0.0294108059284727,0.252539381231013,-0.275205643319623,0.783330029472771,0.842155621852777,-7.23373329591238
"SLC12A2",0.0555192162615225,0.0752747792749388,0.274186046290344,0.784112751139358,0.842770396224816,-7.23401282730997
"DNASE2",0.033147397134709,0.214571844145803,0.274116894232998,0.784165845571125,0.842770396224816,-7.23403174839437
"AFAP1",-0.0259065153325913,0.142111949150931,-0.27394036416051,0.784301388614997,0.842774211764853,-7.23408002815021
"TSC1",-0.0172518289014,-0.0490567594520365,-0.273534305030573,0.784613193243285,0.842967396745478,-7.23419096452034
"ACAT1",-0.0302280261677526,-0.285666874574668,-0.271853570074702,0.78590416463161,0.844212330278067,-7.23464839605838
"MELTF",-0.0390479695400595,-0.206715160946242,-0.271389468387846,0.786260745210845,0.844355211350648,-7.23477421020612
"DLST",-0.0213086081976316,0.00747308625223133,-0.271336222685489,0.786301658056532,0.844355211350648,-7.23478863093756
"NFATC2",0.0259467699170221,-0.00610758980734236,0.269873845615829,0.787425548283038,0.845419896718883,-7.23518358640068
"REEP5",0.0317584409913397,0.00155871617174773,0.269678091412166,0.787576026353969,0.845439295270694,-7.23523629334442
"KDSR",-0.0261974025687758,-0.209145654838129,-0.268894414945135,0.788178525448701,0.845943836777602,-7.23544691586877
"MYOF",0.0472912457406488,-0.0644630460575643,0.268117079540163,0.788776275256469,0.846443112186984,-7.23565522888764
"TINF2",-0.0197086397095363,-0.104878320480801,-0.266566973661725,0.78996863722982,0.84748862711113,-7.23606883200049
"HNRNPUL1",-0.0196452768770178,0.250760989923573,-0.266505383701955,0.790016023267885,0.84748862711113,-7.23608521607278
"GID8",-0.0174751120432153,0.100812421397781,-0.265895712227209,0.790485133908172,0.847822142650841,-7.23624719585995
"C1QTNF3",0.0618302179308954,-0.295596545919125,0.265593517921687,0.790717685063701,0.847822142650841,-7.23632734651432
"MEF2D",-0.016602305017503,-0.007555745764192,-0.26543662395438,0.790838428915648,0.847822142650841,-7.23636892339528
"MATN2",-0.0385758748575428,-0.479333644143538,-0.265369115739712,0.790890384038529,0.847822142650841,-7.23638680550683
"GOSR2",-0.0196765496467396,0.107774814365103,-0.265238593054808,0.790990838491944,0.847822142650841,-7.2364213664981
"ATP6V1G2",0.0371194586274193,-0.329490969516742,0.26466755013456,0.791430372462597,0.848150877504814,-7.23657237263137
"FAM210A",0.0361112639066593,0.125324925506971,0.264421224115562,0.791619991138466,0.848201561412895,-7.2366374104553
"KNTC1",0.0286328876214417,0.0713900643710115,0.264181700930179,0.79180438495589,0.848201561412895,-7.23670059406835
"FRYL",0.0222967585903211,-0.164464787376166,0.264088424992625,0.791876195392681,0.848201561412895,-7.23672518376248
"EBNA1BP2",0.0259235739178595,0.259058578479117,0.263571255755454,0.792274381144521,0.848451043054168,-7.23686136405369
"FLNC",-0.0411290813482221,-1.05417564995194,-0.263333186070497,0.792457697194605,0.848451043054168,-7.2369239625475
"MSRB2",-0.029540357865883,0.00766932419986505,-0.263093296845089,0.792642425966629,0.848451043054168,-7.23698698228128
"ZADH2",0.0305989006718879,-0.339951423087359,0.263074233071528,0.792657106691905,0.848451043054168,-7.23699198793841
"RIOX1",0.0212563826243358,0.0709570576018173,0.262923067506028,0.792773519633699,0.848451043054168,-7.2370316672958
"ARHGDIA",0.031134371777474,-0.0402939794708544,0.262557287519579,0.793055226815943,0.848555971640878,-7.23712758634056
"ANKMY2",-0.0219384963945155,0.0729194265054064,-0.262450650095356,0.79313735924084,0.848555971640878,-7.23715552490586
"RALY",0.0252916399935148,0.417247321417314,0.261753910609111,0.79367404652138,0.848987902000169,-7.23733778856352
"MRPL3",0.0237932084510981,0.225958401837935,0.261357817779192,0.793979194272384,0.849172052835707,-7.23744118859659
"RPS15A",0.0167992867959706,0.348942045942799,0.260765894438038,0.794435267811206,0.849517532234894,-7.23759541845606
"U2AF2",-0.0145614927869092,0.255043466321375,-0.26032842501167,0.794772380873591,0.849735708619872,-7.2377091796076
"BRIX1",-0.027583034580537,0.183413096177264,-0.2594464065013,0.795452179577162,0.850320135041048,-7.23793796238731
"PYGO2",-0.0177605690564324,0.103123376392533,-0.256924950247728,0.797396402045466,0.852255779554788,-7.23858771065267
"DGKQ",0.0201434915284456,-0.0358918198382722,0.256657732469913,0.797602520243644,0.852333404477936,-7.23865619766414
"JMJD6",-0.0282461847521844,0.025148769807319,-0.254645343057919,0.799155229477952,0.85384975572569,-7.23916967785456
"PYROXD1",0.0201427969903351,-0.136025438512576,0.254239885031985,0.799468167522912,0.854041199537191,-7.23927264527317
"TSNAX",-0.0174637428258605,0.152308335787688,-0.253538935727472,0.800009246055943,0.854476252269521,-7.23945026681754
"LENG8",0.0183549721192862,0.090630024176422,0.252908144689096,0.800496250296411,0.85485341330366,-7.23960969110394
"S100A11",-0.0306003397667675,0.455246354283723,-0.252561126055895,0.800764200378418,0.854948425811543,-7.23969722631334
"UMPS",0.0188488602047063,0.229398923898917,0.2524461032409,0.800853020325582,0.854948425811543,-7.23972621422723
"RIOX2",0.028901164307283,-0.0786052418243934,0.252118700805073,0.801105852732676,0.855075371062878,-7.23980865354359
"C8orf82",-0.0300383278034168,0.0367752806997736,-0.251928433728365,0.801252793703526,0.855089267557582,-7.23985651330072
"MLLT1",-0.0187629908764087,8.2404757713217e-05,-0.250761342078753,0.802154278883599,0.855789972758518,-7.24014929313374
"SLC25A10",0.0330126875064157,0.18518769765465,0.250731354872779,0.80217744509941,0.855789972758518,-7.24015679789973
"RAB14",-0.0175463761641831,0.0023502763978165,-0.248935800784951,0.803564894108428,0.857126937668278,-7.24060452815016
"SAMD4B",0.0180377569963681,0.111733421168391,0.248430870650897,0.803955172716997,0.857399996291636,-7.24072985550391
"RBM39",0.0135465056924199,0.259400373197963,0.247977255357854,0.804305830114817,0.857630715645141,-7.2408422292306
"NNMT",-0.0446222871107551,0.538651035813907,-0.246152749282729,0.805716623542168,0.858991591470487,-7.24129213907558
"BIN2",0.0273529568944103,-0.220322148388017,0.245702905742441,0.806064561442195,0.859219069250153,-7.2414025568157
"GNG7",0.026873347859548,-0.48122949508327,0.245153234175286,0.806489765102534,0.859494353063767,-7.24153720407607
"CHRAC1",-0.0258130902034425,0.182668185933069,-0.245021034303738,0.806592038145355,0.859494353063767,-7.24156954271848
"FBXL18",0.0184422478806891,0.055365625907428,0.244603595501182,0.806915000777396,0.859625899119625,-7.24167154185399
"NR2C2AP",-0.0236193757098806,-0.0178483013196286,-0.244421913152796,0.807055574490845,0.859625899119625,-7.24171588074847
"TTLL12",-0.0246982199315645,0.0640872346608457,-0.244339446525137,0.807119383746618,0.859625899119625,-7.24173599555207
"C19orf25",-0.0153329907099443,-0.00117619727811117,-0.243847507476052,0.807500052550854,0.85988789785477,-7.24185584563779
"RPAP1",-0.0163347985018508,-0.171137112868606,-0.243598965947685,0.807692394622156,0.85994929792604,-7.24191630548115
"C3orf38",0.0191953778468437,0.00311284749745683,0.243161040904669,0.80803132579237,0.860166724772304,-7.24202268450741
"IGLL5",0.0377338153420085,-0.472921342411089,0.242136524676005,0.808824389269127,0.860706453402456,-7.24227080850185
"COQ3",-0.0216733912770138,-0.140188560286138,-0.242095512195475,0.808856140561253,0.860706453402456,-7.24228071937021
"FXR1",0.0198705819238376,0.194160205364808,0.241896751754748,0.809010022608545,0.860706453402456,-7.24232872703675
"BRAT1",-0.0182617701703405,0.078054200377175,-0.241809538337583,0.809077546330704,0.860706453402456,-7.24234977971515
"TIMM17B",-0.0255353837836103,0.206678540409039,-0.240566234802045,0.810040311104297,0.861587104181398,-7.24264907880579
"TTC39B",0.0288262657549841,-0.150908120019106,0.240109043834526,0.810394414298244,0.861820175765205,-7.24275875003462
"ILF3",0.01792525128176,0.291303591526531,0.237831644440038,0.812158883295845,0.863552784320394,-7.2433019470178
"NMNAT1",0.0218943979995762,-0.0566142554763342,0.237386883710138,0.812503584346896,0.863743161575053,-7.24340742572542
"ASL",0.0298992582850329,-0.0941103567339312,0.237251542927855,0.812608484194415,0.863743161575053,-7.2434394837502
"FECH",-0.0237958176890876,-0.120586175954105,-0.236886013129392,0.812891815674897,0.863900506505362,-7.24352597506175
"HACD3",0.0300693788189598,-0.0638210186526378,0.236686295479557,0.813046632321532,0.863921242698116,-7.24357317574251
"MMP14",-0.0306095043295057,0.272411845682644,-0.236298222891935,0.813347478475673,0.864097113155935,-7.24366477787651
"BET1",0.0344969023268126,-0.138248837281467,0.235837567748547,0.813704628835114,0.864332732509101,-7.24377331762522
"NDC1",-0.0197875312300745,-0.0139883257295972,-0.235299087126052,0.814122167361595,0.864632408284062,-7.24389992623724
"PEX14",-0.0215485868164055,0.070295370452186,-0.234819742330651,0.814493896537577,0.864731540879186,-7.24401238731787
"PREX1",0.0306669149472241,-0.273627972798666,0.234656040443625,0.814620856041191,0.864731540879186,-7.24405074158331
"CD177",-0.0604795316472343,-1.00727028329007,-0.234654818197632,0.814621803976242,0.864731540879186,-7.24405102784685
"CALM2",-0.0296903771637257,-0.452345428465643,-0.233563722488512,0.815468131646162,0.865486040651719,-7.24430597996964
"MRPL42",-0.0235425767059139,0.102372097996869,-0.232472218178499,0.81631499269827,0.866240855638766,-7.24455983905753
"B2M",-0.03538852727213,-0.153223207334338,-0.231724826807129,0.816894992605096,0.866712284443925,-7.24473297963622
"F3",0.0545872047624503,-0.633024530116905,0.230794081887541,0.81761742161812,0.867334646458166,-7.24494781664297
"RBM7",-0.0174143815613128,0.185568590280659,-0.230420337027505,0.817907560109613,0.867498300880378,-7.24503384218715
"DNM2",-0.0157823497149974,0.0578124485505631,-0.230119208954759,0.818141344350273,0.86760213979015,-7.2451030520043
"RBM3",-0.0309135904110797,0.214954817582986,-0.22991070981595,0.818303224573725,0.867629705895589,-7.24515091942499
"KRT10",0.0481392566855452,-1.18808573874133,0.229697110498964,0.81846907268215,0.867661469213935,-7.24519991276877
"TDRD7",-0.0192068318964514,-0.110947546587249,-0.22937123757611,0.818722110783014,0.867785637010216,-7.24527457063969
"HMGN2",0.0375152252886276,-0.23202287631341,0.229113461180785,0.818922285833112,0.867853741916086,-7.24533355245623
"OPA3",0.0264506986962525,-0.143051817970471,0.228692973002991,0.819248839393164,0.868055731749976,-7.24542962206858
"PMPCB",0.0205291656810385,0.252920842155688,0.228203724790516,0.819628832031354,0.868314267881233,-7.24554117934354
"DUS2",0.0194375698358212,0.0698903104933599,0.227797151912576,0.819944644202256,0.868504736766988,-7.24563370346751
"ARHGEF11",-0.012477079999687,-0.0685187280431503,-0.225137917678864,0.822010969266454,0.870549019533307,-7.24623480018686
"RPL36AL",0.0318346161762958,0.252982510542593,0.223734339893825,0.823102103281599,0.871560021468161,-7.24654922171672
"CTPS2",-0.0213911928224311,0.118620196772868,-0.223127124719136,0.823574255800883,0.871915374446798,-7.24668463745479
"GMEB1",-0.0148186330612481,0.0100987875883017,-0.22187296913531,0.824549652922887,0.872803304693739,-7.24696316341852
"CALB2",0.0533734054795763,-1.68387897377345,0.221455089573389,0.824874711831823,0.873002657889307,-7.24705561854712
"PSAP",-0.0263377270587531,-0.117434307074646,-0.22087192171701,0.825328395124102,0.87333805151929,-7.24718435216906
"NOS1AP",-0.0306235104534928,-0.132376113477414,-0.219066592922303,0.826733245892507,0.874621705720726,-7.2475807250528
"LEMD2",-0.0204288598150387,-0.0933675182143947,-0.218960983825455,0.826815444906861,0.874621705720726,-7.24760381159966
"WDR37",0.0140088264618318,-0.0344820954759943,0.218089546499105,0.827493785762559,0.87519427233625,-7.24779388628864
"VSNL1",-0.0445267046817095,-0.739403885418837,-0.215983066989611,0.829134036435676,0.87678383945707,-7.24825021412074
"LRRFIP1",-0.0143498712086469,0.101842791494261,-0.215518454673466,0.829495916732991,0.877021266491165,-7.24835026735164
"CMC2",-0.0260657869111096,0.0349550960722983,-0.214900803634899,0.829977053094431,0.877384682782772,-7.24848294361937
"MSMO1",-0.0377708086416232,-0.342788816259465,-0.213748187688392,0.830875086324435,0.878188615491064,-7.24872951649839
"TMX3",0.019693751538537,-0.159311056177168,0.212623619100383,0.831751481012043,0.878969415137685,-7.24896881167586
"RPL4",-0.0208351780983843,0.122293753949306,-0.210696121538176,0.833254099651955,0.880411621095107,-7.24937602570438
"TMEM179B",0.0299750170164645,-0.328918714996051,0.209541186114896,0.834154745896004,0.881217414385503,-7.24961824767743
"PLOD2",0.0427743846321227,0.417710906557037,0.208871451895605,0.834677120864365,0.881579333494056,-7.24975809978576
"ACOT8",-0.0245246861521244,0.15622288218007,-0.208747924537955,0.83477347694676,0.881579333494056,-7.2497838455475
"OAS1",-0.0454972415892932,-0.452240797520301,-0.207873055399064,0.835455979708425,0.882154197195021,-7.24996575131168
"C7orf50",0.0220325938506242,0.221766838640439,0.206641724742966,0.836416775962096,0.883022671051253,-7.25022047979955
"PLD1",0.0194812591506311,-0.115895165865388,0.206013103427228,0.836907378164235,0.883394546136327,-7.25034994091556
"WDR83",0.0148811521987653,0.0720671485858655,0.205456248344728,0.837342024247008,0.883626677036856,-7.25046429279706
"RAB21",0.0165832570856887,0.00800638670858401,0.205205281103855,0.837537929815431,0.883626677036856,-7.25051572852728
"C12orf43",-0.0170129232602198,0.125432531309805,-0.205037569282383,0.837668851665264,0.883626677036856,-7.2505500660266
"RNASEL",0.0186453248729451,0.0686407417702201,0.205022189818296,0.837680857651384,0.883626677036856,-7.25055321342969
"RANBP9",0.0121401914274091,0.0531408131086228,0.204113822375484,0.838390042387739,0.884228678666289,-7.25073869191193
"CDS2",0.0231448793839168,-0.360422924053426,0.203357201245215,0.838980855756944,0.884705658795721,-7.25089255693628
"PROM1",0.0439349263104189,-0.465169167139475,0.202198223565277,0.839886028984422,0.885478026830711,-7.2511271366836
"TUBA1C",-0.0138455945903806,0.235493933852246,-0.202064263405944,0.83999066695593,0.885478026830711,-7.25115416410866
"RBCK1",0.0133291440138544,0.0379883167302485,0.201850696758575,0.840157492433743,0.885507690523185,-7.25119721568265
"GTF2H3",0.0136914461885534,0.014043134246831,0.199581044634558,0.841930852953723,0.887230317892312,-7.25165192863896
"ERBB3",-0.0209463958025952,-0.196065326533893,-0.199251937636826,0.842188063144135,0.887354914715396,-7.25171743676752
"ADNP",-0.0155713657903831,0.274205482359231,-0.198253092371604,0.842968803860543,0.888030987073019,-7.25191559321246
"TNFAIP2",0.0238712048491003,-0.126663464728845,0.197788497179768,0.843332004466844,0.888267048584757,-7.25200742292977
"NACC1",0.014499763427872,0.157849687116019,0.197529824807283,0.843534237951392,0.888333516298802,-7.2520584575538
"TRAPPC9",0.0106051308527016,-0.0779333283831334,0.197173973353918,0.843812464259889,0.888436790927279,-7.25212855595932
"KPNA1",0.0111613863383354,0.0437273548379845,0.197048472535019,0.843910593104769,0.888436790927279,-7.25215324795108
"MTERF3",0.0243632394998868,0.0734157188268253,0.196174384989306,0.844594107870085,0.889009788781815,-7.25232478666977
"MGP",0.0397152200684701,-1.14127236058044,0.195607249840843,0.845037656392169,0.88933005374386,-7.25243567848321
"MGMT",-0.0242942317764513,0.0141483783036825,-0.195302977192994,0.845275644153741,0.889433912696601,-7.25249504055081
"GALT",-0.016588192644335,-0.314042904863236,-0.195106801871593,0.845429090789965,0.889433912696601,-7.25253326438615
"SNRPD1",-0.0166195602383249,0.103557234147945,-0.194946803701551,0.845554244333339,0.889433912696601,-7.2525644108399
"ZMYND11",0.0158530643864181,-0.0687313495345521,0.19413454094596,0.846189671687446,0.889914047664025,-7.25272213800259
"C1QBP",0.0209507082226014,0.0428987716193526,0.194007014818331,0.846289443604692,0.889914047664025,-7.25274684153729
"RBX1",-0.0105193909837988,0.217588751726671,-0.193250491255357,0.846881371648923,0.890389849823542,-7.25289305666677
"GRN",-0.0202203794848607,0.031223535464798,-0.192572326680151,0.847412062921325,0.890801123107122,-7.25302364169401
"DHX35",-0.0192144762643924,0.051206544090267,-0.192187392559714,0.847713320416439,0.890971119482957,-7.25309755908901
"RIDA",0.0334222015991255,-0.0444327037189915,0.191748545216624,0.848056798792759,0.891121978539815,-7.25318164884512
"SLC25A15",-0.0270358313930016,0.250371870623284,-0.19164737783677,0.848135984899993,0.891121978539815,-7.25320100677822
"PARN",0.0144434270582409,0.281526226055385,0.191183267902396,0.848499274473954,0.891357003540013,-7.25328968126713
"NHLRC3",-0.0195545941538871,0.147366863522238,-0.190784990955517,0.848811057989044,0.891537852485613,-7.25336560609138
"VRK1",0.0223135460517946,0.146723633004877,0.189959723540608,0.849457178424351,0.892069750697283,-7.25352242565435
"CRTC1",-0.015610593419529,-0.0403833034321352,-0.189683388846971,0.849673549801455,0.892150240993634,-7.25357478363328
"PEPD",0.0215759583682025,-0.114411221808298,0.188900797740943,0.850286384021998,0.892646919102344,-7.25372265005956
"NUDCD3",0.0163160445790273,0.154938495724885,0.187588973028517,0.851313856009528,0.893578657014769,-7.25396914142422
"FARP2",-0.0145893919705412,0.0309250203098622,-0.187111855091752,0.851687616264634,0.893824035149521,-7.25405836580865
"NUBPL",-0.027473218508687,-0.0272018662579031,-0.186533672264815,0.852140592645,0.894152454238015,-7.25416618557847
"PNPT1",0.02049425848526,0.150340572585608,0.184837763299459,0.853469531818616,0.895094240809029,-7.25448051498626
"MED10",-0.0143013005509741,0.145737247616607,-0.184802848705088,0.853496895810188,0.895094240809029,-7.25448695610178
"NDE1",0.0152087041570453,0.0687240364735285,0.18471401758123,0.853566517183172,0.895094240809029,-7.25450333836345
"GNL3",0.0167277714948253,0.373119180919917,0.184672729096532,0.853598877413653,0.895094240809029,-7.25451095011707
"GMEB2",-0.0138159250377541,0.152218351238826,-0.18406637118035,0.854074144494791,0.895323999820481,-7.25462253949801
"UBE2B",0.0121384559672587,-0.0237432813656235,0.18403538746541,0.854098431152161,0.895323999820481,-7.25462823164574
"NADK",-0.0166314345921295,0.0561946413231415,-0.181837095049035,0.855821920961053,0.89698341518981,-7.25502964380764
"DESI1",0.0192851622870478,-0.0498737771078418,0.180490628971263,0.856877909651858,0.897802617036481,-7.25527312933499
"NIFK",0.0182683570686558,0.226309760276498,0.180481904190596,0.856884753049384,0.897802617036481,-7.25527470116351
"ITFG2",-0.0107407389500149,-0.0307560309049303,-0.179451589353047,0.857692970025686,0.898501987467433,-7.25545978519719
"EXOC6",0.0148305326421156,-0.0271254956460925,0.177969681754275,0.858855695636772,0.89957244367467,-7.25572413491651
"PDCD6",0.0148400695426966,0.169879256190191,0.177036482680538,0.859588054791241,0.900191853344608,-7.25588947878513
"DMPK",-0.0199589843428144,-0.467063794010306,-0.174647726417483,0.861463262526255,0.902007696167619,-7.25630875804594
"CCDC80",0.0312783788084036,0.392878760629664,0.173702794993111,0.862205264368849,0.902636598294,-7.25647304239886
"STUB1",0.0188033066849895,0.0400591466263099,0.171487654891936,0.863945167806645,0.904262941825363,-7.25685467031601
"EFNA1",0.0280851400188686,0.000856675038637286,0.171283223530141,0.864105773961102,0.904262941825363,-7.256889643257
"ZNF143",-0.0110189846709352,0.138728886340826,-0.17118412650637,0.864183628977035,0.904262941825363,-7.25690658119621
"TBCD",0.0129409739435939,0.0568020809701775,0.170713512491949,0.8645533822839,0.904501613285713,-7.2569868860639
"CYBB",-0.0281029514546334,-0.316349788391439,-0.170523787568357,0.864702454312479,0.904509366118148,-7.25701919792292
"HSBP1",-0.0144729868824865,0.11190938011422,-0.169737851187184,0.86532003735009,0.905007115230193,-7.25715266730913
"SCLY",0.0177572366564797,0.0764591768655606,0.167716382240802,0.86690887151499,0.906500829354384,-7.25749312555878
"NME3",0.0184414142453897,0.10091234125038,0.167559507031075,0.867032194967459,0.906500829354384,-7.25751937614669
"HSD17B11",0.0199498613937397,-0.345597427942125,0.166704162446797,0.867704659450951,0.907055378289837,-7.25766207250874
"ATRX",0.0124882515058276,0.262593939406996,0.165868599755387,0.868361664449924,0.90759358774149,-7.25780076364433
"MTHFS",0.0161293725520135,0.157247555388922,0.165305459652509,0.868804514444398,0.90790782728764,-7.2578938435769
"DHRS1",0.020910604621463,-0.214802092039415,0.1644949737983,0.869441948195084,0.908425272332779,-7.25802725107921
"BLOC1S2",-0.0186224606590143,0.0999300833199639,-0.162940295281812,0.870664915416221,0.909554235100224,-7.2582813191898
"ALDH9A1",0.0151978387997205,-0.137964166540766,0.161860213044478,0.871514730883141,0.91029307323554,-7.25845640792074
"EDIL3",-0.0286046197098536,-0.571622643713026,-0.161412796649001,0.871866804609893,0.910397940324718,-7.25852859614161
"OSGEP",0.0110961007957028,0.0344211881372311,0.161370234364519,0.871900298368935,0.910397940324718,-7.25853545292967
"AGAP3",-0.0136525179310162,-0.215034175401568,-0.16114060760435,0.872081003723698,0.910437738517955,-7.25857241463305
"CLSTN1",-0.0204684114101257,0.115652644091896,-0.160294223730432,0.872747125478976,0.910984207321115,-7.25870819772822
"GNB4",0.0118889199491101,-0.280989087092099,0.158542531075628,0.874126031524022,0.912274388898477,-7.2589869460264
"HVCN1",0.0201369159155259,-0.311554940024035,0.158024193367486,0.874534132988677,0.912551142201781,-7.25906884236365
"LRPAP1",-0.0135000399826526,0.383186760328974,-0.157453572654519,0.874983437060541,0.912858252058214,-7.25915868922861
"USP3",-0.0108497174416934,0.174041322339286,-0.157287274621666,0.875114386977029,0.912858252058214,-7.25918481246701
"SPON2",-0.0221880184086546,0.160967298660298,-0.156567561917422,0.875681157947239,0.913300260289631,-7.2592975516725
"WDR74",-0.0134502864087568,0.137326899097312,-0.155942459045973,0.87617347603049,0.91366448545724,-7.25939505124137
"SLC9A1",-0.0149960925872371,-0.130250101512802,-0.155464258061168,0.876550129734653,0.913904501444812,-7.25946937470193
"YTHDC2",0.0128491358390736,0.126907389452269,0.155286802373462,0.87668990937345,0.913904501444812,-7.25949689734625
"GSK3B",0.0100307508280976,-0.0421330854094018,0.154339014385016,0.877436535500605,0.914533509495815,-7.2596433631403
"PLEK2",-0.0202974783395818,0.275168901775116,-0.153899477601423,0.877782820669896,0.914745113428641,-7.25971098237085
"CLC",0.0439849414597839,-1.0470398737605,0.153573623444691,0.878039557155403,0.914863344066131,-7.25976098797474
"CEBPB",-0.018668623373983,0.0564524996613738,-0.152977089012444,0.878509592672356,0.915203744364986,-7.25985225761016
"PBK",0.0268031021400106,-0.245392952067138,0.152311547349737,0.879034052766044,0.915600722171483,-7.25995366616891
"ARID3A",-0.0272160313945156,0.0350721775559476,-0.15165953957919,0.879547899592991,0.915986517517738,-7.26005258387509
"IDNK",0.0162219242553335,-0.30232726133046,0.151458108634282,0.879706657481454,0.916002447491696,-7.26008305767228
"HMGCS1",0.0270336697650536,-0.325714034250694,0.149196531406836,0.881489452551966,0.917709139824605,-7.26042242418164
"CMSS1",0.0186212995050394,0.215437308893254,0.148922865662972,0.881705223605639,0.917784129886209,-7.26046314353034
"RARS2",-0.0128156504659778,-0.0235155294405714,-0.148092970766773,0.882359605969782,0.91831558013318,-7.26058616844321
"SLC12A6",-0.0140773987318284,0.00164673042726793,-0.147519705786252,0.882811679612807,0.918636338710524,-7.26067074872104
"SURF4",-0.0151481328619283,-0.0444308670388888,-0.145309828693767,0.884554734181096,0.920279230100555,-7.26099372763993
"AHCY",0.0164127448922809,0.182249797469231,0.145096860470011,0.884722744012919,0.920279230100555,-7.26102459596544
"ABHD17B",-0.0121636102391324,-0.176758637006299,-0.144969911049544,0.884822896411481,0.920279230100555,-7.26104297490355
"DCTD",-0.014343043942094,0.288088222187687,-0.144118064404306,0.885494979398262,0.920635550850392,-7.26116588380691
"MXRA8",0.0186408217644144,0.055699421342524,0.144019032738433,0.885573117969577,0.920635550850392,-7.26118012562191
"HNRNPF",0.0088853303577634,0.255753385018858,0.143962525879157,0.885617703858537,0.920635550850392,-7.26118824752785
"HLA-DRB3",-0.0429411448069146,-1.17541279220079,-0.143804697520973,0.885742237881591,0.920635550850392,-7.2612109158051
"IDH3B",-0.0114098690186219,0.0912796740407129,-0.143472896777325,0.886004053567868,0.92075779329929,-7.26125848998965
"SBNO1",0.00980062561271372,0.15389258437188,0.141961085554422,0.887197143890763,0.921847642594389,-7.26147386525821
"CEACAM6",-0.0242347415368147,0.328105345004123,-0.141421667970601,0.887622903463106,0.922139967232661,-7.26155015945245
"CHCHD6",-0.0143946525889032,0.0717220988706354,-0.140464282116844,0.888378643419926,0.922714947153491,-7.26168485513966
"ZGPAT",0.0124547508555793,0.163430718843724,0.140171644425079,0.888609665740215,0.922714947153491,-7.26172584411074
"RPS24",-0.0112541317190268,0.255473491572063,-0.14017134798087,0.888609899772406,0.922714947153491,-7.26172588558955
"ATP8A1",-0.0227725590624588,-0.523745602438941,-0.139679514218989,0.88899819850369,0.922968048365214,-7.26179458272343
"MTMR1",0.00794830495720354,-0.0183200190108307,0.139451166422938,0.889178486320867,0.923005143091975,-7.26182639525005
"RUFY1",0.0100613094523445,0.231897692334533,0.138544739619799,0.889894195693062,0.923508291017154,-7.26195216178964
"GNPDA1",0.0125200105990492,0.135601182978805,0.138470943056456,0.889952469009953,0.923508291017154,-7.26196236494844
"ANKRD28",-0.00899643695066897,0.0925311142243873,-0.136168672119883,0.891770751290385,0.925244759016755,-7.26227794838075
"RBM42",0.00937380196441107,0.0247479336068098,0.134725675416733,0.892910690042463,0.926276970905139,-7.26247304984957
"GET4",-0.0117926135475138,0.0827413304693826,-0.134457917573778,0.893122237944152,0.926345920934602,-7.26250902365228
"ARVCF",-0.0153323115426111,-0.217469291679565,-0.133725111662729,0.893701246194139,0.926795916347178,-7.26260711167839
"TRAPPC6A",-0.0135593995877921,-0.0353678513673332,-0.132342949799934,0.894793481450567,0.927777911507287,-7.26279065887782
"CTDP1",0.008443649822044,0.082707857458953,0.131575027800859,0.895400408456792,0.928214373054261,-7.26289181276374
"TACC1",-0.0138662156873267,-0.000153175223176363,-0.13144247937184,0.895505174317031,0.928214373054261,-7.26290921302972
"MOCS2",0.0156997198796936,-0.0392882720736122,0.130940936139649,0.895901609059913,0.928474561572397,-7.26297489429482
"PPIH",-0.00994787065160979,0.235428956602714,-0.129080638203758,0.897372271364556,0.92981003117439,-7.26321632307898
"KPNA3",-0.00870386213628127,0.0538577805547783,-0.128942519383953,0.897481475666055,0.92981003117439,-7.26323411033869
"NUBP1",-0.00985920501565667,0.129449959801789,-0.125754307425185,0.900002788601872,0.93227089636972,-7.26363940303894
"CILP",0.0310214785020695,-0.0684655343285199,0.125455462079142,0.900239174897997,0.932364498252021,-7.26367687286421
"MAEA",-0.00952232826966044,0.0934919479205796,-0.123942005700991,0.901436453072974,0.9334530899888,-7.2638652641854
"RBPMS",-0.0147653482291399,-0.191959921542817,-0.122833034081686,0.902313891106934,0.934210182376807,-7.26400185485563
"PAG1",-0.0126448646656443,-0.134630274899806,-0.122343180832166,0.902701509932083,0.934459977450771,-7.26406179861313
"PSMD10",-0.0091207685966557,0.147255059068461,-0.121421673103854,0.903430758209317,0.935002263922595,-7.26417391521635
"VPS45",0.0100723639194781,0.0282406437897021,0.121056775447748,0.903719547826038,0.935002263922595,-7.26421807676405
"SMYD3",-0.0152477554909044,0.0192675980206317,-0.12103573734969,0.903736198321479,0.935002263922595,-7.26422061883668
"FERMT1",-0.0215885744164451,-0.114196879874291,-0.120724665075689,0.903982399845715,0.935002263922595,-7.26425815472133
"ITPK1",0.0112187924454323,-0.180986634785402,0.120589109874513,0.904089689381965,0.935002263922595,-7.26427448142657
"PRSS1",0.0151803672957029,-0.157729793583869,0.120571041636189,0.904103990204871,0.935002263922595,-7.26427665623816
"CHCHD2",0.0137925265081631,0.42476206030672,0.12013743421228,0.904447195338032,0.935205723438597,-7.26432875032638
"RPS18",-0.0085297728860132,0.252618634434961,-0.119582536094776,0.904886429562934,0.935508395848337,-7.26439514266585
"ALDH1A3",0.0212665725199046,-0.0336589732224784,0.119138113268637,0.905238237240356,0.935720599770062,-7.26444809523147
"FN3KRP",0.0110595494112915,-0.232126630884841,0.118698284635936,0.905586426522627,0.935928995362087,-7.26450030630455
"DTNA",-0.0139279829964307,-0.783392971230174,-0.116824397013168,0.907070088670442,0.93731065158776,-7.2647205875089
"DUS3L",-0.0115871392720303,0.0679262705986211,-0.116112104061581,0.907634136770108,0.937741741630605,-7.26480340036386
"ACSF3",-0.0114306901494784,-0.0224752278605994,-0.115792014547572,0.907887623411625,0.93785188084181,-7.26484044980226
"AP1G2",-0.0120870824422292,0.0871770764143566,-0.115435321729129,0.908170108196997,0.937991934784507,-7.2648816154891
"PHKA2",-0.00745463572797874,-0.0225648134487849,-0.1134236190203,0.909763504325636,0.939485682535854,-7.26511140693953
"PHC3",-0.0105129997339624,-0.00585333665023232,-0.113026579531731,0.91007802807528,0.939642196832153,-7.26515628240365
"UBE2O",-0.00799858437665404,-0.0406810902313493,-0.112860753542002,0.910209395051976,0.939642196832153,-7.26517497833499
"ALDH7A1",0.0131372582409642,0.0453640864989496,0.112283424071539,0.910666773376453,0.939828927141613,-7.26523985480132
"GSTM1",0.0432289332886868,-2.191792417692,0.112260843717894,0.910684662838709,0.939828927141613,-7.26524238547148
"MLYCD",-0.00969708834447752,-0.133818281995836,-0.112049878338183,0.910851804011591,0.939849510118619,-7.26526600461189
"CRYZL1",-0.00718174744822569,0.0361304305225839,-0.111794436700351,0.911054187615189,0.93990644497059,-7.26529454373933
"MYO9B",0.00715948941060342,0.0424318760760762,0.110398887112931,0.912159968223907,0.940814378765881,-7.26544931112709
"TMEM115",-0.0111768427113527,-0.102653764590244,-0.110311841186892,0.912228945801029,0.940814378765881,-7.26545890017053
"G6PD",-0.0152274122924485,-0.240361642385715,-0.110057624417698,0.912430397936502,0.94087016970681,-7.26548686157966
"DYM",0.0103205840580749,0.0427489242628112,0.109440501617031,0.912919455675902,0.941222464797455,-7.26555447080755
"UPRT",-0.00647953146831015,0.122442262367736,-0.108396834007766,0.913746617121413,0.941923175705557,-7.26566794532064
"MAP4K3",0.00793161193926929,-0.0376201109901589,0.107944391948366,0.9141052304555,0.942140741962609,-7.2657168000124
"HMOX2",0.011365161775148,0.110033164789102,0.107453182890846,0.914494591063863,0.942389923167005,-7.26576960942421
"CPQ",0.0165418280437224,-0.185732335516221,0.106482548723794,0.915264032164341,0.943030635044266,-7.26587325320882
"C2CD5",0.00730596153522031,0.00673282752206781,0.106180654612715,0.915503365955918,0.94312503898492,-7.26590529756378
"UNG",-0.012356678256763,0.107410475858447,-0.104738588581994,0.916646704152695,0.944150541380055,-7.26605710957537
"MGAT1",0.00933636302795143,0.0882583590597339,0.104465801649733,0.916863002096829,0.944221011030364,-7.26608559347051
"SLC12A9",-0.00953064701197791,-0.0764983758751374,-0.103319747494774,0.917771797584346,0.944720982902257,-7.26620445072578
"FLYWCH2",0.0117497309627927,0.165650611788808,0.103298782711559,0.917788423200675,0.944720982902257,-7.26620661277224
"FYCO1",0.0101982967619688,-0.160651017829286,0.103293810870048,0.917792366005121,0.944720982902257,-7.26620712544163
"DPYSL3",0.0140054496048151,-0.105688806948537,0.101653799699785,0.919093049353,0.945907337220971,-7.26637488808782
"SSBP1",-0.0126269018667373,0.388741599690963,-0.101205630441682,0.919448527779717,0.946120684911118,-7.26642026585771
"PUDP",-0.0134048048433388,-0.203062663918076,-0.100204029226404,0.920243035144429,0.946785655719816,-7.26652095466937
"HEPH",0.0118880399814609,-0.0380658968482122,0.0983610937885528,0.921705128528222,0.94813714284722,-7.26670360461261
"SPICE1",0.00800440531683911,0.0024808617701233,0.0958941563424146,0.923662689341038,0.949903318911023,-7.26694279179953
"PPP1R14A",-0.0145802844547296,-1.31620629400888,-0.0957240843613763,0.923797661877598,0.949903318911023,-7.26695905765708
"APOL2",-0.0131651795349159,0.0753905477507655,-0.0955163454696095,0.923962530620077,0.949903318911023,-7.26697888684442
"SAMD9",-0.0111869768750181,-0.0327997285790443,-0.0954475223744081,0.924017151723785,0.949903318911023,-7.2669854466781
"TRMU",-0.00921083887149939,-0.0657883587159256,-0.0943135402712325,0.924917182547159,0.95057702052657,-7.26709285078382
"MTMR12",-0.0073087111239987,-0.23148948653172,-0.0942466859336783,0.924970247224993,0.95057702052657,-7.26709914276491
"C2orf76",-0.00800074035642467,-0.0164022147839176,-0.0935746855515622,0.925503656540442,0.950972135019428,-7.26716214012465
"PTDSS1",-0.013644491633578,-0.241444361034312,-0.0925935062613937,0.926282541117346,0.95161931215354,-7.26725331220783
"IPO8",0.00818456045968391,-0.176945464487003,0.0921447546148359,0.926638795059277,0.951832159982864,-7.26729469036127
"FIS1",0.0113775826005168,0.124837497753305,0.0917831566109874,0.926925870417687,0.951973891365117,-7.26732788607122
"LIMA1",0.0103452449320327,0.0197883379299252,0.0915820167845284,0.927085560968257,0.951984771113271,-7.26734629477846
"VIPAS39",0.00561795541891869,0.040261197935881,0.091274115982732,0.927330017764945,0.952082676222733,-7.26737439623159
"BTBD2",0.00684680100812895,0.0641475687815508,0.0883201430344876,0.929675661384004,0.954337475552551,-7.26763919001093
"POMP",0.0110483045015035,0.204014745902637,0.0880336886158099,0.929903157507174,0.954417563202589,-7.26766440446818
"MYO5C",-0.0115006006550222,-0.351879739567684,-0.0872177202490171,0.930551214038454,0.954929203091534,-7.26773577914681
"PGGT1B",0.00720342327562742,-0.0663078538662388,0.0868174406246504,0.930869140146314,0.955101954014819,-7.26777054956773
"STIM2",-0.00861837470346125,-0.173861259981427,-0.0850273388030485,0.932291081356527,0.956407222760512,-7.26792409036521
"ARHGEF2",0.00724062364821792,-0.0310611060984676,0.0847672216115922,0.932497719817058,0.95646553269589,-7.26794613499327
"COX20",-0.00939468962142256,0.154037290732232,-0.0828901153813712,0.933989037474552,0.957702110776884,-7.26810321524835
"REL",0.00673893303391682,0.222386404160242,0.0828287118289699,0.934037825142338,0.957702110776884,-7.26810829421949
"MZT2B",0.0103150006237938,-0.211902543919515,0.0826833925567775,0.934153288319253,0.957702110776884,-7.26812029925351
"ULK3",-0.00689226991155348,-0.165501887099598,-0.0816520557389024,0.934972775047941,0.958388371918623,-7.26820489379154
"ECE1",-0.00864593316802431,-0.369720526582658,-0.0786259553237807,0.937377671090358,0.960699266438513,-7.26844697900225
"ELP4",0.00573787957681564,-0.0878745454097827,0.0776057916647459,0.938188543830488,0.961375999415449,-7.26852653089956
"TJP3",0.00883908819053172,-0.0772977147686068,0.0771769137158806,0.938529454916015,0.961571015667323,-7.2685596644292
"SCD5",-0.0138324228919936,-0.67208541756108,-0.0765194076467482,0.939052122319024,0.961952158030959,-7.2686101044088
"NOC4L",0.00574412251675555,0.167080062902565,0.0759067170534988,0.93953918856667,0.962296714629161,-7.2686567179838
"VASP",0.00524282299525577,-0.00276521942506796,0.0755973274863939,0.939785150417254,0.962351001207574,-7.26868011399255
"ARMC6",-0.00652498571205518,0.0566766703103474,-0.0754351236982471,0.939914103238942,0.962351001207574,-7.26869234164805
"CHMP4A",-0.0066591154694771,-0.0203373335244855,-0.0752712904473861,0.940044353098143,0.962351001207574,-7.26870466547949
"NANP",0.00601581816974112,0.154099697218249,0.0750683134113605,0.940205725079941,0.962361903596573,-7.26871989661592
"BCL2L13",-0.00641885315145399,-0.113096907709853,-0.074799908717231,0.940419117524149,0.962426040293587,-7.26873997421179
"PPP5C",-0.00472772635905615,-0.0637380671316613,-0.0733389407756221,0.941580720300971,0.963328469387277,-7.26884799861342
"CIRBP",0.0091850912783516,0.120755855539409,0.0733113496671173,0.941602658957869,0.963328469387277,-7.2688500182091
"DHRS7B",0.00796958513985589,-0.116380508996306,0.0719983479506528,0.942646723775891,0.964242122926796,-7.2689452479017
"RAB7A",-0.00493654184269332,0.0663983830504618,-0.07155398812127,0.943000089667593,0.964449074567929,-7.26897708677666
"GNA13",-0.00529393930303748,-0.208046494750361,-0.0707410595885725,0.943646579596149,0.964955703190489,-7.26903482387157
"NDUFAF2",0.00855054343328618,0.216866611323606,0.0701635482359011,0.944105874227867,0.965270777733376,-7.26907544000967
"WDR92",-0.00451595306492414,0.132051721970599,-0.0690095506022889,0.945023704018057,0.966054490899022,-7.26915560288403
"UFSP2",-0.00471115946591069,0.0473596920188181,-0.0681053649167208,0.945742897646232,0.966634929001311,-7.26921748363568
"NIF3L1",-0.00439176963225145,0.0266764594825423,-0.067135926954438,0.946514042579274,0.967268271745945,-7.26928292355485
"PRODH",0.0152102417636526,-0.559341551690039,0.0662140048653518,0.947247437453305,0.967862840156721,-7.26934428571038
"MMP1",0.0162144772621922,-0.273855379877832,0.0648854639683762,0.948304378991224,0.968787753577435,-7.26943121970672
"CLN5",0.00754736081183641,0.130656508946068,0.0646794793695934,0.948468261498222,0.968800167919716,-7.26944454068672
"PTER",0.00773403644646942,-0.0752721707999102,0.0606008013861297,0.951713722711891,0.971959712014623,-7.26969958544843
"HYPK",0.00494425498503238,0.0783225777746808,0.0603586383451333,0.951906441075378,0.972001059693953,-7.26971420594945
"YARS2",-0.00625881875655523,0.0857375859210944,-0.0599641433681934,0.952220394393741,0.972165012910848,-7.26973789807468
"ARHGAP25",-0.00666908839932664,-0.17159102685838,-0.0597742511944301,0.952371520087291,0.972165012910848,-7.26974924701264
"GSK3A",-0.00330998689351067,-0.0465675223292775,-0.0589469142871162,0.953029976202829,0.972681649305477,-7.26979827288773
"PLD3",-0.00584212697795183,-0.388040257420959,-0.0580785185836049,0.953721144594861,0.97323150203583,-7.26984899681354
"NFYC",-0.0041900200423082,0.0625079792338515,-0.0576807037335188,0.954037782755637,0.973399048081614,-7.26987198219021
"PRIM2",0.0087998562096796,0.255543549198723,0.0574805092889588,0.954197128990509,0.97340608221831,-7.26988348948743
"MRPL38",0.00511173703880374,0.0863896034670379,0.0572541621856747,0.95437729384063,0.973434348430099,-7.26989645186685
"SRSF4",-0.0047403994652459,0.269446127880155,-0.0567899529960255,0.954746796405046,0.973591380508195,-7.26992287606256
"SNF8",0.00412350002666124,0.0566281251186603,0.0566776190895215,0.954836213741945,0.973591380508195,-7.26992923812356
"TEAD3",-0.00417772067703379,0.00968493073724851,-0.0555816874826894,0.95570860067218,0.974200003221017,-7.26999064557931
"P3H1",-0.00661410220662328,0.51425091696649,-0.055544423371268,0.955738264710486,0.974200003221017,-7.26999271249261
"APBB1IP",-0.00543657502531368,-0.0275051528527134,-0.0548916225924047,0.956257935713954,0.974304537017339,-7.2700286962859
"RBL2",-0.00366783236382693,0.0126386952590273,-0.0545009057534585,0.956568980155763,0.974304537017339,-7.27005002994226
"LPXN",0.00589586137031181,-0.0999078971276998,0.0543565078643727,0.956683935064901,0.974304537017339,-7.27005787569111
"SFXN2",0.00887787372328743,-0.0299455403271917,0.0542719735163135,0.956751233132964,0.974304537017339,-7.27006245914086
"PLEKHG3",0.00541124333962936,0.0107798029036353,0.0541375670065637,0.956858235227783,0.974304537017339,-7.27006973197
"RCN1",0.00615468064045943,0.384646884814535,0.0541270041101483,0.956866644467022,0.974304537017339,-7.27007030277132
"CAP1",-0.00409178634422502,0.137270251685856,-0.054073843134851,0.956908966583513,0.974304537017339,-7.270073173811
"FAM168A",0.00457328743101668,0.220393821490307,0.0530450435826257,0.957728030645628,0.974983015891635,-7.27012818011757
"CHL1",-0.00728913393494823,-0.554920193670286,-0.052594039058427,0.958087105639286,0.97519307659921,-7.27015196063456
"UBA2",-0.00381544962935562,0.198494050728474,-0.05197296682764,0.958581596924508,0.975540882429548,-7.27018437612756
"GTF2E1",0.00347892685180431,0.165918031757938,0.0508897508249164,0.959444080498985,0.976263020555541,-7.27023999075398
"PTK7",0.00633586401436451,0.199755208667256,0.0500387033321125,0.960121739223303,0.976796893712682,-7.27028286371818
"MRI1",0.00575240031740172,0.0143864131252966,0.0492696787902092,0.960734110910447,0.977150811499908,-7.27032098278903
"MMAA",0.00493526900744319,0.120494566539141,0.0492174615360691,0.960775692184248,0.977150811499908,-7.27032354969412
"FYTTD1",-0.00486520053379687,0.0154398168341488,-0.0485869969540365,0.961277747699436,0.977505720506594,-7.27035432735745
"STAB1",-0.00448783848632617,-0.130766780210691,-0.0481009130491808,0.961664839628844,0.977640233338281,-7.27037778583284
"PLAUR",0.00647272588046292,0.00178484868895452,0.0480363465317851,0.961716257728699,0.977640233338281,-7.27038088407599
"RTCA",0.00302473917963444,0.09135863943917,0.0473885058721633,0.962232180012444,0.97800898907664,-7.27041174053942
"TMEM245",-0.00647192917755512,-0.633072834592442,-0.046868556875135,0.962646264435389,0.978264707848564,-7.27043620249477
"RNF114",0.00448600818039172,0.105194705693177,0.0466878263808267,0.962790199549002,0.978264707848564,-7.27044464208624
"PPP6R2",0.00296151874524014,-0.119694974148632,0.0463892716468078,0.963027973431965,0.978350614218472,-7.27045851230758
"EPPK1",-0.0087030971493865,-0.288367511210379,-0.0461492433996426,0.96321913825792,0.978356645108826,-7.27046959898751
"ABCB6",-0.00579521607624434,-0.244840927643904,-0.0459970319482018,0.963340364573092,0.978356645108826,-7.27047659969226
"NSD2",0.00520009375590873,-0.0299163233633378,0.0457461504002732,0.963540176925649,0.978403948738911,-7.270488088083
"CLPP",-0.00431517138706447,0.0914982410403092,-0.0455444048249581,0.963700857043843,0.978411507747645,-7.27049728085677
"BOK",0.00570816865529389,-0.375113233312217,0.0442993619939055,0.964692503029384,0.979262580579112,-7.27055311360861
"EXOC5",-0.00222393570133849,0.0420727477482762,-0.0438201918352126,0.965074164976537,0.979494284434142,-7.27057418915998
"CRBN",0.00394089368717471,-0.154764465409379,0.0433124686359036,0.965478578363266,0.97972051143506,-7.27059627047486
"LPCAT1",-0.00702547054706067,-0.150321217306567,-0.0428265756382627,0.965865611839113,0.97972051143506,-7.27061716140103
"CXADR",-0.00771955797417151,-0.406713321895655,-0.0428047295243981,0.965883013345128,0.97972051143506,-7.27061809513638
"LPCAT3",-0.00687583505828804,-0.550889811203328,-0.0426044247653901,0.966042566714199,0.97972051143506,-7.27062663424888
"C19orf33",0.0116233774377932,-0.597383151967062,0.0424790677658614,0.9661424209112,0.97972051143506,-7.27063195791685
"PRKCI",0.00349400605232043,0.0868472815809338,0.0423845537642996,0.966217707205415,0.97972051143506,-7.27063596137035
"PELP1",-0.0027519783770634,0.0544696039781268,-0.0417026773734946,0.966760873181103,0.980077820871567,-7.27066458026307
"TRAF6",-0.00283963641166576,-0.0433563400530044,-0.0415567894564411,0.966877085931088,0.980077820871567,-7.27067064301944
"SRBD1",-0.00294469950111999,0.0386024373744051,-0.0413007410128926,0.967081053082013,0.980128972052167,-7.27068123241842
"PTRH1",0.00445152746269359,0.0290982842431418,0.0406359397743606,0.967610641118011,0.980510068804714,-7.27070842105473
"C11orf54",0.00488124544086491,-0.16300381033772,0.0398463828046324,0.968239629575506,0.980991754179563,-7.27074013872559
"ANKRD44",0.00310807852354508,-0.174264483234557,0.0389747417844963,0.968934032068905,0.981539551762646,-7.27077443111051
"TMA16",0.00378250353939462,0.0734666492565754,0.037987502692359,0.96972055559822,0.982180480249783,-7.27081235540996
"ACADVL",0.00381086960463099,-0.0335359610689433,0.0375838376825907,0.970042160047256,0.982350387296071,-7.27082758175967
"MTX2",-0.00254367265233177,0.0933905441313497,-0.0370464617468599,0.970470301078451,0.982592447229025,-7.27084759931392
"WIPF1",0.00327694488025546,-0.0317886962939354,0.0368975195444266,0.970588968625444,0.982592447229025,-7.2708530964723
"RAB24",0.00334696971617606,-0.0255167184791921,0.035703138327351,0.971540598028139,0.983293633629225,-7.27089637786574
"CD81",-0.00397684354623551,-0.708337349929878,-0.0356416498811505,0.971589590378509,0.983293633629225,-7.27089856750988
"ANGEL2",0.0027629442796927,0.141237093173572,0.0337937077992388,0.973062030649273,0.98450758313606,-7.27096261275523
"RNASEH2B",-0.00356472709991407,0.208507283599016,-0.0337492299492454,0.973097471757506,0.98450758313606,-7.27096411223865
"PTPN18",0.00352705011285389,-0.0413252265070648,0.0333140025477059,0.973444275081024,0.98455421306086,-7.27097868086763
"MRPL17",-0.00354607259147083,0.163436116768192,-0.0333043617338094,0.973451957251873,0.98455421306086,-7.2709790014397
"UTP11",-0.00374407757873979,0.0926879347416264,-0.032618991234374,0.973998093090124,0.984950558185056,-7.2710015533177
"HIBADH",0.00417658805647582,0.111483130754049,0.0318956562861768,0.974574494085941,0.985377378422602,-7.27102484580442
"CD163",0.00422393041247049,-0.156411572997298,0.0314182611712721,0.974954921326621,0.985605948807865,-7.27103993254026
"ADAM17",0.00262179481959163,0.0160990410261322,0.0310940082506271,0.975213315685282,0.985711100308774,-7.2710500499031
"GSDMD",-0.00279077343605447,-0.00791371131964345,-0.0306915012307223,0.975534073693495,0.985815766775021,-7.27106246294682
"PPP4R3B",0.00296171579153329,0.111350371614296,0.0305765757166986,0.975625658614151,0.985815766775021,-7.27106597749025
"QPCTL",-0.00260941548120144,-0.0421013325923111,-0.0302242947361325,0.975906395720085,0.985943407701383,-7.27107666846309
"SCP2",-0.0031476746682278,-0.0134848547254941,-0.0297436350316187,0.976289444261176,0.986174355577852,-7.2710910556219
"SRSF10",0.00226128127171865,0.220089013433185,0.0295258376499062,0.976463013712285,0.986193663801477,-7.27109749882782
"DECR2",0.00468022517781194,0.220552298888939,0.0289595837471957,0.976914284131119,0.986308084186397,-7.27111402899158
"TRIM65",-0.00209070200086442,-0.0135328233506174,-0.0288885025160567,0.976970932139021,0.986308084186397,-7.27111608139286
"AAGAB",0.00258502018817225,0.268564286097063,0.0286828811106781,0.977134802255403,0.986308084186397,-7.27112199011203
"ELP6",-0.00197153424462734,-0.154483142746047,-0.0284261505179335,0.977339405232765,0.986308084186397,-7.27112930825343
"IRF9",-0.00289014407559528,0.0860045572198373,-0.0282707424702304,0.977463259331998,0.986308084186397,-7.27113370621221
"PNPLA8",-0.00210737621692822,0.000772291446002818,-0.0280442442013788,0.977643770516914,0.986308084186397,-7.27114007280803
"PCCB",-0.00343297056087136,-0.0847284533741199,-0.0280268741209481,0.977657613910056,0.986308084186397,-7.27114055894593
"CXorf38",-0.00234934861163916,0.120668902376425,-0.027654282079559,0.977954559355046,0.986451794862871,-7.27115091418783
"SAR1A",0.00188178349816073,0.0546629016962612,0.027341023497867,0.978204220067175,0.986547772094284,-7.27115951317002
"MRM1",0.00400485405676367,0.00547332947042595,0.0264223474166656,0.978936398477624,0.986985387952946,-7.27118416603506
"MRPS26",0.00240265465436185,0.17733426037752,0.0263748853495585,0.978974225902704,0.986985387952946,-7.27118541680185
"BYSL",0.0021836242040619,0.107210187525917,0.0259060100423008,0.979347923618121,0.986985387952946,-7.27119765222319
"LYRM4",0.00278737828419706,0.147876496456777,0.02587716167011,0.979370916172264,0.986985387952946,-7.27119839786203
"GTF3C6",-0.00228963251096223,0.187369902754052,-0.0258268332410837,0.979411028671866,0.986985387952946,-7.27119969670322
"CD276",-0.00264114118300979,0.135712830373246,-0.0252131155896413,0.979900174860703,0.987322489582703,-7.27121533168708
"PDPR",0.00212345213263451,-0.00204227964165956,0.0240102163195843,0.980858933343013,0.988132579582697,-7.27124488586755
"LRRC41",0.00232150598897823,0.108989721905957,0.0231284609057905,0.981561745140545,0.988684609989332,-7.27126563233916
"KLC1",0.00140556256108225,0.056757980684145,0.0226896551366676,0.981911504972562,0.988880908399023,-7.27127566759192
"ZNF579",0.00217080104529115,0.10164992224484,0.0224506921116973,0.982101977203894,0.988902384111504,-7.27128105170759
"CETN3",0.00239115906903065,-0.113315691978912,0.0222742860232597,0.982242587319524,0.988902384111504,-7.27128498976916
"GNL1",-0.00134691335661147,-0.0203119784090459,-0.0213590062185204,0.982972149164252,0.989480872207749,-7.2713049235962
"URM1",0.00240494835161841,0.0354698156558245,0.0209428305619186,0.983303884052678,0.989658779898542,-7.27131371088219
"CLYBL",-0.00319095606966915,-0.193262564543822,-0.0203829082942075,0.983750204369543,0.989951939306467,-7.27132526049046
"BCKDHB",-0.00222432915411195,0.0637002693889123,-0.0200782304440762,0.983993068655038,0.990040299931046,-7.27133141364602
"HIRIP3",0.00203477297668714,0.0881627119442662,0.0196791952761323,0.984311149134302,0.990204299231529,-7.27133933224521
"PCK2",0.00225572991249115,-0.135469073273422,0.0193648519708063,0.984561721470319,0.990300345240704,-7.27134545825933
"LTA4H",-0.00204684524737042,-0.329788462375643,-0.0183565076322003,0.985365512736095,0.99095271677744,-7.27136444345968
"EHHADH",-0.0022486963761932,-0.031800421372784,-0.0175745616116593,0.985988843238509,0.99128460825881,-7.27137846726713
"TIGAR",0.00141183267135775,0.149848301919363,0.0175529926437857,0.986006037126343,0.99128460825881,-7.27137884544514
"PARP14",0.00170144663029106,0.119701740689617,0.0171800933794777,0.986303298000275,0.991427354806637,-7.27138531022821
"EFHD1",0.00312605879552474,-0.342418706538221,0.0164558153734534,0.986880669840526,0.991851578298718,-7.27139747005927
"PHF10",-0.00111332391733795,0.037235522785517,-0.0153213367002803,0.987785054618569,0.992604276635122,-7.27141546417156
"HSD17B8",0.00179602634106601,-0.0673043131891374,0.0150883400835287,0.987970797071074,0.992634703272826,-7.27141900072778
"ARL2BP",-0.00134211996732037,-0.137189562124842,-0.0145488048302849,0.988400911398095,0.992910607186412,-7.27142698205932
"DDX41",0.000930030011124822,0.237882302814679,0.0140208368736869,0.988821807623519,0.993177165593231,-7.27143451095957
"PDSS2",0.00155437075261933,-0.0608137670777424,0.0129761062207338,0.989654676334439,0.993857362125731,-7.27144858886811
"GLS",-0.00222410270084966,-0.309676493773979,-0.0126616065061948,0.989905400606291,0.99395282007724,-7.27145261343141
"EMC8",-0.000765933743757607,0.144367086522658,-0.0123139998208156,0.990182519456188,0.994074746340843,-7.27145694677785
"CDC42BPG",-0.00102018982234464,-0.161061044793538,-0.0102415192949558,0.991834765016365,0.995576949320781,-7.27148027934729
"DNAJC17",0.000742539369397222,0.131274800724417,0.00975197934832966,0.992225046799626,0.995812154010628,-7.27148516470373
"TRIP13",0.00173042428878345,-0.17264875932547,0.00896277576534086,0.992854236900298,0.996287019111804,-7.27149253682606
"PTAR1",0.00056774179929258,0.0207001836486964,0.00842323157404352,0.99328438942083,0.996515644595911,-7.27149721898587
"NSA2",-0.000901457994156973,0.333053767268442,-0.00789005980742989,0.9937094634417,0.996515644595911,-7.27150156036885
"SAE1",-0.000605464446245874,0.248531464469383,-0.00785828139105566,0.993734799010663,0.996515644595911,-7.27150181016541
"ZBTB20",-0.000706496122567235,-0.125402319459496,-0.00770094469950482,0.993860236902449,0.996515644595911,-7.27150303207024
"NARS2",0.000877384091842917,0.0832578329997218,0.00769819208542752,0.993862431446635,0.996515644595911,-7.27150305322758
"CPNE8",0.000700722132731257,-0.140324847720957,0.00748428505565201,0.994032970724717,0.996530148858112,-7.27150467424268
"ARMC1",-0.000478958232275555,0.0513669902479214,-0.00721088593477536,0.994250940998097,0.996592191251625,-7.27150667959711
"SF1",-0.000360679083207305,0.259534738199515,-0.00689103157501831,0.994505948736485,0.99668635103247,-7.27150893098241
"DLAT",-0.000625075789390694,0.149333791075455,-0.00666259853485106,0.994688070074013,0.99668635103247,-7.27151047635764
"VPS4A",-0.000388562612578745,0.00546517177386227,-0.00630377647211127,0.994974146384808,0.99668635103247,-7.27151279865116
"CCAR2",0.000468142457142579,0.16648291247726,0.00616635052028723,0.995083711475108,0.99668635103247,-7.27151365403103
"SPOUT1",-0.000662871093768225,0.263620300035362,-0.00611409877415553,0.995125370059828,0.99668635103247,-7.27151397431445
"EAPP",0.000409742168614391,0.190462809357624,0.00528441758639965,0.995786849074723,0.997192445317143,-7.27151869471639
"AZU1",0.00115968856252402,-0.710184467725612,0.0049950224814464,0.99601757550175,0.997267087906331,-7.27152017955776
"KIF4A",0.000803482090449038,-0.0661583408969838,0.00469703185632259,0.996255155240161,0.9973485679223,-7.27152162113481
"TMEM68",0.000442919983419138,-0.128672929084072,0.00433417486240537,0.996544451600545,0.997481787657859,-7.27152325682369
"AGPS",-0.000323348550121474,0.005323516506288,-0.00301959572769566,0.997592534593648,0.998374346924835,-7.27152808203399
"TIMM50",0.000208685337992953,0.228036677625091,0.00196678817346298,0.998431916365097,0.999057794388207,-7.2715307023529
"MIS12",0.00011220974502156,0.106680979904434,0.00138235674085471,0.998897872317184,0.999176544168226,-7.27153167933576
"RCN3",-0.000199602437573554,0.315303843811092,-0.00130661303881322,0.998958261346528,0.999176544168226,-7.2715317809962
"RAB11FIP1",-0.000136345596246992,-0.140851873624649,-0.0012291062422221,0.999020056064206,0.999176544168226,-7.27153187909426
"GPALPP1",2.30831793718439e-05,0.0663269610465982,0.000229836264089119,0.999816755703963,0.999816755703963,-7.27153260677431
